[E1] Run provenance
[E1] started_at=2026-09-04T19:10:54+03:30
[E1] configuration=ecdsa
[E1] run_type=diagnostic
[E1] run_label=blockutil-300
[E1] run_namespace=blockutil-300_ecdsa
[E1] benchmark_config=env/caliper/e1/benchmark_blockutil.yaml
[E1] benchmark_config_sha256=f6f57a7ee0b267d7c9629e78ed632728674341f7477780939a581e6d557f3945
[E1] project_git_commit=96c33cafed490705843c410c1d019f2ae2630015
[E1] project_git_state_before_log_creation=dirty
[E1] project_git_status_sha256_before_log_creation=5337e5d1f13cfa399a57991399dcb890e12b0430218e9675101be5ef6ed14dc2
[E1] host_kernel=7.0.0-30-generic
[E1] docker_server_version=29.1.3
[E1] fixed_cpu_set=2-15
[E1] Verifying CPU measurement state...
[E1] cpu2_state=governor:performance,min_khz:3201000,max_khz:3201000
[E1] cpu3_state=governor:performance,min_khz:3201000,max_khz:3201000
[E1] cpu4_state=governor:performance,min_khz:3201000,max_khz:3201000
[E1] cpu5_state=governor:performance,min_khz:3201000,max_khz:3201000
[E1] cpu6_state=governor:performance,min_khz:3201000,max_khz:3201000
[E1] cpu7_state=governor:performance,min_khz:3201000,max_khz:3201000
[E1] cpu8_state=governor:performance,min_khz:3201000,max_khz:3201000
[E1] cpu9_state=governor:performance,min_khz:3201000,max_khz:3201000
[E1] cpu10_state=governor:performance,min_khz:3201000,max_khz:3201000
[E1] cpu11_state=governor:performance,min_khz:3201000,max_khz:3201000
[E1] cpu12_state=governor:performance,min_khz:3201000,max_khz:3201000
[E1] cpu13_state=governor:performance,min_khz:3201000,max_khz:3201000
[E1] cpu14_state=governor:performance,min_khz:3201000,max_khz:3201000
[E1] cpu15_state=governor:performance,min_khz:3201000,max_khz:3201000
[E1] CPU state verified.
[E1] amd_pstate_mode=passive
[E1] boost_state=0
[E1] Frequency lock verified: 3201000 kHz on CPUs 2-15.
[E1] fabric_source_tag=v2.5.16
[E1] fabric_source_commit=f871cf92a026aba7b12e6f06d71ded3e6e659d71
[E1] fabric_source_state=clean
[E1] fabric_peer_image_id=sha256:6fe74f12e91ab73a07b13d4a7d2954df8a2ad5a6e00ea2665cfffed7f34f5448
[E1] fabric_orderer_image_id=sha256:b56ec95ae9168725b8c8e1dc4bc4126f30f2b661e3dc99dd72225dc87b1f3d1f
[E1] configtx_sha256=87022050421db9821be46266cfe68b9789c3fe125d089e31d368a01ffe27b384
[E1] crypto_config_sha256=6b7208daa343bf57296dcbe8152484c5062fe410824105fd374d46dcf2a0336c
[E1] docker_compose_sha256=0c3f145d34c1f06a0b84c4f94fd7f8817f0b37a2bd6ce5dce52ec1851cedc026
[E1] fabric_setup_sha256=b69af762feee33e800bc26ef5af9e0a45301ba0c2172f580de6fc90b25ac2831
[E1] fabric_build_sha256=28758546c3bd0add2e67a8330c84591c49d6b5cf2d6eb308d3b0f7061bb1f219
[E1] fabric_pq_patch_sha256=2eeee5582fabd90bb9e675e98bce3daf94a087d2d6848ccfa720f7216e23550f
[E1] chaincode_sha256=64973916cfe23691d2bc715b5b257f8ed2db8e08731720e750a2240c5cd0f8e1
[E1] pq_identity_generator_sha256=b4d8e0515fd4898f221a3618bc41971fcf35778175ae4e6e7c94ccd8f0ca9e48
[E1] caliper_package_lock_sha256=b45f505c22bcc63537590f39f748d7145a617cf9a83e2ac07fb4b48c48322355
[E1] caliper_network_sha256=7f3882ef30fc5bf532f2484ef55ebac5ce720290a6cd0f1e79b24f512cfa62fb
[E1] caliper_connection_org1_sha256=1a6c60a78e642181dcbebddd86537a7015063f3d00badb6dca4a35c8d9b30b6d
[E1] caliper_connection_org2_sha256=a7f68c912cb9b975cac96c0435e1e311dbdc87e903a9e29eb6ec0c5b9d3b0da8
[E1] caliper_workload_sha256=28a48fd0ce5ec7e883d3dd2b43d44797a2edc3eb9da01ade14d97a2965bffc65
[E1] caliper_timing_patch_sha256=7967e784ad58b24745faf174384d3196ed363c1684ffae1cd1fd31d730104dc7
[E1] e1_runner_sha256=2feb9e5af916b2a601d20fa4877aa6e0ea3f30804efca14a5474a94c7b066007
[E1] Setting up Fabric network for configuration: ecdsa
[E1] Fabric setup starting...
[E1] Fabric binaries: /home/user/projects/fabric-samples/bin
[E1] Channel: energychannel
[E1] Chaincode: simplekv
[E1] Configuration: ecdsa
[E1] Running preflight checks...
[E1] Hyperledger Fabric version: 2.5.16
[E1] Preflight checks passed.
[E1] Removing previous E1 containers and generated artifacts...
[E1] Previous generated state removed.
[E1] Generating cryptographic material...
org1.example.com
org2.example.com
[E1] Generating orderer genesis block...
[34m2026-09-04 19:10:55.176 +0330 0001 INFO[0m [common.tools.configtxgen] [34;1mmain[0m -> Loading configuration
[34m2026-09-04 19:10:55.181 +0330 0002 INFO[0m [common.tools.configtxgen.localconfig] [34;1mcompleteInitialization[0m -> orderer type: etcdraft
[34m2026-09-04 19:10:55.182 +0330 0003 INFO[0m [common.tools.configtxgen.localconfig] [34;1mcompleteInitialization[0m -> Orderer.EtcdRaft.Options unset, setting to tick_interval:"500ms" election_tick:10 heartbeat_tick:1 max_inflight_blocks:5 snapshot_interval_size:16777216 
[34m2026-09-04 19:10:55.182 +0330 0004 INFO[0m [common.tools.configtxgen.localconfig] [34;1mLoad[0m -> Loaded configuration: /home/user/projects/pqc-energy-trading/env/fabric/e1/configtx.yaml
[34m2026-09-04 19:10:55.183 +0330 0005 INFO[0m [common.tools.configtxgen] [34;1mdoOutputBlock[0m -> Generating genesis block
[34m2026-09-04 19:10:55.183 +0330 0006 INFO[0m [common.tools.configtxgen] [34;1mdoOutputBlock[0m -> Creating system channel genesis block
[34m2026-09-04 19:10:55.184 +0330 0007 INFO[0m [common.tools.configtxgen] [34;1mdoOutputBlock[0m -> Writing genesis block
[E1] Generating channel creation transaction...
[34m2026-09-04 19:10:55.221 +0330 0001 INFO[0m [common.tools.configtxgen] [34;1mmain[0m -> Loading configuration
[34m2026-09-04 19:10:55.226 +0330 0002 INFO[0m [common.tools.configtxgen.localconfig] [34;1mLoad[0m -> Loaded configuration: /home/user/projects/pqc-energy-trading/env/fabric/e1/configtx.yaml
[34m2026-09-04 19:10:55.226 +0330 0003 INFO[0m [common.tools.configtxgen] [34;1mdoOutputChannelCreateTx[0m -> Generating new channel configtx
[34m2026-09-04 19:10:55.228 +0330 0004 INFO[0m [common.tools.configtxgen] [34;1mdoOutputChannelCreateTx[0m -> Writing new channel tx
[E1] Generating anchor peer updates...
[34m2026-09-04 19:10:55.263 +0330 0001 INFO[0m [common.tools.configtxgen] [34;1mmain[0m -> Loading configuration
[34m2026-09-04 19:10:55.268 +0330 0002 INFO[0m [common.tools.configtxgen.localconfig] [34;1mLoad[0m -> Loaded configuration: /home/user/projects/pqc-energy-trading/env/fabric/e1/configtx.yaml
[34m2026-09-04 19:10:55.268 +0330 0003 INFO[0m [common.tools.configtxgen] [34;1mdoOutputAnchorPeersUpdate[0m -> Generating anchor peer update
[34m2026-09-04 19:10:55.269 +0330 0004 INFO[0m [common.tools.configtxgen] [34;1mdoOutputAnchorPeersUpdate[0m -> Writing anchor peer update
[34m2026-09-04 19:10:55.308 +0330 0001 INFO[0m [common.tools.configtxgen] [34;1mmain[0m -> Loading configuration
[34m2026-09-04 19:10:55.313 +0330 0002 INFO[0m [common.tools.configtxgen.localconfig] [34;1mLoad[0m -> Loaded configuration: /home/user/projects/pqc-energy-trading/env/fabric/e1/configtx.yaml
[34m2026-09-04 19:10:55.313 +0330 0003 INFO[0m [common.tools.configtxgen] [34;1mdoOutputAnchorPeersUpdate[0m -> Generating anchor peer update
[34m2026-09-04 19:10:55.315 +0330 0004 INFO[0m [common.tools.configtxgen] [34;1mdoOutputAnchorPeersUpdate[0m -> Writing anchor peer update
[E1] Fabric cryptographic and channel artifacts generated.
[E1] Starting Fabric network...
 Network e1net  Creating
 Network e1net  Created
 Container orderer.example.com  Creating
 Container peer1.org1.example.com  Creating
 Container peer1.org2.example.com  Creating
 Container peer0.org2.example.com  Creating
 Container peer0.org1.example.com  Creating
 Container peer0.org2.example.com  Created
 Container peer0.org1.example.com  Created
 Container peer1.org1.example.com  Created
 Container orderer.example.com  Created
 Container peer1.org2.example.com  Created
 Container orderer.example.com  Starting
 Container peer0.org1.example.com  Starting
 Container peer0.org2.example.com  Starting
 Container peer1.org2.example.com  Starting
 Container peer1.org1.example.com  Starting
 Container peer0.org1.example.com  Started
 Container peer1.org1.example.com  Started
 Container peer1.org2.example.com  Started
 Container peer0.org2.example.com  Started
 Container orderer.example.com  Started
[E1] orderer.example.com is running.
[E1] peer0.org1.example.com is running.
[E1] peer1.org1.example.com is running.
[E1] peer0.org2.example.com is running.
[E1] peer1.org2.example.com is running.
[E1] Fabric containers are running.
[E1] Waiting for Raft leader...
[E1] Raft leader is ready.
[E1] Waiting for peers to become ready...
[E1] peer0.org1.example.com:7051 is ready.
[E1] peer1.org1.example.com:8051 is ready.
[E1] peer0.org2.example.com:9051 is ready.
[E1] peer1.org2.example.com:10051 is ready.
[E1] All peers are ready.
[E1] Creating channel energychannel...
[34m2026-09-04 19:10:57.104 +0330 0001 INFO[0m [channelCmd] [34;1mInitCmdFactory[0m -> Endorser and orderer connections initialized
[34m2026-09-04 19:10:57.116 +0330 0002 INFO[0m [cli.common] [34;1mreadBlock[0m -> Expect block, but got status: &{NOT_FOUND}
[34m2026-09-04 19:10:57.118 +0330 0003 INFO[0m [channelCmd] [34;1mInitCmdFactory[0m -> Endorser and orderer connections initialized
[34m2026-09-04 19:10:57.320 +0330 0004 INFO[0m [cli.common] [34;1mreadBlock[0m -> Expect block, but got status: &{SERVICE_UNAVAILABLE}
[34m2026-09-04 19:10:57.322 +0330 0005 INFO[0m [channelCmd] [34;1mInitCmdFactory[0m -> Endorser and orderer connections initialized
[34m2026-09-04 19:10:57.523 +0330 0006 INFO[0m [cli.common] [34;1mreadBlock[0m -> Expect block, but got status: &{SERVICE_UNAVAILABLE}
[34m2026-09-04 19:10:57.526 +0330 0007 INFO[0m [channelCmd] [34;1mInitCmdFactory[0m -> Endorser and orderer connections initialized
[34m2026-09-04 19:10:57.727 +0330 0008 INFO[0m [cli.common] [34;1mreadBlock[0m -> Expect block, but got status: &{SERVICE_UNAVAILABLE}
[34m2026-09-04 19:10:57.729 +0330 0009 INFO[0m [channelCmd] [34;1mInitCmdFactory[0m -> Endorser and orderer connections initialized
[34m2026-09-04 19:10:57.931 +0330 000a INFO[0m [cli.common] [34;1mreadBlock[0m -> Expect block, but got status: &{SERVICE_UNAVAILABLE}
[34m2026-09-04 19:10:57.933 +0330 000b INFO[0m [channelCmd] [34;1mInitCmdFactory[0m -> Endorser and orderer connections initialized
[34m2026-09-04 19:10:58.135 +0330 000c INFO[0m [cli.common] [34;1mreadBlock[0m -> Received block: 0
[E1] Joining peer0.org1...
[34m2026-09-04 19:10:58.185 +0330 0001 INFO[0m [channelCmd] [34;1mInitCmdFactory[0m -> Endorser and orderer connections initialized
[34m2026-09-04 19:10:58.201 +0330 0002 INFO[0m [channelCmd] [34;1mexecuteJoin[0m -> Successfully submitted proposal to join channel
[E1] Joining peer1.org1...
[34m2026-09-04 19:10:58.251 +0330 0001 INFO[0m [channelCmd] [34;1mInitCmdFactory[0m -> Endorser and orderer connections initialized
[34m2026-09-04 19:10:58.267 +0330 0002 INFO[0m [channelCmd] [34;1mexecuteJoin[0m -> Successfully submitted proposal to join channel
[E1] Joining peer0.org2...
[34m2026-09-04 19:10:58.317 +0330 0001 INFO[0m [channelCmd] [34;1mInitCmdFactory[0m -> Endorser and orderer connections initialized
[34m2026-09-04 19:10:58.333 +0330 0002 INFO[0m [channelCmd] [34;1mexecuteJoin[0m -> Successfully submitted proposal to join channel
[E1] Joining peer1.org2...
[34m2026-09-04 19:10:58.383 +0330 0001 INFO[0m [channelCmd] [34;1mInitCmdFactory[0m -> Endorser and orderer connections initialized
[34m2026-09-04 19:10:58.399 +0330 0002 INFO[0m [channelCmd] [34;1mexecuteJoin[0m -> Successfully submitted proposal to join channel
[E1] All four peers joined energychannel.
[E1] Applying Org1 anchor peer update...
[34m2026-09-04 19:10:58.446 +0330 0001 INFO[0m [channelCmd] [34;1mInitCmdFactory[0m -> Endorser and orderer connections initialized
[34m2026-09-04 19:10:58.457 +0330 0002 INFO[0m [channelCmd] [34;1mupdate[0m -> Successfully submitted channel update
[E1] Applying Org2 anchor peer update...
[34m2026-09-04 19:10:58.506 +0330 0001 INFO[0m [channelCmd] [34;1mInitCmdFactory[0m -> Endorser and orderer connections initialized
[34m2026-09-04 19:10:58.517 +0330 0002 INFO[0m [channelCmd] [34;1mupdate[0m -> Successfully submitted channel update
[E1] Anchor peer updates applied.
[E1] Packaging chaincode...
[E1] Installing chaincode on all four peers...
[34m2026-09-04 19:10:58.810 +0330 0001 INFO[0m [cli.lifecycle.chaincode] [34;1msubmitInstallProposal[0m -> Installed remotely: response:<status:200 payload:"\nKsimplekv_1:c806deb2b025ac0d6e7758647d40416e68a179e25ff760a00f1a8b3e0a192b0b\022\nsimplekv_1" > 
[34m2026-09-04 19:10:58.811 +0330 0002 INFO[0m [cli.lifecycle.chaincode] [34;1msubmitInstallProposal[0m -> Chaincode code package identifier: simplekv_1:c806deb2b025ac0d6e7758647d40416e68a179e25ff760a00f1a8b3e0a192b0b
[34m2026-09-04 19:10:58.870 +0330 0001 INFO[0m [cli.lifecycle.chaincode] [34;1msubmitInstallProposal[0m -> Installed remotely: response:<status:200 payload:"\nKsimplekv_1:c806deb2b025ac0d6e7758647d40416e68a179e25ff760a00f1a8b3e0a192b0b\022\nsimplekv_1" > 
[34m2026-09-04 19:10:58.870 +0330 0002 INFO[0m [cli.lifecycle.chaincode] [34;1msubmitInstallProposal[0m -> Chaincode code package identifier: simplekv_1:c806deb2b025ac0d6e7758647d40416e68a179e25ff760a00f1a8b3e0a192b0b
[34m2026-09-04 19:10:58.929 +0330 0001 INFO[0m [cli.lifecycle.chaincode] [34;1msubmitInstallProposal[0m -> Installed remotely: response:<status:200 payload:"\nKsimplekv_1:c806deb2b025ac0d6e7758647d40416e68a179e25ff760a00f1a8b3e0a192b0b\022\nsimplekv_1" > 
[34m2026-09-04 19:10:58.929 +0330 0002 INFO[0m [cli.lifecycle.chaincode] [34;1msubmitInstallProposal[0m -> Chaincode code package identifier: simplekv_1:c806deb2b025ac0d6e7758647d40416e68a179e25ff760a00f1a8b3e0a192b0b
[34m2026-09-04 19:10:58.989 +0330 0001 INFO[0m [cli.lifecycle.chaincode] [34;1msubmitInstallProposal[0m -> Installed remotely: response:<status:200 payload:"\nKsimplekv_1:c806deb2b025ac0d6e7758647d40416e68a179e25ff760a00f1a8b3e0a192b0b\022\nsimplekv_1" > 
[34m2026-09-04 19:10:58.989 +0330 0002 INFO[0m [cli.lifecycle.chaincode] [34;1msubmitInstallProposal[0m -> Chaincode code package identifier: simplekv_1:c806deb2b025ac0d6e7758647d40416e68a179e25ff760a00f1a8b3e0a192b0b
[E1] Chaincode package ID: simplekv_1:c806deb2b025ac0d6e7758647d40416e68a179e25ff760a00f1a8b3e0a192b0b
[E1] Approving chaincode for Org1...
[34m2026-09-04 19:11:01.116 +0330 0001 INFO[0m [chaincodeCmd] [34;1mClientWait[0m -> txid [2da07e1aa20a19efe4e8e07d09e1070210f140ea639d956ea1c0afc0bd36fe28] committed with status (VALID) at peer0.org1.example.com:7051
[E1] Approving chaincode for Org2...
[34m2026-09-04 19:11:03.188 +0330 0001 INFO[0m [chaincodeCmd] [34;1mClientWait[0m -> txid [3770c636a46ead69884b31ce07f6d202cc519e13981eb1bd172d7125877734b2] committed with status (VALID) at peer0.org2.example.com:9051
[E1] Checking chaincode commit readiness...
{
	"approvals": {
		"Org1MSP": true,
		"Org2MSP": true
	}
}
[E1] Committing chaincode definition...
[34m2026-09-04 19:11:05.343 +0330 0001 INFO[0m [chaincodeCmd] [34;1mClientWait[0m -> txid [8262e2371530d64d3b766e1c9761895afdbda10dce327732f805a765498a1ac2] committed with status (VALID) at peer0.org2.example.com:9051
[34m2026-09-04 19:11:05.343 +0330 0002 INFO[0m [chaincodeCmd] [34;1mClientWait[0m -> txid [8262e2371530d64d3b766e1c9761895afdbda10dce327732f805a765498a1ac2] committed with status (VALID) at peer0.org1.example.com:7051
[E1] Chaincode committed.
[E1] Running chaincode smoke test...
[34m2026-09-04 19:11:05.596 +0330 0001 INFO[0m [chaincodeCmd] [34;1mchaincodeInvokeOrQuery[0m -> Chaincode invoke successful. result: status:200 
[E1] Chaincode smoke test passed.
[E1] Verifying cross-organization discovery...
[E1] Discovery check passed: all four peers visible.
[E1] Fabric E1 setup completed successfully.
[E1] Fabric network ready for configuration: ecdsa
[E1] effective_BatchTimeout=2s
[E1] effective_MaxMessageCount=500
[E1] effective_PreferredMaxBytes=2097152
[E1] effective_AbsoluteMaxBytes=10485760
[E1] Starting Caliper benchmark...
[E1] Log: /home/user/projects/pqc-energy-trading/raw/e1/blockutil-300_ecdsa_caliper_run.log
npm notice run e1@1.0.0 npx
npm notice run 'caliper' launch manager --caliper-workspace . --caliper-benchconfig /home/user/projects/pqc-energy-trading/env/caliper/e1/benchmark_blockutil.yaml --caliper-networkconfig network.yaml
2026.09.04-19:11:08.388[32m info [39m [caliper] [cli-launch-manager] 	Set workspace path: /home/user/projects/pqc-energy-trading/env/caliper/e1
2026.09.04-19:11:08.388[32m info [39m [caliper] [cli-launch-manager] 	Set benchmark configuration path: /home/user/projects/pqc-energy-trading/env/caliper/e1/benchmark_blockutil.yaml
2026.09.04-19:11:08.389[32m info [39m [caliper] [cli-launch-manager] 	Set network configuration path: /home/user/projects/pqc-energy-trading/env/caliper/e1/network.yaml
2026.09.04-19:11:08.389[32m info [39m [caliper] [cli-launch-manager] 	Set SUT type: fabric
2026.09.04-19:11:08.413[32m info [39m [caliper] [benchmark-validator] 	No observer specified, will default to `none`
2026.09.04-19:11:08.414[32m info [39m [caliper] [caliper-engine] 	Starting benchmark flow
2026.09.04-19:11:08.414[32m info [39m [caliper] [caliper-engine] 	Network configuration attribute "caliper.command.start" is not present, skipping start command
2026.09.04-19:11:08.558[32m info [39m [caliper] [FabricConnectorFactory] 	Initializing peer gateway connector compatible with installed fabric-gateway SDK: 1.7.1
2026.09.04-19:11:08.565[32m info [39m [caliper] [IdentityManager] 	Adding User1 (admin=false) as User1 for organization Org1MSP
2026.09.04-19:11:08.567[32m info [39m [caliper] [IdentityManager] 	Adding User1Org2 (admin=false) as _Org2MSP_User1Org2 for organization Org2MSP
2026.09.04-19:11:08.568[32m info [39m [caliper] [connectors/peer-gateway/PeerGateway] 	Fabric-Gateway SDK version: 1.7.1 for Peer-Gateway connector; TLS based on Org1MSP: server
2026.09.04-19:11:08.568[32m info [39m [caliper] [caliper-engine] 	Executed "init" step in 0.001 seconds
2026.09.04-19:11:08.568[33m warn [39m [caliper] [connectors/peer-gateway/PeerGateway] 	Install smart contract not available for the Fabric Peer Gateway connector
2026.09.04-19:11:08.568[32m info [39m [caliper] [caliper-engine] 	Executed "install" step in 0 seconds
2026.09.04-19:11:08.570[32m info [39m [caliper] [monitor.js] 	No resource monitors specified
2026.09.04-19:11:08.572[32m info [39m [caliper] [default-observer] 	Observer interval set to 5000 milliseconds
2026.09.04-19:11:08.574[32m info [39m [caliper] [round-orchestrator] 	Preparing worker connections
2026.09.04-19:11:08.575[32m info [39m [caliper] [worker-orchestrator] 	Launching worker 1 of 1
2026.09.04-19:11:08.579[32m info [39m [caliper] [worker-orchestrator] 	Messenger not configured, entering configure phase...
2026.09.04-19:11:08.580[32m info [39m [caliper] [worker-orchestrator] 	No existing workers detected, entering worker launch phase...
2026.09.04-19:11:08.580[32m info [39m [caliper] [worker-orchestrator] 	Waiting for 1 workers to be connected...
2026.09.04-19:11:08.791[32m info [39m [caliper] [cli-launch-worker] 	Set workspace path: /home/user/projects/pqc-energy-trading/env/caliper/e1
2026.09.04-19:11:08.791[32m info [39m [caliper] [cli-launch-worker] 	Set benchmark configuration path: /home/user/projects/pqc-energy-trading/env/caliper/e1/benchmark_blockutil.yaml
2026.09.04-19:11:08.792[32m info [39m [caliper] [cli-launch-worker] 	Set network configuration path: /home/user/projects/pqc-energy-trading/env/caliper/e1/network.yaml
2026.09.04-19:11:08.792[32m info [39m [caliper] [cli-launch-worker] 	Set SUT type: fabric
2026.09.04-19:11:08.822[32m info [39m [caliper] [worker-orchestrator] 	1 workers connected, progressing to worker assignment phase.
2026.09.04-19:11:08.822[32m info [39m [caliper] [worker-orchestrator] 	Workers currently unassigned, awaiting index assignment...
2026.09.04-19:11:08.822[32m info [39m [caliper] [worker-orchestrator] 	Waiting for 1 workers to be assigned...
2026.09.04-19:11:08.840[32m info [39m [caliper] [worker-orchestrator] 	1 workers assigned, progressing to worker initialization phase.
2026.09.04-19:11:08.840[32m info [39m [caliper] [worker-orchestrator] 	Waiting for 1 workers to be ready...
2026.09.04-19:11:08.840[32m info [39m [caliper] [worker-message-handler] 	Initializing Worker#0...
2026.09.04-19:11:08.946[32m info [39m [caliper] [FabricConnectorFactory] 	Initializing peer gateway connector compatible with installed fabric-gateway SDK: 1.7.1
2026.09.04-19:11:08.949[32m info [39m [caliper] [IdentityManager] 	Adding User1 (admin=false) as User1 for organization Org1MSP
2026.09.04-19:11:08.950[32m info [39m [caliper] [IdentityManager] 	Adding User1Org2 (admin=false) as _Org2MSP_User1Org2 for organization Org2MSP
2026.09.04-19:11:08.952[32m info [39m [caliper] [worker-message-handler] 	Worker#0 initialized
2026.09.04-19:11:08.953[32m info [39m [caliper] [worker-orchestrator] 	1 workers ready, progressing to test preparation phase.
2026.09.04-19:11:08.953[32m info [39m [caliper] [round-orchestrator] 	Started round 1 (warmup)
2026.09.04-19:11:08.953[32m info [39m [caliper] [worker-message-handler] 	Preparing Worker#0 for Round#0
2026.09.04-19:11:08.965[32m info [39m [caliper] [connectors/peer-gateway/PeerGateway] 	Generating contract map for user User1
2026.09.04-19:11:08.969[32m info [39m [caliper] [connectors/peer-gateway/PeerGateway] 	Generating contract map for user _Org2MSP_User1Org2
2026.09.04-19:11:08.969[32m info [39m [caliper] [caliper-worker] 	Info: worker 0 prepare test phase for round 0 is starting...
2026.09.04-19:11:09.079[32m info [39m [caliper] [connectors/peer-gateway/PeerGateway] 	disconnecting gateway for user User1
2026.09.04-19:11:09.079[32m info [39m [caliper] [connectors/peer-gateway/PeerGateway] 	disconnecting gateway for user _Org2MSP_User1Org2
2026.09.04-19:11:09.079[32m info [39m [caliper] [connectors/peer-gateway/PeerGateway] 	disconnecting gRpc client at peer peer0.org1.example.com
2026.09.04-19:11:09.080[32m info [39m [caliper] [connectors/peer-gateway/PeerGateway] 	disconnecting gRpc client at peer peer0.org2.example.com
2026.09.04-19:11:09.080[32m info [39m [caliper] [caliper-worker] 	Info: worker 0 prepare test phase for round 0 is completed
2026.09.04-19:11:09.080[32m info [39m [caliper] [worker-message-handler] 	Worker#0 prepared for Round#0
2026.09.04-19:11:09.080[32m info [39m [caliper] [worker-orchestrator] 	1 workers prepared, progressing to test phase.
2026.09.04-19:11:09.081[32m info [39m [caliper] [round-orchestrator] 	Monitors successfully started
2026.09.04-19:11:09.081[32m info [39m [caliper] [worker-message-handler] 	Worker#0 is starting Round#0
2026.09.04-19:11:09.084[32m info [39m [caliper] [connectors/peer-gateway/PeerGateway] 	Generating contract map for user User1
2026.09.04-19:11:09.085[32m info [39m [caliper] [connectors/peer-gateway/PeerGateway] 	Generating contract map for user _Org2MSP_User1Org2
2026.09.04-19:11:09.088[32m info [39m [caliper] [caliper-worker] 	Worker #0 starting workload loop
2026.09.04-19:11:14.090[32m info [39m [caliper] [default-observer] 	[warmup Round 0 Transaction Info] - Submitted: 200 Succ: 106 Fail:0 Unfinished:94
2026.09.04-19:11:19.082[32m info [39m [caliper] [default-observer] 	[warmup Round 0 Transaction Info] - Submitted: 450 Succ: 410 Fail:0 Unfinished:40
2026.09.04-19:11:24.084[32m info [39m [caliper] [default-observer] 	[warmup Round 0 Transaction Info] - Submitted: 700 Succ: 613 Fail:0 Unfinished:87
2026.09.04-19:11:29.085[32m info [39m [caliper] [default-observer] 	[warmup Round 0 Transaction Info] - Submitted: 951 Succ: 916 Fail:0 Unfinished:35
2026.09.04-19:11:30.600[32m info [39m [caliper] [connectors/peer-gateway/PeerGateway] 	disconnecting gateway for user User1
2026.09.04-19:11:30.600[32m info [39m [caliper] [connectors/peer-gateway/PeerGateway] 	disconnecting gateway for user _Org2MSP_User1Org2
2026.09.04-19:11:30.600[32m info [39m [caliper] [connectors/peer-gateway/PeerGateway] 	disconnecting gRpc client at peer peer0.org1.example.com
2026.09.04-19:11:30.601[32m info [39m [caliper] [connectors/peer-gateway/PeerGateway] 	disconnecting gRpc client at peer peer0.org2.example.com
2026.09.04-19:11:30.601[32m info [39m [caliper] [worker-message-handler] 	Worker#0 finished Round#0
2026.09.04-19:11:35.605[32m info [39m [caliper] [default-observer] 	Resetting txCount indicator count
2026.09.04-19:11:35.605[32m info [39m [caliper] [report-builder] 	### Test result ###
2026.09.04-19:11:35.609[32m info [39m [caliper] [report-builder] 	
+--------+------+------+-----------------+-----------------+-----------------+-----------------+------------------+
| Name   | Succ | Fail | Send Rate (TPS) | Max Latency (s) | Min Latency (s) | Avg Latency (s) | Throughput (TPS) |
|--------|------|------|-----------------|-----------------|-----------------|-----------------|------------------|
| warmup | 1001 | 0    | 50.1            | 2.16            | 0.06            | 1.09            | 49.2             |
+--------+------+------+-----------------+-----------------+-----------------+-----------------+------------------+

2026.09.04-19:11:35.610[32m info [39m [caliper] [round-orchestrator] 	Finished round 1 (warmup) in 20.404 seconds
2026.09.04-19:11:35.610[32m info [39m [caliper] [monitor.js] 	Stopping all monitors
2026.09.04-19:11:35.610[32m info [39m [caliper] [round-orchestrator] 	Waiting 5 seconds for the next round...
2026.09.04-19:11:40.613[32m info [39m [caliper] [round-orchestrator] 	Started round 2 (blockutil-300-tps)
2026.09.04-19:11:40.614[32m info [39m [caliper] [worker-message-handler] 	Preparing Worker#0 for Round#1
2026.09.04-19:11:40.621[32m info [39m [caliper] [connectors/peer-gateway/PeerGateway] 	Generating contract map for user User1
2026.09.04-19:11:40.623[32m info [39m [caliper] [connectors/peer-gateway/PeerGateway] 	Generating contract map for user _Org2MSP_User1Org2
2026.09.04-19:11:40.623[32m info [39m [caliper] [caliper-worker] 	Info: worker 0 prepare test phase for round 1 is starting...
2026.09.04-19:11:40.732[32m info [39m [caliper] [connectors/peer-gateway/PeerGateway] 	disconnecting gateway for user User1
2026.09.04-19:11:40.733[32m info [39m [caliper] [connectors/peer-gateway/PeerGateway] 	disconnecting gateway for user _Org2MSP_User1Org2
2026.09.04-19:11:40.733[32m info [39m [caliper] [connectors/peer-gateway/PeerGateway] 	disconnecting gRpc client at peer peer0.org1.example.com
2026.09.04-19:11:40.733[32m info [39m [caliper] [connectors/peer-gateway/PeerGateway] 	disconnecting gRpc client at peer peer0.org2.example.com
2026.09.04-19:11:40.733[32m info [39m [caliper] [caliper-worker] 	Info: worker 0 prepare test phase for round 1 is completed
2026.09.04-19:11:40.733[32m info [39m [caliper] [worker-message-handler] 	Worker#0 prepared for Round#1
2026.09.04-19:11:40.733[32m info [39m [caliper] [worker-orchestrator] 	1 workers prepared, progressing to test phase.
2026.09.04-19:11:40.733[32m info [39m [caliper] [round-orchestrator] 	Monitors successfully started
2026.09.04-19:11:40.734[32m info [39m [caliper] [worker-message-handler] 	Worker#0 is starting Round#1
2026.09.04-19:11:40.737[32m info [39m [caliper] [connectors/peer-gateway/PeerGateway] 	Generating contract map for user User1
2026.09.04-19:11:40.741[32m info [39m [caliper] [connectors/peer-gateway/PeerGateway] 	Generating contract map for user _Org2MSP_User1Org2
2026.09.04-19:11:40.742[32m info [39m [caliper] [caliper-worker] 	Worker #0 starting workload loop
2026.09.04-19:11:42.414[31m error[39m [caliper] [connectors/peer-gateway/PeerGateway] 	Failed to perform submit transaction [Set] using arguments [key_0_1_499,value_499],  with error: SubmitError: 2 UNKNOWN: too many requests for /gateway.Gateway, exceeding concurrency limit (500)
Details:
2026.09.04-19:11:42.421[31m error[39m [caliper] [connectors/peer-gateway/PeerGateway] 	Failed to perform submit transaction [Set] using arguments [key_0_1_500,value_500],  with error: CommitStatusError: 2 UNKNOWN: too many requests for /gateway.Gateway, exceeding concurrency limit (500)
Details:
2026.09.04-19:11:42.423[31m error[39m [caliper] [connectors/peer-gateway/PeerGateway] 	Failed to perform submit transaction [Set] using arguments [key_0_1_502,value_502],  with error: EndorseError: 2 UNKNOWN: too many requests for /gateway.Gateway, exceeding concurrency limit (500)
Details:
2026.09.04-19:11:42.426[31m error[39m [caliper] [connectors/peer-gateway/PeerGateway] 	Failed to perform submit transaction [Set] using arguments [key_0_1_501,value_501],  with error: SubmitError: 2 UNKNOWN: too many requests for /gateway.Gateway, exceeding concurrency limit (500)
Details:
2026.09.04-19:11:42.426[31m error[39m [caliper] [connectors/peer-gateway/PeerGateway] 	Failed to perform submit transaction [Set] using arguments [key_0_1_504,value_504],  with error: EndorseError: 2 UNKNOWN: too many requests for /gateway.Gateway, exceeding concurrency limit (500)
Details:
2026.09.04-19:11:42.431[31m error[39m [caliper] [connectors/peer-gateway/PeerGateway] 	Failed to perform submit transaction [Set] using arguments [key_0_1_503,value_503],  with error: SubmitError: 2 UNKNOWN: too many requests for /gateway.Gateway, exceeding concurrency limit (500)
Details:
2026.09.04-19:11:42.432[31m error[39m [caliper] [connectors/peer-gateway/PeerGateway] 	Failed to perform submit transaction [Set] using arguments [key_0_1_506,value_506],  with error: EndorseError: 2 UNKNOWN: too many requests for /gateway.Gateway, exceeding concurrency limit (500)
Details:
2026.09.04-19:11:42.434[31m error[39m [caliper] [connectors/peer-gateway/PeerGateway] 	Failed to perform submit transaction [Set] using arguments [key_0_1_507,value_507],  with error: EndorseError: 2 UNKNOWN: too many requests for /gateway.Gateway, exceeding concurrency limit (500)
Details:
2026.09.04-19:11:42.441[31m error[39m [caliper] [connectors/peer-gateway/PeerGateway] 	Failed to perform submit transaction [Set] using arguments [key_0_1_505,value_505],  with error: CommitStatusError: 2 UNKNOWN: too many requests for /gateway.Gateway, exceeding concurrency limit (500)
Details:
2026.09.04-19:11:42.441[31m error[39m [caliper] [connectors/peer-gateway/PeerGateway] 	Failed to perform submit transaction [Set] using arguments [key_0_1_509,value_509],  with error: EndorseError: 2 UNKNOWN: too many requests for /gateway.Gateway, exceeding concurrency limit (500)
Details:
2026.09.04-19:11:42.447[31m error[39m [caliper] [connectors/peer-gateway/PeerGateway] 	Failed to perform submit transaction [Set] using arguments [key_0_1_508,value_508],  with error: SubmitError: 2 UNKNOWN: too many requests for /gateway.Gateway, exceeding concurrency limit (500)
Details:
2026.09.04-19:11:42.448[31m error[39m [caliper] [connectors/peer-gateway/PeerGateway] 	Failed to perform submit transaction [Set] using arguments [key_0_1_511,value_511],  with error: EndorseError: 2 UNKNOWN: too many requests for /gateway.Gateway, exceeding concurrency limit (500)
Details:
2026.09.04-19:11:42.459[31m error[39m [caliper] [connectors/peer-gateway/PeerGateway] 	Failed to perform submit transaction [Set] using arguments [key_0_1_512,value_512],  with error: EndorseError: 2 UNKNOWN: too many requests for /gateway.Gateway, exceeding concurrency limit (500)
Details:
2026.09.04-19:11:42.460[31m error[39m [caliper] [connectors/peer-gateway/PeerGateway] 	Failed to perform submit transaction [Set] using arguments [key_0_1_513,value_513],  with error: EndorseError: 2 UNKNOWN: too many requests for /gateway.Gateway, exceeding concurrency limit (500)
Details:
2026.09.04-19:11:42.465[31m error[39m [caliper] [connectors/peer-gateway/PeerGateway] 	Failed to perform submit transaction [Set] using arguments [key_0_1_514,value_514],  with error: EndorseError: 2 UNKNOWN: too many requests for /gateway.Gateway, exceeding concurrency limit (500)
Details:
2026.09.04-19:11:42.467[31m error[39m [caliper] [connectors/peer-gateway/PeerGateway] 	Failed to perform submit transaction [Set] using arguments [key_0_1_515,value_515],  with error: EndorseError: 2 UNKNOWN: too many requests for /gateway.Gateway, exceeding concurrency limit (500)
Details:
2026.09.04-19:11:42.478[31m error[39m [caliper] [connectors/peer-gateway/PeerGateway] 	Failed to perform submit transaction [Set] using arguments [key_0_1_518,value_518],  with error: EndorseError: 2 UNKNOWN: too many requests for /gateway.Gateway, exceeding concurrency limit (500)
Details:
2026.09.04-19:11:42.478[31m error[39m [caliper] [connectors/peer-gateway/PeerGateway] 	Failed to perform submit transaction [Set] using arguments [key_0_1_516,value_516],  with error: EndorseError: 2 UNKNOWN: too many requests for /gateway.Gateway, exceeding concurrency limit (500)
Details:
2026.09.04-19:11:42.481[31m error[39m [caliper] [connectors/peer-gateway/PeerGateway] 	Failed to perform submit transaction [Set] using arguments [key_0_1_520,value_520],  with error: EndorseError: 2 UNKNOWN: too many requests for /gateway.Gateway, exceeding concurrency limit (500)
Details:
2026.09.04-19:11:42.489[31m error[39m [caliper] [connectors/peer-gateway/PeerGateway] 	Failed to perform submit transaction [Set] using arguments [key_0_1_519,value_519],  with error: EndorseError: 2 UNKNOWN: too many requests for /gateway.Gateway, exceeding concurrency limit (500)
Details:
2026.09.04-19:11:42.496[31m error[39m [caliper] [connectors/peer-gateway/PeerGateway] 	Failed to perform submit transaction [Set] using arguments [key_0_1_523,value_523],  with error: EndorseError: 2 UNKNOWN: too many requests for /gateway.Gateway, exceeding concurrency limit (500)
Details:
2026.09.04-19:11:42.496[31m error[39m [caliper] [connectors/peer-gateway/PeerGateway] 	Failed to perform submit transaction [Set] using arguments [key_0_1_524,value_524],  with error: EndorseError: 2 UNKNOWN: too many requests for /gateway.Gateway, exceeding concurrency limit (500)
Details:
2026.09.04-19:11:42.496[31m error[39m [caliper] [connectors/peer-gateway/PeerGateway] 	Failed to perform submit transaction [Set] using arguments [key_0_1_517,value_517],  with error: EndorseError: 2 UNKNOWN: too many requests for /gateway.Gateway, exceeding concurrency limit (500)
Details:
2026.09.04-19:11:42.497[31m error[39m [caliper] [connectors/peer-gateway/PeerGateway] 	Failed to perform submit transaction [Set] using arguments [key_0_1_521,value_521],  with error: EndorseError: 2 UNKNOWN: too many requests for /gateway.Gateway, exceeding concurrency limit (500)
Details:
2026.09.04-19:11:42.497[31m error[39m [caliper] [connectors/peer-gateway/PeerGateway] 	Failed to perform submit transaction [Set] using arguments [key_0_1_522,value_522],  with error: EndorseError: 2 UNKNOWN: too many requests for /gateway.Gateway, exceeding concurrency limit (500)
Details:
2026.09.04-19:11:42.497[31m error[39m [caliper] [connectors/peer-gateway/PeerGateway] 	Failed to perform submit transaction [Set] using arguments [key_0_1_525,value_525],  with error: EndorseError: 2 UNKNOWN: too many requests for /gateway.Gateway, exceeding concurrency limit (500)
Details:
2026.09.04-19:11:42.498[31m error[39m [caliper] [connectors/peer-gateway/PeerGateway] 	Failed to perform submit transaction [Set] using arguments [key_0_1_526,value_526],  with error: EndorseError: 2 UNKNOWN: too many requests for /gateway.Gateway, exceeding concurrency limit (500)
Details:
2026.09.04-19:11:42.507[31m error[39m [caliper] [connectors/peer-gateway/PeerGateway] 	Failed to perform submit transaction [Set] using arguments [key_0_1_527,value_527],  with error: EndorseError: 2 UNKNOWN: too many requests for /gateway.Gateway, exceeding concurrency limit (500)
Details:
2026.09.04-19:11:42.508[31m error[39m [caliper] [connectors/peer-gateway/PeerGateway] 	Failed to perform submit transaction [Set] using arguments [key_0_1_528,value_528],  with error: EndorseError: 2 UNKNOWN: too many requests for /gateway.Gateway, exceeding concurrency limit (500)
Details:
2026.09.04-19:11:42.510[31m error[39m [caliper] [connectors/peer-gateway/PeerGateway] 	Failed to perform submit transaction [Set] using arguments [key_0_1_529,value_529],  with error: EndorseError: 2 UNKNOWN: too many requests for /gateway.Gateway, exceeding concurrency limit (500)
Details:
2026.09.04-19:11:42.519[31m error[39m [caliper] [connectors/peer-gateway/PeerGateway] 	Failed to perform submit transaction [Set] using arguments [key_0_1_531,value_531],  with error: EndorseError: 2 UNKNOWN: too many requests for /gateway.Gateway, exceeding concurrency limit (500)
Details:
2026.09.04-19:11:42.519[31m error[39m [caliper] [connectors/peer-gateway/PeerGateway] 	Failed to perform submit transaction [Set] using arguments [key_0_1_530,value_530],  with error: EndorseError: 2 UNKNOWN: too many requests for /gateway.Gateway, exceeding concurrency limit (500)
Details:
2026.09.04-19:11:42.520[31m error[39m [caliper] [connectors/peer-gateway/PeerGateway] 	Failed to perform submit transaction [Set] using arguments [key_0_1_532,value_532],  with error: EndorseError: 2 UNKNOWN: too many requests for /gateway.Gateway, exceeding concurrency limit (500)
Details:
2026.09.04-19:11:42.524[31m error[39m [caliper] [connectors/peer-gateway/PeerGateway] 	Failed to perform submit transaction [Set] using arguments [key_0_1_533,value_533],  with error: EndorseError: 2 UNKNOWN: too many requests for /gateway.Gateway, exceeding concurrency limit (500)
Details:
2026.09.04-19:11:42.535[31m error[39m [caliper] [connectors/peer-gateway/PeerGateway] 	Failed to perform submit transaction [Set] using arguments [key_0_1_535,value_535],  with error: EndorseError: 2 UNKNOWN: too many requests for /gateway.Gateway, exceeding concurrency limit (500)
Details:
2026.09.04-19:11:42.536[31m error[39m [caliper] [connectors/peer-gateway/PeerGateway] 	Failed to perform submit transaction [Set] using arguments [key_0_1_534,value_534],  with error: EndorseError: 2 UNKNOWN: too many requests for /gateway.Gateway, exceeding concurrency limit (500)
Details:
2026.09.04-19:11:42.537[31m error[39m [caliper] [connectors/peer-gateway/PeerGateway] 	Failed to perform submit transaction [Set] using arguments [key_0_1_536,value_536],  with error: EndorseError: 2 UNKNOWN: too many requests for /gateway.Gateway, exceeding concurrency limit (500)
Details:
2026.09.04-19:11:42.543[31m error[39m [caliper] [connectors/peer-gateway/PeerGateway] 	Failed to perform submit transaction [Set] using arguments [key_0_1_538,value_538],  with error: EndorseError: 2 UNKNOWN: too many requests for /gateway.Gateway, exceeding concurrency limit (500)
Details:
2026.09.04-19:11:42.543[31m error[39m [caliper] [connectors/peer-gateway/PeerGateway] 	Failed to perform submit transaction [Set] using arguments [key_0_1_537,value_537],  with error: EndorseError: 2 UNKNOWN: too many requests for /gateway.Gateway, exceeding concurrency limit (500)
Details:
2026.09.04-19:11:42.549[31m error[39m [caliper] [connectors/peer-gateway/PeerGateway] 	Failed to perform submit transaction [Set] using arguments [key_0_1_539,value_539],  with error: EndorseError: 2 UNKNOWN: too many requests for /gateway.Gateway, exceeding concurrency limit (500)
Details:
2026.09.04-19:11:42.550[31m error[39m [caliper] [connectors/peer-gateway/PeerGateway] 	Failed to perform submit transaction [Set] using arguments [key_0_1_540,value_540],  with error: EndorseError: 2 UNKNOWN: too many requests for /gateway.Gateway, exceeding concurrency limit (500)
Details:
2026.09.04-19:11:42.552[31m error[39m [caliper] [connectors/peer-gateway/PeerGateway] 	Failed to perform submit transaction [Set] using arguments [key_0_1_541,value_541],  with error: EndorseError: 2 UNKNOWN: too many requests for /gateway.Gateway, exceeding concurrency limit (500)
Details:
2026.09.04-19:11:42.555[31m error[39m [caliper] [connectors/peer-gateway/PeerGateway] 	Failed to perform submit transaction [Set] using arguments [key_0_1_542,value_542],  with error: EndorseError: 2 UNKNOWN: too many requests for /gateway.Gateway, exceeding concurrency limit (500)
Details:
2026.09.04-19:11:42.556[31m error[39m [caliper] [connectors/peer-gateway/PeerGateway] 	Failed to perform submit transaction [Set] using arguments [key_0_1_543,value_543],  with error: EndorseError: 2 UNKNOWN: too many requests for /gateway.Gateway, exceeding concurrency limit (500)
Details:
2026.09.04-19:11:42.560[31m error[39m [caliper] [connectors/peer-gateway/PeerGateway] 	Failed to perform submit transaction [Set] using arguments [key_0_1_544,value_544],  with error: EndorseError: 2 UNKNOWN: too many requests for /gateway.Gateway, exceeding concurrency limit (500)
Details:
2026.09.04-19:11:42.560[31m error[39m [caliper] [connectors/peer-gateway/PeerGateway] 	Failed to perform submit transaction [Set] using arguments [key_0_1_545,value_545],  with error: EndorseError: 2 UNKNOWN: too many requests for /gateway.Gateway, exceeding concurrency limit (500)
Details:
2026.09.04-19:11:42.567[31m error[39m [caliper] [connectors/peer-gateway/PeerGateway] 	Failed to perform submit transaction [Set] using arguments [key_0_1_546,value_546],  with error: EndorseError: 2 UNKNOWN: too many requests for /gateway.Gateway, exceeding concurrency limit (500)
Details:
2026.09.04-19:11:42.570[31m error[39m [caliper] [connectors/peer-gateway/PeerGateway] 	Failed to perform submit transaction [Set] using arguments [key_0_1_547,value_547],  with error: EndorseError: 2 UNKNOWN: too many requests for /gateway.Gateway, exceeding concurrency limit (500)
Details:
2026.09.04-19:11:42.572[31m error[39m [caliper] [connectors/peer-gateway/PeerGateway] 	Failed to perform submit transaction [Set] using arguments [key_0_1_548,value_548],  with error: EndorseError: 2 UNKNOWN: too many requests for /gateway.Gateway, exceeding concurrency limit (500)
Details:
2026.09.04-19:11:42.581[31m error[39m [caliper] [connectors/peer-gateway/PeerGateway] 	Failed to perform submit transaction [Set] using arguments [key_0_1_549,value_549],  with error: EndorseError: 2 UNKNOWN: too many requests for /gateway.Gateway, exceeding concurrency limit (500)
Details:
2026.09.04-19:11:42.589[31m error[39m [caliper] [connectors/peer-gateway/PeerGateway] 	Failed to perform submit transaction [Set] using arguments [key_0_1_550,value_550],  with error: EndorseError: 2 UNKNOWN: too many requests for /gateway.Gateway, exceeding concurrency limit (500)
Details:
2026.09.04-19:11:42.590[31m error[39m [caliper] [connectors/peer-gateway/PeerGateway] 	Failed to perform submit transaction [Set] using arguments [key_0_1_552,value_552],  with error: EndorseError: 2 UNKNOWN: too many requests for /gateway.Gateway, exceeding concurrency limit (500)
Details:
2026.09.04-19:11:42.590[31m error[39m [caliper] [connectors/peer-gateway/PeerGateway] 	Failed to perform submit transaction [Set] using arguments [key_0_1_551,value_551],  with error: EndorseError: 2 UNKNOWN: too many requests for /gateway.Gateway, exceeding concurrency limit (500)
Details:
2026.09.04-19:11:42.590[31m error[39m [caliper] [connectors/peer-gateway/PeerGateway] 	Failed to perform submit transaction [Set] using arguments [key_0_1_553,value_553],  with error: EndorseError: 2 UNKNOWN: too many requests for /gateway.Gateway, exceeding concurrency limit (500)
Details:
2026.09.04-19:11:42.595[31m error[39m [caliper] [connectors/peer-gateway/PeerGateway] 	Failed to perform submit transaction [Set] using arguments [key_0_1_554,value_554],  with error: EndorseError: 2 UNKNOWN: too many requests for /gateway.Gateway, exceeding concurrency limit (500)
Details:
2026.09.04-19:11:42.600[31m error[39m [caliper] [connectors/peer-gateway/PeerGateway] 	Failed to perform submit transaction [Set] using arguments [key_0_1_556,value_556],  with error: EndorseError: 2 UNKNOWN: too many requests for /gateway.Gateway, exceeding concurrency limit (500)
Details:
2026.09.04-19:11:42.602[31m error[39m [caliper] [connectors/peer-gateway/PeerGateway] 	Failed to perform submit transaction [Set] using arguments [key_0_1_557,value_557],  with error: EndorseError: 2 UNKNOWN: too many requests for /gateway.Gateway, exceeding concurrency limit (500)
Details:
2026.09.04-19:11:42.602[31m error[39m [caliper] [connectors/peer-gateway/PeerGateway] 	Failed to perform submit transaction [Set] using arguments [key_0_1_555,value_555],  with error: EndorseError: 2 UNKNOWN: too many requests for /gateway.Gateway, exceeding concurrency limit (500)
Details:
2026.09.04-19:11:42.608[31m error[39m [caliper] [connectors/peer-gateway/PeerGateway] 	Failed to perform submit transaction [Set] using arguments [key_0_1_558,value_558],  with error: EndorseError: 2 UNKNOWN: too many requests for /gateway.Gateway, exceeding concurrency limit (500)
Details:
2026.09.04-19:11:42.608[31m error[39m [caliper] [connectors/peer-gateway/PeerGateway] 	Failed to perform submit transaction [Set] using arguments [key_0_1_559,value_559],  with error: EndorseError: 2 UNKNOWN: too many requests for /gateway.Gateway, exceeding concurrency limit (500)
Details:
2026.09.04-19:11:42.614[31m error[39m [caliper] [connectors/peer-gateway/PeerGateway] 	Failed to perform submit transaction [Set] using arguments [key_0_1_560,value_560],  with error: EndorseError: 2 UNKNOWN: too many requests for /gateway.Gateway, exceeding concurrency limit (500)
Details:
2026.09.04-19:11:42.615[31m error[39m [caliper] [connectors/peer-gateway/PeerGateway] 	Failed to perform submit transaction [Set] using arguments [key_0_1_561,value_561],  with error: EndorseError: 2 UNKNOWN: too many requests for /gateway.Gateway, exceeding concurrency limit (500)
Details:
2026.09.04-19:11:42.618[31m error[39m [caliper] [connectors/peer-gateway/PeerGateway] 	Failed to perform submit transaction [Set] using arguments [key_0_1_562,value_562],  with error: EndorseError: 2 UNKNOWN: too many requests for /gateway.Gateway, exceeding concurrency limit (500)
Details:
2026.09.04-19:11:42.620[31m error[39m [caliper] [connectors/peer-gateway/PeerGateway] 	Failed to perform submit transaction [Set] using arguments [key_0_1_563,value_563],  with error: EndorseError: 2 UNKNOWN: too many requests for /gateway.Gateway, exceeding concurrency limit (500)
Details:
2026.09.04-19:11:42.625[31m error[39m [caliper] [connectors/peer-gateway/PeerGateway] 	Failed to perform submit transaction [Set] using arguments [key_0_1_564,value_564],  with error: EndorseError: 2 UNKNOWN: too many requests for /gateway.Gateway, exceeding concurrency limit (500)
Details:
2026.09.04-19:11:42.627[31m error[39m [caliper] [connectors/peer-gateway/PeerGateway] 	Failed to perform submit transaction [Set] using arguments [key_0_1_565,value_565],  with error: EndorseError: 2 UNKNOWN: too many requests for /gateway.Gateway, exceeding concurrency limit (500)
Details:
2026.09.04-19:11:42.631[31m error[39m [caliper] [connectors/peer-gateway/PeerGateway] 	Failed to perform submit transaction [Set] using arguments [key_0_1_566,value_566],  with error: EndorseError: 2 UNKNOWN: too many requests for /gateway.Gateway, exceeding concurrency limit (500)
Details:
2026.09.04-19:11:42.635[31m error[39m [caliper] [connectors/peer-gateway/PeerGateway] 	Failed to perform submit transaction [Set] using arguments [key_0_1_567,value_567],  with error: EndorseError: 2 UNKNOWN: too many requests for /gateway.Gateway, exceeding concurrency limit (500)
Details:
2026.09.04-19:11:42.640[31m error[39m [caliper] [connectors/peer-gateway/PeerGateway] 	Failed to perform submit transaction [Set] using arguments [key_0_1_568,value_568],  with error: EndorseError: 2 UNKNOWN: too many requests for /gateway.Gateway, exceeding concurrency limit (500)
Details:
2026.09.04-19:11:42.641[31m error[39m [caliper] [connectors/peer-gateway/PeerGateway] 	Failed to perform submit transaction [Set] using arguments [key_0_1_569,value_569],  with error: EndorseError: 2 UNKNOWN: too many requests for /gateway.Gateway, exceeding concurrency limit (500)
Details:
2026.09.04-19:11:42.645[31m error[39m [caliper] [connectors/peer-gateway/PeerGateway] 	Failed to perform submit transaction [Set] using arguments [key_0_1_570,value_570],  with error: EndorseError: 2 UNKNOWN: too many requests for /gateway.Gateway, exceeding concurrency limit (500)
Details:
2026.09.04-19:11:42.648[31m error[39m [caliper] [connectors/peer-gateway/PeerGateway] 	Failed to perform submit transaction [Set] using arguments [key_0_1_571,value_571],  with error: EndorseError: 2 UNKNOWN: too many requests for /gateway.Gateway, exceeding concurrency limit (500)
Details:
2026.09.04-19:11:42.650[31m error[39m [caliper] [connectors/peer-gateway/PeerGateway] 	Failed to perform submit transaction [Set] using arguments [key_0_1_572,value_572],  with error: EndorseError: 2 UNKNOWN: too many requests for /gateway.Gateway, exceeding concurrency limit (500)
Details:
2026.09.04-19:11:42.655[31m error[39m [caliper] [connectors/peer-gateway/PeerGateway] 	Failed to perform submit transaction [Set] using arguments [key_0_1_573,value_573],  with error: EndorseError: 2 UNKNOWN: too many requests for /gateway.Gateway, exceeding concurrency limit (500)
Details:
2026.09.04-19:11:42.657[31m error[39m [caliper] [connectors/peer-gateway/PeerGateway] 	Failed to perform submit transaction [Set] using arguments [key_0_1_574,value_574],  with error: EndorseError: 2 UNKNOWN: too many requests for /gateway.Gateway, exceeding concurrency limit (500)
Details:
2026.09.04-19:11:42.661[31m error[39m [caliper] [connectors/peer-gateway/PeerGateway] 	Failed to perform submit transaction [Set] using arguments [key_0_1_575,value_575],  with error: EndorseError: 2 UNKNOWN: too many requests for /gateway.Gateway, exceeding concurrency limit (500)
Details:
2026.09.04-19:11:42.665[31m error[39m [caliper] [connectors/peer-gateway/PeerGateway] 	Failed to perform submit transaction [Set] using arguments [key_0_1_576,value_576],  with error: EndorseError: 2 UNKNOWN: too many requests for /gateway.Gateway, exceeding concurrency limit (500)
Details:
2026.09.04-19:11:42.667[31m error[39m [caliper] [connectors/peer-gateway/PeerGateway] 	Failed to perform submit transaction [Set] using arguments [key_0_1_577,value_577],  with error: EndorseError: 2 UNKNOWN: too many requests for /gateway.Gateway, exceeding concurrency limit (500)
Details:
2026.09.04-19:11:44.338[31m error[39m [caliper] [connectors/peer-gateway/PeerGateway] 	Failed to perform submit transaction [Set] using arguments [key_0_1_1076,value_1076],  with error: CommitStatusError: 2 UNKNOWN: too many requests for /gateway.Gateway, exceeding concurrency limit (500)
Details:
2026.09.04-19:11:44.340[31m error[39m [caliper] [connectors/peer-gateway/PeerGateway] 	Failed to perform submit transaction [Set] using arguments [key_0_1_1078,value_1078],  with error: EndorseError: 2 UNKNOWN: too many requests for /gateway.Gateway, exceeding concurrency limit (500)
Details:
2026.09.04-19:11:44.343[31m error[39m [caliper] [connectors/peer-gateway/PeerGateway] 	Failed to perform submit transaction [Set] using arguments [key_0_1_1077,value_1077],  with error: SubmitError: 2 UNKNOWN: too many requests for /gateway.Gateway, exceeding concurrency limit (500)
Details:
2026.09.04-19:11:44.347[31m error[39m [caliper] [connectors/peer-gateway/PeerGateway] 	Failed to perform submit transaction [Set] using arguments [key_0_1_1081,value_1081],  with error: EndorseError: 2 UNKNOWN: too many requests for /gateway.Gateway, exceeding concurrency limit (500)
Details:
2026.09.04-19:11:44.347[31m error[39m [caliper] [connectors/peer-gateway/PeerGateway] 	Failed to perform submit transaction [Set] using arguments [key_0_1_1079,value_1079],  with error: SubmitError: 2 UNKNOWN: too many requests for /gateway.Gateway, exceeding concurrency limit (500)
Details:
2026.09.04-19:11:44.352[31m error[39m [caliper] [connectors/peer-gateway/PeerGateway] 	Failed to perform submit transaction [Set] using arguments [key_0_1_1080,value_1080],  with error: SubmitError: 2 UNKNOWN: too many requests for /gateway.Gateway, exceeding concurrency limit (500)
Details:
2026.09.04-19:11:44.360[31m error[39m [caliper] [connectors/peer-gateway/PeerGateway] 	Failed to perform submit transaction [Set] using arguments [key_0_1_1084,value_1084],  with error: EndorseError: 2 UNKNOWN: too many requests for /gateway.Gateway, exceeding concurrency limit (500)
Details:
2026.09.04-19:11:44.362[31m error[39m [caliper] [connectors/peer-gateway/PeerGateway] 	Failed to perform submit transaction [Set] using arguments [key_0_1_1082,value_1082],  with error: SubmitError: 2 UNKNOWN: too many requests for /gateway.Gateway, exceeding concurrency limit (500)
Details:
2026.09.04-19:11:44.370[31m error[39m [caliper] [connectors/peer-gateway/PeerGateway] 	Failed to perform submit transaction [Set] using arguments [key_0_1_1086,value_1086],  with error: EndorseError: 2 UNKNOWN: too many requests for /gateway.Gateway, exceeding concurrency limit (500)
Details:
2026.09.04-19:11:44.371[31m error[39m [caliper] [connectors/peer-gateway/PeerGateway] 	Failed to perform submit transaction [Set] using arguments [key_0_1_1083,value_1083],  with error: SubmitError: 2 UNKNOWN: too many requests for /gateway.Gateway, exceeding concurrency limit (500)
Details:
2026.09.04-19:11:44.375[31m error[39m [caliper] [connectors/peer-gateway/PeerGateway] 	Failed to perform submit transaction [Set] using arguments [key_0_1_1087,value_1087],  with error: EndorseError: 2 UNKNOWN: too many requests for /gateway.Gateway, exceeding concurrency limit (500)
Details:
2026.09.04-19:11:44.376[31m error[39m [caliper] [connectors/peer-gateway/PeerGateway] 	Failed to perform submit transaction [Set] using arguments [key_0_1_1088,value_1088],  with error: EndorseError: 2 UNKNOWN: too many requests for /gateway.Gateway, exceeding concurrency limit (500)
Details:
2026.09.04-19:11:44.383[31m error[39m [caliper] [connectors/peer-gateway/PeerGateway] 	Failed to perform submit transaction [Set] using arguments [key_0_1_1085,value_1085],  with error: CommitStatusError: 2 UNKNOWN: too many requests for /gateway.Gateway, exceeding concurrency limit (500)
Details:
2026.09.04-19:11:44.384[31m error[39m [caliper] [connectors/peer-gateway/PeerGateway] 	Failed to perform submit transaction [Set] using arguments [key_0_1_1090,value_1090],  with error: EndorseError: 2 UNKNOWN: too many requests for /gateway.Gateway, exceeding concurrency limit (500)
Details:
2026.09.04-19:11:44.391[31m error[39m [caliper] [connectors/peer-gateway/PeerGateway] 	Failed to perform submit transaction [Set] using arguments [key_0_1_1091,value_1091],  with error: EndorseError: 2 UNKNOWN: too many requests for /gateway.Gateway, exceeding concurrency limit (500)
Details:
2026.09.04-19:11:44.397[31m error[39m [caliper] [connectors/peer-gateway/PeerGateway] 	Failed to perform submit transaction [Set] using arguments [key_0_1_1093,value_1093],  with error: EndorseError: 2 UNKNOWN: too many requests for /gateway.Gateway, exceeding concurrency limit (500)
Details:
2026.09.04-19:11:44.397[31m error[39m [caliper] [connectors/peer-gateway/PeerGateway] 	Failed to perform submit transaction [Set] using arguments [key_0_1_1092,value_1092],  with error: EndorseError: 2 UNKNOWN: too many requests for /gateway.Gateway, exceeding concurrency limit (500)
Details:
2026.09.04-19:11:44.397[31m error[39m [caliper] [connectors/peer-gateway/PeerGateway] 	Failed to perform submit transaction [Set] using arguments [key_0_1_1094,value_1094],  with error: EndorseError: 2 UNKNOWN: too many requests for /gateway.Gateway, exceeding concurrency limit (500)
Details:
2026.09.04-19:11:44.399[31m error[39m [caliper] [connectors/peer-gateway/PeerGateway] 	Failed to perform submit transaction [Set] using arguments [key_0_1_1095,value_1095],  with error: EndorseError: 2 UNKNOWN: too many requests for /gateway.Gateway, exceeding concurrency limit (500)
Details:
2026.09.04-19:11:44.401[31m error[39m [caliper] [connectors/peer-gateway/PeerGateway] 	Failed to perform submit transaction [Set] using arguments [key_0_1_1096,value_1096],  with error: EndorseError: 2 UNKNOWN: too many requests for /gateway.Gateway, exceeding concurrency limit (500)
Details:
2026.09.04-19:11:44.402[31m error[39m [caliper] [connectors/peer-gateway/PeerGateway] 	Failed to perform submit transaction [Set] using arguments [key_0_1_1097,value_1097],  with error: EndorseError: 2 UNKNOWN: too many requests for /gateway.Gateway, exceeding concurrency limit (500)
Details:
2026.09.04-19:11:44.408[31m error[39m [caliper] [connectors/peer-gateway/PeerGateway] 	Failed to perform submit transaction [Set] using arguments [key_0_1_1098,value_1098],  with error: EndorseError: 2 UNKNOWN: too many requests for /gateway.Gateway, exceeding concurrency limit (500)
Details:
2026.09.04-19:11:44.409[31m error[39m [caliper] [connectors/peer-gateway/PeerGateway] 	Failed to perform submit transaction [Set] using arguments [key_0_1_1099,value_1099],  with error: EndorseError: 2 UNKNOWN: too many requests for /gateway.Gateway, exceeding concurrency limit (500)
Details:
2026.09.04-19:11:44.435[31m error[39m [caliper] [connectors/peer-gateway/PeerGateway] 	Failed to perform submit transaction [Set] using arguments [key_0_1_1107,value_1107],  with error: EndorseError: 2 UNKNOWN: too many requests for /gateway.Gateway, exceeding concurrency limit (500)
Details:
2026.09.04-19:11:44.436[31m error[39m [caliper] [connectors/peer-gateway/PeerGateway] 	Failed to perform submit transaction [Set] using arguments [key_0_1_1101,value_1101],  with error: EndorseError: 2 UNKNOWN: too many requests for /gateway.Gateway, exceeding concurrency limit (500)
Details:
2026.09.04-19:11:44.436[31m error[39m [caliper] [connectors/peer-gateway/PeerGateway] 	Failed to perform submit transaction [Set] using arguments [key_0_1_1102,value_1102],  with error: EndorseError: 2 UNKNOWN: too many requests for /gateway.Gateway, exceeding concurrency limit (500)
Details:
2026.09.04-19:11:44.438[31m error[39m [caliper] [connectors/peer-gateway/PeerGateway] 	Failed to perform submit transaction [Set] using arguments [key_0_1_1103,value_1103],  with error: EndorseError: 2 UNKNOWN: too many requests for /gateway.Gateway, exceeding concurrency limit (500)
Details:
2026.09.04-19:11:44.438[31m error[39m [caliper] [connectors/peer-gateway/PeerGateway] 	Failed to perform submit transaction [Set] using arguments [key_0_1_1104,value_1104],  with error: EndorseError: 2 UNKNOWN: too many requests for /gateway.Gateway, exceeding concurrency limit (500)
Details:
2026.09.04-19:11:44.439[31m error[39m [caliper] [connectors/peer-gateway/PeerGateway] 	Failed to perform submit transaction [Set] using arguments [key_0_1_1105,value_1105],  with error: EndorseError: 2 UNKNOWN: too many requests for /gateway.Gateway, exceeding concurrency limit (500)
Details:
2026.09.04-19:11:44.439[31m error[39m [caliper] [connectors/peer-gateway/PeerGateway] 	Failed to perform submit transaction [Set] using arguments [key_0_1_1106,value_1106],  with error: EndorseError: 2 UNKNOWN: too many requests for /gateway.Gateway, exceeding concurrency limit (500)
Details:
2026.09.04-19:11:44.443[31m error[39m [caliper] [connectors/peer-gateway/PeerGateway] 	Failed to perform submit transaction [Set] using arguments [key_0_1_1089,value_1089],  with error: SubmitError: 2 UNKNOWN: too many requests for /gateway.Gateway, exceeding concurrency limit (500)
Details:
2026.09.04-19:11:44.446[31m error[39m [caliper] [connectors/peer-gateway/PeerGateway] 	Failed to perform submit transaction [Set] using arguments [key_0_1_1108,value_1108],  with error: EndorseError: 2 UNKNOWN: too many requests for /gateway.Gateway, exceeding concurrency limit (500)
Details:
2026.09.04-19:11:44.495[31m error[39m [caliper] [connectors/peer-gateway/PeerGateway] 	Failed to perform submit transaction [Set] using arguments [key_0_1_1115,value_1115],  with error: EndorseError: 2 UNKNOWN: too many requests for /gateway.Gateway, exceeding concurrency limit (500)
Details:
2026.09.04-19:11:44.496[31m error[39m [caliper] [connectors/peer-gateway/PeerGateway] 	Failed to perform submit transaction [Set] using arguments [key_0_1_1110,value_1110],  with error: EndorseError: 2 UNKNOWN: too many requests for /gateway.Gateway, exceeding concurrency limit (500)
Details:
2026.09.04-19:11:44.496[31m error[39m [caliper] [connectors/peer-gateway/PeerGateway] 	Failed to perform submit transaction [Set] using arguments [key_0_1_1109,value_1109],  with error: EndorseError: 2 UNKNOWN: too many requests for /gateway.Gateway, exceeding concurrency limit (500)
Details:
2026.09.04-19:11:44.496[31m error[39m [caliper] [connectors/peer-gateway/PeerGateway] 	Failed to perform submit transaction [Set] using arguments [key_0_1_1112,value_1112],  with error: EndorseError: 2 UNKNOWN: too many requests for /gateway.Gateway, exceeding concurrency limit (500)
Details:
2026.09.04-19:11:44.497[31m error[39m [caliper] [connectors/peer-gateway/PeerGateway] 	Failed to perform submit transaction [Set] using arguments [key_0_1_1116,value_1116],  with error: EndorseError: 2 UNKNOWN: too many requests for /gateway.Gateway, exceeding concurrency limit (500)
Details:
2026.09.04-19:11:44.497[31m error[39m [caliper] [connectors/peer-gateway/PeerGateway] 	Failed to perform submit transaction [Set] using arguments [key_0_1_1111,value_1111],  with error: EndorseError: 2 UNKNOWN: too many requests for /gateway.Gateway, exceeding concurrency limit (500)
Details:
2026.09.04-19:11:44.497[31m error[39m [caliper] [connectors/peer-gateway/PeerGateway] 	Failed to perform submit transaction [Set] using arguments [key_0_1_1114,value_1114],  with error: EndorseError: 2 UNKNOWN: too many requests for /gateway.Gateway, exceeding concurrency limit (500)
Details:
2026.09.04-19:11:44.497[31m error[39m [caliper] [connectors/peer-gateway/PeerGateway] 	Failed to perform submit transaction [Set] using arguments [key_0_1_1117,value_1117],  with error: EndorseError: 2 UNKNOWN: too many requests for /gateway.Gateway, exceeding concurrency limit (500)
Details:
2026.09.04-19:11:44.498[31m error[39m [caliper] [connectors/peer-gateway/PeerGateway] 	Failed to perform submit transaction [Set] using arguments [key_0_1_1113,value_1113],  with error: EndorseError: 2 UNKNOWN: too many requests for /gateway.Gateway, exceeding concurrency limit (500)
Details:
2026.09.04-19:11:44.498[31m error[39m [caliper] [connectors/peer-gateway/PeerGateway] 	Failed to perform submit transaction [Set] using arguments [key_0_1_1118,value_1118],  with error: EndorseError: 2 UNKNOWN: too many requests for /gateway.Gateway, exceeding concurrency limit (500)
Details:
2026.09.04-19:11:44.499[31m error[39m [caliper] [connectors/peer-gateway/PeerGateway] 	Failed to perform submit transaction [Set] using arguments [key_0_1_1120,value_1120],  with error: EndorseError: 2 UNKNOWN: too many requests for /gateway.Gateway, exceeding concurrency limit (500)
Details:
2026.09.04-19:11:44.500[31m error[39m [caliper] [connectors/peer-gateway/PeerGateway] 	Failed to perform submit transaction [Set] using arguments [key_0_1_1125,value_1125],  with error: EndorseError: 2 UNKNOWN: too many requests for /gateway.Gateway, exceeding concurrency limit (500)
Details:
2026.09.04-19:11:44.500[31m error[39m [caliper] [connectors/peer-gateway/PeerGateway] 	Failed to perform submit transaction [Set] using arguments [key_0_1_1121,value_1121],  with error: EndorseError: 2 UNKNOWN: too many requests for /gateway.Gateway, exceeding concurrency limit (500)
Details:
2026.09.04-19:11:44.501[31m error[39m [caliper] [connectors/peer-gateway/PeerGateway] 	Failed to perform submit transaction [Set] using arguments [key_0_1_1123,value_1123],  with error: EndorseError: 2 UNKNOWN: too many requests for /gateway.Gateway, exceeding concurrency limit (500)
Details:
2026.09.04-19:11:44.501[31m error[39m [caliper] [connectors/peer-gateway/PeerGateway] 	Failed to perform submit transaction [Set] using arguments [key_0_1_1119,value_1119],  with error: EndorseError: 2 UNKNOWN: too many requests for /gateway.Gateway, exceeding concurrency limit (500)
Details:
2026.09.04-19:11:44.501[31m error[39m [caliper] [connectors/peer-gateway/PeerGateway] 	Failed to perform submit transaction [Set] using arguments [key_0_1_1122,value_1122],  with error: EndorseError: 2 UNKNOWN: too many requests for /gateway.Gateway, exceeding concurrency limit (500)
Details:
2026.09.04-19:11:44.502[31m error[39m [caliper] [connectors/peer-gateway/PeerGateway] 	Failed to perform submit transaction [Set] using arguments [key_0_1_1124,value_1124],  with error: EndorseError: 2 UNKNOWN: too many requests for /gateway.Gateway, exceeding concurrency limit (500)
Details:
2026.09.04-19:11:44.508[31m error[39m [caliper] [connectors/peer-gateway/PeerGateway] 	Failed to perform submit transaction [Set] using arguments [key_0_1_1126,value_1126],  with error: EndorseError: 2 UNKNOWN: too many requests for /gateway.Gateway, exceeding concurrency limit (500)
Details:
2026.09.04-19:11:44.513[31m error[39m [caliper] [connectors/peer-gateway/PeerGateway] 	Failed to perform submit transaction [Set] using arguments [key_0_1_1100,value_1100],  with error: CommitStatusError: 2 UNKNOWN: too many requests for /gateway.Gateway, exceeding concurrency limit (500)
Details:
2026.09.04-19:11:44.514[31m error[39m [caliper] [connectors/peer-gateway/PeerGateway] 	Failed to perform submit transaction [Set] using arguments [key_0_1_1128,value_1128],  with error: EndorseError: 2 UNKNOWN: too many requests for /gateway.Gateway, exceeding concurrency limit (500)
Details:
2026.09.04-19:11:44.518[31m error[39m [caliper] [connectors/peer-gateway/PeerGateway] 	Failed to perform submit transaction [Set] using arguments [key_0_1_1127,value_1127],  with error: SubmitError: 2 UNKNOWN: too many requests for /gateway.Gateway, exceeding concurrency limit (500)
Details:
2026.09.04-19:11:44.521[31m error[39m [caliper] [connectors/peer-gateway/PeerGateway] 	Failed to perform submit transaction [Set] using arguments [key_0_1_1130,value_1130],  with error: EndorseError: 2 UNKNOWN: too many requests for /gateway.Gateway, exceeding concurrency limit (500)
Details:
2026.09.04-19:11:44.525[31m error[39m [caliper] [connectors/peer-gateway/PeerGateway] 	Failed to perform submit transaction [Set] using arguments [key_0_1_1129,value_1129],  with error: SubmitError: 2 UNKNOWN: too many requests for /gateway.Gateway, exceeding concurrency limit (500)
Details:
2026.09.04-19:11:44.525[31m error[39m [caliper] [connectors/peer-gateway/PeerGateway] 	Failed to perform submit transaction [Set] using arguments [key_0_1_1132,value_1132],  with error: EndorseError: 2 UNKNOWN: too many requests for /gateway.Gateway, exceeding concurrency limit (500)
Details:
2026.09.04-19:11:44.529[31m error[39m [caliper] [connectors/peer-gateway/PeerGateway] 	Failed to perform submit transaction [Set] using arguments [key_0_1_1133,value_1133],  with error: EndorseError: 2 UNKNOWN: too many requests for /gateway.Gateway, exceeding concurrency limit (500)
Details:
2026.09.04-19:11:44.529[31m error[39m [caliper] [connectors/peer-gateway/PeerGateway] 	Failed to perform submit transaction [Set] using arguments [key_0_1_1134,value_1134],  with error: EndorseError: 2 UNKNOWN: too many requests for /gateway.Gateway, exceeding concurrency limit (500)
Details:
2026.09.04-19:11:44.533[31m error[39m [caliper] [connectors/peer-gateway/PeerGateway] 	Failed to perform submit transaction [Set] using arguments [key_0_1_1135,value_1135],  with error: EndorseError: 2 UNKNOWN: too many requests for /gateway.Gateway, exceeding concurrency limit (500)
Details:
2026.09.04-19:11:44.534[31m error[39m [caliper] [connectors/peer-gateway/PeerGateway] 	Failed to perform submit transaction [Set] using arguments [key_0_1_1136,value_1136],  with error: EndorseError: 2 UNKNOWN: too many requests for /gateway.Gateway, exceeding concurrency limit (500)
Details:
2026.09.04-19:11:44.537[31m error[39m [caliper] [connectors/peer-gateway/PeerGateway] 	Failed to perform submit transaction [Set] using arguments [key_0_1_1137,value_1137],  with error: EndorseError: 2 UNKNOWN: too many requests for /gateway.Gateway, exceeding concurrency limit (500)
Details:
2026.09.04-19:11:44.539[31m error[39m [caliper] [connectors/peer-gateway/PeerGateway] 	Failed to perform submit transaction [Set] using arguments [key_0_1_1138,value_1138],  with error: EndorseError: 2 UNKNOWN: too many requests for /gateway.Gateway, exceeding concurrency limit (500)
Details:
2026.09.04-19:11:44.542[31m error[39m [caliper] [connectors/peer-gateway/PeerGateway] 	Failed to perform submit transaction [Set] using arguments [key_0_1_1139,value_1139],  with error: EndorseError: 2 UNKNOWN: too many requests for /gateway.Gateway, exceeding concurrency limit (500)
Details:
2026.09.04-19:11:44.544[31m error[39m [caliper] [connectors/peer-gateway/PeerGateway] 	Failed to perform submit transaction [Set] using arguments [key_0_1_1140,value_1140],  with error: EndorseError: 2 UNKNOWN: too many requests for /gateway.Gateway, exceeding concurrency limit (500)
Details:
2026.09.04-19:11:44.547[31m error[39m [caliper] [connectors/peer-gateway/PeerGateway] 	Failed to perform submit transaction [Set] using arguments [key_0_1_1141,value_1141],  with error: EndorseError: 2 UNKNOWN: too many requests for /gateway.Gateway, exceeding concurrency limit (500)
Details:
2026.09.04-19:11:44.551[31m error[39m [caliper] [connectors/peer-gateway/PeerGateway] 	Failed to perform submit transaction [Set] using arguments [key_0_1_1142,value_1142],  with error: EndorseError: 2 UNKNOWN: too many requests for /gateway.Gateway, exceeding concurrency limit (500)
Details:
2026.09.04-19:11:44.555[31m error[39m [caliper] [connectors/peer-gateway/PeerGateway] 	Failed to perform submit transaction [Set] using arguments [key_0_1_1143,value_1143],  with error: EndorseError: 2 UNKNOWN: too many requests for /gateway.Gateway, exceeding concurrency limit (500)
Details:
2026.09.04-19:11:44.557[31m error[39m [caliper] [connectors/peer-gateway/PeerGateway] 	Failed to perform submit transaction [Set] using arguments [key_0_1_1144,value_1144],  with error: EndorseError: 2 UNKNOWN: too many requests for /gateway.Gateway, exceeding concurrency limit (500)
Details:
2026.09.04-19:11:44.560[31m error[39m [caliper] [connectors/peer-gateway/PeerGateway] 	Failed to perform submit transaction [Set] using arguments [key_0_1_1145,value_1145],  with error: EndorseError: 2 UNKNOWN: too many requests for /gateway.Gateway, exceeding concurrency limit (500)
Details:
2026.09.04-19:11:44.564[31m error[39m [caliper] [connectors/peer-gateway/PeerGateway] 	Failed to perform submit transaction [Set] using arguments [key_0_1_1146,value_1146],  with error: EndorseError: 2 UNKNOWN: too many requests for /gateway.Gateway, exceeding concurrency limit (500)
Details:
2026.09.04-19:11:44.568[31m error[39m [caliper] [connectors/peer-gateway/PeerGateway] 	Failed to perform submit transaction [Set] using arguments [key_0_1_1147,value_1147],  with error: EndorseError: 2 UNKNOWN: too many requests for /gateway.Gateway, exceeding concurrency limit (500)
Details:
2026.09.04-19:11:44.571[31m error[39m [caliper] [connectors/peer-gateway/PeerGateway] 	Failed to perform submit transaction [Set] using arguments [key_0_1_1148,value_1148],  with error: EndorseError: 2 UNKNOWN: too many requests for /gateway.Gateway, exceeding concurrency limit (500)
Details:
2026.09.04-19:11:44.574[31m error[39m [caliper] [connectors/peer-gateway/PeerGateway] 	Failed to perform submit transaction [Set] using arguments [key_0_1_1149,value_1149],  with error: EndorseError: 2 UNKNOWN: too many requests for /gateway.Gateway, exceeding concurrency limit (500)
Details:
2026.09.04-19:11:44.577[31m error[39m [caliper] [connectors/peer-gateway/PeerGateway] 	Failed to perform submit transaction [Set] using arguments [key_0_1_1150,value_1150],  with error: EndorseError: 2 UNKNOWN: too many requests for /gateway.Gateway, exceeding concurrency limit (500)
Details:
2026.09.04-19:11:44.579[31m error[39m [caliper] [connectors/peer-gateway/PeerGateway] 	Failed to perform submit transaction [Set] using arguments [key_0_1_1151,value_1151],  with error: EndorseError: 2 UNKNOWN: too many requests for /gateway.Gateway, exceeding concurrency limit (500)
Details:
2026.09.04-19:11:44.585[31m error[39m [caliper] [connectors/peer-gateway/PeerGateway] 	Failed to perform submit transaction [Set] using arguments [key_0_1_1152,value_1152],  with error: EndorseError: 2 UNKNOWN: too many requests for /gateway.Gateway, exceeding concurrency limit (500)
Details:
2026.09.04-19:11:44.587[31m error[39m [caliper] [connectors/peer-gateway/PeerGateway] 	Failed to perform submit transaction [Set] using arguments [key_0_1_1153,value_1153],  with error: EndorseError: 2 UNKNOWN: too many requests for /gateway.Gateway, exceeding concurrency limit (500)
Details:
2026.09.04-19:11:44.594[31m error[39m [caliper] [connectors/peer-gateway/PeerGateway] 	Failed to perform submit transaction [Set] using arguments [key_0_1_1154,value_1154],  with error: EndorseError: 2 UNKNOWN: too many requests for /gateway.Gateway, exceeding concurrency limit (500)
Details:
2026.09.04-19:11:44.597[31m error[39m [caliper] [connectors/peer-gateway/PeerGateway] 	Failed to perform submit transaction [Set] using arguments [key_0_1_1155,value_1155],  with error: EndorseError: 2 UNKNOWN: too many requests for /gateway.Gateway, exceeding concurrency limit (500)
Details:
2026.09.04-19:11:44.598[31m error[39m [caliper] [connectors/peer-gateway/PeerGateway] 	Failed to perform submit transaction [Set] using arguments [key_0_1_1156,value_1156],  with error: EndorseError: 2 UNKNOWN: too many requests for /gateway.Gateway, exceeding concurrency limit (500)
Details:
2026.09.04-19:11:45.734[32m info [39m [caliper] [default-observer] 	[blockutil-300-tps Round 1 Transaction Info] - Submitted: 1199 Succ: 998 Fail:158 Unfinished:43
2026.09.04-19:11:46.265[31m error[39m [caliper] [connectors/peer-gateway/PeerGateway] 	Failed to perform submit transaction [Set] using arguments [key_0_1_1655,value_1655],  with error: SubmitError: 2 UNKNOWN: too many requests for /gateway.Gateway, exceeding concurrency limit (500)
Details:
2026.09.04-19:11:46.270[31m error[39m [caliper] [connectors/peer-gateway/PeerGateway] 	Failed to perform submit transaction [Set] using arguments [key_0_1_1656,value_1656],  with error: CommitStatusError: 2 UNKNOWN: too many requests for /gateway.Gateway, exceeding concurrency limit (500)
Details:
2026.09.04-19:11:46.271[31m error[39m [caliper] [connectors/peer-gateway/PeerGateway] 	Failed to perform submit transaction [Set] using arguments [key_0_1_1658,value_1658],  with error: EndorseError: 2 UNKNOWN: too many requests for /gateway.Gateway, exceeding concurrency limit (500)
Details:
2026.09.04-19:11:46.274[31m error[39m [caliper] [connectors/peer-gateway/PeerGateway] 	Failed to perform submit transaction [Set] using arguments [key_0_1_1657,value_1657],  with error: SubmitError: 2 UNKNOWN: too many requests for /gateway.Gateway, exceeding concurrency limit (500)
Details:
2026.09.04-19:11:46.286[31m error[39m [caliper] [connectors/peer-gateway/PeerGateway] 	Failed to perform submit transaction [Set] using arguments [key_0_1_1659,value_1659],  with error: SubmitError: 2 UNKNOWN: too many requests for /gateway.Gateway, exceeding concurrency limit (500)
Details:
2026.09.04-19:11:46.296[31m error[39m [caliper] [connectors/peer-gateway/PeerGateway] 	Failed to perform submit transaction [Set] using arguments [key_0_1_1660,value_1660],  with error: SubmitError: 2 UNKNOWN: too many requests for /gateway.Gateway, exceeding concurrency limit (500)
Details:
2026.09.04-19:11:46.299[31m error[39m [caliper] [connectors/peer-gateway/PeerGateway] 	Failed to perform submit transaction [Set] using arguments [key_0_1_1661,value_1661],  with error: SubmitError: 2 UNKNOWN: too many requests for /gateway.Gateway, exceeding concurrency limit (500)
Details:
2026.09.04-19:11:46.300[31m error[39m [caliper] [connectors/peer-gateway/PeerGateway] 	Failed to perform submit transaction [Set] using arguments [key_0_1_1663,value_1663],  with error: EndorseError: 2 UNKNOWN: too many requests for /gateway.Gateway, exceeding concurrency limit (500)
Details:
2026.09.04-19:11:46.307[31m error[39m [caliper] [connectors/peer-gateway/PeerGateway] 	Failed to perform submit transaction [Set] using arguments [key_0_1_1662,value_1662],  with error: SubmitError: 2 UNKNOWN: too many requests for /gateway.Gateway, exceeding concurrency limit (500)
Details:
2026.09.04-19:11:46.307[31m error[39m [caliper] [connectors/peer-gateway/PeerGateway] 	Failed to perform submit transaction [Set] using arguments [key_0_1_1665,value_1665],  with error: EndorseError: 2 UNKNOWN: too many requests for /gateway.Gateway, exceeding concurrency limit (500)
Details:
2026.09.04-19:11:46.310[31m error[39m [caliper] [connectors/peer-gateway/PeerGateway] 	Failed to perform submit transaction [Set] using arguments [key_0_1_1666,value_1666],  with error: EndorseError: 2 UNKNOWN: too many requests for /gateway.Gateway, exceeding concurrency limit (500)
Details:
2026.09.04-19:11:46.342[31m error[39m [caliper] [connectors/peer-gateway/PeerGateway] 	Failed to perform submit transaction [Set] using arguments [key_0_1_1677,value_1677],  with error: EndorseError: 2 UNKNOWN: too many requests for /gateway.Gateway, exceeding concurrency limit (500)
Details:
2026.09.04-19:11:46.343[31m error[39m [caliper] [connectors/peer-gateway/PeerGateway] 	Failed to perform submit transaction [Set] using arguments [key_0_1_1668,value_1668],  with error: EndorseError: 2 UNKNOWN: too many requests for /gateway.Gateway, exceeding concurrency limit (500)
Details:
2026.09.04-19:11:46.343[31m error[39m [caliper] [connectors/peer-gateway/PeerGateway] 	Failed to perform submit transaction [Set] using arguments [key_0_1_1669,value_1669],  with error: EndorseError: 2 UNKNOWN: too many requests for /gateway.Gateway, exceeding concurrency limit (500)
Details:
2026.09.04-19:11:46.343[31m error[39m [caliper] [connectors/peer-gateway/PeerGateway] 	Failed to perform submit transaction [Set] using arguments [key_0_1_1670,value_1670],  with error: EndorseError: 2 UNKNOWN: too many requests for /gateway.Gateway, exceeding concurrency limit (500)
Details:
2026.09.04-19:11:46.343[31m error[39m [caliper] [connectors/peer-gateway/PeerGateway] 	Failed to perform submit transaction [Set] using arguments [key_0_1_1671,value_1671],  with error: EndorseError: 2 UNKNOWN: too many requests for /gateway.Gateway, exceeding concurrency limit (500)
Details:
2026.09.04-19:11:46.344[31m error[39m [caliper] [connectors/peer-gateway/PeerGateway] 	Failed to perform submit transaction [Set] using arguments [key_0_1_1672,value_1672],  with error: EndorseError: 2 UNKNOWN: too many requests for /gateway.Gateway, exceeding concurrency limit (500)
Details:
2026.09.04-19:11:46.344[31m error[39m [caliper] [connectors/peer-gateway/PeerGateway] 	Failed to perform submit transaction [Set] using arguments [key_0_1_1673,value_1673],  with error: EndorseError: 2 UNKNOWN: too many requests for /gateway.Gateway, exceeding concurrency limit (500)
Details:
2026.09.04-19:11:46.344[31m error[39m [caliper] [connectors/peer-gateway/PeerGateway] 	Failed to perform submit transaction [Set] using arguments [key_0_1_1674,value_1674],  with error: EndorseError: 2 UNKNOWN: too many requests for /gateway.Gateway, exceeding concurrency limit (500)
Details:
2026.09.04-19:11:46.345[31m error[39m [caliper] [connectors/peer-gateway/PeerGateway] 	Failed to perform submit transaction [Set] using arguments [key_0_1_1675,value_1675],  with error: EndorseError: 2 UNKNOWN: too many requests for /gateway.Gateway, exceeding concurrency limit (500)
Details:
2026.09.04-19:11:46.345[31m error[39m [caliper] [connectors/peer-gateway/PeerGateway] 	Failed to perform submit transaction [Set] using arguments [key_0_1_1676,value_1676],  with error: EndorseError: 2 UNKNOWN: too many requests for /gateway.Gateway, exceeding concurrency limit (500)
Details:
2026.09.04-19:11:46.346[31m error[39m [caliper] [connectors/peer-gateway/PeerGateway] 	Failed to perform submit transaction [Set] using arguments [key_0_1_1667,value_1667],  with error: EndorseError: 2 UNKNOWN: too many requests for /gateway.Gateway, exceeding concurrency limit (500)
Details:
2026.09.04-19:11:46.346[31m error[39m [caliper] [connectors/peer-gateway/PeerGateway] 	Failed to perform submit transaction [Set] using arguments [key_0_1_1678,value_1678],  with error: EndorseError: 2 UNKNOWN: too many requests for /gateway.Gateway, exceeding concurrency limit (500)
Details:
2026.09.04-19:11:46.365[31m error[39m [caliper] [connectors/peer-gateway/PeerGateway] 	Failed to perform submit transaction [Set] using arguments [key_0_1_1679,value_1679],  with error: EndorseError: 2 UNKNOWN: too many requests for /gateway.Gateway, exceeding concurrency limit (500)
Details:
2026.09.04-19:11:46.374[31m error[39m [caliper] [connectors/peer-gateway/PeerGateway] 	Failed to perform submit transaction [Set] using arguments [key_0_1_1688,value_1688],  with error: EndorseError: 2 UNKNOWN: too many requests for /gateway.Gateway, exceeding concurrency limit (500)
Details:
2026.09.04-19:11:46.374[31m error[39m [caliper] [connectors/peer-gateway/PeerGateway] 	Failed to perform submit transaction [Set] using arguments [key_0_1_1683,value_1683],  with error: EndorseError: 2 UNKNOWN: too many requests for /gateway.Gateway, exceeding concurrency limit (500)
Details:
2026.09.04-19:11:46.375[31m error[39m [caliper] [connectors/peer-gateway/PeerGateway] 	Failed to perform submit transaction [Set] using arguments [key_0_1_1684,value_1684],  with error: EndorseError: 2 UNKNOWN: too many requests for /gateway.Gateway, exceeding concurrency limit (500)
Details:
2026.09.04-19:11:46.375[31m error[39m [caliper] [connectors/peer-gateway/PeerGateway] 	Failed to perform submit transaction [Set] using arguments [key_0_1_1685,value_1685],  with error: EndorseError: 2 UNKNOWN: too many requests for /gateway.Gateway, exceeding concurrency limit (500)
Details:
2026.09.04-19:11:46.375[31m error[39m [caliper] [connectors/peer-gateway/PeerGateway] 	Failed to perform submit transaction [Set] using arguments [key_0_1_1680,value_1680],  with error: EndorseError: 2 UNKNOWN: too many requests for /gateway.Gateway, exceeding concurrency limit (500)
Details:
2026.09.04-19:11:46.375[31m error[39m [caliper] [connectors/peer-gateway/PeerGateway] 	Failed to perform submit transaction [Set] using arguments [key_0_1_1686,value_1686],  with error: EndorseError: 2 UNKNOWN: too many requests for /gateway.Gateway, exceeding concurrency limit (500)
Details:
2026.09.04-19:11:46.376[31m error[39m [caliper] [connectors/peer-gateway/PeerGateway] 	Failed to perform submit transaction [Set] using arguments [key_0_1_1681,value_1681],  with error: EndorseError: 2 UNKNOWN: too many requests for /gateway.Gateway, exceeding concurrency limit (500)
Details:
2026.09.04-19:11:46.376[31m error[39m [caliper] [connectors/peer-gateway/PeerGateway] 	Failed to perform submit transaction [Set] using arguments [key_0_1_1687,value_1687],  with error: EndorseError: 2 UNKNOWN: too many requests for /gateway.Gateway, exceeding concurrency limit (500)
Details:
2026.09.04-19:11:46.376[31m error[39m [caliper] [connectors/peer-gateway/PeerGateway] 	Failed to perform submit transaction [Set] using arguments [key_0_1_1682,value_1682],  with error: EndorseError: 2 UNKNOWN: too many requests for /gateway.Gateway, exceeding concurrency limit (500)
Details:
2026.09.04-19:11:46.376[31m error[39m [caliper] [connectors/peer-gateway/PeerGateway] 	Failed to perform submit transaction [Set] using arguments [key_0_1_1689,value_1689],  with error: EndorseError: 2 UNKNOWN: too many requests for /gateway.Gateway, exceeding concurrency limit (500)
Details:
2026.09.04-19:11:46.379[31m error[39m [caliper] [connectors/peer-gateway/PeerGateway] 	Failed to perform submit transaction [Set] using arguments [key_0_1_1690,value_1690],  with error: EndorseError: 2 UNKNOWN: too many requests for /gateway.Gateway, exceeding concurrency limit (500)
Details:
2026.09.04-19:11:46.384[31m error[39m [caliper] [connectors/peer-gateway/PeerGateway] 	Failed to perform submit transaction [Set] using arguments [key_0_1_1691,value_1691],  with error: EndorseError: 2 UNKNOWN: too many requests for /gateway.Gateway, exceeding concurrency limit (500)
Details:
2026.09.04-19:11:46.392[31m error[39m [caliper] [connectors/peer-gateway/PeerGateway] 	Failed to perform submit transaction [Set] using arguments [key_0_1_1692,value_1692],  with error: EndorseError: 2 UNKNOWN: too many requests for /gateway.Gateway, exceeding concurrency limit (500)
Details:
2026.09.04-19:11:46.396[31m error[39m [caliper] [connectors/peer-gateway/PeerGateway] 	Failed to perform submit transaction [Set] using arguments [key_0_1_1693,value_1693],  with error: EndorseError: 2 UNKNOWN: too many requests for /gateway.Gateway, exceeding concurrency limit (500)
Details:
2026.09.04-19:11:46.397[31m error[39m [caliper] [connectors/peer-gateway/PeerGateway] 	Failed to perform submit transaction [Set] using arguments [key_0_1_1694,value_1694],  with error: EndorseError: 2 UNKNOWN: too many requests for /gateway.Gateway, exceeding concurrency limit (500)
Details:
2026.09.04-19:11:46.402[31m error[39m [caliper] [connectors/peer-gateway/PeerGateway] 	Failed to perform submit transaction [Set] using arguments [key_0_1_1664,value_1664],  with error: CommitStatusError: 2 UNKNOWN: too many requests for /gateway.Gateway, exceeding concurrency limit (500)
Details:
2026.09.04-19:11:46.405[31m error[39m [caliper] [connectors/peer-gateway/PeerGateway] 	Failed to perform submit transaction [Set] using arguments [key_0_1_1696,value_1696],  with error: EndorseError: 2 UNKNOWN: too many requests for /gateway.Gateway, exceeding concurrency limit (500)
Details:
2026.09.04-19:11:46.411[31m error[39m [caliper] [connectors/peer-gateway/PeerGateway] 	Failed to perform submit transaction [Set] using arguments [key_0_1_1697,value_1697],  with error: EndorseError: 2 UNKNOWN: too many requests for /gateway.Gateway, exceeding concurrency limit (500)
Details:
2026.09.04-19:11:46.411[31m error[39m [caliper] [connectors/peer-gateway/PeerGateway] 	Failed to perform submit transaction [Set] using arguments [key_0_1_1699,value_1699],  with error: EndorseError: 2 UNKNOWN: too many requests for /gateway.Gateway, exceeding concurrency limit (500)
Details:
2026.09.04-19:11:46.411[31m error[39m [caliper] [connectors/peer-gateway/PeerGateway] 	Failed to perform submit transaction [Set] using arguments [key_0_1_1698,value_1698],  with error: EndorseError: 2 UNKNOWN: too many requests for /gateway.Gateway, exceeding concurrency limit (500)
Details:
2026.09.04-19:11:46.415[31m error[39m [caliper] [connectors/peer-gateway/PeerGateway] 	Failed to perform submit transaction [Set] using arguments [key_0_1_1701,value_1701],  with error: EndorseError: 2 UNKNOWN: too many requests for /gateway.Gateway, exceeding concurrency limit (500)
Details:
2026.09.04-19:11:46.415[31m error[39m [caliper] [connectors/peer-gateway/PeerGateway] 	Failed to perform submit transaction [Set] using arguments [key_0_1_1700,value_1700],  with error: EndorseError: 2 UNKNOWN: too many requests for /gateway.Gateway, exceeding concurrency limit (500)
Details:
2026.09.04-19:11:46.422[31m error[39m [caliper] [connectors/peer-gateway/PeerGateway] 	Failed to perform submit transaction [Set] using arguments [key_0_1_1702,value_1702],  with error: EndorseError: 2 UNKNOWN: too many requests for /gateway.Gateway, exceeding concurrency limit (500)
Details:
2026.09.04-19:11:46.447[31m error[39m [caliper] [connectors/peer-gateway/PeerGateway] 	Failed to perform submit transaction [Set] using arguments [key_0_1_1707,value_1707],  with error: EndorseError: 2 UNKNOWN: too many requests for /gateway.Gateway, exceeding concurrency limit (500)
Details:
2026.09.04-19:11:46.447[31m error[39m [caliper] [connectors/peer-gateway/PeerGateway] 	Failed to perform submit transaction [Set] using arguments [key_0_1_1705,value_1705],  with error: EndorseError: 2 UNKNOWN: too many requests for /gateway.Gateway, exceeding concurrency limit (500)
Details:
2026.09.04-19:11:46.448[31m error[39m [caliper] [connectors/peer-gateway/PeerGateway] 	Failed to perform submit transaction [Set] using arguments [key_0_1_1706,value_1706],  with error: EndorseError: 2 UNKNOWN: too many requests for /gateway.Gateway, exceeding concurrency limit (500)
Details:
2026.09.04-19:11:46.448[31m error[39m [caliper] [connectors/peer-gateway/PeerGateway] 	Failed to perform submit transaction [Set] using arguments [key_0_1_1703,value_1703],  with error: EndorseError: 2 UNKNOWN: too many requests for /gateway.Gateway, exceeding concurrency limit (500)
Details:
2026.09.04-19:11:46.449[31m error[39m [caliper] [connectors/peer-gateway/PeerGateway] 	Failed to perform submit transaction [Set] using arguments [key_0_1_1704,value_1704],  with error: EndorseError: 2 UNKNOWN: too many requests for /gateway.Gateway, exceeding concurrency limit (500)
Details:
2026.09.04-19:11:46.449[31m error[39m [caliper] [connectors/peer-gateway/PeerGateway] 	Failed to perform submit transaction [Set] using arguments [key_0_1_1708,value_1708],  with error: EndorseError: 2 UNKNOWN: too many requests for /gateway.Gateway, exceeding concurrency limit (500)
Details:
2026.09.04-19:11:46.450[31m error[39m [caliper] [connectors/peer-gateway/PeerGateway] 	Failed to perform submit transaction [Set] using arguments [key_0_1_1709,value_1709],  with error: EndorseError: 2 UNKNOWN: too many requests for /gateway.Gateway, exceeding concurrency limit (500)
Details:
2026.09.04-19:11:46.450[31m error[39m [caliper] [connectors/peer-gateway/PeerGateway] 	Failed to perform submit transaction [Set] using arguments [key_0_1_1695,value_1695],  with error: CommitStatusError: 2 UNKNOWN: too many requests for /gateway.Gateway, exceeding concurrency limit (500)
Details:
2026.09.04-19:11:46.455[31m error[39m [caliper] [connectors/peer-gateway/PeerGateway] 	Failed to perform submit transaction [Set] using arguments [key_0_1_1712,value_1712],  with error: EndorseError: 2 UNKNOWN: too many requests for /gateway.Gateway, exceeding concurrency limit (500)
Details:
2026.09.04-19:11:46.458[31m error[39m [caliper] [connectors/peer-gateway/PeerGateway] 	Failed to perform submit transaction [Set] using arguments [key_0_1_1710,value_1710],  with error: SubmitError: 2 UNKNOWN: too many requests for /gateway.Gateway, exceeding concurrency limit (500)
Details:
2026.09.04-19:11:46.461[31m error[39m [caliper] [connectors/peer-gateway/PeerGateway] 	Failed to perform submit transaction [Set] using arguments [key_0_1_1711,value_1711],  with error: SubmitError: 2 UNKNOWN: too many requests for /gateway.Gateway, exceeding concurrency limit (500)
Details:
2026.09.04-19:11:46.463[31m error[39m [caliper] [connectors/peer-gateway/PeerGateway] 	Failed to perform submit transaction [Set] using arguments [key_0_1_1714,value_1714],  with error: EndorseError: 2 UNKNOWN: too many requests for /gateway.Gateway, exceeding concurrency limit (500)
Details:
2026.09.04-19:11:46.467[31m error[39m [caliper] [connectors/peer-gateway/PeerGateway] 	Failed to perform submit transaction [Set] using arguments [key_0_1_1713,value_1713],  with error: SubmitError: 2 UNKNOWN: too many requests for /gateway.Gateway, exceeding concurrency limit (500)
Details:
2026.09.04-19:11:46.468[31m error[39m [caliper] [connectors/peer-gateway/PeerGateway] 	Failed to perform submit transaction [Set] using arguments [key_0_1_1716,value_1716],  with error: EndorseError: 2 UNKNOWN: too many requests for /gateway.Gateway, exceeding concurrency limit (500)
Details:
2026.09.04-19:11:46.471[31m error[39m [caliper] [connectors/peer-gateway/PeerGateway] 	Failed to perform submit transaction [Set] using arguments [key_0_1_1717,value_1717],  with error: EndorseError: 2 UNKNOWN: too many requests for /gateway.Gateway, exceeding concurrency limit (500)
Details:
2026.09.04-19:11:46.472[31m error[39m [caliper] [connectors/peer-gateway/PeerGateway] 	Failed to perform submit transaction [Set] using arguments [key_0_1_1718,value_1718],  with error: EndorseError: 2 UNKNOWN: too many requests for /gateway.Gateway, exceeding concurrency limit (500)
Details:
2026.09.04-19:11:46.474[31m error[39m [caliper] [connectors/peer-gateway/PeerGateway] 	Failed to perform submit transaction [Set] using arguments [key_0_1_1719,value_1719],  with error: EndorseError: 2 UNKNOWN: too many requests for /gateway.Gateway, exceeding concurrency limit (500)
Details:
2026.09.04-19:11:46.476[31m error[39m [caliper] [connectors/peer-gateway/PeerGateway] 	Failed to perform submit transaction [Set] using arguments [key_0_1_1720,value_1720],  with error: EndorseError: 2 UNKNOWN: too many requests for /gateway.Gateway, exceeding concurrency limit (500)
Details:
2026.09.04-19:11:46.480[31m error[39m [caliper] [connectors/peer-gateway/PeerGateway] 	Failed to perform submit transaction [Set] using arguments [key_0_1_1721,value_1721],  with error: EndorseError: 2 UNKNOWN: too many requests for /gateway.Gateway, exceeding concurrency limit (500)
Details:
2026.09.04-19:11:46.487[31m error[39m [caliper] [connectors/peer-gateway/PeerGateway] 	Failed to perform submit transaction [Set] using arguments [key_0_1_1715,value_1715],  with error: SubmitError: 2 UNKNOWN: too many requests for /gateway.Gateway, exceeding concurrency limit (500)
Details:
2026.09.04-19:11:46.487[31m error[39m [caliper] [connectors/peer-gateway/PeerGateway] 	Failed to perform submit transaction [Set] using arguments [key_0_1_1723,value_1723],  with error: EndorseError: 2 UNKNOWN: too many requests for /gateway.Gateway, exceeding concurrency limit (500)
Details:
2026.09.04-19:11:46.493[31m error[39m [caliper] [connectors/peer-gateway/PeerGateway] 	Failed to perform submit transaction [Set] using arguments [key_0_1_1724,value_1724],  with error: EndorseError: 2 UNKNOWN: too many requests for /gateway.Gateway, exceeding concurrency limit (500)
Details:
2026.09.04-19:11:46.498[31m error[39m [caliper] [connectors/peer-gateway/PeerGateway] 	Failed to perform submit transaction [Set] using arguments [key_0_1_1722,value_1722],  with error: CommitStatusError: 2 UNKNOWN: too many requests for /gateway.Gateway, exceeding concurrency limit (500)
Details:
2026.09.04-19:11:46.500[31m error[39m [caliper] [connectors/peer-gateway/PeerGateway] 	Failed to perform submit transaction [Set] using arguments [key_0_1_1726,value_1726],  with error: EndorseError: 2 UNKNOWN: too many requests for /gateway.Gateway, exceeding concurrency limit (500)
Details:
2026.09.04-19:11:46.501[31m error[39m [caliper] [connectors/peer-gateway/PeerGateway] 	Failed to perform submit transaction [Set] using arguments [key_0_1_1727,value_1727],  with error: EndorseError: 2 UNKNOWN: too many requests for /gateway.Gateway, exceeding concurrency limit (500)
Details:
2026.09.04-19:11:46.506[31m error[39m [caliper] [connectors/peer-gateway/PeerGateway] 	Failed to perform submit transaction [Set] using arguments [key_0_1_1728,value_1728],  with error: EndorseError: 2 UNKNOWN: too many requests for /gateway.Gateway, exceeding concurrency limit (500)
Details:
2026.09.04-19:11:46.507[31m error[39m [caliper] [connectors/peer-gateway/PeerGateway] 	Failed to perform submit transaction [Set] using arguments [key_0_1_1729,value_1729],  with error: EndorseError: 2 UNKNOWN: too many requests for /gateway.Gateway, exceeding concurrency limit (500)
Details:
2026.09.04-19:11:46.510[31m error[39m [caliper] [connectors/peer-gateway/PeerGateway] 	Failed to perform submit transaction [Set] using arguments [key_0_1_1730,value_1730],  with error: EndorseError: 2 UNKNOWN: too many requests for /gateway.Gateway, exceeding concurrency limit (500)
Details:
2026.09.04-19:11:46.514[31m error[39m [caliper] [connectors/peer-gateway/PeerGateway] 	Failed to perform submit transaction [Set] using arguments [key_0_1_1731,value_1731],  with error: EndorseError: 2 UNKNOWN: too many requests for /gateway.Gateway, exceeding concurrency limit (500)
Details:
2026.09.04-19:11:46.518[31m error[39m [caliper] [connectors/peer-gateway/PeerGateway] 	Failed to perform submit transaction [Set] using arguments [key_0_1_1732,value_1732],  with error: EndorseError: 2 UNKNOWN: too many requests for /gateway.Gateway, exceeding concurrency limit (500)
Details:
2026.09.04-19:11:46.520[31m error[39m [caliper] [connectors/peer-gateway/PeerGateway] 	Failed to perform submit transaction [Set] using arguments [key_0_1_1733,value_1733],  with error: EndorseError: 2 UNKNOWN: too many requests for /gateway.Gateway, exceeding concurrency limit (500)
Details:
2026.09.04-19:11:48.182[31m error[39m [caliper] [connectors/peer-gateway/PeerGateway] 	Failed to perform submit transaction [Set] using arguments [key_0_1_2230,value_2230],  with error: SubmitError: 2 UNKNOWN: too many requests for /gateway.Gateway, exceeding concurrency limit (500)
Details:
2026.09.04-19:11:48.186[31m error[39m [caliper] [connectors/peer-gateway/PeerGateway] 	Failed to perform submit transaction [Set] using arguments [key_0_1_2231,value_2231],  with error: SubmitError: 2 UNKNOWN: too many requests for /gateway.Gateway, exceeding concurrency limit (500)
Details:
2026.09.04-19:11:48.186[31m error[39m [caliper] [connectors/peer-gateway/PeerGateway] 	Failed to perform submit transaction [Set] using arguments [key_0_1_2233,value_2233],  with error: EndorseError: 2 UNKNOWN: too many requests for /gateway.Gateway, exceeding concurrency limit (500)
Details:
2026.09.04-19:11:48.195[31m error[39m [caliper] [connectors/peer-gateway/PeerGateway] 	Failed to perform submit transaction [Set] using arguments [key_0_1_2232,value_2232],  with error: SubmitError: 2 UNKNOWN: too many requests for /gateway.Gateway, exceeding concurrency limit (500)
Details:
2026.09.04-19:11:48.196[31m error[39m [caliper] [connectors/peer-gateway/PeerGateway] 	Failed to perform submit transaction [Set] using arguments [key_0_1_2235,value_2235],  with error: EndorseError: 2 UNKNOWN: too many requests for /gateway.Gateway, exceeding concurrency limit (500)
Details:
2026.09.04-19:11:48.203[31m error[39m [caliper] [connectors/peer-gateway/PeerGateway] 	Failed to perform submit transaction [Set] using arguments [key_0_1_2234,value_2234],  with error: SubmitError: 2 UNKNOWN: too many requests for /gateway.Gateway, exceeding concurrency limit (500)
Details:
2026.09.04-19:11:48.206[31m error[39m [caliper] [connectors/peer-gateway/PeerGateway] 	Failed to perform submit transaction [Set] using arguments [key_0_1_2237,value_2237],  with error: EndorseError: 2 UNKNOWN: too many requests for /gateway.Gateway, exceeding concurrency limit (500)
Details:
2026.09.04-19:11:48.210[31m error[39m [caliper] [connectors/peer-gateway/PeerGateway] 	Failed to perform submit transaction [Set] using arguments [key_0_1_2236,value_2236],  with error: SubmitError: 2 UNKNOWN: too many requests for /gateway.Gateway, exceeding concurrency limit (500)
Details:
2026.09.04-19:11:48.211[31m error[39m [caliper] [connectors/peer-gateway/PeerGateway] 	Failed to perform submit transaction [Set] using arguments [key_0_1_2239,value_2239],  with error: EndorseError: 2 UNKNOWN: too many requests for /gateway.Gateway, exceeding concurrency limit (500)
Details:
2026.09.04-19:11:48.215[31m error[39m [caliper] [connectors/peer-gateway/PeerGateway] 	Failed to perform submit transaction [Set] using arguments [key_0_1_2240,value_2240],  with error: EndorseError: 2 UNKNOWN: too many requests for /gateway.Gateway, exceeding concurrency limit (500)
Details:
2026.09.04-19:11:48.226[31m error[39m [caliper] [connectors/peer-gateway/PeerGateway] 	Failed to perform submit transaction [Set] using arguments [key_0_1_2238,value_2238],  with error: SubmitError: 2 UNKNOWN: too many requests for /gateway.Gateway, exceeding concurrency limit (500)
Details:
2026.09.04-19:11:48.226[31m error[39m [caliper] [connectors/peer-gateway/PeerGateway] 	Failed to perform submit transaction [Set] using arguments [key_0_1_2241,value_2241],  with error: EndorseError: 2 UNKNOWN: too many requests for /gateway.Gateway, exceeding concurrency limit (500)
Details:
2026.09.04-19:11:48.233[31m error[39m [caliper] [connectors/peer-gateway/PeerGateway] 	Failed to perform submit transaction [Set] using arguments [key_0_1_2244,value_2244],  with error: EndorseError: 2 UNKNOWN: too many requests for /gateway.Gateway, exceeding concurrency limit (500)
Details:
2026.09.04-19:11:48.233[31m error[39m [caliper] [connectors/peer-gateway/PeerGateway] 	Failed to perform submit transaction [Set] using arguments [key_0_1_2242,value_2242],  with error: EndorseError: 2 UNKNOWN: too many requests for /gateway.Gateway, exceeding concurrency limit (500)
Details:
2026.09.04-19:11:48.267[31m error[39m [caliper] [connectors/peer-gateway/PeerGateway] 	Failed to perform submit transaction [Set] using arguments [key_0_1_2247,value_2247],  with error: EndorseError: 2 UNKNOWN: too many requests for /gateway.Gateway, exceeding concurrency limit (500)
Details:
2026.09.04-19:11:48.271[31m error[39m [caliper] [connectors/peer-gateway/PeerGateway] 	Failed to perform submit transaction [Set] using arguments [key_0_1_2246,value_2246],  with error: EndorseError: 2 UNKNOWN: too many requests for /gateway.Gateway, exceeding concurrency limit (500)
Details:
2026.09.04-19:11:48.278[31m error[39m [caliper] [connectors/peer-gateway/PeerGateway] 	Failed to perform submit transaction [Set] using arguments [key_0_1_2259,value_2259],  with error: EndorseError: 2 UNKNOWN: too many requests for /gateway.Gateway, exceeding concurrency limit (500)
Details:
2026.09.04-19:11:48.278[31m error[39m [caliper] [connectors/peer-gateway/PeerGateway] 	Failed to perform submit transaction [Set] using arguments [key_0_1_2253,value_2253],  with error: EndorseError: 2 UNKNOWN: too many requests for /gateway.Gateway, exceeding concurrency limit (500)
Details:
2026.09.04-19:11:48.278[31m error[39m [caliper] [connectors/peer-gateway/PeerGateway] 	Failed to perform submit transaction [Set] using arguments [key_0_1_2252,value_2252],  with error: EndorseError: 2 UNKNOWN: too many requests for /gateway.Gateway, exceeding concurrency limit (500)
Details:
2026.09.04-19:11:48.279[31m error[39m [caliper] [connectors/peer-gateway/PeerGateway] 	Failed to perform submit transaction [Set] using arguments [key_0_1_2254,value_2254],  with error: EndorseError: 2 UNKNOWN: too many requests for /gateway.Gateway, exceeding concurrency limit (500)
Details:
2026.09.04-19:11:48.279[31m error[39m [caliper] [connectors/peer-gateway/PeerGateway] 	Failed to perform submit transaction [Set] using arguments [key_0_1_2248,value_2248],  with error: EndorseError: 2 UNKNOWN: too many requests for /gateway.Gateway, exceeding concurrency limit (500)
Details:
2026.09.04-19:11:48.279[31m error[39m [caliper] [connectors/peer-gateway/PeerGateway] 	Failed to perform submit transaction [Set] using arguments [key_0_1_2255,value_2255],  with error: EndorseError: 2 UNKNOWN: too many requests for /gateway.Gateway, exceeding concurrency limit (500)
Details:
2026.09.04-19:11:48.280[31m error[39m [caliper] [connectors/peer-gateway/PeerGateway] 	Failed to perform submit transaction [Set] using arguments [key_0_1_2256,value_2256],  with error: EndorseError: 2 UNKNOWN: too many requests for /gateway.Gateway, exceeding concurrency limit (500)
Details:
2026.09.04-19:11:48.280[31m error[39m [caliper] [connectors/peer-gateway/PeerGateway] 	Failed to perform submit transaction [Set] using arguments [key_0_1_2257,value_2257],  with error: EndorseError: 2 UNKNOWN: too many requests for /gateway.Gateway, exceeding concurrency limit (500)
Details:
2026.09.04-19:11:48.280[31m error[39m [caliper] [connectors/peer-gateway/PeerGateway] 	Failed to perform submit transaction [Set] using arguments [key_0_1_2258,value_2258],  with error: EndorseError: 2 UNKNOWN: too many requests for /gateway.Gateway, exceeding concurrency limit (500)
Details:
2026.09.04-19:11:48.281[31m error[39m [caliper] [connectors/peer-gateway/PeerGateway] 	Failed to perform submit transaction [Set] using arguments [key_0_1_2243,value_2243],  with error: SubmitError: 2 UNKNOWN: too many requests for /gateway.Gateway, exceeding concurrency limit (500)
Details:
2026.09.04-19:11:48.281[31m error[39m [caliper] [connectors/peer-gateway/PeerGateway] 	Failed to perform submit transaction [Set] using arguments [key_0_1_2249,value_2249],  with error: EndorseError: 2 UNKNOWN: too many requests for /gateway.Gateway, exceeding concurrency limit (500)
Details:
2026.09.04-19:11:48.281[31m error[39m [caliper] [connectors/peer-gateway/PeerGateway] 	Failed to perform submit transaction [Set] using arguments [key_0_1_2250,value_2250],  with error: EndorseError: 2 UNKNOWN: too many requests for /gateway.Gateway, exceeding concurrency limit (500)
Details:
2026.09.04-19:11:48.282[31m error[39m [caliper] [connectors/peer-gateway/PeerGateway] 	Failed to perform submit transaction [Set] using arguments [key_0_1_2251,value_2251],  with error: EndorseError: 2 UNKNOWN: too many requests for /gateway.Gateway, exceeding concurrency limit (500)
Details:
2026.09.04-19:11:48.287[31m error[39m [caliper] [connectors/peer-gateway/PeerGateway] 	Failed to perform submit transaction [Set] using arguments [key_0_1_2261,value_2261],  with error: EndorseError: 2 UNKNOWN: too many requests for /gateway.Gateway, exceeding concurrency limit (500)
Details:
2026.09.04-19:11:48.288[31m error[39m [caliper] [connectors/peer-gateway/PeerGateway] 	Failed to perform submit transaction [Set] using arguments [key_0_1_2245,value_2245],  with error: SubmitError: 2 UNKNOWN: too many requests for /gateway.Gateway, exceeding concurrency limit (500)
Details:
2026.09.04-19:11:48.291[31m error[39m [caliper] [connectors/peer-gateway/PeerGateway] 	Failed to perform submit transaction [Set] using arguments [key_0_1_2262,value_2262],  with error: EndorseError: 2 UNKNOWN: too many requests for /gateway.Gateway, exceeding concurrency limit (500)
Details:
2026.09.04-19:11:48.294[31m error[39m [caliper] [connectors/peer-gateway/PeerGateway] 	Failed to perform submit transaction [Set] using arguments [key_0_1_2260,value_2260],  with error: SubmitError: 2 UNKNOWN: too many requests for /gateway.Gateway, exceeding concurrency limit (500)
Details:
2026.09.04-19:11:48.296[31m error[39m [caliper] [connectors/peer-gateway/PeerGateway] 	Failed to perform submit transaction [Set] using arguments [key_0_1_2264,value_2264],  with error: EndorseError: 2 UNKNOWN: too many requests for /gateway.Gateway, exceeding concurrency limit (500)
Details:
2026.09.04-19:11:48.297[31m error[39m [caliper] [connectors/peer-gateway/PeerGateway] 	Failed to perform submit transaction [Set] using arguments [key_0_1_2265,value_2265],  with error: EndorseError: 2 UNKNOWN: too many requests for /gateway.Gateway, exceeding concurrency limit (500)
Details:
2026.09.04-19:11:48.301[31m error[39m [caliper] [connectors/peer-gateway/PeerGateway] 	Failed to perform submit transaction [Set] using arguments [key_0_1_2266,value_2266],  with error: EndorseError: 2 UNKNOWN: too many requests for /gateway.Gateway, exceeding concurrency limit (500)
Details:
2026.09.04-19:11:48.305[31m error[39m [caliper] [connectors/peer-gateway/PeerGateway] 	Failed to perform submit transaction [Set] using arguments [key_0_1_2267,value_2267],  with error: EndorseError: 2 UNKNOWN: too many requests for /gateway.Gateway, exceeding concurrency limit (500)
Details:
2026.09.04-19:11:48.311[31m error[39m [caliper] [connectors/peer-gateway/PeerGateway] 	Failed to perform submit transaction [Set] using arguments [key_0_1_2268,value_2268],  with error: EndorseError: 2 UNKNOWN: too many requests for /gateway.Gateway, exceeding concurrency limit (500)
Details:
2026.09.04-19:11:48.311[31m error[39m [caliper] [connectors/peer-gateway/PeerGateway] 	Failed to perform submit transaction [Set] using arguments [key_0_1_2263,value_2263],  with error: SubmitError: 2 UNKNOWN: too many requests for /gateway.Gateway, exceeding concurrency limit (500)
Details:
2026.09.04-19:11:48.315[31m error[39m [caliper] [connectors/peer-gateway/PeerGateway] 	Failed to perform submit transaction [Set] using arguments [key_0_1_2271,value_2271],  with error: EndorseError: 2 UNKNOWN: too many requests for /gateway.Gateway, exceeding concurrency limit (500)
Details:
2026.09.04-19:11:48.327[31m error[39m [caliper] [connectors/peer-gateway/PeerGateway] 	Failed to perform submit transaction [Set] using arguments [key_0_1_2272,value_2272],  with error: EndorseError: 2 UNKNOWN: too many requests for /gateway.Gateway, exceeding concurrency limit (500)
Details:
2026.09.04-19:11:48.328[31m error[39m [caliper] [connectors/peer-gateway/PeerGateway] 	Failed to perform submit transaction [Set] using arguments [key_0_1_2269,value_2269],  with error: EndorseError: 2 UNKNOWN: too many requests for /gateway.Gateway, exceeding concurrency limit (500)
Details:
2026.09.04-19:11:48.333[31m error[39m [caliper] [connectors/peer-gateway/PeerGateway] 	Failed to perform submit transaction [Set] using arguments [key_0_1_2273,value_2273],  with error: EndorseError: 2 UNKNOWN: too many requests for /gateway.Gateway, exceeding concurrency limit (500)
Details:
2026.09.04-19:11:48.334[31m error[39m [caliper] [connectors/peer-gateway/PeerGateway] 	Failed to perform submit transaction [Set] using arguments [key_0_1_2275,value_2275],  with error: EndorseError: 2 UNKNOWN: too many requests for /gateway.Gateway, exceeding concurrency limit (500)
Details:
2026.09.04-19:11:48.351[31m error[39m [caliper] [connectors/peer-gateway/PeerGateway] 	Failed to perform submit transaction [Set] using arguments [key_0_1_2274,value_2274],  with error: SubmitError: 2 UNKNOWN: too many requests for /gateway.Gateway, exceeding concurrency limit (500)
Details:
2026.09.04-19:11:48.353[31m error[39m [caliper] [connectors/peer-gateway/PeerGateway] 	Failed to perform submit transaction [Set] using arguments [key_0_1_2277,value_2277],  with error: EndorseError: 2 UNKNOWN: too many requests for /gateway.Gateway, exceeding concurrency limit (500)
Details:
2026.09.04-19:11:48.353[31m error[39m [caliper] [connectors/peer-gateway/PeerGateway] 	Failed to perform submit transaction [Set] using arguments [key_0_1_2270,value_2270],  with error: CommitStatusError: 2 UNKNOWN: too many requests for /gateway.Gateway, exceeding concurrency limit (500)
Details:
2026.09.04-19:11:48.357[31m error[39m [caliper] [connectors/peer-gateway/PeerGateway] 	Failed to perform submit transaction [Set] using arguments [key_0_1_2279,value_2279],  with error: EndorseError: 2 UNKNOWN: too many requests for /gateway.Gateway, exceeding concurrency limit (500)
Details:
2026.09.04-19:11:48.358[31m error[39m [caliper] [connectors/peer-gateway/PeerGateway] 	Failed to perform submit transaction [Set] using arguments [key_0_1_2278,value_2278],  with error: EndorseError: 2 UNKNOWN: too many requests for /gateway.Gateway, exceeding concurrency limit (500)
Details:
2026.09.04-19:11:48.360[31m error[39m [caliper] [connectors/peer-gateway/PeerGateway] 	Failed to perform submit transaction [Set] using arguments [key_0_1_2280,value_2280],  with error: EndorseError: 2 UNKNOWN: too many requests for /gateway.Gateway, exceeding concurrency limit (500)
Details:
2026.09.04-19:11:48.364[31m error[39m [caliper] [connectors/peer-gateway/PeerGateway] 	Failed to perform submit transaction [Set] using arguments [key_0_1_2281,value_2281],  with error: EndorseError: 2 UNKNOWN: too many requests for /gateway.Gateway, exceeding concurrency limit (500)
Details:
2026.09.04-19:11:48.371[31m error[39m [caliper] [connectors/peer-gateway/PeerGateway] 	Failed to perform submit transaction [Set] using arguments [key_0_1_2282,value_2282],  with error: EndorseError: 2 UNKNOWN: too many requests for /gateway.Gateway, exceeding concurrency limit (500)
Details:
2026.09.04-19:11:48.376[31m error[39m [caliper] [connectors/peer-gateway/PeerGateway] 	Failed to perform submit transaction [Set] using arguments [key_0_1_2276,value_2276],  with error: CommitStatusError: 2 UNKNOWN: too many requests for /gateway.Gateway, exceeding concurrency limit (500)
Details:
2026.09.04-19:11:48.384[31m error[39m [caliper] [connectors/peer-gateway/PeerGateway] 	Failed to perform submit transaction [Set] using arguments [key_0_1_2285,value_2285],  with error: EndorseError: 2 UNKNOWN: too many requests for /gateway.Gateway, exceeding concurrency limit (500)
Details:
2026.09.04-19:11:48.387[31m error[39m [caliper] [connectors/peer-gateway/PeerGateway] 	Failed to perform submit transaction [Set] using arguments [key_0_1_2286,value_2286],  with error: EndorseError: 2 UNKNOWN: too many requests for /gateway.Gateway, exceeding concurrency limit (500)
Details:
2026.09.04-19:11:48.388[31m error[39m [caliper] [connectors/peer-gateway/PeerGateway] 	Failed to perform submit transaction [Set] using arguments [key_0_1_2287,value_2287],  with error: EndorseError: 2 UNKNOWN: too many requests for /gateway.Gateway, exceeding concurrency limit (500)
Details:
2026.09.04-19:11:48.390[31m error[39m [caliper] [connectors/peer-gateway/PeerGateway] 	Failed to perform submit transaction [Set] using arguments [key_0_1_2284,value_2284],  with error: CommitStatusError: 2 UNKNOWN: too many requests for /gateway.Gateway, exceeding concurrency limit (500)
Details:
2026.09.04-19:11:48.390[31m error[39m [caliper] [connectors/peer-gateway/PeerGateway] 	Failed to perform submit transaction [Set] using arguments [key_0_1_2288,value_2288],  with error: EndorseError: 2 UNKNOWN: too many requests for /gateway.Gateway, exceeding concurrency limit (500)
Details:
2026.09.04-19:11:48.394[31m error[39m [caliper] [connectors/peer-gateway/PeerGateway] 	Failed to perform submit transaction [Set] using arguments [key_0_1_2289,value_2289],  with error: EndorseError: 2 UNKNOWN: too many requests for /gateway.Gateway, exceeding concurrency limit (500)
Details:
2026.09.04-19:11:48.394[31m error[39m [caliper] [connectors/peer-gateway/PeerGateway] 	Failed to perform submit transaction [Set] using arguments [key_0_1_2290,value_2290],  with error: EndorseError: 2 UNKNOWN: too many requests for /gateway.Gateway, exceeding concurrency limit (500)
Details:
2026.09.04-19:11:48.396[31m error[39m [caliper] [connectors/peer-gateway/PeerGateway] 	Failed to perform submit transaction [Set] using arguments [key_0_1_2291,value_2291],  with error: EndorseError: 2 UNKNOWN: too many requests for /gateway.Gateway, exceeding concurrency limit (500)
Details:
2026.09.04-19:11:48.398[31m error[39m [caliper] [connectors/peer-gateway/PeerGateway] 	Failed to perform submit transaction [Set] using arguments [key_0_1_2292,value_2292],  with error: EndorseError: 2 UNKNOWN: too many requests for /gateway.Gateway, exceeding concurrency limit (500)
Details:
2026.09.04-19:11:48.400[31m error[39m [caliper] [connectors/peer-gateway/PeerGateway] 	Failed to perform submit transaction [Set] using arguments [key_0_1_2293,value_2293],  with error: EndorseError: 2 UNKNOWN: too many requests for /gateway.Gateway, exceeding concurrency limit (500)
Details:
2026.09.04-19:11:48.403[31m error[39m [caliper] [connectors/peer-gateway/PeerGateway] 	Failed to perform submit transaction [Set] using arguments [key_0_1_2294,value_2294],  with error: EndorseError: 2 UNKNOWN: too many requests for /gateway.Gateway, exceeding concurrency limit (500)
Details:
2026.09.04-19:11:48.403[31m error[39m [caliper] [connectors/peer-gateway/PeerGateway] 	Failed to perform submit transaction [Set] using arguments [key_0_1_2295,value_2295],  with error: EndorseError: 2 UNKNOWN: too many requests for /gateway.Gateway, exceeding concurrency limit (500)
Details:
2026.09.04-19:11:48.404[31m error[39m [caliper] [connectors/peer-gateway/PeerGateway] 	Failed to perform submit transaction [Set] using arguments [key_0_1_2296,value_2296],  with error: EndorseError: 2 UNKNOWN: too many requests for /gateway.Gateway, exceeding concurrency limit (500)
Details:
2026.09.04-19:11:48.406[31m error[39m [caliper] [connectors/peer-gateway/PeerGateway] 	Failed to perform submit transaction [Set] using arguments [key_0_1_2297,value_2297],  with error: EndorseError: 2 UNKNOWN: too many requests for /gateway.Gateway, exceeding concurrency limit (500)
Details:
2026.09.04-19:11:48.409[31m error[39m [caliper] [connectors/peer-gateway/PeerGateway] 	Failed to perform submit transaction [Set] using arguments [key_0_1_2298,value_2298],  with error: EndorseError: 2 UNKNOWN: too many requests for /gateway.Gateway, exceeding concurrency limit (500)
Details:
2026.09.04-19:11:48.411[31m error[39m [caliper] [connectors/peer-gateway/PeerGateway] 	Failed to perform submit transaction [Set] using arguments [key_0_1_2299,value_2299],  with error: EndorseError: 2 UNKNOWN: too many requests for /gateway.Gateway, exceeding concurrency limit (500)
Details:
2026.09.04-19:11:48.411[31m error[39m [caliper] [connectors/peer-gateway/PeerGateway] 	Failed to perform submit transaction [Set] using arguments [key_0_1_2300,value_2300],  with error: EndorseError: 2 UNKNOWN: too many requests for /gateway.Gateway, exceeding concurrency limit (500)
Details:
2026.09.04-19:11:48.414[31m error[39m [caliper] [connectors/peer-gateway/PeerGateway] 	Failed to perform submit transaction [Set] using arguments [key_0_1_2301,value_2301],  with error: EndorseError: 2 UNKNOWN: too many requests for /gateway.Gateway, exceeding concurrency limit (500)
Details:
2026.09.04-19:11:48.417[31m error[39m [caliper] [connectors/peer-gateway/PeerGateway] 	Failed to perform submit transaction [Set] using arguments [key_0_1_2302,value_2302],  with error: EndorseError: 2 UNKNOWN: too many requests for /gateway.Gateway, exceeding concurrency limit (500)
Details:
2026.09.04-19:11:48.421[31m error[39m [caliper] [connectors/peer-gateway/PeerGateway] 	Failed to perform submit transaction [Set] using arguments [key_0_1_2303,value_2303],  with error: EndorseError: 2 UNKNOWN: too many requests for /gateway.Gateway, exceeding concurrency limit (500)
Details:
2026.09.04-19:11:50.080[31m error[39m [caliper] [connectors/peer-gateway/PeerGateway] 	Failed to perform submit transaction [Set] using arguments [key_0_1_2801,value_2801],  with error: EndorseError: 2 UNKNOWN: too many requests for /gateway.Gateway, exceeding concurrency limit (500)
Details:
2026.09.04-19:11:50.080[31m error[39m [caliper] [connectors/peer-gateway/PeerGateway] 	Failed to perform submit transaction [Set] using arguments [key_0_1_2799,value_2799],  with error: SubmitError: 2 UNKNOWN: too many requests for /gateway.Gateway, exceeding concurrency limit (500)
Details:
2026.09.04-19:11:50.090[31m error[39m [caliper] [connectors/peer-gateway/PeerGateway] 	Failed to perform submit transaction [Set] using arguments [key_0_1_2800,value_2800],  with error: CommitStatusError: 2 UNKNOWN: too many requests for /gateway.Gateway, exceeding concurrency limit (500)
Details:
2026.09.04-19:11:50.093[31m error[39m [caliper] [connectors/peer-gateway/PeerGateway] 	Failed to perform submit transaction [Set] using arguments [key_0_1_2803,value_2803],  with error: EndorseError: 2 UNKNOWN: too many requests for /gateway.Gateway, exceeding concurrency limit (500)
Details:
2026.09.04-19:11:50.098[31m error[39m [caliper] [connectors/peer-gateway/PeerGateway] 	Failed to perform submit transaction [Set] using arguments [key_0_1_2802,value_2802],  with error: SubmitError: 2 UNKNOWN: too many requests for /gateway.Gateway, exceeding concurrency limit (500)
Details:
2026.09.04-19:11:50.099[31m error[39m [caliper] [connectors/peer-gateway/PeerGateway] 	Failed to perform submit transaction [Set] using arguments [key_0_1_2805,value_2805],  with error: EndorseError: 2 UNKNOWN: too many requests for /gateway.Gateway, exceeding concurrency limit (500)
Details:
2026.09.04-19:11:50.103[31m error[39m [caliper] [connectors/peer-gateway/PeerGateway] 	Failed to perform submit transaction [Set] using arguments [key_0_1_2804,value_2804],  with error: SubmitError: 2 UNKNOWN: too many requests for /gateway.Gateway, exceeding concurrency limit (500)
Details:
2026.09.04-19:11:50.109[31m error[39m [caliper] [connectors/peer-gateway/PeerGateway] 	Failed to perform submit transaction [Set] using arguments [key_0_1_2807,value_2807],  with error: EndorseError: 2 UNKNOWN: too many requests for /gateway.Gateway, exceeding concurrency limit (500)
Details:
2026.09.04-19:11:50.109[31m error[39m [caliper] [connectors/peer-gateway/PeerGateway] 	Failed to perform submit transaction [Set] using arguments [key_0_1_2808,value_2808],  with error: EndorseError: 2 UNKNOWN: too many requests for /gateway.Gateway, exceeding concurrency limit (500)
Details:
2026.09.04-19:11:50.125[31m error[39m [caliper] [connectors/peer-gateway/PeerGateway] 	Failed to perform submit transaction [Set] using arguments [key_0_1_2810,value_2810],  with error: EndorseError: 2 UNKNOWN: too many requests for /gateway.Gateway, exceeding concurrency limit (500)
Details:
2026.09.04-19:11:50.126[31m error[39m [caliper] [connectors/peer-gateway/PeerGateway] 	Failed to perform submit transaction [Set] using arguments [key_0_1_2806,value_2806],  with error: CommitStatusError: 2 UNKNOWN: too many requests for /gateway.Gateway, exceeding concurrency limit (500)
Details:
2026.09.04-19:11:50.127[31m error[39m [caliper] [connectors/peer-gateway/PeerGateway] 	Failed to perform submit transaction [Set] using arguments [key_0_1_2811,value_2811],  with error: EndorseError: 2 UNKNOWN: too many requests for /gateway.Gateway, exceeding concurrency limit (500)
Details:
2026.09.04-19:11:50.130[31m error[39m [caliper] [connectors/peer-gateway/PeerGateway] 	Failed to perform submit transaction [Set] using arguments [key_0_1_2812,value_2812],  with error: EndorseError: 2 UNKNOWN: too many requests for /gateway.Gateway, exceeding concurrency limit (500)
Details:
2026.09.04-19:11:50.141[31m error[39m [caliper] [connectors/peer-gateway/PeerGateway] 	Failed to perform submit transaction [Set] using arguments [key_0_1_2813,value_2813],  with error: EndorseError: 2 UNKNOWN: too many requests for /gateway.Gateway, exceeding concurrency limit (500)
Details:
2026.09.04-19:11:50.141[31m error[39m [caliper] [connectors/peer-gateway/PeerGateway] 	Failed to perform submit transaction [Set] using arguments [key_0_1_2814,value_2814],  with error: EndorseError: 2 UNKNOWN: too many requests for /gateway.Gateway, exceeding concurrency limit (500)
Details:
2026.09.04-19:11:50.142[31m error[39m [caliper] [connectors/peer-gateway/PeerGateway] 	Failed to perform submit transaction [Set] using arguments [key_0_1_2815,value_2815],  with error: EndorseError: 2 UNKNOWN: too many requests for /gateway.Gateway, exceeding concurrency limit (500)
Details:
2026.09.04-19:11:50.142[31m error[39m [caliper] [connectors/peer-gateway/PeerGateway] 	Failed to perform submit transaction [Set] using arguments [key_0_1_2809,value_2809],  with error: SubmitError: 2 UNKNOWN: too many requests for /gateway.Gateway, exceeding concurrency limit (500)
Details:
2026.09.04-19:11:50.161[31m error[39m [caliper] [connectors/peer-gateway/PeerGateway] 	Failed to perform submit transaction [Set] using arguments [key_0_1_2823,value_2823],  with error: EndorseError: 2 UNKNOWN: too many requests for /gateway.Gateway, exceeding concurrency limit (500)
Details:
2026.09.04-19:11:50.161[31m error[39m [caliper] [connectors/peer-gateway/PeerGateway] 	Failed to perform submit transaction [Set] using arguments [key_0_1_2817,value_2817],  with error: EndorseError: 2 UNKNOWN: too many requests for /gateway.Gateway, exceeding concurrency limit (500)
Details:
2026.09.04-19:11:50.162[31m error[39m [caliper] [connectors/peer-gateway/PeerGateway] 	Failed to perform submit transaction [Set] using arguments [key_0_1_2818,value_2818],  with error: EndorseError: 2 UNKNOWN: too many requests for /gateway.Gateway, exceeding concurrency limit (500)
Details:
2026.09.04-19:11:50.162[31m error[39m [caliper] [connectors/peer-gateway/PeerGateway] 	Failed to perform submit transaction [Set] using arguments [key_0_1_2819,value_2819],  with error: EndorseError: 2 UNKNOWN: too many requests for /gateway.Gateway, exceeding concurrency limit (500)
Details:
2026.09.04-19:11:50.162[31m error[39m [caliper] [connectors/peer-gateway/PeerGateway] 	Failed to perform submit transaction [Set] using arguments [key_0_1_2820,value_2820],  with error: EndorseError: 2 UNKNOWN: too many requests for /gateway.Gateway, exceeding concurrency limit (500)
Details:
2026.09.04-19:11:50.162[31m error[39m [caliper] [connectors/peer-gateway/PeerGateway] 	Failed to perform submit transaction [Set] using arguments [key_0_1_2821,value_2821],  with error: EndorseError: 2 UNKNOWN: too many requests for /gateway.Gateway, exceeding concurrency limit (500)
Details:
2026.09.04-19:11:50.163[31m error[39m [caliper] [connectors/peer-gateway/PeerGateway] 	Failed to perform submit transaction [Set] using arguments [key_0_1_2822,value_2822],  with error: EndorseError: 2 UNKNOWN: too many requests for /gateway.Gateway, exceeding concurrency limit (500)
Details:
2026.09.04-19:11:50.169[31m error[39m [caliper] [connectors/peer-gateway/PeerGateway] 	Failed to perform submit transaction [Set] using arguments [key_0_1_2824,value_2824],  with error: EndorseError: 2 UNKNOWN: too many requests for /gateway.Gateway, exceeding concurrency limit (500)
Details:
2026.09.04-19:11:50.171[31m error[39m [caliper] [connectors/peer-gateway/PeerGateway] 	Failed to perform submit transaction [Set] using arguments [key_0_1_2825,value_2825],  with error: EndorseError: 2 UNKNOWN: too many requests for /gateway.Gateway, exceeding concurrency limit (500)
Details:
2026.09.04-19:11:50.176[31m error[39m [caliper] [connectors/peer-gateway/PeerGateway] 	Failed to perform submit transaction [Set] using arguments [key_0_1_2826,value_2826],  with error: EndorseError: 2 UNKNOWN: too many requests for /gateway.Gateway, exceeding concurrency limit (500)
Details:
2026.09.04-19:11:50.189[31m error[39m [caliper] [connectors/peer-gateway/PeerGateway] 	Failed to perform submit transaction [Set] using arguments [key_0_1_2833,value_2833],  with error: EndorseError: 2 UNKNOWN: too many requests for /gateway.Gateway, exceeding concurrency limit (500)
Details:
2026.09.04-19:11:50.189[31m error[39m [caliper] [connectors/peer-gateway/PeerGateway] 	Failed to perform submit transaction [Set] using arguments [key_0_1_2829,value_2829],  with error: EndorseError: 2 UNKNOWN: too many requests for /gateway.Gateway, exceeding concurrency limit (500)
Details:
2026.09.04-19:11:50.190[31m error[39m [caliper] [connectors/peer-gateway/PeerGateway] 	Failed to perform submit transaction [Set] using arguments [key_0_1_2830,value_2830],  with error: EndorseError: 2 UNKNOWN: too many requests for /gateway.Gateway, exceeding concurrency limit (500)
Details:
2026.09.04-19:11:50.190[31m error[39m [caliper] [connectors/peer-gateway/PeerGateway] 	Failed to perform submit transaction [Set] using arguments [key_0_1_2832,value_2832],  with error: EndorseError: 2 UNKNOWN: too many requests for /gateway.Gateway, exceeding concurrency limit (500)
Details:
2026.09.04-19:11:50.190[31m error[39m [caliper] [connectors/peer-gateway/PeerGateway] 	Failed to perform submit transaction [Set] using arguments [key_0_1_2831,value_2831],  with error: EndorseError: 2 UNKNOWN: too many requests for /gateway.Gateway, exceeding concurrency limit (500)
Details:
2026.09.04-19:11:50.196[31m error[39m [caliper] [connectors/peer-gateway/PeerGateway] 	Failed to perform submit transaction [Set] using arguments [key_0_1_2835,value_2835],  with error: EndorseError: 2 UNKNOWN: too many requests for /gateway.Gateway, exceeding concurrency limit (500)
Details:
2026.09.04-19:11:50.205[31m error[39m [caliper] [connectors/peer-gateway/PeerGateway] 	Failed to perform submit transaction [Set] using arguments [key_0_1_2834,value_2834],  with error: EndorseError: 2 UNKNOWN: too many requests for /gateway.Gateway, exceeding concurrency limit (500)
Details:
2026.09.04-19:11:50.205[31m error[39m [caliper] [connectors/peer-gateway/PeerGateway] 	Failed to perform submit transaction [Set] using arguments [key_0_1_2837,value_2837],  with error: EndorseError: 2 UNKNOWN: too many requests for /gateway.Gateway, exceeding concurrency limit (500)
Details:
2026.09.04-19:11:50.205[31m error[39m [caliper] [connectors/peer-gateway/PeerGateway] 	Failed to perform submit transaction [Set] using arguments [key_0_1_2836,value_2836],  with error: EndorseError: 2 UNKNOWN: too many requests for /gateway.Gateway, exceeding concurrency limit (500)
Details:
2026.09.04-19:11:50.206[31m error[39m [caliper] [connectors/peer-gateway/PeerGateway] 	Failed to perform submit transaction [Set] using arguments [key_0_1_2827,value_2827],  with error: EndorseError: 2 UNKNOWN: too many requests for /gateway.Gateway, exceeding concurrency limit (500)
Details:
2026.09.04-19:11:50.215[31m error[39m [caliper] [connectors/peer-gateway/PeerGateway] 	Failed to perform submit transaction [Set] using arguments [key_0_1_2816,value_2816],  with error: CommitStatusError: 2 UNKNOWN: too many requests for /gateway.Gateway, exceeding concurrency limit (500)
Details:
2026.09.04-19:11:50.216[31m error[39m [caliper] [connectors/peer-gateway/PeerGateway] 	Failed to perform submit transaction [Set] using arguments [key_0_1_2838,value_2838],  with error: EndorseError: 2 UNKNOWN: too many requests for /gateway.Gateway, exceeding concurrency limit (500)
Details:
2026.09.04-19:11:50.218[31m error[39m [caliper] [connectors/peer-gateway/PeerGateway] 	Failed to perform submit transaction [Set] using arguments [key_0_1_2841,value_2841],  with error: EndorseError: 2 UNKNOWN: too many requests for /gateway.Gateway, exceeding concurrency limit (500)
Details:
2026.09.04-19:11:50.218[31m error[39m [caliper] [connectors/peer-gateway/PeerGateway] 	Failed to perform submit transaction [Set] using arguments [key_0_1_2839,value_2839],  with error: EndorseError: 2 UNKNOWN: too many requests for /gateway.Gateway, exceeding concurrency limit (500)
Details:
2026.09.04-19:11:50.218[31m error[39m [caliper] [connectors/peer-gateway/PeerGateway] 	Failed to perform submit transaction [Set] using arguments [key_0_1_2840,value_2840],  with error: EndorseError: 2 UNKNOWN: too many requests for /gateway.Gateway, exceeding concurrency limit (500)
Details:
2026.09.04-19:11:50.223[31m error[39m [caliper] [connectors/peer-gateway/PeerGateway] 	Failed to perform submit transaction [Set] using arguments [key_0_1_2843,value_2843],  with error: EndorseError: 2 UNKNOWN: too many requests for /gateway.Gateway, exceeding concurrency limit (500)
Details:
2026.09.04-19:11:50.223[31m error[39m [caliper] [connectors/peer-gateway/PeerGateway] 	Failed to perform submit transaction [Set] using arguments [key_0_1_2842,value_2842],  with error: EndorseError: 2 UNKNOWN: too many requests for /gateway.Gateway, exceeding concurrency limit (500)
Details:
2026.09.04-19:11:50.233[31m error[39m [caliper] [connectors/peer-gateway/PeerGateway] 	Failed to perform submit transaction [Set] using arguments [key_0_1_2828,value_2828],  with error: SubmitError: 2 UNKNOWN: too many requests for /gateway.Gateway, exceeding concurrency limit (500)
Details:
2026.09.04-19:11:50.238[31m error[39m [caliper] [connectors/peer-gateway/PeerGateway] 	Failed to perform submit transaction [Set] using arguments [key_0_1_2845,value_2845],  with error: EndorseError: 2 UNKNOWN: too many requests for /gateway.Gateway, exceeding concurrency limit (500)
Details:
2026.09.04-19:11:50.245[31m error[39m [caliper] [connectors/peer-gateway/PeerGateway] 	Failed to perform submit transaction [Set] using arguments [key_0_1_2847,value_2847],  with error: EndorseError: 2 UNKNOWN: too many requests for /gateway.Gateway, exceeding concurrency limit (500)
Details:
2026.09.04-19:11:50.246[31m error[39m [caliper] [connectors/peer-gateway/PeerGateway] 	Failed to perform submit transaction [Set] using arguments [key_0_1_2844,value_2844],  with error: SubmitError: 2 UNKNOWN: too many requests for /gateway.Gateway, exceeding concurrency limit (500)
Details:
2026.09.04-19:11:50.265[31m error[39m [caliper] [connectors/peer-gateway/PeerGateway] 	Failed to perform submit transaction [Set] using arguments [key_0_1_2848,value_2848],  with error: EndorseError: 2 UNKNOWN: too many requests for /gateway.Gateway, exceeding concurrency limit (500)
Details:
2026.09.04-19:11:50.266[31m error[39m [caliper] [connectors/peer-gateway/PeerGateway] 	Failed to perform submit transaction [Set] using arguments [key_0_1_2852,value_2852],  with error: EndorseError: 2 UNKNOWN: too many requests for /gateway.Gateway, exceeding concurrency limit (500)
Details:
2026.09.04-19:11:50.266[31m error[39m [caliper] [connectors/peer-gateway/PeerGateway] 	Failed to perform submit transaction [Set] using arguments [key_0_1_2849,value_2849],  with error: EndorseError: 2 UNKNOWN: too many requests for /gateway.Gateway, exceeding concurrency limit (500)
Details:
2026.09.04-19:11:50.266[31m error[39m [caliper] [connectors/peer-gateway/PeerGateway] 	Failed to perform submit transaction [Set] using arguments [key_0_1_2850,value_2850],  with error: EndorseError: 2 UNKNOWN: too many requests for /gateway.Gateway, exceeding concurrency limit (500)
Details:
2026.09.04-19:11:50.267[31m error[39m [caliper] [connectors/peer-gateway/PeerGateway] 	Failed to perform submit transaction [Set] using arguments [key_0_1_2851,value_2851],  with error: EndorseError: 2 UNKNOWN: too many requests for /gateway.Gateway, exceeding concurrency limit (500)
Details:
2026.09.04-19:11:50.274[31m error[39m [caliper] [connectors/peer-gateway/PeerGateway] 	Failed to perform submit transaction [Set] using arguments [key_0_1_2846,value_2846],  with error: SubmitError: 2 UNKNOWN: too many requests for /gateway.Gateway, exceeding concurrency limit (500)
Details:
2026.09.04-19:11:50.283[31m error[39m [caliper] [connectors/peer-gateway/PeerGateway] 	Failed to perform submit transaction [Set] using arguments [key_0_1_2853,value_2853],  with error: SubmitError: 2 UNKNOWN: too many requests for /gateway.Gateway, exceeding concurrency limit (500)
Details:
2026.09.04-19:11:50.283[31m error[39m [caliper] [connectors/peer-gateway/PeerGateway] 	Failed to perform submit transaction [Set] using arguments [key_0_1_2854,value_2854],  with error: SubmitError: 2 UNKNOWN: too many requests for /gateway.Gateway, exceeding concurrency limit (500)
Details:
2026.09.04-19:11:50.284[31m error[39m [caliper] [connectors/peer-gateway/PeerGateway] 	Failed to perform submit transaction [Set] using arguments [key_0_1_2856,value_2856],  with error: EndorseError: 2 UNKNOWN: too many requests for /gateway.Gateway, exceeding concurrency limit (500)
Details:
2026.09.04-19:11:50.288[31m error[39m [caliper] [connectors/peer-gateway/PeerGateway] 	Failed to perform submit transaction [Set] using arguments [key_0_1_2857,value_2857],  with error: EndorseError: 2 UNKNOWN: too many requests for /gateway.Gateway, exceeding concurrency limit (500)
Details:
2026.09.04-19:11:50.292[31m error[39m [caliper] [connectors/peer-gateway/PeerGateway] 	Failed to perform submit transaction [Set] using arguments [key_0_1_2855,value_2855],  with error: CommitStatusError: 2 UNKNOWN: too many requests for /gateway.Gateway, exceeding concurrency limit (500)
Details:
2026.09.04-19:11:50.292[31m error[39m [caliper] [connectors/peer-gateway/PeerGateway] 	Failed to perform submit transaction [Set] using arguments [key_0_1_2859,value_2859],  with error: EndorseError: 2 UNKNOWN: too many requests for /gateway.Gateway, exceeding concurrency limit (500)
Details:
2026.09.04-19:11:50.295[31m error[39m [caliper] [connectors/peer-gateway/PeerGateway] 	Failed to perform submit transaction [Set] using arguments [key_0_1_2860,value_2860],  with error: EndorseError: 2 UNKNOWN: too many requests for /gateway.Gateway, exceeding concurrency limit (500)
Details:
2026.09.04-19:11:50.296[31m error[39m [caliper] [connectors/peer-gateway/PeerGateway] 	Failed to perform submit transaction [Set] using arguments [key_0_1_2861,value_2861],  with error: EndorseError: 2 UNKNOWN: too many requests for /gateway.Gateway, exceeding concurrency limit (500)
Details:
2026.09.04-19:11:50.299[31m error[39m [caliper] [connectors/peer-gateway/PeerGateway] 	Failed to perform submit transaction [Set] using arguments [key_0_1_2862,value_2862],  with error: EndorseError: 2 UNKNOWN: too many requests for /gateway.Gateway, exceeding concurrency limit (500)
Details:
2026.09.04-19:11:50.301[31m error[39m [caliper] [connectors/peer-gateway/PeerGateway] 	Failed to perform submit transaction [Set] using arguments [key_0_1_2863,value_2863],  with error: EndorseError: 2 UNKNOWN: too many requests for /gateway.Gateway, exceeding concurrency limit (500)
Details:
2026.09.04-19:11:50.301[31m error[39m [caliper] [connectors/peer-gateway/PeerGateway] 	Failed to perform submit transaction [Set] using arguments [key_0_1_2864,value_2864],  with error: EndorseError: 2 UNKNOWN: too many requests for /gateway.Gateway, exceeding concurrency limit (500)
Details:
2026.09.04-19:11:50.304[31m error[39m [caliper] [connectors/peer-gateway/PeerGateway] 	Failed to perform submit transaction [Set] using arguments [key_0_1_2865,value_2865],  with error: EndorseError: 2 UNKNOWN: too many requests for /gateway.Gateway, exceeding concurrency limit (500)
Details:
2026.09.04-19:11:50.305[31m error[39m [caliper] [connectors/peer-gateway/PeerGateway] 	Failed to perform submit transaction [Set] using arguments [key_0_1_2866,value_2866],  with error: EndorseError: 2 UNKNOWN: too many requests for /gateway.Gateway, exceeding concurrency limit (500)
Details:
2026.09.04-19:11:50.307[31m error[39m [caliper] [connectors/peer-gateway/PeerGateway] 	Failed to perform submit transaction [Set] using arguments [key_0_1_2867,value_2867],  with error: EndorseError: 2 UNKNOWN: too many requests for /gateway.Gateway, exceeding concurrency limit (500)
Details:
2026.09.04-19:11:50.309[31m error[39m [caliper] [connectors/peer-gateway/PeerGateway] 	Failed to perform submit transaction [Set] using arguments [key_0_1_2868,value_2868],  with error: EndorseError: 2 UNKNOWN: too many requests for /gateway.Gateway, exceeding concurrency limit (500)
Details:
2026.09.04-19:11:50.311[31m error[39m [caliper] [connectors/peer-gateway/PeerGateway] 	Failed to perform submit transaction [Set] using arguments [key_0_1_2869,value_2869],  with error: EndorseError: 2 UNKNOWN: too many requests for /gateway.Gateway, exceeding concurrency limit (500)
Details:
2026.09.04-19:11:50.311[31m error[39m [caliper] [connectors/peer-gateway/PeerGateway] 	Failed to perform submit transaction [Set] using arguments [key_0_1_2870,value_2870],  with error: EndorseError: 2 UNKNOWN: too many requests for /gateway.Gateway, exceeding concurrency limit (500)
Details:
2026.09.04-19:11:50.316[31m error[39m [caliper] [connectors/peer-gateway/PeerGateway] 	Failed to perform submit transaction [Set] using arguments [key_0_1_2871,value_2871],  with error: EndorseError: 2 UNKNOWN: too many requests for /gateway.Gateway, exceeding concurrency limit (500)
Details:
2026.09.04-19:11:50.317[31m error[39m [caliper] [connectors/peer-gateway/PeerGateway] 	Failed to perform submit transaction [Set] using arguments [key_0_1_2872,value_2872],  with error: EndorseError: 2 UNKNOWN: too many requests for /gateway.Gateway, exceeding concurrency limit (500)
Details:
2026.09.04-19:11:50.322[31m error[39m [caliper] [connectors/peer-gateway/PeerGateway] 	Failed to perform submit transaction [Set] using arguments [key_0_1_2858,value_2858],  with error: CommitStatusError: 2 UNKNOWN: too many requests for /gateway.Gateway, exceeding concurrency limit (500)
Details:
2026.09.04-19:11:50.324[31m error[39m [caliper] [connectors/peer-gateway/PeerGateway] 	Failed to perform submit transaction [Set] using arguments [key_0_1_2874,value_2874],  with error: EndorseError: 2 UNKNOWN: too many requests for /gateway.Gateway, exceeding concurrency limit (500)
Details:
2026.09.04-19:11:50.735[32m info [39m [caliper] [default-observer] 	[blockutil-300-tps Round 1 Transaction Info] - Submitted: 2701 Succ: 1991 Fail:309 Unfinished:401
2026.09.04-19:11:51.988[31m error[39m [caliper] [connectors/peer-gateway/PeerGateway] 	Failed to perform submit transaction [Set] using arguments [key_0_1_3371,value_3371],  with error: SubmitError: 2 UNKNOWN: too many requests for /gateway.Gateway, exceeding concurrency limit (500)
Details:
2026.09.04-19:11:51.990[31m error[39m [caliper] [connectors/peer-gateway/PeerGateway] 	Failed to perform submit transaction [Set] using arguments [key_0_1_3373,value_3373],  with error: EndorseError: 2 UNKNOWN: too many requests for /gateway.Gateway, exceeding concurrency limit (500)
Details:
2026.09.04-19:11:51.996[31m error[39m [caliper] [connectors/peer-gateway/PeerGateway] 	Failed to perform submit transaction [Set] using arguments [key_0_1_3372,value_3372],  with error: SubmitError: 2 UNKNOWN: too many requests for /gateway.Gateway, exceeding concurrency limit (500)
Details:
2026.09.04-19:11:51.997[31m error[39m [caliper] [connectors/peer-gateway/PeerGateway] 	Failed to perform submit transaction [Set] using arguments [key_0_1_3375,value_3375],  with error: EndorseError: 2 UNKNOWN: too many requests for /gateway.Gateway, exceeding concurrency limit (500)
Details:
2026.09.04-19:11:52.006[31m error[39m [caliper] [connectors/peer-gateway/PeerGateway] 	Failed to perform submit transaction [Set] using arguments [key_0_1_3374,value_3374],  with error: SubmitError: 2 UNKNOWN: too many requests for /gateway.Gateway, exceeding concurrency limit (500)
Details:
2026.09.04-19:11:52.007[31m error[39m [caliper] [connectors/peer-gateway/PeerGateway] 	Failed to perform submit transaction [Set] using arguments [key_0_1_3377,value_3377],  with error: EndorseError: 2 UNKNOWN: too many requests for /gateway.Gateway, exceeding concurrency limit (500)
Details:
2026.09.04-19:11:52.013[31m error[39m [caliper] [connectors/peer-gateway/PeerGateway] 	Failed to perform submit transaction [Set] using arguments [key_0_1_3378,value_3378],  with error: EndorseError: 2 UNKNOWN: too many requests for /gateway.Gateway, exceeding concurrency limit (500)
Details:
2026.09.04-19:11:52.014[31m error[39m [caliper] [connectors/peer-gateway/PeerGateway] 	Failed to perform submit transaction [Set] using arguments [key_0_1_3379,value_3379],  with error: EndorseError: 2 UNKNOWN: too many requests for /gateway.Gateway, exceeding concurrency limit (500)
Details:
2026.09.04-19:11:52.019[31m error[39m [caliper] [connectors/peer-gateway/PeerGateway] 	Failed to perform submit transaction [Set] using arguments [key_0_1_3380,value_3380],  with error: EndorseError: 2 UNKNOWN: too many requests for /gateway.Gateway, exceeding concurrency limit (500)
Details:
2026.09.04-19:11:52.028[31m error[39m [caliper] [connectors/peer-gateway/PeerGateway] 	Failed to perform submit transaction [Set] using arguments [key_0_1_3376,value_3376],  with error: SubmitError: 2 UNKNOWN: too many requests for /gateway.Gateway, exceeding concurrency limit (500)
Details:
2026.09.04-19:11:52.028[31m error[39m [caliper] [connectors/peer-gateway/PeerGateway] 	Failed to perform submit transaction [Set] using arguments [key_0_1_3382,value_3382],  with error: EndorseError: 2 UNKNOWN: too many requests for /gateway.Gateway, exceeding concurrency limit (500)
Details:
2026.09.04-19:11:52.036[31m error[39m [caliper] [connectors/peer-gateway/PeerGateway] 	Failed to perform submit transaction [Set] using arguments [key_0_1_3386,value_3386],  with error: EndorseError: 2 UNKNOWN: too many requests for /gateway.Gateway, exceeding concurrency limit (500)
Details:
2026.09.04-19:11:52.037[31m error[39m [caliper] [connectors/peer-gateway/PeerGateway] 	Failed to perform submit transaction [Set] using arguments [key_0_1_3383,value_3383],  with error: EndorseError: 2 UNKNOWN: too many requests for /gateway.Gateway, exceeding concurrency limit (500)
Details:
2026.09.04-19:11:52.037[31m error[39m [caliper] [connectors/peer-gateway/PeerGateway] 	Failed to perform submit transaction [Set] using arguments [key_0_1_3384,value_3384],  with error: EndorseError: 2 UNKNOWN: too many requests for /gateway.Gateway, exceeding concurrency limit (500)
Details:
2026.09.04-19:11:52.037[31m error[39m [caliper] [connectors/peer-gateway/PeerGateway] 	Failed to perform submit transaction [Set] using arguments [key_0_1_3385,value_3385],  with error: EndorseError: 2 UNKNOWN: too many requests for /gateway.Gateway, exceeding concurrency limit (500)
Details:
2026.09.04-19:11:52.040[31m error[39m [caliper] [connectors/peer-gateway/PeerGateway] 	Failed to perform submit transaction [Set] using arguments [key_0_1_3387,value_3387],  with error: EndorseError: 2 UNKNOWN: too many requests for /gateway.Gateway, exceeding concurrency limit (500)
Details:
2026.09.04-19:11:52.043[31m error[39m [caliper] [connectors/peer-gateway/PeerGateway] 	Failed to perform submit transaction [Set] using arguments [key_0_1_3388,value_3388],  with error: EndorseError: 2 UNKNOWN: too many requests for /gateway.Gateway, exceeding concurrency limit (500)
Details:
2026.09.04-19:11:52.047[31m error[39m [caliper] [connectors/peer-gateway/PeerGateway] 	Failed to perform submit transaction [Set] using arguments [key_0_1_3389,value_3389],  with error: EndorseError: 2 UNKNOWN: too many requests for /gateway.Gateway, exceeding concurrency limit (500)
Details:
2026.09.04-19:11:52.050[31m error[39m [caliper] [connectors/peer-gateway/PeerGateway] 	Failed to perform submit transaction [Set] using arguments [key_0_1_3390,value_3390],  with error: EndorseError: 2 UNKNOWN: too many requests for /gateway.Gateway, exceeding concurrency limit (500)
Details:
2026.09.04-19:11:52.056[31m error[39m [caliper] [connectors/peer-gateway/PeerGateway] 	Failed to perform submit transaction [Set] using arguments [key_0_1_3392,value_3392],  with error: EndorseError: 2 UNKNOWN: too many requests for /gateway.Gateway, exceeding concurrency limit (500)
Details:
2026.09.04-19:11:52.059[31m error[39m [caliper] [connectors/peer-gateway/PeerGateway] 	Failed to perform submit transaction [Set] using arguments [key_0_1_3393,value_3393],  with error: EndorseError: 2 UNKNOWN: too many requests for /gateway.Gateway, exceeding concurrency limit (500)
Details:
2026.09.04-19:11:52.111[31m error[39m [caliper] [connectors/peer-gateway/PeerGateway] 	Failed to perform submit transaction [Set] using arguments [key_0_1_3409,value_3409],  with error: EndorseError: 2 UNKNOWN: too many requests for /gateway.Gateway, exceeding concurrency limit (500)
Details:
2026.09.04-19:11:52.121[31m error[39m [caliper] [connectors/peer-gateway/PeerGateway] 	Failed to perform submit transaction [Set] using arguments [key_0_1_3395,value_3395],  with error: EndorseError: 2 UNKNOWN: too many requests for /gateway.Gateway, exceeding concurrency limit (500)
Details:
2026.09.04-19:11:52.122[31m error[39m [caliper] [connectors/peer-gateway/PeerGateway] 	Failed to perform submit transaction [Set] using arguments [key_0_1_3391,value_3391],  with error: EndorseError: 2 UNKNOWN: too many requests for /gateway.Gateway, exceeding concurrency limit (500)
Details:
2026.09.04-19:11:52.122[31m error[39m [caliper] [connectors/peer-gateway/PeerGateway] 	Failed to perform submit transaction [Set] using arguments [key_0_1_3411,value_3411],  with error: EndorseError: 2 UNKNOWN: too many requests for /gateway.Gateway, exceeding concurrency limit (500)
Details:
2026.09.04-19:11:52.122[31m error[39m [caliper] [connectors/peer-gateway/PeerGateway] 	Failed to perform submit transaction [Set] using arguments [key_0_1_3410,value_3410],  with error: EndorseError: 2 UNKNOWN: too many requests for /gateway.Gateway, exceeding concurrency limit (500)
Details:
2026.09.04-19:11:52.122[31m error[39m [caliper] [connectors/peer-gateway/PeerGateway] 	Failed to perform submit transaction [Set] using arguments [key_0_1_3396,value_3396],  with error: EndorseError: 2 UNKNOWN: too many requests for /gateway.Gateway, exceeding concurrency limit (500)
Details:
2026.09.04-19:11:52.122[31m error[39m [caliper] [connectors/peer-gateway/PeerGateway] 	Failed to perform submit transaction [Set] using arguments [key_0_1_3397,value_3397],  with error: EndorseError: 2 UNKNOWN: too many requests for /gateway.Gateway, exceeding concurrency limit (500)
Details:
2026.09.04-19:11:52.123[31m error[39m [caliper] [connectors/peer-gateway/PeerGateway] 	Failed to perform submit transaction [Set] using arguments [key_0_1_3381,value_3381],  with error: CommitStatusError: 2 UNKNOWN: too many requests for /gateway.Gateway, exceeding concurrency limit (500)
Details:
2026.09.04-19:11:52.123[31m error[39m [caliper] [connectors/peer-gateway/PeerGateway] 	Failed to perform submit transaction [Set] using arguments [key_0_1_3400,value_3400],  with error: EndorseError: 2 UNKNOWN: too many requests for /gateway.Gateway, exceeding concurrency limit (500)
Details:
2026.09.04-19:11:52.123[31m error[39m [caliper] [connectors/peer-gateway/PeerGateway] 	Failed to perform submit transaction [Set] using arguments [key_0_1_3408,value_3408],  with error: EndorseError: 2 UNKNOWN: too many requests for /gateway.Gateway, exceeding concurrency limit (500)
Details:
2026.09.04-19:11:52.123[31m error[39m [caliper] [connectors/peer-gateway/PeerGateway] 	Failed to perform submit transaction [Set] using arguments [key_0_1_3407,value_3407],  with error: EndorseError: 2 UNKNOWN: too many requests for /gateway.Gateway, exceeding concurrency limit (500)
Details:
2026.09.04-19:11:52.124[31m error[39m [caliper] [connectors/peer-gateway/PeerGateway] 	Failed to perform submit transaction [Set] using arguments [key_0_1_3399,value_3399],  with error: EndorseError: 2 UNKNOWN: too many requests for /gateway.Gateway, exceeding concurrency limit (500)
Details:
2026.09.04-19:11:52.124[31m error[39m [caliper] [connectors/peer-gateway/PeerGateway] 	Failed to perform submit transaction [Set] using arguments [key_0_1_3401,value_3401],  with error: EndorseError: 2 UNKNOWN: too many requests for /gateway.Gateway, exceeding concurrency limit (500)
Details:
2026.09.04-19:11:52.124[31m error[39m [caliper] [connectors/peer-gateway/PeerGateway] 	Failed to perform submit transaction [Set] using arguments [key_0_1_3404,value_3404],  with error: EndorseError: 2 UNKNOWN: too many requests for /gateway.Gateway, exceeding concurrency limit (500)
Details:
2026.09.04-19:11:52.124[31m error[39m [caliper] [connectors/peer-gateway/PeerGateway] 	Failed to perform submit transaction [Set] using arguments [key_0_1_3403,value_3403],  with error: EndorseError: 2 UNKNOWN: too many requests for /gateway.Gateway, exceeding concurrency limit (500)
Details:
2026.09.04-19:11:52.125[31m error[39m [caliper] [connectors/peer-gateway/PeerGateway] 	Failed to perform submit transaction [Set] using arguments [key_0_1_3406,value_3406],  with error: EndorseError: 2 UNKNOWN: too many requests for /gateway.Gateway, exceeding concurrency limit (500)
Details:
2026.09.04-19:11:52.125[31m error[39m [caliper] [connectors/peer-gateway/PeerGateway] 	Failed to perform submit transaction [Set] using arguments [key_0_1_3405,value_3405],  with error: EndorseError: 2 UNKNOWN: too many requests for /gateway.Gateway, exceeding concurrency limit (500)
Details:
2026.09.04-19:11:52.127[31m error[39m [caliper] [connectors/peer-gateway/PeerGateway] 	Failed to perform submit transaction [Set] using arguments [key_0_1_3398,value_3398],  with error: EndorseError: 2 UNKNOWN: too many requests for /gateway.Gateway, exceeding concurrency limit (500)
Details:
2026.09.04-19:11:52.127[31m error[39m [caliper] [connectors/peer-gateway/PeerGateway] 	Failed to perform submit transaction [Set] using arguments [key_0_1_3413,value_3413],  with error: EndorseError: 2 UNKNOWN: too many requests for /gateway.Gateway, exceeding concurrency limit (500)
Details:
2026.09.04-19:11:52.129[31m error[39m [caliper] [connectors/peer-gateway/PeerGateway] 	Failed to perform submit transaction [Set] using arguments [key_0_1_3402,value_3402],  with error: EndorseError: 2 UNKNOWN: too many requests for /gateway.Gateway, exceeding concurrency limit (500)
Details:
2026.09.04-19:11:52.135[31m error[39m [caliper] [connectors/peer-gateway/PeerGateway] 	Failed to perform submit transaction [Set] using arguments [key_0_1_3415,value_3415],  with error: EndorseError: 2 UNKNOWN: too many requests for /gateway.Gateway, exceeding concurrency limit (500)
Details:
2026.09.04-19:11:52.135[31m error[39m [caliper] [connectors/peer-gateway/PeerGateway] 	Failed to perform submit transaction [Set] using arguments [key_0_1_3394,value_3394],  with error: SubmitError: 2 UNKNOWN: too many requests for /gateway.Gateway, exceeding concurrency limit (500)
Details:
2026.09.04-19:11:52.136[31m error[39m [caliper] [connectors/peer-gateway/PeerGateway] 	Failed to perform submit transaction [Set] using arguments [key_0_1_3414,value_3414],  with error: EndorseError: 2 UNKNOWN: too many requests for /gateway.Gateway, exceeding concurrency limit (500)
Details:
2026.09.04-19:11:52.145[31m error[39m [caliper] [connectors/peer-gateway/PeerGateway] 	Failed to perform submit transaction [Set] using arguments [key_0_1_3418,value_3418],  with error: EndorseError: 2 UNKNOWN: too many requests for /gateway.Gateway, exceeding concurrency limit (500)
Details:
2026.09.04-19:11:52.146[31m error[39m [caliper] [connectors/peer-gateway/PeerGateway] 	Failed to perform submit transaction [Set] using arguments [key_0_1_3417,value_3417],  with error: EndorseError: 2 UNKNOWN: too many requests for /gateway.Gateway, exceeding concurrency limit (500)
Details:
2026.09.04-19:11:52.146[31m error[39m [caliper] [connectors/peer-gateway/PeerGateway] 	Failed to perform submit transaction [Set] using arguments [key_0_1_3412,value_3412],  with error: SubmitError: 2 UNKNOWN: too many requests for /gateway.Gateway, exceeding concurrency limit (500)
Details:
2026.09.04-19:11:52.150[31m error[39m [caliper] [connectors/peer-gateway/PeerGateway] 	Failed to perform submit transaction [Set] using arguments [key_0_1_3420,value_3420],  with error: EndorseError: 2 UNKNOWN: too many requests for /gateway.Gateway, exceeding concurrency limit (500)
Details:
2026.09.04-19:11:52.151[31m error[39m [caliper] [connectors/peer-gateway/PeerGateway] 	Failed to perform submit transaction [Set] using arguments [key_0_1_3419,value_3419],  with error: EndorseError: 2 UNKNOWN: too many requests for /gateway.Gateway, exceeding concurrency limit (500)
Details:
2026.09.04-19:11:52.155[31m error[39m [caliper] [connectors/peer-gateway/PeerGateway] 	Failed to perform submit transaction [Set] using arguments [key_0_1_3421,value_3421],  with error: EndorseError: 2 UNKNOWN: too many requests for /gateway.Gateway, exceeding concurrency limit (500)
Details:
2026.09.04-19:11:52.160[31m error[39m [caliper] [connectors/peer-gateway/PeerGateway] 	Failed to perform submit transaction [Set] using arguments [key_0_1_3416,value_3416],  with error: SubmitError: 2 UNKNOWN: too many requests for /gateway.Gateway, exceeding concurrency limit (500)
Details:
2026.09.04-19:11:52.163[31m error[39m [caliper] [connectors/peer-gateway/PeerGateway] 	Failed to perform submit transaction [Set] using arguments [key_0_1_3423,value_3423],  with error: EndorseError: 2 UNKNOWN: too many requests for /gateway.Gateway, exceeding concurrency limit (500)
Details:
2026.09.04-19:11:52.166[31m error[39m [caliper] [connectors/peer-gateway/PeerGateway] 	Failed to perform submit transaction [Set] using arguments [key_0_1_3422,value_3422],  with error: SubmitError: 2 UNKNOWN: too many requests for /gateway.Gateway, exceeding concurrency limit (500)
Details:
2026.09.04-19:11:52.167[31m error[39m [caliper] [connectors/peer-gateway/PeerGateway] 	Failed to perform submit transaction [Set] using arguments [key_0_1_3425,value_3425],  with error: EndorseError: 2 UNKNOWN: too many requests for /gateway.Gateway, exceeding concurrency limit (500)
Details:
2026.09.04-19:11:52.170[31m error[39m [caliper] [connectors/peer-gateway/PeerGateway] 	Failed to perform submit transaction [Set] using arguments [key_0_1_3426,value_3426],  with error: EndorseError: 2 UNKNOWN: too many requests for /gateway.Gateway, exceeding concurrency limit (500)
Details:
2026.09.04-19:11:52.172[31m error[39m [caliper] [connectors/peer-gateway/PeerGateway] 	Failed to perform submit transaction [Set] using arguments [key_0_1_3427,value_3427],  with error: EndorseError: 2 UNKNOWN: too many requests for /gateway.Gateway, exceeding concurrency limit (500)
Details:
2026.09.04-19:11:52.174[31m error[39m [caliper] [connectors/peer-gateway/PeerGateway] 	Failed to perform submit transaction [Set] using arguments [key_0_1_3428,value_3428],  with error: EndorseError: 2 UNKNOWN: too many requests for /gateway.Gateway, exceeding concurrency limit (500)
Details:
2026.09.04-19:11:52.174[31m error[39m [caliper] [connectors/peer-gateway/PeerGateway] 	Failed to perform submit transaction [Set] using arguments [key_0_1_3429,value_3429],  with error: EndorseError: 2 UNKNOWN: too many requests for /gateway.Gateway, exceeding concurrency limit (500)
Details:
2026.09.04-19:11:52.177[31m error[39m [caliper] [connectors/peer-gateway/PeerGateway] 	Failed to perform submit transaction [Set] using arguments [key_0_1_3430,value_3430],  with error: EndorseError: 2 UNKNOWN: too many requests for /gateway.Gateway, exceeding concurrency limit (500)
Details:
2026.09.04-19:11:52.180[31m error[39m [caliper] [connectors/peer-gateway/PeerGateway] 	Failed to perform submit transaction [Set] using arguments [key_0_1_3431,value_3431],  with error: EndorseError: 2 UNKNOWN: too many requests for /gateway.Gateway, exceeding concurrency limit (500)
Details:
2026.09.04-19:11:52.183[31m error[39m [caliper] [connectors/peer-gateway/PeerGateway] 	Failed to perform submit transaction [Set] using arguments [key_0_1_3432,value_3432],  with error: EndorseError: 2 UNKNOWN: too many requests for /gateway.Gateway, exceeding concurrency limit (500)
Details:
2026.09.04-19:11:52.189[31m error[39m [caliper] [connectors/peer-gateway/PeerGateway] 	Failed to perform submit transaction [Set] using arguments [key_0_1_3433,value_3433],  with error: EndorseError: 2 UNKNOWN: too many requests for /gateway.Gateway, exceeding concurrency limit (500)
Details:
2026.09.04-19:11:52.190[31m error[39m [caliper] [connectors/peer-gateway/PeerGateway] 	Failed to perform submit transaction [Set] using arguments [key_0_1_3434,value_3434],  with error: EndorseError: 2 UNKNOWN: too many requests for /gateway.Gateway, exceeding concurrency limit (500)
Details:
2026.09.04-19:11:52.194[31m error[39m [caliper] [connectors/peer-gateway/PeerGateway] 	Failed to perform submit transaction [Set] using arguments [key_0_1_3435,value_3435],  with error: EndorseError: 2 UNKNOWN: too many requests for /gateway.Gateway, exceeding concurrency limit (500)
Details:
2026.09.04-19:11:52.198[31m error[39m [caliper] [connectors/peer-gateway/PeerGateway] 	Failed to perform submit transaction [Set] using arguments [key_0_1_3424,value_3424],  with error: SubmitError: 2 UNKNOWN: too many requests for /gateway.Gateway, exceeding concurrency limit (500)
Details:
2026.09.04-19:11:52.200[31m error[39m [caliper] [connectors/peer-gateway/PeerGateway] 	Failed to perform submit transaction [Set] using arguments [key_0_1_3437,value_3437],  with error: EndorseError: 2 UNKNOWN: too many requests for /gateway.Gateway, exceeding concurrency limit (500)
Details:
2026.09.04-19:11:52.204[31m error[39m [caliper] [connectors/peer-gateway/PeerGateway] 	Failed to perform submit transaction [Set] using arguments [key_0_1_3438,value_3438],  with error: EndorseError: 2 UNKNOWN: too many requests for /gateway.Gateway, exceeding concurrency limit (500)
Details:
2026.09.04-19:11:52.207[31m error[39m [caliper] [connectors/peer-gateway/PeerGateway] 	Failed to perform submit transaction [Set] using arguments [key_0_1_3439,value_3439],  with error: EndorseError: 2 UNKNOWN: too many requests for /gateway.Gateway, exceeding concurrency limit (500)
Details:
2026.09.04-19:11:52.210[31m error[39m [caliper] [connectors/peer-gateway/PeerGateway] 	Failed to perform submit transaction [Set] using arguments [key_0_1_3440,value_3440],  with error: EndorseError: 2 UNKNOWN: too many requests for /gateway.Gateway, exceeding concurrency limit (500)
Details:
2026.09.04-19:11:52.214[31m error[39m [caliper] [connectors/peer-gateway/PeerGateway] 	Failed to perform submit transaction [Set] using arguments [key_0_1_3441,value_3441],  with error: EndorseError: 2 UNKNOWN: too many requests for /gateway.Gateway, exceeding concurrency limit (500)
Details:
2026.09.04-19:11:53.871[31m error[39m [caliper] [connectors/peer-gateway/PeerGateway] 	Failed to perform submit transaction [Set] using arguments [key_0_1_3936,value_3936],  with error: SubmitError: 2 UNKNOWN: too many requests for /gateway.Gateway, exceeding concurrency limit (500)
Details:
2026.09.04-19:11:53.879[31m error[39m [caliper] [connectors/peer-gateway/PeerGateway] 	Failed to perform submit transaction [Set] using arguments [key_0_1_3938,value_3938],  with error: EndorseError: 2 UNKNOWN: too many requests for /gateway.Gateway, exceeding concurrency limit (500)
Details:
2026.09.04-19:11:53.890[31m error[39m [caliper] [connectors/peer-gateway/PeerGateway] 	Failed to perform submit transaction [Set] using arguments [key_0_1_3939,value_3939],  with error: EndorseError: 2 UNKNOWN: too many requests for /gateway.Gateway, exceeding concurrency limit (500)
Details:
2026.09.04-19:11:53.903[31m error[39m [caliper] [connectors/peer-gateway/PeerGateway] 	Failed to perform submit transaction [Set] using arguments [key_0_1_3937,value_3937],  with error: CommitStatusError: 2 UNKNOWN: too many requests for /gateway.Gateway, exceeding concurrency limit (500)
Details:
2026.09.04-19:11:53.909[31m error[39m [caliper] [connectors/peer-gateway/PeerGateway] 	Failed to perform submit transaction [Set] using arguments [key_0_1_3942,value_3942],  with error: EndorseError: 2 UNKNOWN: too many requests for /gateway.Gateway, exceeding concurrency limit (500)
Details:
2026.09.04-19:11:53.910[31m error[39m [caliper] [connectors/peer-gateway/PeerGateway] 	Failed to perform submit transaction [Set] using arguments [key_0_1_3940,value_3940],  with error: SubmitError: 2 UNKNOWN: too many requests for /gateway.Gateway, exceeding concurrency limit (500)
Details:
2026.09.04-19:11:53.911[31m error[39m [caliper] [connectors/peer-gateway/PeerGateway] 	Failed to perform submit transaction [Set] using arguments [key_0_1_3943,value_3943],  with error: EndorseError: 2 UNKNOWN: too many requests for /gateway.Gateway, exceeding concurrency limit (500)
Details:
2026.09.04-19:11:53.917[31m error[39m [caliper] [connectors/peer-gateway/PeerGateway] 	Failed to perform submit transaction [Set] using arguments [key_0_1_3944,value_3944],  with error: EndorseError: 2 UNKNOWN: too many requests for /gateway.Gateway, exceeding concurrency limit (500)
Details:
2026.09.04-19:11:53.921[31m error[39m [caliper] [connectors/peer-gateway/PeerGateway] 	Failed to perform submit transaction [Set] using arguments [key_0_1_3941,value_3941],  with error: SubmitError: 2 UNKNOWN: too many requests for /gateway.Gateway, exceeding concurrency limit (500)
Details:
2026.09.04-19:11:53.922[31m error[39m [caliper] [connectors/peer-gateway/PeerGateway] 	Failed to perform submit transaction [Set] using arguments [key_0_1_3946,value_3946],  with error: EndorseError: 2 UNKNOWN: too many requests for /gateway.Gateway, exceeding concurrency limit (500)
Details:
2026.09.04-19:11:53.926[31m error[39m [caliper] [connectors/peer-gateway/PeerGateway] 	Failed to perform submit transaction [Set] using arguments [key_0_1_3947,value_3947],  with error: EndorseError: 2 UNKNOWN: too many requests for /gateway.Gateway, exceeding concurrency limit (500)
Details:
2026.09.04-19:11:53.926[31m error[39m [caliper] [connectors/peer-gateway/PeerGateway] 	Failed to perform submit transaction [Set] using arguments [key_0_1_3948,value_3948],  with error: EndorseError: 2 UNKNOWN: too many requests for /gateway.Gateway, exceeding concurrency limit (500)
Details:
2026.09.04-19:11:53.930[31m error[39m [caliper] [connectors/peer-gateway/PeerGateway] 	Failed to perform submit transaction [Set] using arguments [key_0_1_3949,value_3949],  with error: EndorseError: 2 UNKNOWN: too many requests for /gateway.Gateway, exceeding concurrency limit (500)
Details:
2026.09.04-19:11:53.930[31m error[39m [caliper] [connectors/peer-gateway/PeerGateway] 	Failed to perform submit transaction [Set] using arguments [key_0_1_3950,value_3950],  with error: EndorseError: 2 UNKNOWN: too many requests for /gateway.Gateway, exceeding concurrency limit (500)
Details:
2026.09.04-19:11:53.932[31m error[39m [caliper] [connectors/peer-gateway/PeerGateway] 	Failed to perform submit transaction [Set] using arguments [key_0_1_3951,value_3951],  with error: EndorseError: 2 UNKNOWN: too many requests for /gateway.Gateway, exceeding concurrency limit (500)
Details:
2026.09.04-19:11:53.935[31m error[39m [caliper] [connectors/peer-gateway/PeerGateway] 	Failed to perform submit transaction [Set] using arguments [key_0_1_3952,value_3952],  with error: EndorseError: 2 UNKNOWN: too many requests for /gateway.Gateway, exceeding concurrency limit (500)
Details:
2026.09.04-19:11:53.942[31m error[39m [caliper] [connectors/peer-gateway/PeerGateway] 	Failed to perform submit transaction [Set] using arguments [key_0_1_3955,value_3955],  with error: EndorseError: 2 UNKNOWN: too many requests for /gateway.Gateway, exceeding concurrency limit (500)
Details:
2026.09.04-19:11:53.942[31m error[39m [caliper] [connectors/peer-gateway/PeerGateway] 	Failed to perform submit transaction [Set] using arguments [key_0_1_3953,value_3953],  with error: EndorseError: 2 UNKNOWN: too many requests for /gateway.Gateway, exceeding concurrency limit (500)
Details:
2026.09.04-19:11:53.943[31m error[39m [caliper] [connectors/peer-gateway/PeerGateway] 	Failed to perform submit transaction [Set] using arguments [key_0_1_3954,value_3954],  with error: EndorseError: 2 UNKNOWN: too many requests for /gateway.Gateway, exceeding concurrency limit (500)
Details:
2026.09.04-19:11:53.945[31m error[39m [caliper] [connectors/peer-gateway/PeerGateway] 	Failed to perform submit transaction [Set] using arguments [key_0_1_3956,value_3956],  with error: EndorseError: 2 UNKNOWN: too many requests for /gateway.Gateway, exceeding concurrency limit (500)
Details:
2026.09.04-19:11:53.959[31m error[39m [caliper] [connectors/peer-gateway/PeerGateway] 	Failed to perform submit transaction [Set] using arguments [key_0_1_3958,value_3958],  with error: EndorseError: 2 UNKNOWN: too many requests for /gateway.Gateway, exceeding concurrency limit (500)
Details:
2026.09.04-19:11:53.960[31m error[39m [caliper] [connectors/peer-gateway/PeerGateway] 	Failed to perform submit transaction [Set] using arguments [key_0_1_3959,value_3959],  with error: EndorseError: 2 UNKNOWN: too many requests for /gateway.Gateway, exceeding concurrency limit (500)
Details:
2026.09.04-19:11:53.960[31m error[39m [caliper] [connectors/peer-gateway/PeerGateway] 	Failed to perform submit transaction [Set] using arguments [key_0_1_3961,value_3961],  with error: EndorseError: 2 UNKNOWN: too many requests for /gateway.Gateway, exceeding concurrency limit (500)
Details:
2026.09.04-19:11:53.960[31m error[39m [caliper] [connectors/peer-gateway/PeerGateway] 	Failed to perform submit transaction [Set] using arguments [key_0_1_3960,value_3960],  with error: EndorseError: 2 UNKNOWN: too many requests for /gateway.Gateway, exceeding concurrency limit (500)
Details:
2026.09.04-19:11:53.961[31m error[39m [caliper] [connectors/peer-gateway/PeerGateway] 	Failed to perform submit transaction [Set] using arguments [key_0_1_3945,value_3945],  with error: SubmitError: 2 UNKNOWN: too many requests for /gateway.Gateway, exceeding concurrency limit (500)
Details:
2026.09.04-19:11:53.963[31m error[39m [caliper] [connectors/peer-gateway/PeerGateway] 	Failed to perform submit transaction [Set] using arguments [key_0_1_3962,value_3962],  with error: EndorseError: 2 UNKNOWN: too many requests for /gateway.Gateway, exceeding concurrency limit (500)
Details:
2026.09.04-19:11:53.965[31m error[39m [caliper] [connectors/peer-gateway/PeerGateway] 	Failed to perform submit transaction [Set] using arguments [key_0_1_3963,value_3963],  with error: EndorseError: 2 UNKNOWN: too many requests for /gateway.Gateway, exceeding concurrency limit (500)
Details:
2026.09.04-19:11:53.967[31m error[39m [caliper] [connectors/peer-gateway/PeerGateway] 	Failed to perform submit transaction [Set] using arguments [key_0_1_3964,value_3964],  with error: EndorseError: 2 UNKNOWN: too many requests for /gateway.Gateway, exceeding concurrency limit (500)
Details:
2026.09.04-19:11:53.970[31m error[39m [caliper] [connectors/peer-gateway/PeerGateway] 	Failed to perform submit transaction [Set] using arguments [key_0_1_3965,value_3965],  with error: EndorseError: 2 UNKNOWN: too many requests for /gateway.Gateway, exceeding concurrency limit (500)
Details:
2026.09.04-19:11:53.976[31m error[39m [caliper] [connectors/peer-gateway/PeerGateway] 	Failed to perform submit transaction [Set] using arguments [key_0_1_3967,value_3967],  with error: EndorseError: 2 UNKNOWN: too many requests for /gateway.Gateway, exceeding concurrency limit (500)
Details:
2026.09.04-19:11:53.977[31m error[39m [caliper] [connectors/peer-gateway/PeerGateway] 	Failed to perform submit transaction [Set] using arguments [key_0_1_3966,value_3966],  with error: EndorseError: 2 UNKNOWN: too many requests for /gateway.Gateway, exceeding concurrency limit (500)
Details:
2026.09.04-19:11:53.979[31m error[39m [caliper] [connectors/peer-gateway/PeerGateway] 	Failed to perform submit transaction [Set] using arguments [key_0_1_3968,value_3968],  with error: EndorseError: 2 UNKNOWN: too many requests for /gateway.Gateway, exceeding concurrency limit (500)
Details:
2026.09.04-19:11:53.984[31m error[39m [caliper] [connectors/peer-gateway/PeerGateway] 	Failed to perform submit transaction [Set] using arguments [key_0_1_3969,value_3969],  with error: EndorseError: 2 UNKNOWN: too many requests for /gateway.Gateway, exceeding concurrency limit (500)
Details:
2026.09.04-19:11:53.984[31m error[39m [caliper] [connectors/peer-gateway/PeerGateway] 	Failed to perform submit transaction [Set] using arguments [key_0_1_3970,value_3970],  with error: EndorseError: 2 UNKNOWN: too many requests for /gateway.Gateway, exceeding concurrency limit (500)
Details:
2026.09.04-19:11:54.020[31m error[39m [caliper] [connectors/peer-gateway/PeerGateway] 	Failed to perform submit transaction [Set] using arguments [key_0_1_3957,value_3957],  with error: CommitStatusError: 2 UNKNOWN: too many requests for /gateway.Gateway, exceeding concurrency limit (500)
Details:
2026.09.04-19:11:54.025[31m error[39m [caliper] [connectors/peer-gateway/PeerGateway] 	Failed to perform submit transaction [Set] using arguments [key_0_1_3983,value_3983],  with error: EndorseError: 2 UNKNOWN: too many requests for /gateway.Gateway, exceeding concurrency limit (500)
Details:
2026.09.04-19:11:54.026[31m error[39m [caliper] [connectors/peer-gateway/PeerGateway] 	Failed to perform submit transaction [Set] using arguments [key_0_1_3977,value_3977],  with error: EndorseError: 2 UNKNOWN: too many requests for /gateway.Gateway, exceeding concurrency limit (500)
Details:
2026.09.04-19:11:54.026[31m error[39m [caliper] [connectors/peer-gateway/PeerGateway] 	Failed to perform submit transaction [Set] using arguments [key_0_1_3978,value_3978],  with error: EndorseError: 2 UNKNOWN: too many requests for /gateway.Gateway, exceeding concurrency limit (500)
Details:
2026.09.04-19:11:54.027[31m error[39m [caliper] [connectors/peer-gateway/PeerGateway] 	Failed to perform submit transaction [Set] using arguments [key_0_1_3973,value_3973],  with error: EndorseError: 2 UNKNOWN: too many requests for /gateway.Gateway, exceeding concurrency limit (500)
Details:
2026.09.04-19:11:54.027[31m error[39m [caliper] [connectors/peer-gateway/PeerGateway] 	Failed to perform submit transaction [Set] using arguments [key_0_1_3979,value_3979],  with error: EndorseError: 2 UNKNOWN: too many requests for /gateway.Gateway, exceeding concurrency limit (500)
Details:
2026.09.04-19:11:54.027[31m error[39m [caliper] [connectors/peer-gateway/PeerGateway] 	Failed to perform submit transaction [Set] using arguments [key_0_1_3975,value_3975],  with error: EndorseError: 2 UNKNOWN: too many requests for /gateway.Gateway, exceeding concurrency limit (500)
Details:
2026.09.04-19:11:54.028[31m error[39m [caliper] [connectors/peer-gateway/PeerGateway] 	Failed to perform submit transaction [Set] using arguments [key_0_1_3980,value_3980],  with error: EndorseError: 2 UNKNOWN: too many requests for /gateway.Gateway, exceeding concurrency limit (500)
Details:
2026.09.04-19:11:54.028[31m error[39m [caliper] [connectors/peer-gateway/PeerGateway] 	Failed to perform submit transaction [Set] using arguments [key_0_1_3976,value_3976],  with error: EndorseError: 2 UNKNOWN: too many requests for /gateway.Gateway, exceeding concurrency limit (500)
Details:
2026.09.04-19:11:54.029[31m error[39m [caliper] [connectors/peer-gateway/PeerGateway] 	Failed to perform submit transaction [Set] using arguments [key_0_1_3981,value_3981],  with error: EndorseError: 2 UNKNOWN: too many requests for /gateway.Gateway, exceeding concurrency limit (500)
Details:
2026.09.04-19:11:54.029[31m error[39m [caliper] [connectors/peer-gateway/PeerGateway] 	Failed to perform submit transaction [Set] using arguments [key_0_1_3982,value_3982],  with error: EndorseError: 2 UNKNOWN: too many requests for /gateway.Gateway, exceeding concurrency limit (500)
Details:
2026.09.04-19:11:54.029[31m error[39m [caliper] [connectors/peer-gateway/PeerGateway] 	Failed to perform submit transaction [Set] using arguments [key_0_1_3971,value_3971],  with error: EndorseError: 2 UNKNOWN: too many requests for /gateway.Gateway, exceeding concurrency limit (500)
Details:
2026.09.04-19:11:54.030[31m error[39m [caliper] [connectors/peer-gateway/PeerGateway] 	Failed to perform submit transaction [Set] using arguments [key_0_1_3974,value_3974],  with error: EndorseError: 2 UNKNOWN: too many requests for /gateway.Gateway, exceeding concurrency limit (500)
Details:
2026.09.04-19:11:54.036[31m error[39m [caliper] [connectors/peer-gateway/PeerGateway] 	Failed to perform submit transaction [Set] using arguments [key_0_1_3984,value_3984],  with error: EndorseError: 2 UNKNOWN: too many requests for /gateway.Gateway, exceeding concurrency limit (500)
Details:
2026.09.04-19:11:54.038[31m error[39m [caliper] [connectors/peer-gateway/PeerGateway] 	Failed to perform submit transaction [Set] using arguments [key_0_1_3985,value_3985],  with error: EndorseError: 2 UNKNOWN: too many requests for /gateway.Gateway, exceeding concurrency limit (500)
Details:
2026.09.04-19:11:54.038[31m error[39m [caliper] [connectors/peer-gateway/PeerGateway] 	Failed to perform submit transaction [Set] using arguments [key_0_1_3987,value_3987],  with error: EndorseError: 2 UNKNOWN: too many requests for /gateway.Gateway, exceeding concurrency limit (500)
Details:
2026.09.04-19:11:54.041[31m error[39m [caliper] [connectors/peer-gateway/PeerGateway] 	Failed to perform submit transaction [Set] using arguments [key_0_1_3972,value_3972],  with error: SubmitError: 2 UNKNOWN: too many requests for /gateway.Gateway, exceeding concurrency limit (500)
Details:
2026.09.04-19:11:54.043[31m error[39m [caliper] [connectors/peer-gateway/PeerGateway] 	Failed to perform submit transaction [Set] using arguments [key_0_1_3988,value_3988],  with error: EndorseError: 2 UNKNOWN: too many requests for /gateway.Gateway, exceeding concurrency limit (500)
Details:
2026.09.04-19:11:54.044[31m error[39m [caliper] [connectors/peer-gateway/PeerGateway] 	Failed to perform submit transaction [Set] using arguments [key_0_1_3989,value_3989],  with error: EndorseError: 2 UNKNOWN: too many requests for /gateway.Gateway, exceeding concurrency limit (500)
Details:
2026.09.04-19:11:54.047[31m error[39m [caliper] [connectors/peer-gateway/PeerGateway] 	Failed to perform submit transaction [Set] using arguments [key_0_1_3990,value_3990],  with error: EndorseError: 2 UNKNOWN: too many requests for /gateway.Gateway, exceeding concurrency limit (500)
Details:
2026.09.04-19:11:54.056[31m error[39m [caliper] [connectors/peer-gateway/PeerGateway] 	Failed to perform submit transaction [Set] using arguments [key_0_1_3986,value_3986],  with error: SubmitError: 2 UNKNOWN: too many requests for /gateway.Gateway, exceeding concurrency limit (500)
Details:
2026.09.04-19:11:54.056[31m error[39m [caliper] [connectors/peer-gateway/PeerGateway] 	Failed to perform submit transaction [Set] using arguments [key_0_1_3992,value_3992],  with error: EndorseError: 2 UNKNOWN: too many requests for /gateway.Gateway, exceeding concurrency limit (500)
Details:
2026.09.04-19:11:54.056[31m error[39m [caliper] [connectors/peer-gateway/PeerGateway] 	Failed to perform submit transaction [Set] using arguments [key_0_1_3993,value_3993],  with error: EndorseError: 2 UNKNOWN: too many requests for /gateway.Gateway, exceeding concurrency limit (500)
Details:
2026.09.04-19:11:54.057[31m error[39m [caliper] [connectors/peer-gateway/PeerGateway] 	Failed to perform submit transaction [Set] using arguments [key_0_1_3994,value_3994],  with error: EndorseError: 2 UNKNOWN: too many requests for /gateway.Gateway, exceeding concurrency limit (500)
Details:
2026.09.04-19:11:54.065[31m error[39m [caliper] [connectors/peer-gateway/PeerGateway] 	Failed to perform submit transaction [Set] using arguments [key_0_1_3996,value_3996],  with error: EndorseError: 2 UNKNOWN: too many requests for /gateway.Gateway, exceeding concurrency limit (500)
Details:
2026.09.04-19:11:54.065[31m error[39m [caliper] [connectors/peer-gateway/PeerGateway] 	Failed to perform submit transaction [Set] using arguments [key_0_1_3991,value_3991],  with error: CommitStatusError: 2 UNKNOWN: too many requests for /gateway.Gateway, exceeding concurrency limit (500)
Details:
2026.09.04-19:11:54.069[31m error[39m [caliper] [connectors/peer-gateway/PeerGateway] 	Failed to perform submit transaction [Set] using arguments [key_0_1_3995,value_3995],  with error: SubmitError: 2 UNKNOWN: too many requests for /gateway.Gateway, exceeding concurrency limit (500)
Details:
2026.09.04-19:11:54.069[31m error[39m [caliper] [connectors/peer-gateway/PeerGateway] 	Failed to perform submit transaction [Set] using arguments [key_0_1_3998,value_3998],  with error: EndorseError: 2 UNKNOWN: too many requests for /gateway.Gateway, exceeding concurrency limit (500)
Details:
2026.09.04-19:11:54.076[31m error[39m [caliper] [connectors/peer-gateway/PeerGateway] 	Failed to perform submit transaction [Set] using arguments [key_0_1_3999,value_3999],  with error: EndorseError: 2 UNKNOWN: too many requests for /gateway.Gateway, exceeding concurrency limit (500)
Details:
2026.09.04-19:11:54.077[31m error[39m [caliper] [connectors/peer-gateway/PeerGateway] 	Failed to perform submit transaction [Set] using arguments [key_0_1_3997,value_3997],  with error: CommitStatusError: 2 UNKNOWN: too many requests for /gateway.Gateway, exceeding concurrency limit (500)
Details:
2026.09.04-19:11:54.080[31m error[39m [caliper] [connectors/peer-gateway/PeerGateway] 	Failed to perform submit transaction [Set] using arguments [key_0_1_4001,value_4001],  with error: EndorseError: 2 UNKNOWN: too many requests for /gateway.Gateway, exceeding concurrency limit (500)
Details:
2026.09.04-19:11:54.085[31m error[39m [caliper] [connectors/peer-gateway/PeerGateway] 	Failed to perform submit transaction [Set] using arguments [key_0_1_4002,value_4002],  with error: EndorseError: 2 UNKNOWN: too many requests for /gateway.Gateway, exceeding concurrency limit (500)
Details:
2026.09.04-19:11:54.087[31m error[39m [caliper] [connectors/peer-gateway/PeerGateway] 	Failed to perform submit transaction [Set] using arguments [key_0_1_4003,value_4003],  with error: EndorseError: 2 UNKNOWN: too many requests for /gateway.Gateway, exceeding concurrency limit (500)
Details:
2026.09.04-19:11:54.094[31m error[39m [caliper] [connectors/peer-gateway/PeerGateway] 	Failed to perform submit transaction [Set] using arguments [key_0_1_4004,value_4004],  with error: EndorseError: 2 UNKNOWN: too many requests for /gateway.Gateway, exceeding concurrency limit (500)
Details:
2026.09.04-19:11:54.096[31m error[39m [caliper] [connectors/peer-gateway/PeerGateway] 	Failed to perform submit transaction [Set] using arguments [key_0_1_4005,value_4005],  with error: EndorseError: 2 UNKNOWN: too many requests for /gateway.Gateway, exceeding concurrency limit (500)
Details:
2026.09.04-19:11:54.096[31m error[39m [caliper] [connectors/peer-gateway/PeerGateway] 	Failed to perform submit transaction [Set] using arguments [key_0_1_4006,value_4006],  with error: EndorseError: 2 UNKNOWN: too many requests for /gateway.Gateway, exceeding concurrency limit (500)
Details:
2026.09.04-19:11:55.736[32m info [39m [caliper] [default-observer] 	[blockutil-300-tps Round 1 Transaction Info] - Submitted: 4201 Succ: 3482 Fail:524 Unfinished:195
2026.09.04-19:11:55.766[31m error[39m [caliper] [connectors/peer-gateway/PeerGateway] 	Failed to perform submit transaction [Set] using arguments [key_0_1_4505,value_4505],  with error: SubmitError: 2 UNKNOWN: too many requests for /gateway.Gateway, exceeding concurrency limit (500)
Details:
2026.09.04-19:11:55.766[31m error[39m [caliper] [connectors/peer-gateway/PeerGateway] 	Failed to perform submit transaction [Set] using arguments [key_0_1_4507,value_4507],  with error: EndorseError: 2 UNKNOWN: too many requests for /gateway.Gateway, exceeding concurrency limit (500)
Details:
2026.09.04-19:11:55.772[31m error[39m [caliper] [connectors/peer-gateway/PeerGateway] 	Failed to perform submit transaction [Set] using arguments [key_0_1_4506,value_4506],  with error: CommitStatusError: 2 UNKNOWN: too many requests for /gateway.Gateway, exceeding concurrency limit (500)
Details:
2026.09.04-19:11:55.774[31m error[39m [caliper] [connectors/peer-gateway/PeerGateway] 	Failed to perform submit transaction [Set] using arguments [key_0_1_4509,value_4509],  with error: EndorseError: 2 UNKNOWN: too many requests for /gateway.Gateway, exceeding concurrency limit (500)
Details:
2026.09.04-19:11:55.781[31m error[39m [caliper] [connectors/peer-gateway/PeerGateway] 	Failed to perform submit transaction [Set] using arguments [key_0_1_4508,value_4508],  with error: CommitStatusError: 2 UNKNOWN: too many requests for /gateway.Gateway, exceeding concurrency limit (500)
Details:
2026.09.04-19:11:55.782[31m error[39m [caliper] [connectors/peer-gateway/PeerGateway] 	Failed to perform submit transaction [Set] using arguments [key_0_1_4511,value_4511],  with error: EndorseError: 2 UNKNOWN: too many requests for /gateway.Gateway, exceeding concurrency limit (500)
Details:
2026.09.04-19:11:55.788[31m error[39m [caliper] [connectors/peer-gateway/PeerGateway] 	Failed to perform submit transaction [Set] using arguments [key_0_1_4512,value_4512],  with error: EndorseError: 2 UNKNOWN: too many requests for /gateway.Gateway, exceeding concurrency limit (500)
Details:
2026.09.04-19:11:55.795[31m error[39m [caliper] [connectors/peer-gateway/PeerGateway] 	Failed to perform submit transaction [Set] using arguments [key_0_1_4514,value_4514],  with error: EndorseError: 2 UNKNOWN: too many requests for /gateway.Gateway, exceeding concurrency limit (500)
Details:
2026.09.04-19:11:55.796[31m error[39m [caliper] [connectors/peer-gateway/PeerGateway] 	Failed to perform submit transaction [Set] using arguments [key_0_1_4510,value_4510],  with error: CommitStatusError: 2 UNKNOWN: too many requests for /gateway.Gateway, exceeding concurrency limit (500)
Details:
2026.09.04-19:11:55.802[31m error[39m [caliper] [connectors/peer-gateway/PeerGateway] 	Failed to perform submit transaction [Set] using arguments [key_0_1_4516,value_4516],  with error: EndorseError: 2 UNKNOWN: too many requests for /gateway.Gateway, exceeding concurrency limit (500)
Details:
2026.09.04-19:11:55.803[31m error[39m [caliper] [connectors/peer-gateway/PeerGateway] 	Failed to perform submit transaction [Set] using arguments [key_0_1_4513,value_4513],  with error: SubmitError: 2 UNKNOWN: too many requests for /gateway.Gateway, exceeding concurrency limit (500)
Details:
2026.09.04-19:11:55.805[31m error[39m [caliper] [connectors/peer-gateway/PeerGateway] 	Failed to perform submit transaction [Set] using arguments [key_0_1_4517,value_4517],  with error: EndorseError: 2 UNKNOWN: too many requests for /gateway.Gateway, exceeding concurrency limit (500)
Details:
2026.09.04-19:11:55.811[31m error[39m [caliper] [connectors/peer-gateway/PeerGateway] 	Failed to perform submit transaction [Set] using arguments [key_0_1_4515,value_4515],  with error: SubmitError: 2 UNKNOWN: too many requests for /gateway.Gateway, exceeding concurrency limit (500)
Details:
2026.09.04-19:11:55.812[31m error[39m [caliper] [connectors/peer-gateway/PeerGateway] 	Failed to perform submit transaction [Set] using arguments [key_0_1_4518,value_4518],  with error: EndorseError: 2 UNKNOWN: too many requests for /gateway.Gateway, exceeding concurrency limit (500)
Details:
2026.09.04-19:11:55.812[31m error[39m [caliper] [connectors/peer-gateway/PeerGateway] 	Failed to perform submit transaction [Set] using arguments [key_0_1_4520,value_4520],  with error: EndorseError: 2 UNKNOWN: too many requests for /gateway.Gateway, exceeding concurrency limit (500)
Details:
2026.09.04-19:11:55.816[31m error[39m [caliper] [connectors/peer-gateway/PeerGateway] 	Failed to perform submit transaction [Set] using arguments [key_0_1_4521,value_4521],  with error: EndorseError: 2 UNKNOWN: too many requests for /gateway.Gateway, exceeding concurrency limit (500)
Details:
2026.09.04-19:11:55.819[31m error[39m [caliper] [connectors/peer-gateway/PeerGateway] 	Failed to perform submit transaction [Set] using arguments [key_0_1_4522,value_4522],  with error: EndorseError: 2 UNKNOWN: too many requests for /gateway.Gateway, exceeding concurrency limit (500)
Details:
2026.09.04-19:11:55.842[31m error[39m [caliper] [connectors/peer-gateway/PeerGateway] 	Failed to perform submit transaction [Set] using arguments [key_0_1_4519,value_4519],  with error: CommitStatusError: 2 UNKNOWN: too many requests for /gateway.Gateway, exceeding concurrency limit (500)
Details:
2026.09.04-19:11:55.842[31m error[39m [caliper] [connectors/peer-gateway/PeerGateway] 	Failed to perform submit transaction [Set] using arguments [key_0_1_4524,value_4524],  with error: EndorseError: 2 UNKNOWN: too many requests for /gateway.Gateway, exceeding concurrency limit (500)
Details:
2026.09.04-19:11:55.846[31m error[39m [caliper] [connectors/peer-gateway/PeerGateway] 	Failed to perform submit transaction [Set] using arguments [key_0_1_4525,value_4525],  with error: EndorseError: 2 UNKNOWN: too many requests for /gateway.Gateway, exceeding concurrency limit (500)
Details:
2026.09.04-19:11:55.849[31m error[39m [caliper] [connectors/peer-gateway/PeerGateway] 	Failed to perform submit transaction [Set] using arguments [key_0_1_4526,value_4526],  with error: EndorseError: 2 UNKNOWN: too many requests for /gateway.Gateway, exceeding concurrency limit (500)
Details:
2026.09.04-19:11:55.852[31m error[39m [caliper] [connectors/peer-gateway/PeerGateway] 	Failed to perform submit transaction [Set] using arguments [key_0_1_4527,value_4527],  with error: EndorseError: 2 UNKNOWN: too many requests for /gateway.Gateway, exceeding concurrency limit (500)
Details:
2026.09.04-19:11:55.862[31m error[39m [caliper] [connectors/peer-gateway/PeerGateway] 	Failed to perform submit transaction [Set] using arguments [key_0_1_4530,value_4530],  with error: EndorseError: 2 UNKNOWN: too many requests for /gateway.Gateway, exceeding concurrency limit (500)
Details:
2026.09.04-19:11:55.869[31m error[39m [caliper] [connectors/peer-gateway/PeerGateway] 	Failed to perform submit transaction [Set] using arguments [key_0_1_4532,value_4532],  with error: EndorseError: 2 UNKNOWN: too many requests for /gateway.Gateway, exceeding concurrency limit (500)
Details:
2026.09.04-19:11:55.876[31m error[39m [caliper] [connectors/peer-gateway/PeerGateway] 	Failed to perform submit transaction [Set] using arguments [key_0_1_4531,value_4531],  with error: EndorseError: 2 UNKNOWN: too many requests for /gateway.Gateway, exceeding concurrency limit (500)
Details:
2026.09.04-19:11:55.881[31m error[39m [caliper] [connectors/peer-gateway/PeerGateway] 	Failed to perform submit transaction [Set] using arguments [key_0_1_4523,value_4523],  with error: CommitStatusError: 2 UNKNOWN: too many requests for /gateway.Gateway, exceeding concurrency limit (500)
Details:
2026.09.04-19:11:55.881[31m error[39m [caliper] [connectors/peer-gateway/PeerGateway] 	Failed to perform submit transaction [Set] using arguments [key_0_1_4535,value_4535],  with error: EndorseError: 2 UNKNOWN: too many requests for /gateway.Gateway, exceeding concurrency limit (500)
Details:
2026.09.04-19:11:55.882[31m error[39m [caliper] [connectors/peer-gateway/PeerGateway] 	Failed to perform submit transaction [Set] using arguments [key_0_1_4533,value_4533],  with error: EndorseError: 2 UNKNOWN: too many requests for /gateway.Gateway, exceeding concurrency limit (500)
Details:
2026.09.04-19:11:55.882[31m error[39m [caliper] [connectors/peer-gateway/PeerGateway] 	Failed to perform submit transaction [Set] using arguments [key_0_1_4534,value_4534],  with error: EndorseError: 2 UNKNOWN: too many requests for /gateway.Gateway, exceeding concurrency limit (500)
Details:
2026.09.04-19:11:55.882[31m error[39m [caliper] [connectors/peer-gateway/PeerGateway] 	Failed to perform submit transaction [Set] using arguments [key_0_1_4537,value_4537],  with error: EndorseError: 2 UNKNOWN: too many requests for /gateway.Gateway, exceeding concurrency limit (500)
Details:
2026.09.04-19:11:55.882[31m error[39m [caliper] [connectors/peer-gateway/PeerGateway] 	Failed to perform submit transaction [Set] using arguments [key_0_1_4536,value_4536],  with error: EndorseError: 2 UNKNOWN: too many requests for /gateway.Gateway, exceeding concurrency limit (500)
Details:
2026.09.04-19:11:55.883[31m error[39m [caliper] [connectors/peer-gateway/PeerGateway] 	Failed to perform submit transaction [Set] using arguments [key_0_1_4538,value_4538],  with error: EndorseError: 2 UNKNOWN: too many requests for /gateway.Gateway, exceeding concurrency limit (500)
Details:
2026.09.04-19:11:55.883[31m error[39m [caliper] [connectors/peer-gateway/PeerGateway] 	Failed to perform submit transaction [Set] using arguments [key_0_1_4539,value_4539],  with error: EndorseError: 2 UNKNOWN: too many requests for /gateway.Gateway, exceeding concurrency limit (500)
Details:
2026.09.04-19:11:55.887[31m error[39m [caliper] [connectors/peer-gateway/PeerGateway] 	Failed to perform submit transaction [Set] using arguments [key_0_1_4540,value_4540],  with error: EndorseError: 2 UNKNOWN: too many requests for /gateway.Gateway, exceeding concurrency limit (500)
Details:
2026.09.04-19:11:55.889[31m error[39m [caliper] [connectors/peer-gateway/PeerGateway] 	Failed to perform submit transaction [Set] using arguments [key_0_1_4541,value_4541],  with error: EndorseError: 2 UNKNOWN: too many requests for /gateway.Gateway, exceeding concurrency limit (500)
Details:
2026.09.04-19:11:55.891[31m error[39m [caliper] [connectors/peer-gateway/PeerGateway] 	Failed to perform submit transaction [Set] using arguments [key_0_1_4542,value_4542],  with error: EndorseError: 2 UNKNOWN: too many requests for /gateway.Gateway, exceeding concurrency limit (500)
Details:
2026.09.04-19:11:55.895[31m error[39m [caliper] [connectors/peer-gateway/PeerGateway] 	Failed to perform submit transaction [Set] using arguments [key_0_1_4543,value_4543],  with error: EndorseError: 2 UNKNOWN: too many requests for /gateway.Gateway, exceeding concurrency limit (500)
Details:
2026.09.04-19:11:55.896[31m error[39m [caliper] [connectors/peer-gateway/PeerGateway] 	Failed to perform submit transaction [Set] using arguments [key_0_1_4545,value_4545],  with error: EndorseError: 2 UNKNOWN: too many requests for /gateway.Gateway, exceeding concurrency limit (500)
Details:
2026.09.04-19:11:55.897[31m error[39m [caliper] [connectors/peer-gateway/PeerGateway] 	Failed to perform submit transaction [Set] using arguments [key_0_1_4544,value_4544],  with error: EndorseError: 2 UNKNOWN: too many requests for /gateway.Gateway, exceeding concurrency limit (500)
Details:
2026.09.04-19:11:55.904[31m error[39m [caliper] [connectors/peer-gateway/PeerGateway] 	Failed to perform submit transaction [Set] using arguments [key_0_1_4546,value_4546],  with error: EndorseError: 2 UNKNOWN: too many requests for /gateway.Gateway, exceeding concurrency limit (500)
Details:
2026.09.04-19:11:55.905[31m error[39m [caliper] [connectors/peer-gateway/PeerGateway] 	Failed to perform submit transaction [Set] using arguments [key_0_1_4547,value_4547],  with error: EndorseError: 2 UNKNOWN: too many requests for /gateway.Gateway, exceeding concurrency limit (500)
Details:
2026.09.04-19:11:55.905[31m error[39m [caliper] [connectors/peer-gateway/PeerGateway] 	Failed to perform submit transaction [Set] using arguments [key_0_1_4528,value_4528],  with error: EndorseError: 2 UNKNOWN: too many requests for /gateway.Gateway, exceeding concurrency limit (500)
Details:
2026.09.04-19:11:55.908[31m error[39m [caliper] [connectors/peer-gateway/PeerGateway] 	Failed to perform submit transaction [Set] using arguments [key_0_1_4548,value_4548],  with error: EndorseError: 2 UNKNOWN: too many requests for /gateway.Gateway, exceeding concurrency limit (500)
Details:
2026.09.04-19:11:55.910[31m error[39m [caliper] [connectors/peer-gateway/PeerGateway] 	Failed to perform submit transaction [Set] using arguments [key_0_1_4549,value_4549],  with error: EndorseError: 2 UNKNOWN: too many requests for /gateway.Gateway, exceeding concurrency limit (500)
Details:
2026.09.04-19:11:55.918[31m error[39m [caliper] [connectors/peer-gateway/PeerGateway] 	Failed to perform submit transaction [Set] using arguments [key_0_1_4552,value_4552],  with error: EndorseError: 2 UNKNOWN: too many requests for /gateway.Gateway, exceeding concurrency limit (500)
Details:
2026.09.04-19:11:55.919[31m error[39m [caliper] [connectors/peer-gateway/PeerGateway] 	Failed to perform submit transaction [Set] using arguments [key_0_1_4529,value_4529],  with error: SubmitError: 2 UNKNOWN: too many requests for /gateway.Gateway, exceeding concurrency limit (500)
Details:
2026.09.04-19:11:55.919[31m error[39m [caliper] [connectors/peer-gateway/PeerGateway] 	Failed to perform submit transaction [Set] using arguments [key_0_1_4551,value_4551],  with error: EndorseError: 2 UNKNOWN: too many requests for /gateway.Gateway, exceeding concurrency limit (500)
Details:
2026.09.04-19:11:55.925[31m error[39m [caliper] [connectors/peer-gateway/PeerGateway] 	Failed to perform submit transaction [Set] using arguments [key_0_1_4553,value_4553],  with error: EndorseError: 2 UNKNOWN: too many requests for /gateway.Gateway, exceeding concurrency limit (500)
Details:
2026.09.04-19:11:55.933[31m error[39m [caliper] [connectors/peer-gateway/PeerGateway] 	Failed to perform submit transaction [Set] using arguments [key_0_1_4550,value_4550],  with error: SubmitError: 2 UNKNOWN: too many requests for /gateway.Gateway, exceeding concurrency limit (500)
Details:
2026.09.04-19:11:55.934[31m error[39m [caliper] [connectors/peer-gateway/PeerGateway] 	Failed to perform submit transaction [Set] using arguments [key_0_1_4555,value_4555],  with error: EndorseError: 2 UNKNOWN: too many requests for /gateway.Gateway, exceeding concurrency limit (500)
Details:
2026.09.04-19:11:55.942[31m error[39m [caliper] [connectors/peer-gateway/PeerGateway] 	Failed to perform submit transaction [Set] using arguments [key_0_1_4554,value_4554],  with error: SubmitError: 2 UNKNOWN: too many requests for /gateway.Gateway, exceeding concurrency limit (500)
Details:
2026.09.04-19:11:55.942[31m error[39m [caliper] [connectors/peer-gateway/PeerGateway] 	Failed to perform submit transaction [Set] using arguments [key_0_1_4557,value_4557],  with error: EndorseError: 2 UNKNOWN: too many requests for /gateway.Gateway, exceeding concurrency limit (500)
Details:
2026.09.04-19:11:55.945[31m error[39m [caliper] [connectors/peer-gateway/PeerGateway] 	Failed to perform submit transaction [Set] using arguments [key_0_1_4558,value_4558],  with error: EndorseError: 2 UNKNOWN: too many requests for /gateway.Gateway, exceeding concurrency limit (500)
Details:
2026.09.04-19:11:55.945[31m error[39m [caliper] [connectors/peer-gateway/PeerGateway] 	Failed to perform submit transaction [Set] using arguments [key_0_1_4556,value_4556],  with error: SubmitError: 2 UNKNOWN: too many requests for /gateway.Gateway, exceeding concurrency limit (500)
Details:
2026.09.04-19:11:55.945[31m error[39m [caliper] [connectors/peer-gateway/PeerGateway] 	Failed to perform submit transaction [Set] using arguments [key_0_1_4560,value_4560],  with error: EndorseError: 2 UNKNOWN: too many requests for /gateway.Gateway, exceeding concurrency limit (500)
Details:
2026.09.04-19:11:55.954[31m error[39m [caliper] [connectors/peer-gateway/PeerGateway] 	Failed to perform submit transaction [Set] using arguments [key_0_1_4562,value_4562],  with error: EndorseError: 2 UNKNOWN: too many requests for /gateway.Gateway, exceeding concurrency limit (500)
Details:
2026.09.04-19:11:55.955[31m error[39m [caliper] [connectors/peer-gateway/PeerGateway] 	Failed to perform submit transaction [Set] using arguments [key_0_1_4561,value_4561],  with error: EndorseError: 2 UNKNOWN: too many requests for /gateway.Gateway, exceeding concurrency limit (500)
Details:
2026.09.04-19:11:55.960[31m error[39m [caliper] [connectors/peer-gateway/PeerGateway] 	Failed to perform submit transaction [Set] using arguments [key_0_1_4559,value_4559],  with error: CommitStatusError: 2 UNKNOWN: too many requests for /gateway.Gateway, exceeding concurrency limit (500)
Details:
2026.09.04-19:11:55.961[31m error[39m [caliper] [connectors/peer-gateway/PeerGateway] 	Failed to perform submit transaction [Set] using arguments [key_0_1_4564,value_4564],  with error: EndorseError: 2 UNKNOWN: too many requests for /gateway.Gateway, exceeding concurrency limit (500)
Details:
2026.09.04-19:11:55.966[31m error[39m [caliper] [connectors/peer-gateway/PeerGateway] 	Failed to perform submit transaction [Set] using arguments [key_0_1_4563,value_4563],  with error: SubmitError: 2 UNKNOWN: too many requests for /gateway.Gateway, exceeding concurrency limit (500)
Details:
2026.09.04-19:11:55.966[31m error[39m [caliper] [connectors/peer-gateway/PeerGateway] 	Failed to perform submit transaction [Set] using arguments [key_0_1_4566,value_4566],  with error: EndorseError: 2 UNKNOWN: too many requests for /gateway.Gateway, exceeding concurrency limit (500)
Details:
2026.09.04-19:11:55.970[31m error[39m [caliper] [connectors/peer-gateway/PeerGateway] 	Failed to perform submit transaction [Set] using arguments [key_0_1_4568,value_4568],  with error: EndorseError: 2 UNKNOWN: too many requests for /gateway.Gateway, exceeding concurrency limit (500)
Details:
2026.09.04-19:11:55.971[31m error[39m [caliper] [connectors/peer-gateway/PeerGateway] 	Failed to perform submit transaction [Set] using arguments [key_0_1_4565,value_4565],  with error: SubmitError: 2 UNKNOWN: too many requests for /gateway.Gateway, exceeding concurrency limit (500)
Details:
2026.09.04-19:11:55.976[31m error[39m [caliper] [connectors/peer-gateway/PeerGateway] 	Failed to perform submit transaction [Set] using arguments [key_0_1_4569,value_4569],  with error: EndorseError: 2 UNKNOWN: too many requests for /gateway.Gateway, exceeding concurrency limit (500)
Details:
2026.09.04-19:11:55.978[31m error[39m [caliper] [connectors/peer-gateway/PeerGateway] 	Failed to perform submit transaction [Set] using arguments [key_0_1_4570,value_4570],  with error: EndorseError: 2 UNKNOWN: too many requests for /gateway.Gateway, exceeding concurrency limit (500)
Details:
2026.09.04-19:11:55.980[31m error[39m [caliper] [connectors/peer-gateway/PeerGateway] 	Failed to perform submit transaction [Set] using arguments [key_0_1_4571,value_4571],  with error: EndorseError: 2 UNKNOWN: too many requests for /gateway.Gateway, exceeding concurrency limit (500)
Details:
2026.09.04-19:11:55.987[31m error[39m [caliper] [connectors/peer-gateway/PeerGateway] 	Failed to perform submit transaction [Set] using arguments [key_0_1_4572,value_4572],  with error: EndorseError: 2 UNKNOWN: too many requests for /gateway.Gateway, exceeding concurrency limit (500)
Details:
2026.09.04-19:11:55.988[31m error[39m [caliper] [connectors/peer-gateway/PeerGateway] 	Failed to perform submit transaction [Set] using arguments [key_0_1_4573,value_4573],  with error: EndorseError: 2 UNKNOWN: too many requests for /gateway.Gateway, exceeding concurrency limit (500)
Details:
2026.09.04-19:11:55.990[31m error[39m [caliper] [connectors/peer-gateway/PeerGateway] 	Failed to perform submit transaction [Set] using arguments [key_0_1_4574,value_4574],  with error: EndorseError: 2 UNKNOWN: too many requests for /gateway.Gateway, exceeding concurrency limit (500)
Details:
2026.09.04-19:11:55.997[31m error[39m [caliper] [connectors/peer-gateway/PeerGateway] 	Failed to perform submit transaction [Set] using arguments [key_0_1_4575,value_4575],  with error: EndorseError: 2 UNKNOWN: too many requests for /gateway.Gateway, exceeding concurrency limit (500)
Details:
2026.09.04-19:11:55.998[31m error[39m [caliper] [connectors/peer-gateway/PeerGateway] 	Failed to perform submit transaction [Set] using arguments [key_0_1_4576,value_4576],  with error: EndorseError: 2 UNKNOWN: too many requests for /gateway.Gateway, exceeding concurrency limit (500)
Details:
2026.09.04-19:11:56.000[31m error[39m [caliper] [connectors/peer-gateway/PeerGateway] 	Failed to perform submit transaction [Set] using arguments [key_0_1_4577,value_4577],  with error: EndorseError: 2 UNKNOWN: too many requests for /gateway.Gateway, exceeding concurrency limit (500)
Details:
2026.09.04-19:11:56.007[31m error[39m [caliper] [connectors/peer-gateway/PeerGateway] 	Failed to perform submit transaction [Set] using arguments [key_0_1_4567,value_4567],  with error: CommitStatusError: 2 UNKNOWN: too many requests for /gateway.Gateway, exceeding concurrency limit (500)
Details:
2026.09.04-19:11:56.007[31m error[39m [caliper] [connectors/peer-gateway/PeerGateway] 	Failed to perform submit transaction [Set] using arguments [key_0_1_4579,value_4579],  with error: EndorseError: 2 UNKNOWN: too many requests for /gateway.Gateway, exceeding concurrency limit (500)
Details:
2026.09.04-19:11:57.672[31m error[39m [caliper] [connectors/peer-gateway/PeerGateway] 	Failed to perform submit transaction [Set] using arguments [key_0_1_5074,value_5074],  with error: CommitStatusError: 2 UNKNOWN: too many requests for /gateway.Gateway, exceeding concurrency limit (500)
Details:
2026.09.04-19:11:57.673[31m error[39m [caliper] [connectors/peer-gateway/PeerGateway] 	Failed to perform submit transaction [Set] using arguments [key_0_1_5077,value_5077],  with error: EndorseError: 2 UNKNOWN: too many requests for /gateway.Gateway, exceeding concurrency limit (500)
Details:
2026.09.04-19:11:57.678[31m error[39m [caliper] [connectors/peer-gateway/PeerGateway] 	Failed to perform submit transaction [Set] using arguments [key_0_1_5079,value_5079],  with error: EndorseError: 2 UNKNOWN: too many requests for /gateway.Gateway, exceeding concurrency limit (500)
Details:
2026.09.04-19:11:57.679[31m error[39m [caliper] [connectors/peer-gateway/PeerGateway] 	Failed to perform submit transaction [Set] using arguments [key_0_1_5078,value_5078],  with error: EndorseError: 2 UNKNOWN: too many requests for /gateway.Gateway, exceeding concurrency limit (500)
Details:
2026.09.04-19:11:57.691[31m error[39m [caliper] [connectors/peer-gateway/PeerGateway] 	Failed to perform submit transaction [Set] using arguments [key_0_1_5080,value_5080],  with error: EndorseError: 2 UNKNOWN: too many requests for /gateway.Gateway, exceeding concurrency limit (500)
Details:
2026.09.04-19:11:57.698[31m error[39m [caliper] [connectors/peer-gateway/PeerGateway] 	Failed to perform submit transaction [Set] using arguments [key_0_1_5083,value_5083],  with error: EndorseError: 2 UNKNOWN: too many requests for /gateway.Gateway, exceeding concurrency limit (500)
Details:
2026.09.04-19:11:57.698[31m error[39m [caliper] [connectors/peer-gateway/PeerGateway] 	Failed to perform submit transaction [Set] using arguments [key_0_1_5076,value_5076],  with error: CommitStatusError: 2 UNKNOWN: too many requests for /gateway.Gateway, exceeding concurrency limit (500)
Details:
2026.09.04-19:11:57.699[31m error[39m [caliper] [connectors/peer-gateway/PeerGateway] 	Failed to perform submit transaction [Set] using arguments [key_0_1_5082,value_5082],  with error: EndorseError: 2 UNKNOWN: too many requests for /gateway.Gateway, exceeding concurrency limit (500)
Details:
2026.09.04-19:11:57.699[31m error[39m [caliper] [connectors/peer-gateway/PeerGateway] 	Failed to perform submit transaction [Set] using arguments [key_0_1_5084,value_5084],  with error: EndorseError: 2 UNKNOWN: too many requests for /gateway.Gateway, exceeding concurrency limit (500)
Details:
2026.09.04-19:11:57.710[31m error[39m [caliper] [connectors/peer-gateway/PeerGateway] 	Failed to perform submit transaction [Set] using arguments [key_0_1_5085,value_5085],  with error: EndorseError: 2 UNKNOWN: too many requests for /gateway.Gateway, exceeding concurrency limit (500)
Details:
2026.09.04-19:11:57.710[31m error[39m [caliper] [connectors/peer-gateway/PeerGateway] 	Failed to perform submit transaction [Set] using arguments [key_0_1_5086,value_5086],  with error: EndorseError: 2 UNKNOWN: too many requests for /gateway.Gateway, exceeding concurrency limit (500)
Details:
2026.09.04-19:11:57.710[31m error[39m [caliper] [connectors/peer-gateway/PeerGateway] 	Failed to perform submit transaction [Set] using arguments [key_0_1_5087,value_5087],  with error: EndorseError: 2 UNKNOWN: too many requests for /gateway.Gateway, exceeding concurrency limit (500)
Details:
2026.09.04-19:11:57.710[31m error[39m [caliper] [connectors/peer-gateway/PeerGateway] 	Failed to perform submit transaction [Set] using arguments [key_0_1_5088,value_5088],  with error: EndorseError: 2 UNKNOWN: too many requests for /gateway.Gateway, exceeding concurrency limit (500)
Details:
2026.09.04-19:11:57.712[31m error[39m [caliper] [connectors/peer-gateway/PeerGateway] 	Failed to perform submit transaction [Set] using arguments [key_0_1_5089,value_5089],  with error: EndorseError: 2 UNKNOWN: too many requests for /gateway.Gateway, exceeding concurrency limit (500)
Details:
2026.09.04-19:11:57.719[31m error[39m [caliper] [connectors/peer-gateway/PeerGateway] 	Failed to perform submit transaction [Set] using arguments [key_0_1_5081,value_5081],  with error: SubmitError: 2 UNKNOWN: too many requests for /gateway.Gateway, exceeding concurrency limit (500)
Details:
2026.09.04-19:11:57.738[31m error[39m [caliper] [connectors/peer-gateway/PeerGateway] 	Failed to perform submit transaction [Set] using arguments [key_0_1_5097,value_5097],  with error: EndorseError: 2 UNKNOWN: too many requests for /gateway.Gateway, exceeding concurrency limit (500)
Details:
2026.09.04-19:11:57.739[31m error[39m [caliper] [connectors/peer-gateway/PeerGateway] 	Failed to perform submit transaction [Set] using arguments [key_0_1_5098,value_5098],  with error: EndorseError: 2 UNKNOWN: too many requests for /gateway.Gateway, exceeding concurrency limit (500)
Details:
2026.09.04-19:11:57.739[31m error[39m [caliper] [connectors/peer-gateway/PeerGateway] 	Failed to perform submit transaction [Set] using arguments [key_0_1_5094,value_5094],  with error: EndorseError: 2 UNKNOWN: too many requests for /gateway.Gateway, exceeding concurrency limit (500)
Details:
2026.09.04-19:11:57.739[31m error[39m [caliper] [connectors/peer-gateway/PeerGateway] 	Failed to perform submit transaction [Set] using arguments [key_0_1_5091,value_5091],  with error: EndorseError: 2 UNKNOWN: too many requests for /gateway.Gateway, exceeding concurrency limit (500)
Details:
2026.09.04-19:11:57.740[31m error[39m [caliper] [connectors/peer-gateway/PeerGateway] 	Failed to perform submit transaction [Set] using arguments [key_0_1_5096,value_5096],  with error: EndorseError: 2 UNKNOWN: too many requests for /gateway.Gateway, exceeding concurrency limit (500)
Details:
2026.09.04-19:11:57.740[31m error[39m [caliper] [connectors/peer-gateway/PeerGateway] 	Failed to perform submit transaction [Set] using arguments [key_0_1_5095,value_5095],  with error: EndorseError: 2 UNKNOWN: too many requests for /gateway.Gateway, exceeding concurrency limit (500)
Details:
2026.09.04-19:11:57.740[31m error[39m [caliper] [connectors/peer-gateway/PeerGateway] 	Failed to perform submit transaction [Set] using arguments [key_0_1_5092,value_5092],  with error: EndorseError: 2 UNKNOWN: too many requests for /gateway.Gateway, exceeding concurrency limit (500)
Details:
2026.09.04-19:11:57.740[31m error[39m [caliper] [connectors/peer-gateway/PeerGateway] 	Failed to perform submit transaction [Set] using arguments [key_0_1_5093,value_5093],  with error: EndorseError: 2 UNKNOWN: too many requests for /gateway.Gateway, exceeding concurrency limit (500)
Details:
2026.09.04-19:11:57.747[31m error[39m [caliper] [connectors/peer-gateway/PeerGateway] 	Failed to perform submit transaction [Set] using arguments [key_0_1_5099,value_5099],  with error: EndorseError: 2 UNKNOWN: too many requests for /gateway.Gateway, exceeding concurrency limit (500)
Details:
2026.09.04-19:11:57.748[31m error[39m [caliper] [connectors/peer-gateway/PeerGateway] 	Failed to perform submit transaction [Set] using arguments [key_0_1_5100,value_5100],  with error: EndorseError: 2 UNKNOWN: too many requests for /gateway.Gateway, exceeding concurrency limit (500)
Details:
2026.09.04-19:11:57.748[31m error[39m [caliper] [connectors/peer-gateway/PeerGateway] 	Failed to perform submit transaction [Set] using arguments [key_0_1_5101,value_5101],  with error: EndorseError: 2 UNKNOWN: too many requests for /gateway.Gateway, exceeding concurrency limit (500)
Details:
2026.09.04-19:11:57.751[31m error[39m [caliper] [connectors/peer-gateway/PeerGateway] 	Failed to perform submit transaction [Set] using arguments [key_0_1_5102,value_5102],  with error: EndorseError: 2 UNKNOWN: too many requests for /gateway.Gateway, exceeding concurrency limit (500)
Details:
2026.09.04-19:11:57.758[31m error[39m [caliper] [connectors/peer-gateway/PeerGateway] 	Failed to perform submit transaction [Set] using arguments [key_0_1_5090,value_5090],  with error: SubmitError: 2 UNKNOWN: too many requests for /gateway.Gateway, exceeding concurrency limit (500)
Details:
2026.09.04-19:11:57.788[31m error[39m [caliper] [connectors/peer-gateway/PeerGateway] 	Failed to perform submit transaction [Set] using arguments [key_0_1_5112,value_5112],  with error: EndorseError: 2 UNKNOWN: too many requests for /gateway.Gateway, exceeding concurrency limit (500)
Details:
2026.09.04-19:11:57.788[31m error[39m [caliper] [connectors/peer-gateway/PeerGateway] 	Failed to perform submit transaction [Set] using arguments [key_0_1_5105,value_5105],  with error: EndorseError: 2 UNKNOWN: too many requests for /gateway.Gateway, exceeding concurrency limit (500)
Details:
2026.09.04-19:11:57.788[31m error[39m [caliper] [connectors/peer-gateway/PeerGateway] 	Failed to perform submit transaction [Set] using arguments [key_0_1_5113,value_5113],  with error: EndorseError: 2 UNKNOWN: too many requests for /gateway.Gateway, exceeding concurrency limit (500)
Details:
2026.09.04-19:11:57.791[31m error[39m [caliper] [connectors/peer-gateway/PeerGateway] 	Failed to perform submit transaction [Set] using arguments [key_0_1_5106,value_5106],  with error: EndorseError: 2 UNKNOWN: too many requests for /gateway.Gateway, exceeding concurrency limit (500)
Details:
2026.09.04-19:11:57.791[31m error[39m [caliper] [connectors/peer-gateway/PeerGateway] 	Failed to perform submit transaction [Set] using arguments [key_0_1_5107,value_5107],  with error: EndorseError: 2 UNKNOWN: too many requests for /gateway.Gateway, exceeding concurrency limit (500)
Details:
2026.09.04-19:11:57.791[31m error[39m [caliper] [connectors/peer-gateway/PeerGateway] 	Failed to perform submit transaction [Set] using arguments [key_0_1_5108,value_5108],  with error: EndorseError: 2 UNKNOWN: too many requests for /gateway.Gateway, exceeding concurrency limit (500)
Details:
2026.09.04-19:11:57.796[31m error[39m [caliper] [connectors/peer-gateway/PeerGateway] 	Failed to perform submit transaction [Set] using arguments [key_0_1_5109,value_5109],  with error: EndorseError: 2 UNKNOWN: too many requests for /gateway.Gateway, exceeding concurrency limit (500)
Details:
2026.09.04-19:11:57.798[31m error[39m [caliper] [connectors/peer-gateway/PeerGateway] 	Failed to perform submit transaction [Set] using arguments [key_0_1_5110,value_5110],  with error: EndorseError: 2 UNKNOWN: too many requests for /gateway.Gateway, exceeding concurrency limit (500)
Details:
2026.09.04-19:11:57.802[31m error[39m [caliper] [connectors/peer-gateway/PeerGateway] 	Failed to perform submit transaction [Set] using arguments [key_0_1_5111,value_5111],  with error: EndorseError: 2 UNKNOWN: too many requests for /gateway.Gateway, exceeding concurrency limit (500)
Details:
2026.09.04-19:11:57.803[31m error[39m [caliper] [connectors/peer-gateway/PeerGateway] 	Failed to perform submit transaction [Set] using arguments [key_0_1_5114,value_5114],  with error: EndorseError: 2 UNKNOWN: too many requests for /gateway.Gateway, exceeding concurrency limit (500)
Details:
2026.09.04-19:11:57.803[31m error[39m [caliper] [connectors/peer-gateway/PeerGateway] 	Failed to perform submit transaction [Set] using arguments [key_0_1_5104,value_5104],  with error: EndorseError: 2 UNKNOWN: too many requests for /gateway.Gateway, exceeding concurrency limit (500)
Details:
2026.09.04-19:11:57.803[31m error[39m [caliper] [connectors/peer-gateway/PeerGateway] 	Failed to perform submit transaction [Set] using arguments [key_0_1_5115,value_5115],  with error: EndorseError: 2 UNKNOWN: too many requests for /gateway.Gateway, exceeding concurrency limit (500)
Details:
2026.09.04-19:11:57.804[31m error[39m [caliper] [connectors/peer-gateway/PeerGateway] 	Failed to perform submit transaction [Set] using arguments [key_0_1_5116,value_5116],  with error: EndorseError: 2 UNKNOWN: too many requests for /gateway.Gateway, exceeding concurrency limit (500)
Details:
2026.09.04-19:11:57.809[31m error[39m [caliper] [connectors/peer-gateway/PeerGateway] 	Failed to perform submit transaction [Set] using arguments [key_0_1_5103,value_5103],  with error: SubmitError: 2 UNKNOWN: too many requests for /gateway.Gateway, exceeding concurrency limit (500)
Details:
2026.09.04-19:11:57.810[31m error[39m [caliper] [connectors/peer-gateway/PeerGateway] 	Failed to perform submit transaction [Set] using arguments [key_0_1_5118,value_5118],  with error: EndorseError: 2 UNKNOWN: too many requests for /gateway.Gateway, exceeding concurrency limit (500)
Details:
2026.09.04-19:11:57.810[31m error[39m [caliper] [connectors/peer-gateway/PeerGateway] 	Failed to perform submit transaction [Set] using arguments [key_0_1_5119,value_5119],  with error: EndorseError: 2 UNKNOWN: too many requests for /gateway.Gateway, exceeding concurrency limit (500)
Details:
2026.09.04-19:11:57.817[31m error[39m [caliper] [connectors/peer-gateway/PeerGateway] 	Failed to perform submit transaction [Set] using arguments [key_0_1_5120,value_5120],  with error: EndorseError: 2 UNKNOWN: too many requests for /gateway.Gateway, exceeding concurrency limit (500)
Details:
2026.09.04-19:11:57.825[31m error[39m [caliper] [connectors/peer-gateway/PeerGateway] 	Failed to perform submit transaction [Set] using arguments [key_0_1_5121,value_5121],  with error: EndorseError: 2 UNKNOWN: too many requests for /gateway.Gateway, exceeding concurrency limit (500)
Details:
2026.09.04-19:11:57.826[31m error[39m [caliper] [connectors/peer-gateway/PeerGateway] 	Failed to perform submit transaction [Set] using arguments [key_0_1_5117,value_5117],  with error: SubmitError: 2 UNKNOWN: too many requests for /gateway.Gateway, exceeding concurrency limit (500)
Details:
2026.09.04-19:11:57.828[31m error[39m [caliper] [connectors/peer-gateway/PeerGateway] 	Failed to perform submit transaction [Set] using arguments [key_0_1_5123,value_5123],  with error: EndorseError: 2 UNKNOWN: too many requests for /gateway.Gateway, exceeding concurrency limit (500)
Details:
2026.09.04-19:11:57.832[31m error[39m [caliper] [connectors/peer-gateway/PeerGateway] 	Failed to perform submit transaction [Set] using arguments [key_0_1_5125,value_5125],  with error: EndorseError: 2 UNKNOWN: too many requests for /gateway.Gateway, exceeding concurrency limit (500)
Details:
2026.09.04-19:11:57.832[31m error[39m [caliper] [connectors/peer-gateway/PeerGateway] 	Failed to perform submit transaction [Set] using arguments [key_0_1_5122,value_5122],  with error: SubmitError: 2 UNKNOWN: too many requests for /gateway.Gateway, exceeding concurrency limit (500)
Details:
2026.09.04-19:11:57.837[31m error[39m [caliper] [connectors/peer-gateway/PeerGateway] 	Failed to perform submit transaction [Set] using arguments [key_0_1_5124,value_5124],  with error: SubmitError: 2 UNKNOWN: too many requests for /gateway.Gateway, exceeding concurrency limit (500)
Details:
2026.09.04-19:11:57.837[31m error[39m [caliper] [connectors/peer-gateway/PeerGateway] 	Failed to perform submit transaction [Set] using arguments [key_0_1_5127,value_5127],  with error: EndorseError: 2 UNKNOWN: too many requests for /gateway.Gateway, exceeding concurrency limit (500)
Details:
2026.09.04-19:11:57.841[31m error[39m [caliper] [connectors/peer-gateway/PeerGateway] 	Failed to perform submit transaction [Set] using arguments [key_0_1_5126,value_5126],  with error: SubmitError: 2 UNKNOWN: too many requests for /gateway.Gateway, exceeding concurrency limit (500)
Details:
2026.09.04-19:11:57.841[31m error[39m [caliper] [connectors/peer-gateway/PeerGateway] 	Failed to perform submit transaction [Set] using arguments [key_0_1_5129,value_5129],  with error: EndorseError: 2 UNKNOWN: too many requests for /gateway.Gateway, exceeding concurrency limit (500)
Details:
2026.09.04-19:11:57.848[31m error[39m [caliper] [connectors/peer-gateway/PeerGateway] 	Failed to perform submit transaction [Set] using arguments [key_0_1_5128,value_5128],  with error: CommitStatusError: 2 UNKNOWN: too many requests for /gateway.Gateway, exceeding concurrency limit (500)
Details:
2026.09.04-19:11:57.849[31m error[39m [caliper] [connectors/peer-gateway/PeerGateway] 	Failed to perform submit transaction [Set] using arguments [key_0_1_5131,value_5131],  with error: EndorseError: 2 UNKNOWN: too many requests for /gateway.Gateway, exceeding concurrency limit (500)
Details:
2026.09.04-19:11:57.852[31m error[39m [caliper] [connectors/peer-gateway/PeerGateway] 	Failed to perform submit transaction [Set] using arguments [key_0_1_5132,value_5132],  with error: EndorseError: 2 UNKNOWN: too many requests for /gateway.Gateway, exceeding concurrency limit (500)
Details:
2026.09.04-19:11:57.853[31m error[39m [caliper] [connectors/peer-gateway/PeerGateway] 	Failed to perform submit transaction [Set] using arguments [key_0_1_5133,value_5133],  with error: EndorseError: 2 UNKNOWN: too many requests for /gateway.Gateway, exceeding concurrency limit (500)
Details:
2026.09.04-19:11:57.857[31m error[39m [caliper] [connectors/peer-gateway/PeerGateway] 	Failed to perform submit transaction [Set] using arguments [key_0_1_5134,value_5134],  with error: EndorseError: 2 UNKNOWN: too many requests for /gateway.Gateway, exceeding concurrency limit (500)
Details:
2026.09.04-19:11:57.861[31m error[39m [caliper] [connectors/peer-gateway/PeerGateway] 	Failed to perform submit transaction [Set] using arguments [key_0_1_5135,value_5135],  with error: EndorseError: 2 UNKNOWN: too many requests for /gateway.Gateway, exceeding concurrency limit (500)
Details:
2026.09.04-19:11:57.864[31m error[39m [caliper] [connectors/peer-gateway/PeerGateway] 	Failed to perform submit transaction [Set] using arguments [key_0_1_5136,value_5136],  with error: EndorseError: 2 UNKNOWN: too many requests for /gateway.Gateway, exceeding concurrency limit (500)
Details:
2026.09.04-19:11:57.867[31m error[39m [caliper] [connectors/peer-gateway/PeerGateway] 	Failed to perform submit transaction [Set] using arguments [key_0_1_5137,value_5137],  with error: EndorseError: 2 UNKNOWN: too many requests for /gateway.Gateway, exceeding concurrency limit (500)
Details:
2026.09.04-19:11:57.872[31m error[39m [caliper] [connectors/peer-gateway/PeerGateway] 	Failed to perform submit transaction [Set] using arguments [key_0_1_5130,value_5130],  with error: SubmitError: 2 UNKNOWN: too many requests for /gateway.Gateway, exceeding concurrency limit (500)
Details:
2026.09.04-19:11:57.874[31m error[39m [caliper] [connectors/peer-gateway/PeerGateway] 	Failed to perform submit transaction [Set] using arguments [key_0_1_5139,value_5139],  with error: EndorseError: 2 UNKNOWN: too many requests for /gateway.Gateway, exceeding concurrency limit (500)
Details:
2026.09.04-19:11:57.879[31m error[39m [caliper] [connectors/peer-gateway/PeerGateway] 	Failed to perform submit transaction [Set] using arguments [key_0_1_5140,value_5140],  with error: EndorseError: 2 UNKNOWN: too many requests for /gateway.Gateway, exceeding concurrency limit (500)
Details:
2026.09.04-19:11:57.879[31m error[39m [caliper] [connectors/peer-gateway/PeerGateway] 	Failed to perform submit transaction [Set] using arguments [key_0_1_5141,value_5141],  with error: EndorseError: 2 UNKNOWN: too many requests for /gateway.Gateway, exceeding concurrency limit (500)
Details:
2026.09.04-19:11:59.527[31m error[39m [caliper] [connectors/peer-gateway/PeerGateway] 	Failed to perform submit transaction [Set] using arguments [key_0_1_5633,value_5633],  with error: CommitStatusError: 2 UNKNOWN: too many requests for /gateway.Gateway, exceeding concurrency limit (500)
Details:
2026.09.04-19:11:59.533[31m error[39m [caliper] [connectors/peer-gateway/PeerGateway] 	Failed to perform submit transaction [Set] using arguments [key_0_1_5634,value_5634],  with error: CommitStatusError: 2 UNKNOWN: too many requests for /gateway.Gateway, exceeding concurrency limit (500)
Details:
2026.09.04-19:11:59.538[31m error[39m [caliper] [connectors/peer-gateway/PeerGateway] 	Failed to perform submit transaction [Set] using arguments [key_0_1_5636,value_5636],  with error: SubmitError: 2 UNKNOWN: too many requests for /gateway.Gateway, exceeding concurrency limit (500)
Details:
2026.09.04-19:11:59.546[31m error[39m [caliper] [connectors/peer-gateway/PeerGateway] 	Failed to perform submit transaction [Set] using arguments [key_0_1_5639,value_5639],  with error: EndorseError: 2 UNKNOWN: too many requests for /gateway.Gateway, exceeding concurrency limit (500)
Details:
2026.09.04-19:11:59.549[31m error[39m [caliper] [connectors/peer-gateway/PeerGateway] 	Failed to perform submit transaction [Set] using arguments [key_0_1_5640,value_5640],  with error: EndorseError: 2 UNKNOWN: too many requests for /gateway.Gateway, exceeding concurrency limit (500)
Details:
2026.09.04-19:11:59.552[31m error[39m [caliper] [connectors/peer-gateway/PeerGateway] 	Failed to perform submit transaction [Set] using arguments [key_0_1_5641,value_5641],  with error: EndorseError: 2 UNKNOWN: too many requests for /gateway.Gateway, exceeding concurrency limit (500)
Details:
2026.09.04-19:11:59.552[31m error[39m [caliper] [connectors/peer-gateway/PeerGateway] 	Failed to perform submit transaction [Set] using arguments [key_0_1_5638,value_5638],  with error: CommitStatusError: 2 UNKNOWN: too many requests for /gateway.Gateway, exceeding concurrency limit (500)
Details:
2026.09.04-19:11:59.557[31m error[39m [caliper] [connectors/peer-gateway/PeerGateway] 	Failed to perform submit transaction [Set] using arguments [key_0_1_5642,value_5642],  with error: EndorseError: 2 UNKNOWN: too many requests for /gateway.Gateway, exceeding concurrency limit (500)
Details:
2026.09.04-19:11:59.559[31m error[39m [caliper] [connectors/peer-gateway/PeerGateway] 	Failed to perform submit transaction [Set] using arguments [key_0_1_5643,value_5643],  with error: EndorseError: 2 UNKNOWN: too many requests for /gateway.Gateway, exceeding concurrency limit (500)
Details:
2026.09.04-19:11:59.561[31m error[39m [caliper] [connectors/peer-gateway/PeerGateway] 	Failed to perform submit transaction [Set] using arguments [key_0_1_5644,value_5644],  with error: EndorseError: 2 UNKNOWN: too many requests for /gateway.Gateway, exceeding concurrency limit (500)
Details:
2026.09.04-19:11:59.565[31m error[39m [caliper] [connectors/peer-gateway/PeerGateway] 	Failed to perform submit transaction [Set] using arguments [key_0_1_5645,value_5645],  with error: EndorseError: 2 UNKNOWN: too many requests for /gateway.Gateway, exceeding concurrency limit (500)
Details:
2026.09.04-19:11:59.570[31m error[39m [caliper] [connectors/peer-gateway/PeerGateway] 	Failed to perform submit transaction [Set] using arguments [key_0_1_5646,value_5646],  with error: EndorseError: 2 UNKNOWN: too many requests for /gateway.Gateway, exceeding concurrency limit (500)
Details:
2026.09.04-19:11:59.570[31m error[39m [caliper] [connectors/peer-gateway/PeerGateway] 	Failed to perform submit transaction [Set] using arguments [key_0_1_5647,value_5647],  with error: EndorseError: 2 UNKNOWN: too many requests for /gateway.Gateway, exceeding concurrency limit (500)
Details:
2026.09.04-19:11:59.581[31m error[39m [caliper] [connectors/peer-gateway/PeerGateway] 	Failed to perform submit transaction [Set] using arguments [key_0_1_5650,value_5650],  with error: EndorseError: 2 UNKNOWN: too many requests for /gateway.Gateway, exceeding concurrency limit (500)
Details:
2026.09.04-19:11:59.581[31m error[39m [caliper] [connectors/peer-gateway/PeerGateway] 	Failed to perform submit transaction [Set] using arguments [key_0_1_5648,value_5648],  with error: EndorseError: 2 UNKNOWN: too many requests for /gateway.Gateway, exceeding concurrency limit (500)
Details:
2026.09.04-19:11:59.581[31m error[39m [caliper] [connectors/peer-gateway/PeerGateway] 	Failed to perform submit transaction [Set] using arguments [key_0_1_5649,value_5649],  with error: EndorseError: 2 UNKNOWN: too many requests for /gateway.Gateway, exceeding concurrency limit (500)
Details:
2026.09.04-19:11:59.582[31m error[39m [caliper] [connectors/peer-gateway/PeerGateway] 	Failed to perform submit transaction [Set] using arguments [key_0_1_5651,value_5651],  with error: EndorseError: 2 UNKNOWN: too many requests for /gateway.Gateway, exceeding concurrency limit (500)
Details:
2026.09.04-19:11:59.586[31m error[39m [caliper] [connectors/peer-gateway/PeerGateway] 	Failed to perform submit transaction [Set] using arguments [key_0_1_5652,value_5652],  with error: EndorseError: 2 UNKNOWN: too many requests for /gateway.Gateway, exceeding concurrency limit (500)
Details:
2026.09.04-19:11:59.593[31m error[39m [caliper] [connectors/peer-gateway/PeerGateway] 	Failed to perform submit transaction [Set] using arguments [key_0_1_5653,value_5653],  with error: EndorseError: 2 UNKNOWN: too many requests for /gateway.Gateway, exceeding concurrency limit (500)
Details:
2026.09.04-19:11:59.602[31m error[39m [caliper] [connectors/peer-gateway/PeerGateway] 	Failed to perform submit transaction [Set] using arguments [key_0_1_5656,value_5656],  with error: EndorseError: 2 UNKNOWN: too many requests for /gateway.Gateway, exceeding concurrency limit (500)
Details:
2026.09.04-19:11:59.603[31m error[39m [caliper] [connectors/peer-gateway/PeerGateway] 	Failed to perform submit transaction [Set] using arguments [key_0_1_5654,value_5654],  with error: EndorseError: 2 UNKNOWN: too many requests for /gateway.Gateway, exceeding concurrency limit (500)
Details:
2026.09.04-19:11:59.603[31m error[39m [caliper] [connectors/peer-gateway/PeerGateway] 	Failed to perform submit transaction [Set] using arguments [key_0_1_5655,value_5655],  with error: EndorseError: 2 UNKNOWN: too many requests for /gateway.Gateway, exceeding concurrency limit (500)
Details:
2026.09.04-19:11:59.604[31m error[39m [caliper] [connectors/peer-gateway/PeerGateway] 	Failed to perform submit transaction [Set] using arguments [key_0_1_5657,value_5657],  with error: EndorseError: 2 UNKNOWN: too many requests for /gateway.Gateway, exceeding concurrency limit (500)
Details:
2026.09.04-19:11:59.608[31m error[39m [caliper] [connectors/peer-gateway/PeerGateway] 	Failed to perform submit transaction [Set] using arguments [key_0_1_5658,value_5658],  with error: EndorseError: 2 UNKNOWN: too many requests for /gateway.Gateway, exceeding concurrency limit (500)
Details:
2026.09.04-19:11:59.610[31m error[39m [caliper] [connectors/peer-gateway/PeerGateway] 	Failed to perform submit transaction [Set] using arguments [key_0_1_5659,value_5659],  with error: EndorseError: 2 UNKNOWN: too many requests for /gateway.Gateway, exceeding concurrency limit (500)
Details:
2026.09.04-19:11:59.611[31m error[39m [caliper] [connectors/peer-gateway/PeerGateway] 	Failed to perform submit transaction [Set] using arguments [key_0_1_5660,value_5660],  with error: EndorseError: 2 UNKNOWN: too many requests for /gateway.Gateway, exceeding concurrency limit (500)
Details:
2026.09.04-19:11:59.618[31m error[39m [caliper] [connectors/peer-gateway/PeerGateway] 	Failed to perform submit transaction [Set] using arguments [key_0_1_5662,value_5662],  with error: EndorseError: 2 UNKNOWN: too many requests for /gateway.Gateway, exceeding concurrency limit (500)
Details:
2026.09.04-19:11:59.620[31m error[39m [caliper] [connectors/peer-gateway/PeerGateway] 	Failed to perform submit transaction [Set] using arguments [key_0_1_5661,value_5661],  with error: EndorseError: 2 UNKNOWN: too many requests for /gateway.Gateway, exceeding concurrency limit (500)
Details:
2026.09.04-19:11:59.626[31m error[39m [caliper] [connectors/peer-gateway/PeerGateway] 	Failed to perform submit transaction [Set] using arguments [key_0_1_5663,value_5663],  with error: EndorseError: 2 UNKNOWN: too many requests for /gateway.Gateway, exceeding concurrency limit (500)
Details:
2026.09.04-19:11:59.630[31m error[39m [caliper] [connectors/peer-gateway/PeerGateway] 	Failed to perform submit transaction [Set] using arguments [key_0_1_5664,value_5664],  with error: EndorseError: 2 UNKNOWN: too many requests for /gateway.Gateway, exceeding concurrency limit (500)
Details:
2026.09.04-19:11:59.633[31m error[39m [caliper] [connectors/peer-gateway/PeerGateway] 	Failed to perform submit transaction [Set] using arguments [key_0_1_5665,value_5665],  with error: EndorseError: 2 UNKNOWN: too many requests for /gateway.Gateway, exceeding concurrency limit (500)
Details:
2026.09.04-19:11:59.639[31m error[39m [caliper] [connectors/peer-gateway/PeerGateway] 	Failed to perform submit transaction [Set] using arguments [key_0_1_5666,value_5666],  with error: EndorseError: 2 UNKNOWN: too many requests for /gateway.Gateway, exceeding concurrency limit (500)
Details:
2026.09.04-19:11:59.643[31m error[39m [caliper] [connectors/peer-gateway/PeerGateway] 	Failed to perform submit transaction [Set] using arguments [key_0_1_5667,value_5667],  with error: EndorseError: 2 UNKNOWN: too many requests for /gateway.Gateway, exceeding concurrency limit (500)
Details:
2026.09.04-19:11:59.651[31m error[39m [caliper] [connectors/peer-gateway/PeerGateway] 	Failed to perform submit transaction [Set] using arguments [key_0_1_5669,value_5669],  with error: EndorseError: 2 UNKNOWN: too many requests for /gateway.Gateway, exceeding concurrency limit (500)
Details:
2026.09.04-19:11:59.651[31m error[39m [caliper] [connectors/peer-gateway/PeerGateway] 	Failed to perform submit transaction [Set] using arguments [key_0_1_5668,value_5668],  with error: EndorseError: 2 UNKNOWN: too many requests for /gateway.Gateway, exceeding concurrency limit (500)
Details:
2026.09.04-19:11:59.653[31m error[39m [caliper] [connectors/peer-gateway/PeerGateway] 	Failed to perform submit transaction [Set] using arguments [key_0_1_5670,value_5670],  with error: EndorseError: 2 UNKNOWN: too many requests for /gateway.Gateway, exceeding concurrency limit (500)
Details:
2026.09.04-19:11:59.656[31m error[39m [caliper] [connectors/peer-gateway/PeerGateway] 	Failed to perform submit transaction [Set] using arguments [key_0_1_5671,value_5671],  with error: EndorseError: 2 UNKNOWN: too many requests for /gateway.Gateway, exceeding concurrency limit (500)
Details:
2026.09.04-19:11:59.657[31m error[39m [caliper] [connectors/peer-gateway/PeerGateway] 	Failed to perform submit transaction [Set] using arguments [key_0_1_5672,value_5672],  with error: EndorseError: 2 UNKNOWN: too many requests for /gateway.Gateway, exceeding concurrency limit (500)
Details:
2026.09.04-19:11:59.658[31m error[39m [caliper] [connectors/peer-gateway/PeerGateway] 	Failed to perform submit transaction [Set] using arguments [key_0_1_5673,value_5673],  with error: EndorseError: 2 UNKNOWN: too many requests for /gateway.Gateway, exceeding concurrency limit (500)
Details:
2026.09.04-19:11:59.661[31m error[39m [caliper] [connectors/peer-gateway/PeerGateway] 	Failed to perform submit transaction [Set] using arguments [key_0_1_5674,value_5674],  with error: EndorseError: 2 UNKNOWN: too many requests for /gateway.Gateway, exceeding concurrency limit (500)
Details:
2026.09.04-19:11:59.663[31m error[39m [caliper] [connectors/peer-gateway/PeerGateway] 	Failed to perform submit transaction [Set] using arguments [key_0_1_5675,value_5675],  with error: EndorseError: 2 UNKNOWN: too many requests for /gateway.Gateway, exceeding concurrency limit (500)
Details:
2026.09.04-19:11:59.667[31m error[39m [caliper] [connectors/peer-gateway/PeerGateway] 	Failed to perform submit transaction [Set] using arguments [key_0_1_5676,value_5676],  with error: EndorseError: 2 UNKNOWN: too many requests for /gateway.Gateway, exceeding concurrency limit (500)
Details:
2026.09.04-19:11:59.668[31m error[39m [caliper] [connectors/peer-gateway/PeerGateway] 	Failed to perform submit transaction [Set] using arguments [key_0_1_5677,value_5677],  with error: EndorseError: 2 UNKNOWN: too many requests for /gateway.Gateway, exceeding concurrency limit (500)
Details:
2026.09.04-19:11:59.671[31m error[39m [caliper] [connectors/peer-gateway/PeerGateway] 	Failed to perform submit transaction [Set] using arguments [key_0_1_5678,value_5678],  with error: EndorseError: 2 UNKNOWN: too many requests for /gateway.Gateway, exceeding concurrency limit (500)
Details:
2026.09.04-19:11:59.674[31m error[39m [caliper] [connectors/peer-gateway/PeerGateway] 	Failed to perform submit transaction [Set] using arguments [key_0_1_5679,value_5679],  with error: EndorseError: 2 UNKNOWN: too many requests for /gateway.Gateway, exceeding concurrency limit (500)
Details:
2026.09.04-19:11:59.677[31m error[39m [caliper] [connectors/peer-gateway/PeerGateway] 	Failed to perform submit transaction [Set] using arguments [key_0_1_5680,value_5680],  with error: EndorseError: 2 UNKNOWN: too many requests for /gateway.Gateway, exceeding concurrency limit (500)
Details:
2026.09.04-19:11:59.682[31m error[39m [caliper] [connectors/peer-gateway/PeerGateway] 	Failed to perform submit transaction [Set] using arguments [key_0_1_5681,value_5681],  with error: EndorseError: 2 UNKNOWN: too many requests for /gateway.Gateway, exceeding concurrency limit (500)
Details:
2026.09.04-19:11:59.688[31m error[39m [caliper] [connectors/peer-gateway/PeerGateway] 	Failed to perform submit transaction [Set] using arguments [key_0_1_5682,value_5682],  with error: EndorseError: 2 UNKNOWN: too many requests for /gateway.Gateway, exceeding concurrency limit (500)
Details:
2026.09.04-19:11:59.689[31m error[39m [caliper] [connectors/peer-gateway/PeerGateway] 	Failed to perform submit transaction [Set] using arguments [key_0_1_5683,value_5683],  with error: EndorseError: 2 UNKNOWN: too many requests for /gateway.Gateway, exceeding concurrency limit (500)
Details:
2026.09.04-19:11:59.694[31m error[39m [caliper] [connectors/peer-gateway/PeerGateway] 	Failed to perform submit transaction [Set] using arguments [key_0_1_5684,value_5684],  with error: EndorseError: 2 UNKNOWN: too many requests for /gateway.Gateway, exceeding concurrency limit (500)
Details:
2026.09.04-19:11:59.696[31m error[39m [caliper] [connectors/peer-gateway/PeerGateway] 	Failed to perform submit transaction [Set] using arguments [key_0_1_5685,value_5685],  with error: EndorseError: 2 UNKNOWN: too many requests for /gateway.Gateway, exceeding concurrency limit (500)
Details:
2026.09.04-19:11:59.702[31m error[39m [caliper] [connectors/peer-gateway/PeerGateway] 	Failed to perform submit transaction [Set] using arguments [key_0_1_5686,value_5686],  with error: EndorseError: 2 UNKNOWN: too many requests for /gateway.Gateway, exceeding concurrency limit (500)
Details:
2026.09.04-19:11:59.706[31m error[39m [caliper] [connectors/peer-gateway/PeerGateway] 	Failed to perform submit transaction [Set] using arguments [key_0_1_5687,value_5687],  with error: EndorseError: 2 UNKNOWN: too many requests for /gateway.Gateway, exceeding concurrency limit (500)
Details:
2026.09.04-19:11:59.707[31m error[39m [caliper] [connectors/peer-gateway/PeerGateway] 	Failed to perform submit transaction [Set] using arguments [key_0_1_5688,value_5688],  with error: EndorseError: 2 UNKNOWN: too many requests for /gateway.Gateway, exceeding concurrency limit (500)
Details:
2026.09.04-19:11:59.711[31m error[39m [caliper] [connectors/peer-gateway/PeerGateway] 	Failed to perform submit transaction [Set] using arguments [key_0_1_5689,value_5689],  with error: EndorseError: 2 UNKNOWN: too many requests for /gateway.Gateway, exceeding concurrency limit (500)
Details:
2026.09.04-19:11:59.712[31m error[39m [caliper] [connectors/peer-gateway/PeerGateway] 	Failed to perform submit transaction [Set] using arguments [key_0_1_5690,value_5690],  with error: EndorseError: 2 UNKNOWN: too many requests for /gateway.Gateway, exceeding concurrency limit (500)
Details:
2026.09.04-19:11:59.715[31m error[39m [caliper] [connectors/peer-gateway/PeerGateway] 	Failed to perform submit transaction [Set] using arguments [key_0_1_5691,value_5691],  with error: EndorseError: 2 UNKNOWN: too many requests for /gateway.Gateway, exceeding concurrency limit (500)
Details:
2026.09.04-19:11:59.718[31m error[39m [caliper] [connectors/peer-gateway/PeerGateway] 	Failed to perform submit transaction [Set] using arguments [key_0_1_5692,value_5692],  with error: EndorseError: 2 UNKNOWN: too many requests for /gateway.Gateway, exceeding concurrency limit (500)
Details:
2026.09.04-19:11:59.720[31m error[39m [caliper] [connectors/peer-gateway/PeerGateway] 	Failed to perform submit transaction [Set] using arguments [key_0_1_5693,value_5693],  with error: EndorseError: 2 UNKNOWN: too many requests for /gateway.Gateway, exceeding concurrency limit (500)
Details:
2026.09.04-19:11:59.725[31m error[39m [caliper] [connectors/peer-gateway/PeerGateway] 	Failed to perform submit transaction [Set] using arguments [key_0_1_5694,value_5694],  with error: EndorseError: 2 UNKNOWN: too many requests for /gateway.Gateway, exceeding concurrency limit (500)
Details:
2026.09.04-19:11:59.727[31m error[39m [caliper] [connectors/peer-gateway/PeerGateway] 	Failed to perform submit transaction [Set] using arguments [key_0_1_5695,value_5695],  with error: EndorseError: 2 UNKNOWN: too many requests for /gateway.Gateway, exceeding concurrency limit (500)
Details:
2026.09.04-19:11:59.731[31m error[39m [caliper] [connectors/peer-gateway/PeerGateway] 	Failed to perform submit transaction [Set] using arguments [key_0_1_5696,value_5696],  with error: EndorseError: 2 UNKNOWN: too many requests for /gateway.Gateway, exceeding concurrency limit (500)
Details:
2026.09.04-19:11:59.737[31m error[39m [caliper] [connectors/peer-gateway/PeerGateway] 	Failed to perform submit transaction [Set] using arguments [key_0_1_5697,value_5697],  with error: EndorseError: 2 UNKNOWN: too many requests for /gateway.Gateway, exceeding concurrency limit (500)
Details:
2026.09.04-19:12:00.737[32m info [39m [caliper] [default-observer] 	[blockutil-300-tps Round 1 Transaction Info] - Submitted: 5700 Succ: 4740 Fail:727 Unfinished:233
2026.09.04-19:12:01.395[31m error[39m [caliper] [connectors/peer-gateway/PeerGateway] 	Failed to perform submit transaction [Set] using arguments [key_0_1_6194,value_6194],  with error: SubmitError: 2 UNKNOWN: too many requests for /gateway.Gateway, exceeding concurrency limit (500)
Details:
2026.09.04-19:12:01.396[31m error[39m [caliper] [connectors/peer-gateway/PeerGateway] 	Failed to perform submit transaction [Set] using arguments [key_0_1_6196,value_6196],  with error: EndorseError: 2 UNKNOWN: too many requests for /gateway.Gateway, exceeding concurrency limit (500)
Details:
2026.09.04-19:12:01.401[31m error[39m [caliper] [connectors/peer-gateway/PeerGateway] 	Failed to perform submit transaction [Set] using arguments [key_0_1_6195,value_6195],  with error: CommitStatusError: 2 UNKNOWN: too many requests for /gateway.Gateway, exceeding concurrency limit (500)
Details:
2026.09.04-19:12:01.403[31m error[39m [caliper] [connectors/peer-gateway/PeerGateway] 	Failed to perform submit transaction [Set] using arguments [key_0_1_6198,value_6198],  with error: EndorseError: 2 UNKNOWN: too many requests for /gateway.Gateway, exceeding concurrency limit (500)
Details:
2026.09.04-19:12:01.408[31m error[39m [caliper] [connectors/peer-gateway/PeerGateway] 	Failed to perform submit transaction [Set] using arguments [key_0_1_6197,value_6197],  with error: CommitStatusError: 2 UNKNOWN: too many requests for /gateway.Gateway, exceeding concurrency limit (500)
Details:
2026.09.04-19:12:01.412[31m error[39m [caliper] [connectors/peer-gateway/PeerGateway] 	Failed to perform submit transaction [Set] using arguments [key_0_1_6200,value_6200],  with error: EndorseError: 2 UNKNOWN: too many requests for /gateway.Gateway, exceeding concurrency limit (500)
Details:
2026.09.04-19:12:01.417[31m error[39m [caliper] [connectors/peer-gateway/PeerGateway] 	Failed to perform submit transaction [Set] using arguments [key_0_1_6199,value_6199],  with error: SubmitError: 2 UNKNOWN: too many requests for /gateway.Gateway, exceeding concurrency limit (500)
Details:
2026.09.04-19:12:01.418[31m error[39m [caliper] [connectors/peer-gateway/PeerGateway] 	Failed to perform submit transaction [Set] using arguments [key_0_1_6202,value_6202],  with error: EndorseError: 2 UNKNOWN: too many requests for /gateway.Gateway, exceeding concurrency limit (500)
Details:
2026.09.04-19:12:01.421[31m error[39m [caliper] [connectors/peer-gateway/PeerGateway] 	Failed to perform submit transaction [Set] using arguments [key_0_1_6203,value_6203],  with error: EndorseError: 2 UNKNOWN: too many requests for /gateway.Gateway, exceeding concurrency limit (500)
Details:
2026.09.04-19:12:01.429[31m error[39m [caliper] [connectors/peer-gateway/PeerGateway] 	Failed to perform submit transaction [Set] using arguments [key_0_1_6204,value_6204],  with error: EndorseError: 2 UNKNOWN: too many requests for /gateway.Gateway, exceeding concurrency limit (500)
Details:
2026.09.04-19:12:01.431[31m error[39m [caliper] [connectors/peer-gateway/PeerGateway] 	Failed to perform submit transaction [Set] using arguments [key_0_1_6205,value_6205],  with error: EndorseError: 2 UNKNOWN: too many requests for /gateway.Gateway, exceeding concurrency limit (500)
Details:
2026.09.04-19:12:01.445[31m error[39m [caliper] [connectors/peer-gateway/PeerGateway] 	Failed to perform submit transaction [Set] using arguments [key_0_1_6206,value_6206],  with error: EndorseError: 2 UNKNOWN: too many requests for /gateway.Gateway, exceeding concurrency limit (500)
Details:
2026.09.04-19:12:01.447[31m error[39m [caliper] [connectors/peer-gateway/PeerGateway] 	Failed to perform submit transaction [Set] using arguments [key_0_1_6208,value_6208],  with error: EndorseError: 2 UNKNOWN: too many requests for /gateway.Gateway, exceeding concurrency limit (500)
Details:
2026.09.04-19:12:01.449[31m error[39m [caliper] [connectors/peer-gateway/PeerGateway] 	Failed to perform submit transaction [Set] using arguments [key_0_1_6201,value_6201],  with error: CommitStatusError: 2 UNKNOWN: too many requests for /gateway.Gateway, exceeding concurrency limit (500)
Details:
2026.09.04-19:12:01.450[31m error[39m [caliper] [connectors/peer-gateway/PeerGateway] 	Failed to perform submit transaction [Set] using arguments [key_0_1_6209,value_6209],  with error: EndorseError: 2 UNKNOWN: too many requests for /gateway.Gateway, exceeding concurrency limit (500)
Details:
2026.09.04-19:12:01.456[31m error[39m [caliper] [connectors/peer-gateway/PeerGateway] 	Failed to perform submit transaction [Set] using arguments [key_0_1_6207,value_6207],  with error: SubmitError: 2 UNKNOWN: too many requests for /gateway.Gateway, exceeding concurrency limit (500)
Details:
2026.09.04-19:12:01.457[31m error[39m [caliper] [connectors/peer-gateway/PeerGateway] 	Failed to perform submit transaction [Set] using arguments [key_0_1_6211,value_6211],  with error: EndorseError: 2 UNKNOWN: too many requests for /gateway.Gateway, exceeding concurrency limit (500)
Details:
2026.09.04-19:12:01.459[31m error[39m [caliper] [connectors/peer-gateway/PeerGateway] 	Failed to perform submit transaction [Set] using arguments [key_0_1_6212,value_6212],  with error: EndorseError: 2 UNKNOWN: too many requests for /gateway.Gateway, exceeding concurrency limit (500)
Details:
2026.09.04-19:12:01.462[31m error[39m [caliper] [connectors/peer-gateway/PeerGateway] 	Failed to perform submit transaction [Set] using arguments [key_0_1_6213,value_6213],  with error: EndorseError: 2 UNKNOWN: too many requests for /gateway.Gateway, exceeding concurrency limit (500)
Details:
2026.09.04-19:12:01.468[31m error[39m [caliper] [connectors/peer-gateway/PeerGateway] 	Failed to perform submit transaction [Set] using arguments [key_0_1_6214,value_6214],  with error: EndorseError: 2 UNKNOWN: too many requests for /gateway.Gateway, exceeding concurrency limit (500)
Details:
2026.09.04-19:12:01.497[31m error[39m [caliper] [connectors/peer-gateway/PeerGateway] 	Failed to perform submit transaction [Set] using arguments [key_0_1_6216,value_6216],  with error: EndorseError: 2 UNKNOWN: too many requests for /gateway.Gateway, exceeding concurrency limit (500)
Details:
2026.09.04-19:12:01.501[31m error[39m [caliper] [connectors/peer-gateway/PeerGateway] 	Failed to perform submit transaction [Set] using arguments [key_0_1_6218,value_6218],  with error: EndorseError: 2 UNKNOWN: too many requests for /gateway.Gateway, exceeding concurrency limit (500)
Details:
2026.09.04-19:12:01.501[31m error[39m [caliper] [connectors/peer-gateway/PeerGateway] 	Failed to perform submit transaction [Set] using arguments [key_0_1_6217,value_6217],  with error: EndorseError: 2 UNKNOWN: too many requests for /gateway.Gateway, exceeding concurrency limit (500)
Details:
2026.09.04-19:12:01.501[31m error[39m [caliper] [connectors/peer-gateway/PeerGateway] 	Failed to perform submit transaction [Set] using arguments [key_0_1_6219,value_6219],  with error: EndorseError: 2 UNKNOWN: too many requests for /gateway.Gateway, exceeding concurrency limit (500)
Details:
2026.09.04-19:12:01.502[31m error[39m [caliper] [connectors/peer-gateway/PeerGateway] 	Failed to perform submit transaction [Set] using arguments [key_0_1_6220,value_6220],  with error: EndorseError: 2 UNKNOWN: too many requests for /gateway.Gateway, exceeding concurrency limit (500)
Details:
2026.09.04-19:12:01.507[31m error[39m [caliper] [connectors/peer-gateway/PeerGateway] 	Failed to perform submit transaction [Set] using arguments [key_0_1_6221,value_6221],  with error: EndorseError: 2 UNKNOWN: too many requests for /gateway.Gateway, exceeding concurrency limit (500)
Details:
2026.09.04-19:12:01.507[31m error[39m [caliper] [connectors/peer-gateway/PeerGateway] 	Failed to perform submit transaction [Set] using arguments [key_0_1_6222,value_6222],  with error: EndorseError: 2 UNKNOWN: too many requests for /gateway.Gateway, exceeding concurrency limit (500)
Details:
2026.09.04-19:12:01.507[31m error[39m [caliper] [connectors/peer-gateway/PeerGateway] 	Failed to perform submit transaction [Set] using arguments [key_0_1_6226,value_6226],  with error: EndorseError: 2 UNKNOWN: too many requests for /gateway.Gateway, exceeding concurrency limit (500)
Details:
2026.09.04-19:12:01.508[31m error[39m [caliper] [connectors/peer-gateway/PeerGateway] 	Failed to perform submit transaction [Set] using arguments [key_0_1_6223,value_6223],  with error: EndorseError: 2 UNKNOWN: too many requests for /gateway.Gateway, exceeding concurrency limit (500)
Details:
2026.09.04-19:12:01.508[31m error[39m [caliper] [connectors/peer-gateway/PeerGateway] 	Failed to perform submit transaction [Set] using arguments [key_0_1_6225,value_6225],  with error: EndorseError: 2 UNKNOWN: too many requests for /gateway.Gateway, exceeding concurrency limit (500)
Details:
2026.09.04-19:12:01.508[31m error[39m [caliper] [connectors/peer-gateway/PeerGateway] 	Failed to perform submit transaction [Set] using arguments [key_0_1_6210,value_6210],  with error: SubmitError: 2 UNKNOWN: too many requests for /gateway.Gateway, exceeding concurrency limit (500)
Details:
2026.09.04-19:12:01.508[31m error[39m [caliper] [connectors/peer-gateway/PeerGateway] 	Failed to perform submit transaction [Set] using arguments [key_0_1_6224,value_6224],  with error: EndorseError: 2 UNKNOWN: too many requests for /gateway.Gateway, exceeding concurrency limit (500)
Details:
2026.09.04-19:12:01.509[31m error[39m [caliper] [connectors/peer-gateway/PeerGateway] 	Failed to perform submit transaction [Set] using arguments [key_0_1_6227,value_6227],  with error: EndorseError: 2 UNKNOWN: too many requests for /gateway.Gateway, exceeding concurrency limit (500)
Details:
2026.09.04-19:12:01.509[31m error[39m [caliper] [connectors/peer-gateway/PeerGateway] 	Failed to perform submit transaction [Set] using arguments [key_0_1_6229,value_6229],  with error: EndorseError: 2 UNKNOWN: too many requests for /gateway.Gateway, exceeding concurrency limit (500)
Details:
2026.09.04-19:12:01.509[31m error[39m [caliper] [connectors/peer-gateway/PeerGateway] 	Failed to perform submit transaction [Set] using arguments [key_0_1_6228,value_6228],  with error: EndorseError: 2 UNKNOWN: too many requests for /gateway.Gateway, exceeding concurrency limit (500)
Details:
2026.09.04-19:12:01.518[31m error[39m [caliper] [connectors/peer-gateway/PeerGateway] 	Failed to perform submit transaction [Set] using arguments [key_0_1_6230,value_6230],  with error: EndorseError: 2 UNKNOWN: too many requests for /gateway.Gateway, exceeding concurrency limit (500)
Details:
2026.09.04-19:12:01.530[31m error[39m [caliper] [connectors/peer-gateway/PeerGateway] 	Failed to perform submit transaction [Set] using arguments [key_0_1_6233,value_6233],  with error: EndorseError: 2 UNKNOWN: too many requests for /gateway.Gateway, exceeding concurrency limit (500)
Details:
2026.09.04-19:12:01.531[31m error[39m [caliper] [connectors/peer-gateway/PeerGateway] 	Failed to perform submit transaction [Set] using arguments [key_0_1_6231,value_6231],  with error: EndorseError: 2 UNKNOWN: too many requests for /gateway.Gateway, exceeding concurrency limit (500)
Details:
2026.09.04-19:12:01.531[31m error[39m [caliper] [connectors/peer-gateway/PeerGateway] 	Failed to perform submit transaction [Set] using arguments [key_0_1_6232,value_6232],  with error: EndorseError: 2 UNKNOWN: too many requests for /gateway.Gateway, exceeding concurrency limit (500)
Details:
2026.09.04-19:12:01.531[31m error[39m [caliper] [connectors/peer-gateway/PeerGateway] 	Failed to perform submit transaction [Set] using arguments [key_0_1_6234,value_6234],  with error: EndorseError: 2 UNKNOWN: too many requests for /gateway.Gateway, exceeding concurrency limit (500)
Details:
2026.09.04-19:12:01.531[31m error[39m [caliper] [connectors/peer-gateway/PeerGateway] 	Failed to perform submit transaction [Set] using arguments [key_0_1_6235,value_6235],  with error: EndorseError: 2 UNKNOWN: too many requests for /gateway.Gateway, exceeding concurrency limit (500)
Details:
2026.09.04-19:12:01.532[31m error[39m [caliper] [connectors/peer-gateway/PeerGateway] 	Failed to perform submit transaction [Set] using arguments [key_0_1_6236,value_6236],  with error: EndorseError: 2 UNKNOWN: too many requests for /gateway.Gateway, exceeding concurrency limit (500)
Details:
2026.09.04-19:12:01.534[31m error[39m [caliper] [connectors/peer-gateway/PeerGateway] 	Failed to perform submit transaction [Set] using arguments [key_0_1_6237,value_6237],  with error: EndorseError: 2 UNKNOWN: too many requests for /gateway.Gateway, exceeding concurrency limit (500)
Details:
2026.09.04-19:12:01.539[31m error[39m [caliper] [connectors/peer-gateway/PeerGateway] 	Failed to perform submit transaction [Set] using arguments [key_0_1_6238,value_6238],  with error: EndorseError: 2 UNKNOWN: too many requests for /gateway.Gateway, exceeding concurrency limit (500)
Details:
2026.09.04-19:12:01.540[31m error[39m [caliper] [connectors/peer-gateway/PeerGateway] 	Failed to perform submit transaction [Set] using arguments [key_0_1_6239,value_6239],  with error: EndorseError: 2 UNKNOWN: too many requests for /gateway.Gateway, exceeding concurrency limit (500)
Details:
2026.09.04-19:12:01.551[31m error[39m [caliper] [connectors/peer-gateway/PeerGateway] 	Failed to perform submit transaction [Set] using arguments [key_0_1_6240,value_6240],  with error: EndorseError: 2 UNKNOWN: too many requests for /gateway.Gateway, exceeding concurrency limit (500)
Details:
2026.09.04-19:12:01.555[31m error[39m [caliper] [connectors/peer-gateway/PeerGateway] 	Failed to perform submit transaction [Set] using arguments [key_0_1_6241,value_6241],  with error: EndorseError: 2 UNKNOWN: too many requests for /gateway.Gateway, exceeding concurrency limit (500)
Details:
2026.09.04-19:12:01.556[31m error[39m [caliper] [connectors/peer-gateway/PeerGateway] 	Failed to perform submit transaction [Set] using arguments [key_0_1_6242,value_6242],  with error: EndorseError: 2 UNKNOWN: too many requests for /gateway.Gateway, exceeding concurrency limit (500)
Details:
2026.09.04-19:12:01.567[31m error[39m [caliper] [connectors/peer-gateway/PeerGateway] 	Failed to perform submit transaction [Set] using arguments [key_0_1_6243,value_6243],  with error: EndorseError: 2 UNKNOWN: too many requests for /gateway.Gateway, exceeding concurrency limit (500)
Details:
2026.09.04-19:12:01.571[31m error[39m [caliper] [connectors/peer-gateway/PeerGateway] 	Failed to perform submit transaction [Set] using arguments [key_0_1_6215,value_6215],  with error: CommitStatusError: 2 UNKNOWN: too many requests for /gateway.Gateway, exceeding concurrency limit (500)
Details:
2026.09.04-19:12:01.577[31m error[39m [caliper] [connectors/peer-gateway/PeerGateway] 	Failed to perform submit transaction [Set] using arguments [key_0_1_6245,value_6245],  with error: EndorseError: 2 UNKNOWN: too many requests for /gateway.Gateway, exceeding concurrency limit (500)
Details:
2026.09.04-19:12:01.579[31m error[39m [caliper] [connectors/peer-gateway/PeerGateway] 	Failed to perform submit transaction [Set] using arguments [key_0_1_6244,value_6244],  with error: SubmitError: 2 UNKNOWN: too many requests for /gateway.Gateway, exceeding concurrency limit (500)
Details:
2026.09.04-19:12:01.580[31m error[39m [caliper] [connectors/peer-gateway/PeerGateway] 	Failed to perform submit transaction [Set] using arguments [key_0_1_6247,value_6247],  with error: EndorseError: 2 UNKNOWN: too many requests for /gateway.Gateway, exceeding concurrency limit (500)
Details:
2026.09.04-19:12:01.583[31m error[39m [caliper] [connectors/peer-gateway/PeerGateway] 	Failed to perform submit transaction [Set] using arguments [key_0_1_6246,value_6246],  with error: SubmitError: 2 UNKNOWN: too many requests for /gateway.Gateway, exceeding concurrency limit (500)
Details:
2026.09.04-19:12:01.586[31m error[39m [caliper] [connectors/peer-gateway/PeerGateway] 	Failed to perform submit transaction [Set] using arguments [key_0_1_6249,value_6249],  with error: EndorseError: 2 UNKNOWN: too many requests for /gateway.Gateway, exceeding concurrency limit (500)
Details:
2026.09.04-19:12:01.590[31m error[39m [caliper] [connectors/peer-gateway/PeerGateway] 	Failed to perform submit transaction [Set] using arguments [key_0_1_6248,value_6248],  with error: SubmitError: 2 UNKNOWN: too many requests for /gateway.Gateway, exceeding concurrency limit (500)
Details:
2026.09.04-19:12:01.592[31m error[39m [caliper] [connectors/peer-gateway/PeerGateway] 	Failed to perform submit transaction [Set] using arguments [key_0_1_6251,value_6251],  with error: EndorseError: 2 UNKNOWN: too many requests for /gateway.Gateway, exceeding concurrency limit (500)
Details:
2026.09.04-19:12:01.595[31m error[39m [caliper] [connectors/peer-gateway/PeerGateway] 	Failed to perform submit transaction [Set] using arguments [key_0_1_6250,value_6250],  with error: SubmitError: 2 UNKNOWN: too many requests for /gateway.Gateway, exceeding concurrency limit (500)
Details:
2026.09.04-19:12:01.597[31m error[39m [caliper] [connectors/peer-gateway/PeerGateway] 	Failed to perform submit transaction [Set] using arguments [key_0_1_6253,value_6253],  with error: EndorseError: 2 UNKNOWN: too many requests for /gateway.Gateway, exceeding concurrency limit (500)
Details:
2026.09.04-19:12:01.601[31m error[39m [caliper] [connectors/peer-gateway/PeerGateway] 	Failed to perform submit transaction [Set] using arguments [key_0_1_6255,value_6255],  with error: EndorseError: 2 UNKNOWN: too many requests for /gateway.Gateway, exceeding concurrency limit (500)
Details:
2026.09.04-19:12:01.602[31m error[39m [caliper] [connectors/peer-gateway/PeerGateway] 	Failed to perform submit transaction [Set] using arguments [key_0_1_6252,value_6252],  with error: SubmitError: 2 UNKNOWN: too many requests for /gateway.Gateway, exceeding concurrency limit (500)
Details:
2026.09.04-19:12:01.602[31m error[39m [caliper] [connectors/peer-gateway/PeerGateway] 	Failed to perform submit transaction [Set] using arguments [key_0_1_6256,value_6256],  with error: EndorseError: 2 UNKNOWN: too many requests for /gateway.Gateway, exceeding concurrency limit (500)
Details:
2026.09.04-19:12:01.606[31m error[39m [caliper] [connectors/peer-gateway/PeerGateway] 	Failed to perform submit transaction [Set] using arguments [key_0_1_6254,value_6254],  with error: SubmitError: 2 UNKNOWN: too many requests for /gateway.Gateway, exceeding concurrency limit (500)
Details:
2026.09.04-19:12:01.607[31m error[39m [caliper] [connectors/peer-gateway/PeerGateway] 	Failed to perform submit transaction [Set] using arguments [key_0_1_6258,value_6258],  with error: EndorseError: 2 UNKNOWN: too many requests for /gateway.Gateway, exceeding concurrency limit (500)
Details:
2026.09.04-19:12:01.609[31m error[39m [caliper] [connectors/peer-gateway/PeerGateway] 	Failed to perform submit transaction [Set] using arguments [key_0_1_6259,value_6259],  with error: EndorseError: 2 UNKNOWN: too many requests for /gateway.Gateway, exceeding concurrency limit (500)
Details:
2026.09.04-19:12:01.609[31m error[39m [caliper] [connectors/peer-gateway/PeerGateway] 	Failed to perform submit transaction [Set] using arguments [key_0_1_6260,value_6260],  with error: EndorseError: 2 UNKNOWN: too many requests for /gateway.Gateway, exceeding concurrency limit (500)
Details:
2026.09.04-19:12:01.614[31m error[39m [caliper] [connectors/peer-gateway/PeerGateway] 	Failed to perform submit transaction [Set] using arguments [key_0_1_6261,value_6261],  with error: EndorseError: 2 UNKNOWN: too many requests for /gateway.Gateway, exceeding concurrency limit (500)
Details:
2026.09.04-19:12:01.617[31m error[39m [caliper] [connectors/peer-gateway/PeerGateway] 	Failed to perform submit transaction [Set] using arguments [key_0_1_6262,value_6262],  with error: EndorseError: 2 UNKNOWN: too many requests for /gateway.Gateway, exceeding concurrency limit (500)
Details:
2026.09.04-19:12:01.620[31m error[39m [caliper] [connectors/peer-gateway/PeerGateway] 	Failed to perform submit transaction [Set] using arguments [key_0_1_6263,value_6263],  with error: EndorseError: 2 UNKNOWN: too many requests for /gateway.Gateway, exceeding concurrency limit (500)
Details:
2026.09.04-19:12:01.624[31m error[39m [caliper] [connectors/peer-gateway/PeerGateway] 	Failed to perform submit transaction [Set] using arguments [key_0_1_6264,value_6264],  with error: EndorseError: 2 UNKNOWN: too many requests for /gateway.Gateway, exceeding concurrency limit (500)
Details:
2026.09.04-19:12:01.626[31m error[39m [caliper] [connectors/peer-gateway/PeerGateway] 	Failed to perform submit transaction [Set] using arguments [key_0_1_6265,value_6265],  with error: EndorseError: 2 UNKNOWN: too many requests for /gateway.Gateway, exceeding concurrency limit (500)
Details:
2026.09.04-19:12:01.630[31m error[39m [caliper] [connectors/peer-gateway/PeerGateway] 	Failed to perform submit transaction [Set] using arguments [key_0_1_6266,value_6266],  with error: EndorseError: 2 UNKNOWN: too many requests for /gateway.Gateway, exceeding concurrency limit (500)
Details:
2026.09.04-19:12:03.293[31m error[39m [caliper] [connectors/peer-gateway/PeerGateway] 	Failed to perform submit transaction [Set] using arguments [key_0_1_6762,value_6762],  with error: CommitStatusError: 2 UNKNOWN: too many requests for /gateway.Gateway, exceeding concurrency limit (500)
Details:
2026.09.04-19:12:03.295[31m error[39m [caliper] [connectors/peer-gateway/PeerGateway] 	Failed to perform submit transaction [Set] using arguments [key_0_1_6763,value_6763],  with error: CommitStatusError: 2 UNKNOWN: too many requests for /gateway.Gateway, exceeding concurrency limit (500)
Details:
2026.09.04-19:12:03.303[31m error[39m [caliper] [connectors/peer-gateway/PeerGateway] 	Failed to perform submit transaction [Set] using arguments [key_0_1_6764,value_6764],  with error: CommitStatusError: 2 UNKNOWN: too many requests for /gateway.Gateway, exceeding concurrency limit (500)
Details:
2026.09.04-19:12:03.310[31m error[39m [caliper] [connectors/peer-gateway/PeerGateway] 	Failed to perform submit transaction [Set] using arguments [key_0_1_6768,value_6768],  with error: EndorseError: 2 UNKNOWN: too many requests for /gateway.Gateway, exceeding concurrency limit (500)
Details:
2026.09.04-19:12:03.310[31m error[39m [caliper] [connectors/peer-gateway/PeerGateway] 	Failed to perform submit transaction [Set] using arguments [key_0_1_6766,value_6766],  with error: SubmitError: 2 UNKNOWN: too many requests for /gateway.Gateway, exceeding concurrency limit (500)
Details:
2026.09.04-19:12:03.321[31m error[39m [caliper] [connectors/peer-gateway/PeerGateway] 	Failed to perform submit transaction [Set] using arguments [key_0_1_6770,value_6770],  with error: EndorseError: 2 UNKNOWN: too many requests for /gateway.Gateway, exceeding concurrency limit (500)
Details:
2026.09.04-19:12:03.338[31m error[39m [caliper] [connectors/peer-gateway/PeerGateway] 	Failed to perform submit transaction [Set] using arguments [key_0_1_6773,value_6773],  with error: EndorseError: 2 UNKNOWN: too many requests for /gateway.Gateway, exceeding concurrency limit (500)
Details:
2026.09.04-19:12:03.339[31m error[39m [caliper] [connectors/peer-gateway/PeerGateway] 	Failed to perform submit transaction [Set] using arguments [key_0_1_6771,value_6771],  with error: EndorseError: 2 UNKNOWN: too many requests for /gateway.Gateway, exceeding concurrency limit (500)
Details:
2026.09.04-19:12:03.339[31m error[39m [caliper] [connectors/peer-gateway/PeerGateway] 	Failed to perform submit transaction [Set] using arguments [key_0_1_6769,value_6769],  with error: SubmitError: 2 UNKNOWN: too many requests for /gateway.Gateway, exceeding concurrency limit (500)
Details:
2026.09.04-19:12:03.340[31m error[39m [caliper] [connectors/peer-gateway/PeerGateway] 	Failed to perform submit transaction [Set] using arguments [key_0_1_6772,value_6772],  with error: EndorseError: 2 UNKNOWN: too many requests for /gateway.Gateway, exceeding concurrency limit (500)
Details:
2026.09.04-19:12:03.340[31m error[39m [caliper] [connectors/peer-gateway/PeerGateway] 	Failed to perform submit transaction [Set] using arguments [key_0_1_6775,value_6775],  with error: EndorseError: 2 UNKNOWN: too many requests for /gateway.Gateway, exceeding concurrency limit (500)
Details:
2026.09.04-19:12:03.340[31m error[39m [caliper] [connectors/peer-gateway/PeerGateway] 	Failed to perform submit transaction [Set] using arguments [key_0_1_6774,value_6774],  with error: EndorseError: 2 UNKNOWN: too many requests for /gateway.Gateway, exceeding concurrency limit (500)
Details:
2026.09.04-19:12:03.341[31m error[39m [caliper] [connectors/peer-gateway/PeerGateway] 	Failed to perform submit transaction [Set] using arguments [key_0_1_6776,value_6776],  with error: EndorseError: 2 UNKNOWN: too many requests for /gateway.Gateway, exceeding concurrency limit (500)
Details:
2026.09.04-19:12:03.343[31m error[39m [caliper] [connectors/peer-gateway/PeerGateway] 	Failed to perform submit transaction [Set] using arguments [key_0_1_6767,value_6767],  with error: CommitStatusError: 2 UNKNOWN: too many requests for /gateway.Gateway, exceeding concurrency limit (500)
Details:
2026.09.04-19:12:03.343[31m error[39m [caliper] [connectors/peer-gateway/PeerGateway] 	Failed to perform submit transaction [Set] using arguments [key_0_1_6778,value_6778],  with error: EndorseError: 2 UNKNOWN: too many requests for /gateway.Gateway, exceeding concurrency limit (500)
Details:
2026.09.04-19:12:03.346[31m error[39m [caliper] [connectors/peer-gateway/PeerGateway] 	Failed to perform submit transaction [Set] using arguments [key_0_1_6779,value_6779],  with error: EndorseError: 2 UNKNOWN: too many requests for /gateway.Gateway, exceeding concurrency limit (500)
Details:
2026.09.04-19:12:03.349[31m error[39m [caliper] [connectors/peer-gateway/PeerGateway] 	Failed to perform submit transaction [Set] using arguments [key_0_1_6780,value_6780],  with error: EndorseError: 2 UNKNOWN: too many requests for /gateway.Gateway, exceeding concurrency limit (500)
Details:
2026.09.04-19:12:03.352[31m error[39m [caliper] [connectors/peer-gateway/PeerGateway] 	Failed to perform submit transaction [Set] using arguments [key_0_1_6781,value_6781],  with error: EndorseError: 2 UNKNOWN: too many requests for /gateway.Gateway, exceeding concurrency limit (500)
Details:
2026.09.04-19:12:03.352[31m error[39m [caliper] [connectors/peer-gateway/PeerGateway] 	Failed to perform submit transaction [Set] using arguments [key_0_1_6782,value_6782],  with error: EndorseError: 2 UNKNOWN: too many requests for /gateway.Gateway, exceeding concurrency limit (500)
Details:
2026.09.04-19:12:03.355[31m error[39m [caliper] [connectors/peer-gateway/PeerGateway] 	Failed to perform submit transaction [Set] using arguments [key_0_1_6783,value_6783],  with error: EndorseError: 2 UNKNOWN: too many requests for /gateway.Gateway, exceeding concurrency limit (500)
Details:
2026.09.04-19:12:03.358[31m error[39m [caliper] [connectors/peer-gateway/PeerGateway] 	Failed to perform submit transaction [Set] using arguments [key_0_1_6784,value_6784],  with error: EndorseError: 2 UNKNOWN: too many requests for /gateway.Gateway, exceeding concurrency limit (500)
Details:
2026.09.04-19:12:03.361[31m error[39m [caliper] [connectors/peer-gateway/PeerGateway] 	Failed to perform submit transaction [Set] using arguments [key_0_1_6785,value_6785],  with error: EndorseError: 2 UNKNOWN: too many requests for /gateway.Gateway, exceeding concurrency limit (500)
Details:
2026.09.04-19:12:03.368[31m error[39m [caliper] [connectors/peer-gateway/PeerGateway] 	Failed to perform submit transaction [Set] using arguments [key_0_1_6786,value_6786],  with error: EndorseError: 2 UNKNOWN: too many requests for /gateway.Gateway, exceeding concurrency limit (500)
Details:
2026.09.04-19:12:03.371[31m error[39m [caliper] [connectors/peer-gateway/PeerGateway] 	Failed to perform submit transaction [Set] using arguments [key_0_1_6788,value_6788],  with error: EndorseError: 2 UNKNOWN: too many requests for /gateway.Gateway, exceeding concurrency limit (500)
Details:
2026.09.04-19:12:03.372[31m error[39m [caliper] [connectors/peer-gateway/PeerGateway] 	Failed to perform submit transaction [Set] using arguments [key_0_1_6787,value_6787],  with error: EndorseError: 2 UNKNOWN: too many requests for /gateway.Gateway, exceeding concurrency limit (500)
Details:
2026.09.04-19:12:03.375[31m error[39m [caliper] [connectors/peer-gateway/PeerGateway] 	Failed to perform submit transaction [Set] using arguments [key_0_1_6789,value_6789],  with error: EndorseError: 2 UNKNOWN: too many requests for /gateway.Gateway, exceeding concurrency limit (500)
Details:
2026.09.04-19:12:03.380[31m error[39m [caliper] [connectors/peer-gateway/PeerGateway] 	Failed to perform submit transaction [Set] using arguments [key_0_1_6790,value_6790],  with error: EndorseError: 2 UNKNOWN: too many requests for /gateway.Gateway, exceeding concurrency limit (500)
Details:
2026.09.04-19:12:03.386[31m error[39m [caliper] [connectors/peer-gateway/PeerGateway] 	Failed to perform submit transaction [Set] using arguments [key_0_1_6791,value_6791],  with error: EndorseError: 2 UNKNOWN: too many requests for /gateway.Gateway, exceeding concurrency limit (500)
Details:
2026.09.04-19:12:03.390[31m error[39m [caliper] [connectors/peer-gateway/PeerGateway] 	Failed to perform submit transaction [Set] using arguments [key_0_1_6792,value_6792],  with error: EndorseError: 2 UNKNOWN: too many requests for /gateway.Gateway, exceeding concurrency limit (500)
Details:
2026.09.04-19:12:03.390[31m error[39m [caliper] [connectors/peer-gateway/PeerGateway] 	Failed to perform submit transaction [Set] using arguments [key_0_1_6793,value_6793],  with error: EndorseError: 2 UNKNOWN: too many requests for /gateway.Gateway, exceeding concurrency limit (500)
Details:
2026.09.04-19:12:03.391[31m error[39m [caliper] [connectors/peer-gateway/PeerGateway] 	Failed to perform submit transaction [Set] using arguments [key_0_1_6794,value_6794],  with error: EndorseError: 2 UNKNOWN: too many requests for /gateway.Gateway, exceeding concurrency limit (500)
Details:
2026.09.04-19:12:03.395[31m error[39m [caliper] [connectors/peer-gateway/PeerGateway] 	Failed to perform submit transaction [Set] using arguments [key_0_1_6795,value_6795],  with error: EndorseError: 2 UNKNOWN: too many requests for /gateway.Gateway, exceeding concurrency limit (500)
Details:
2026.09.04-19:12:03.402[31m error[39m [caliper] [connectors/peer-gateway/PeerGateway] 	Failed to perform submit transaction [Set] using arguments [key_0_1_6796,value_6796],  with error: EndorseError: 2 UNKNOWN: too many requests for /gateway.Gateway, exceeding concurrency limit (500)
Details:
2026.09.04-19:12:03.405[31m error[39m [caliper] [connectors/peer-gateway/PeerGateway] 	Failed to perform submit transaction [Set] using arguments [key_0_1_6797,value_6797],  with error: EndorseError: 2 UNKNOWN: too many requests for /gateway.Gateway, exceeding concurrency limit (500)
Details:
2026.09.04-19:12:03.413[31m error[39m [caliper] [connectors/peer-gateway/PeerGateway] 	Failed to perform submit transaction [Set] using arguments [key_0_1_6777,value_6777],  with error: CommitStatusError: 2 UNKNOWN: too many requests for /gateway.Gateway, exceeding concurrency limit (500)
Details:
2026.09.04-19:12:03.417[31m error[39m [caliper] [connectors/peer-gateway/PeerGateway] 	Failed to perform submit transaction [Set] using arguments [key_0_1_6799,value_6799],  with error: EndorseError: 2 UNKNOWN: too many requests for /gateway.Gateway, exceeding concurrency limit (500)
Details:
2026.09.04-19:12:03.440[31m error[39m [caliper] [connectors/peer-gateway/PeerGateway] 	Failed to perform submit transaction [Set] using arguments [key_0_1_6800,value_6800],  with error: EndorseError: 2 UNKNOWN: too many requests for /gateway.Gateway, exceeding concurrency limit (500)
Details:
2026.09.04-19:12:03.440[31m error[39m [caliper] [connectors/peer-gateway/PeerGateway] 	Failed to perform submit transaction [Set] using arguments [key_0_1_6802,value_6802],  with error: EndorseError: 2 UNKNOWN: too many requests for /gateway.Gateway, exceeding concurrency limit (500)
Details:
2026.09.04-19:12:03.440[31m error[39m [caliper] [connectors/peer-gateway/PeerGateway] 	Failed to perform submit transaction [Set] using arguments [key_0_1_6803,value_6803],  with error: EndorseError: 2 UNKNOWN: too many requests for /gateway.Gateway, exceeding concurrency limit (500)
Details:
2026.09.04-19:12:03.441[31m error[39m [caliper] [connectors/peer-gateway/PeerGateway] 	Failed to perform submit transaction [Set] using arguments [key_0_1_6804,value_6804],  with error: EndorseError: 2 UNKNOWN: too many requests for /gateway.Gateway, exceeding concurrency limit (500)
Details:
2026.09.04-19:12:03.441[31m error[39m [caliper] [connectors/peer-gateway/PeerGateway] 	Failed to perform submit transaction [Set] using arguments [key_0_1_6801,value_6801],  with error: EndorseError: 2 UNKNOWN: too many requests for /gateway.Gateway, exceeding concurrency limit (500)
Details:
2026.09.04-19:12:03.441[31m error[39m [caliper] [connectors/peer-gateway/PeerGateway] 	Failed to perform submit transaction [Set] using arguments [key_0_1_6805,value_6805],  with error: EndorseError: 2 UNKNOWN: too many requests for /gateway.Gateway, exceeding concurrency limit (500)
Details:
2026.09.04-19:12:03.441[31m error[39m [caliper] [connectors/peer-gateway/PeerGateway] 	Failed to perform submit transaction [Set] using arguments [key_0_1_6806,value_6806],  with error: EndorseError: 2 UNKNOWN: too many requests for /gateway.Gateway, exceeding concurrency limit (500)
Details:
2026.09.04-19:12:03.444[31m error[39m [caliper] [connectors/peer-gateway/PeerGateway] 	Failed to perform submit transaction [Set] using arguments [key_0_1_6807,value_6807],  with error: EndorseError: 2 UNKNOWN: too many requests for /gateway.Gateway, exceeding concurrency limit (500)
Details:
2026.09.04-19:12:03.446[31m error[39m [caliper] [connectors/peer-gateway/PeerGateway] 	Failed to perform submit transaction [Set] using arguments [key_0_1_6798,value_6798],  with error: SubmitError: 2 UNKNOWN: too many requests for /gateway.Gateway, exceeding concurrency limit (500)
Details:
2026.09.04-19:12:03.446[31m error[39m [caliper] [connectors/peer-gateway/PeerGateway] 	Failed to perform submit transaction [Set] using arguments [key_0_1_6809,value_6809],  with error: EndorseError: 2 UNKNOWN: too many requests for /gateway.Gateway, exceeding concurrency limit (500)
Details:
2026.09.04-19:12:03.450[31m error[39m [caliper] [connectors/peer-gateway/PeerGateway] 	Failed to perform submit transaction [Set] using arguments [key_0_1_6810,value_6810],  with error: EndorseError: 2 UNKNOWN: too many requests for /gateway.Gateway, exceeding concurrency limit (500)
Details:
2026.09.04-19:12:03.452[31m error[39m [caliper] [connectors/peer-gateway/PeerGateway] 	Failed to perform submit transaction [Set] using arguments [key_0_1_6811,value_6811],  with error: EndorseError: 2 UNKNOWN: too many requests for /gateway.Gateway, exceeding concurrency limit (500)
Details:
2026.09.04-19:12:03.457[31m error[39m [caliper] [connectors/peer-gateway/PeerGateway] 	Failed to perform submit transaction [Set] using arguments [key_0_1_6808,value_6808],  with error: SubmitError: 2 UNKNOWN: too many requests for /gateway.Gateway, exceeding concurrency limit (500)
Details:
2026.09.04-19:12:03.457[31m error[39m [caliper] [connectors/peer-gateway/PeerGateway] 	Failed to perform submit transaction [Set] using arguments [key_0_1_6813,value_6813],  with error: EndorseError: 2 UNKNOWN: too many requests for /gateway.Gateway, exceeding concurrency limit (500)
Details:
2026.09.04-19:12:03.464[31m error[39m [caliper] [connectors/peer-gateway/PeerGateway] 	Failed to perform submit transaction [Set] using arguments [key_0_1_6814,value_6814],  with error: EndorseError: 2 UNKNOWN: too many requests for /gateway.Gateway, exceeding concurrency limit (500)
Details:
2026.09.04-19:12:03.471[31m error[39m [caliper] [connectors/peer-gateway/PeerGateway] 	Failed to perform submit transaction [Set] using arguments [key_0_1_6812,value_6812],  with error: CommitStatusError: 2 UNKNOWN: too many requests for /gateway.Gateway, exceeding concurrency limit (500)
Details:
2026.09.04-19:12:03.471[31m error[39m [caliper] [connectors/peer-gateway/PeerGateway] 	Failed to perform submit transaction [Set] using arguments [key_0_1_6816,value_6816],  with error: EndorseError: 2 UNKNOWN: too many requests for /gateway.Gateway, exceeding concurrency limit (500)
Details:
2026.09.04-19:12:03.471[31m error[39m [caliper] [connectors/peer-gateway/PeerGateway] 	Failed to perform submit transaction [Set] using arguments [key_0_1_6817,value_6817],  with error: EndorseError: 2 UNKNOWN: too many requests for /gateway.Gateway, exceeding concurrency limit (500)
Details:
2026.09.04-19:12:03.477[31m error[39m [caliper] [connectors/peer-gateway/PeerGateway] 	Failed to perform submit transaction [Set] using arguments [key_0_1_6818,value_6818],  with error: EndorseError: 2 UNKNOWN: too many requests for /gateway.Gateway, exceeding concurrency limit (500)
Details:
2026.09.04-19:12:03.479[31m error[39m [caliper] [connectors/peer-gateway/PeerGateway] 	Failed to perform submit transaction [Set] using arguments [key_0_1_6819,value_6819],  with error: EndorseError: 2 UNKNOWN: too many requests for /gateway.Gateway, exceeding concurrency limit (500)
Details:
2026.09.04-19:12:03.481[31m error[39m [caliper] [connectors/peer-gateway/PeerGateway] 	Failed to perform submit transaction [Set] using arguments [key_0_1_6815,value_6815],  with error: CommitStatusError: 2 UNKNOWN: too many requests for /gateway.Gateway, exceeding concurrency limit (500)
Details:
2026.09.04-19:12:03.483[31m error[39m [caliper] [connectors/peer-gateway/PeerGateway] 	Failed to perform submit transaction [Set] using arguments [key_0_1_6821,value_6821],  with error: EndorseError: 2 UNKNOWN: too many requests for /gateway.Gateway, exceeding concurrency limit (500)
Details:
2026.09.04-19:12:03.484[31m error[39m [caliper] [connectors/peer-gateway/PeerGateway] 	Failed to perform submit transaction [Set] using arguments [key_0_1_6822,value_6822],  with error: EndorseError: 2 UNKNOWN: too many requests for /gateway.Gateway, exceeding concurrency limit (500)
Details:
2026.09.04-19:12:03.489[31m error[39m [caliper] [connectors/peer-gateway/PeerGateway] 	Failed to perform submit transaction [Set] using arguments [key_0_1_6823,value_6823],  with error: EndorseError: 2 UNKNOWN: too many requests for /gateway.Gateway, exceeding concurrency limit (500)
Details:
2026.09.04-19:12:03.490[31m error[39m [caliper] [connectors/peer-gateway/PeerGateway] 	Failed to perform submit transaction [Set] using arguments [key_0_1_6824,value_6824],  with error: EndorseError: 2 UNKNOWN: too many requests for /gateway.Gateway, exceeding concurrency limit (500)
Details:
2026.09.04-19:12:03.495[31m error[39m [caliper] [connectors/peer-gateway/PeerGateway] 	Failed to perform submit transaction [Set] using arguments [key_0_1_6825,value_6825],  with error: EndorseError: 2 UNKNOWN: too many requests for /gateway.Gateway, exceeding concurrency limit (500)
Details:
2026.09.04-19:12:03.497[31m error[39m [caliper] [connectors/peer-gateway/PeerGateway] 	Failed to perform submit transaction [Set] using arguments [key_0_1_6826,value_6826],  with error: EndorseError: 2 UNKNOWN: too many requests for /gateway.Gateway, exceeding concurrency limit (500)
Details:
2026.09.04-19:12:03.501[31m error[39m [caliper] [connectors/peer-gateway/PeerGateway] 	Failed to perform submit transaction [Set] using arguments [key_0_1_6827,value_6827],  with error: EndorseError: 2 UNKNOWN: too many requests for /gateway.Gateway, exceeding concurrency limit (500)
Details:
2026.09.04-19:12:03.503[31m error[39m [caliper] [connectors/peer-gateway/PeerGateway] 	Failed to perform submit transaction [Set] using arguments [key_0_1_6828,value_6828],  with error: EndorseError: 2 UNKNOWN: too many requests for /gateway.Gateway, exceeding concurrency limit (500)
Details:
2026.09.04-19:12:03.507[31m error[39m [caliper] [connectors/peer-gateway/PeerGateway] 	Failed to perform submit transaction [Set] using arguments [key_0_1_6829,value_6829],  with error: EndorseError: 2 UNKNOWN: too many requests for /gateway.Gateway, exceeding concurrency limit (500)
Details:
2026.09.04-19:12:03.511[31m error[39m [caliper] [connectors/peer-gateway/PeerGateway] 	Failed to perform submit transaction [Set] using arguments [key_0_1_6830,value_6830],  with error: EndorseError: 2 UNKNOWN: too many requests for /gateway.Gateway, exceeding concurrency limit (500)
Details:
2026.09.04-19:12:03.514[31m error[39m [caliper] [connectors/peer-gateway/PeerGateway] 	Failed to perform submit transaction [Set] using arguments [key_0_1_6831,value_6831],  with error: EndorseError: 2 UNKNOWN: too many requests for /gateway.Gateway, exceeding concurrency limit (500)
Details:
2026.09.04-19:12:05.172[31m error[39m [caliper] [connectors/peer-gateway/PeerGateway] 	Failed to perform submit transaction [Set] using arguments [key_0_1_7328,value_7328],  with error: EndorseError: 2 UNKNOWN: too many requests for /gateway.Gateway, exceeding concurrency limit (500)
Details:
2026.09.04-19:12:05.183[31m error[39m [caliper] [connectors/peer-gateway/PeerGateway] 	Failed to perform submit transaction [Set] using arguments [key_0_1_7326,value_7326],  with error: CommitStatusError: 2 UNKNOWN: too many requests for /gateway.Gateway, exceeding concurrency limit (500)
Details:
2026.09.04-19:12:05.190[31m error[39m [caliper] [connectors/peer-gateway/PeerGateway] 	Failed to perform submit transaction [Set] using arguments [key_0_1_7327,value_7327],  with error: CommitStatusError: 2 UNKNOWN: too many requests for /gateway.Gateway, exceeding concurrency limit (500)
Details:
2026.09.04-19:12:05.190[31m error[39m [caliper] [connectors/peer-gateway/PeerGateway] 	Failed to perform submit transaction [Set] using arguments [key_0_1_7329,value_7329],  with error: SubmitError: 2 UNKNOWN: too many requests for /gateway.Gateway, exceeding concurrency limit (500)
Details:
2026.09.04-19:12:05.191[31m error[39m [caliper] [connectors/peer-gateway/PeerGateway] 	Failed to perform submit transaction [Set] using arguments [key_0_1_7332,value_7332],  with error: EndorseError: 2 UNKNOWN: too many requests for /gateway.Gateway, exceeding concurrency limit (500)
Details:
2026.09.04-19:12:05.198[31m error[39m [caliper] [connectors/peer-gateway/PeerGateway] 	Failed to perform submit transaction [Set] using arguments [key_0_1_7334,value_7334],  with error: EndorseError: 2 UNKNOWN: too many requests for /gateway.Gateway, exceeding concurrency limit (500)
Details:
2026.09.04-19:12:05.199[31m error[39m [caliper] [connectors/peer-gateway/PeerGateway] 	Failed to perform submit transaction [Set] using arguments [key_0_1_7333,value_7333],  with error: EndorseError: 2 UNKNOWN: too many requests for /gateway.Gateway, exceeding concurrency limit (500)
Details:
2026.09.04-19:12:05.200[31m error[39m [caliper] [connectors/peer-gateway/PeerGateway] 	Failed to perform submit transaction [Set] using arguments [key_0_1_7335,value_7335],  with error: EndorseError: 2 UNKNOWN: too many requests for /gateway.Gateway, exceeding concurrency limit (500)
Details:
2026.09.04-19:12:05.200[31m error[39m [caliper] [connectors/peer-gateway/PeerGateway] 	Failed to perform submit transaction [Set] using arguments [key_0_1_7336,value_7336],  with error: EndorseError: 2 UNKNOWN: too many requests for /gateway.Gateway, exceeding concurrency limit (500)
Details:
2026.09.04-19:12:05.203[31m error[39m [caliper] [connectors/peer-gateway/PeerGateway] 	Failed to perform submit transaction [Set] using arguments [key_0_1_7337,value_7337],  with error: EndorseError: 2 UNKNOWN: too many requests for /gateway.Gateway, exceeding concurrency limit (500)
Details:
2026.09.04-19:12:05.211[31m error[39m [caliper] [connectors/peer-gateway/PeerGateway] 	Failed to perform submit transaction [Set] using arguments [key_0_1_7330,value_7330],  with error: SubmitError: 2 UNKNOWN: too many requests for /gateway.Gateway, exceeding concurrency limit (500)
Details:
2026.09.04-19:12:05.211[31m error[39m [caliper] [connectors/peer-gateway/PeerGateway] 	Failed to perform submit transaction [Set] using arguments [key_0_1_7339,value_7339],  with error: EndorseError: 2 UNKNOWN: too many requests for /gateway.Gateway, exceeding concurrency limit (500)
Details:
2026.09.04-19:12:05.212[31m error[39m [caliper] [connectors/peer-gateway/PeerGateway] 	Failed to perform submit transaction [Set] using arguments [key_0_1_7340,value_7340],  with error: EndorseError: 2 UNKNOWN: too many requests for /gateway.Gateway, exceeding concurrency limit (500)
Details:
2026.09.04-19:12:05.221[31m error[39m [caliper] [connectors/peer-gateway/PeerGateway] 	Failed to perform submit transaction [Set] using arguments [key_0_1_7341,value_7341],  with error: EndorseError: 2 UNKNOWN: too many requests for /gateway.Gateway, exceeding concurrency limit (500)
Details:
2026.09.04-19:12:05.224[31m error[39m [caliper] [connectors/peer-gateway/PeerGateway] 	Failed to perform submit transaction [Set] using arguments [key_0_1_7343,value_7343],  with error: EndorseError: 2 UNKNOWN: too many requests for /gateway.Gateway, exceeding concurrency limit (500)
Details:
2026.09.04-19:12:05.226[31m error[39m [caliper] [connectors/peer-gateway/PeerGateway] 	Failed to perform submit transaction [Set] using arguments [key_0_1_7338,value_7338],  with error: SubmitError: 2 UNKNOWN: too many requests for /gateway.Gateway, exceeding concurrency limit (500)
Details:
2026.09.04-19:12:05.228[31m error[39m [caliper] [connectors/peer-gateway/PeerGateway] 	Failed to perform submit transaction [Set] using arguments [key_0_1_7344,value_7344],  with error: EndorseError: 2 UNKNOWN: too many requests for /gateway.Gateway, exceeding concurrency limit (500)
Details:
2026.09.04-19:12:05.237[31m error[39m [caliper] [connectors/peer-gateway/PeerGateway] 	Failed to perform submit transaction [Set] using arguments [key_0_1_7346,value_7346],  with error: EndorseError: 2 UNKNOWN: too many requests for /gateway.Gateway, exceeding concurrency limit (500)
Details:
2026.09.04-19:12:05.237[31m error[39m [caliper] [connectors/peer-gateway/PeerGateway] 	Failed to perform submit transaction [Set] using arguments [key_0_1_7345,value_7345],  with error: EndorseError: 2 UNKNOWN: too many requests for /gateway.Gateway, exceeding concurrency limit (500)
Details:
2026.09.04-19:12:05.248[31m error[39m [caliper] [connectors/peer-gateway/PeerGateway] 	Failed to perform submit transaction [Set] using arguments [key_0_1_7348,value_7348],  with error: EndorseError: 2 UNKNOWN: too many requests for /gateway.Gateway, exceeding concurrency limit (500)
Details:
2026.09.04-19:12:05.255[31m error[39m [caliper] [connectors/peer-gateway/PeerGateway] 	Failed to perform submit transaction [Set] using arguments [key_0_1_7342,value_7342],  with error: SubmitError: 2 UNKNOWN: too many requests for /gateway.Gateway, exceeding concurrency limit (500)
Details:
2026.09.04-19:12:05.255[31m error[39m [caliper] [connectors/peer-gateway/PeerGateway] 	Failed to perform submit transaction [Set] using arguments [key_0_1_7350,value_7350],  with error: EndorseError: 2 UNKNOWN: too many requests for /gateway.Gateway, exceeding concurrency limit (500)
Details:
2026.09.04-19:12:05.256[31m error[39m [caliper] [connectors/peer-gateway/PeerGateway] 	Failed to perform submit transaction [Set] using arguments [key_0_1_7331,value_7331],  with error: SubmitError: 2 UNKNOWN: too many requests for /gateway.Gateway, exceeding concurrency limit (500)
Details:
2026.09.04-19:12:05.256[31m error[39m [caliper] [connectors/peer-gateway/PeerGateway] 	Failed to perform submit transaction [Set] using arguments [key_0_1_7352,value_7352],  with error: EndorseError: 2 UNKNOWN: too many requests for /gateway.Gateway, exceeding concurrency limit (500)
Details:
2026.09.04-19:12:05.256[31m error[39m [caliper] [connectors/peer-gateway/PeerGateway] 	Failed to perform submit transaction [Set] using arguments [key_0_1_7351,value_7351],  with error: EndorseError: 2 UNKNOWN: too many requests for /gateway.Gateway, exceeding concurrency limit (500)
Details:
2026.09.04-19:12:05.256[31m error[39m [caliper] [connectors/peer-gateway/PeerGateway] 	Failed to perform submit transaction [Set] using arguments [key_0_1_7353,value_7353],  with error: EndorseError: 2 UNKNOWN: too many requests for /gateway.Gateway, exceeding concurrency limit (500)
Details:
2026.09.04-19:12:05.260[31m error[39m [caliper] [connectors/peer-gateway/PeerGateway] 	Failed to perform submit transaction [Set] using arguments [key_0_1_7354,value_7354],  with error: EndorseError: 2 UNKNOWN: too many requests for /gateway.Gateway, exceeding concurrency limit (500)
Details:
2026.09.04-19:12:05.267[31m error[39m [caliper] [connectors/peer-gateway/PeerGateway] 	Failed to perform submit transaction [Set] using arguments [key_0_1_7355,value_7355],  with error: EndorseError: 2 UNKNOWN: too many requests for /gateway.Gateway, exceeding concurrency limit (500)
Details:
2026.09.04-19:12:05.267[31m error[39m [caliper] [connectors/peer-gateway/PeerGateway] 	Failed to perform submit transaction [Set] using arguments [key_0_1_7356,value_7356],  with error: EndorseError: 2 UNKNOWN: too many requests for /gateway.Gateway, exceeding concurrency limit (500)
Details:
2026.09.04-19:12:05.268[31m error[39m [caliper] [connectors/peer-gateway/PeerGateway] 	Failed to perform submit transaction [Set] using arguments [key_0_1_7357,value_7357],  with error: EndorseError: 2 UNKNOWN: too many requests for /gateway.Gateway, exceeding concurrency limit (500)
Details:
2026.09.04-19:12:05.271[31m error[39m [caliper] [connectors/peer-gateway/PeerGateway] 	Failed to perform submit transaction [Set] using arguments [key_0_1_7358,value_7358],  with error: EndorseError: 2 UNKNOWN: too many requests for /gateway.Gateway, exceeding concurrency limit (500)
Details:
2026.09.04-19:12:05.280[31m error[39m [caliper] [connectors/peer-gateway/PeerGateway] 	Failed to perform submit transaction [Set] using arguments [key_0_1_7359,value_7359],  with error: EndorseError: 2 UNKNOWN: too many requests for /gateway.Gateway, exceeding concurrency limit (500)
Details:
2026.09.04-19:12:05.281[31m error[39m [caliper] [connectors/peer-gateway/PeerGateway] 	Failed to perform submit transaction [Set] using arguments [key_0_1_7361,value_7361],  with error: EndorseError: 2 UNKNOWN: too many requests for /gateway.Gateway, exceeding concurrency limit (500)
Details:
2026.09.04-19:12:05.281[31m error[39m [caliper] [connectors/peer-gateway/PeerGateway] 	Failed to perform submit transaction [Set] using arguments [key_0_1_7360,value_7360],  with error: EndorseError: 2 UNKNOWN: too many requests for /gateway.Gateway, exceeding concurrency limit (500)
Details:
2026.09.04-19:12:05.298[31m error[39m [caliper] [connectors/peer-gateway/PeerGateway] 	Failed to perform submit transaction [Set] using arguments [key_0_1_7362,value_7362],  with error: EndorseError: 2 UNKNOWN: too many requests for /gateway.Gateway, exceeding concurrency limit (500)
Details:
2026.09.04-19:12:05.298[31m error[39m [caliper] [connectors/peer-gateway/PeerGateway] 	Failed to perform submit transaction [Set] using arguments [key_0_1_7364,value_7364],  with error: EndorseError: 2 UNKNOWN: too many requests for /gateway.Gateway, exceeding concurrency limit (500)
Details:
2026.09.04-19:12:05.301[31m error[39m [caliper] [connectors/peer-gateway/PeerGateway] 	Failed to perform submit transaction [Set] using arguments [key_0_1_7366,value_7366],  with error: EndorseError: 2 UNKNOWN: too many requests for /gateway.Gateway, exceeding concurrency limit (500)
Details:
2026.09.04-19:12:05.313[31m error[39m [caliper] [connectors/peer-gateway/PeerGateway] 	Failed to perform submit transaction [Set] using arguments [key_0_1_7349,value_7349],  with error: SubmitError: 2 UNKNOWN: too many requests for /gateway.Gateway, exceeding concurrency limit (500)
Details:
2026.09.04-19:12:05.314[31m error[39m [caliper] [connectors/peer-gateway/PeerGateway] 	Failed to perform submit transaction [Set] using arguments [key_0_1_7347,value_7347],  with error: SubmitError: 2 UNKNOWN: too many requests for /gateway.Gateway, exceeding concurrency limit (500)
Details:
2026.09.04-19:12:05.315[31m error[39m [caliper] [connectors/peer-gateway/PeerGateway] 	Failed to perform submit transaction [Set] using arguments [key_0_1_7367,value_7367],  with error: EndorseError: 2 UNKNOWN: too many requests for /gateway.Gateway, exceeding concurrency limit (500)
Details:
2026.09.04-19:12:05.316[31m error[39m [caliper] [connectors/peer-gateway/PeerGateway] 	Failed to perform submit transaction [Set] using arguments [key_0_1_7368,value_7368],  with error: EndorseError: 2 UNKNOWN: too many requests for /gateway.Gateway, exceeding concurrency limit (500)
Details:
2026.09.04-19:12:05.316[31m error[39m [caliper] [connectors/peer-gateway/PeerGateway] 	Failed to perform submit transaction [Set] using arguments [key_0_1_7363,value_7363],  with error: SubmitError: 2 UNKNOWN: too many requests for /gateway.Gateway, exceeding concurrency limit (500)
Details:
2026.09.04-19:12:05.316[31m error[39m [caliper] [connectors/peer-gateway/PeerGateway] 	Failed to perform submit transaction [Set] using arguments [key_0_1_7370,value_7370],  with error: EndorseError: 2 UNKNOWN: too many requests for /gateway.Gateway, exceeding concurrency limit (500)
Details:
2026.09.04-19:12:05.320[31m error[39m [caliper] [connectors/peer-gateway/PeerGateway] 	Failed to perform submit transaction [Set] using arguments [key_0_1_7371,value_7371],  with error: EndorseError: 2 UNKNOWN: too many requests for /gateway.Gateway, exceeding concurrency limit (500)
Details:
2026.09.04-19:12:05.322[31m error[39m [caliper] [connectors/peer-gateway/PeerGateway] 	Failed to perform submit transaction [Set] using arguments [key_0_1_7372,value_7372],  with error: EndorseError: 2 UNKNOWN: too many requests for /gateway.Gateway, exceeding concurrency limit (500)
Details:
2026.09.04-19:12:05.333[31m error[39m [caliper] [connectors/peer-gateway/PeerGateway] 	Failed to perform submit transaction [Set] using arguments [key_0_1_7365,value_7365],  with error: SubmitError: 2 UNKNOWN: too many requests for /gateway.Gateway, exceeding concurrency limit (500)
Details:
2026.09.04-19:12:05.339[31m error[39m [caliper] [connectors/peer-gateway/PeerGateway] 	Failed to perform submit transaction [Set] using arguments [key_0_1_7375,value_7375],  with error: EndorseError: 2 UNKNOWN: too many requests for /gateway.Gateway, exceeding concurrency limit (500)
Details:
2026.09.04-19:12:05.344[31m error[39m [caliper] [connectors/peer-gateway/PeerGateway] 	Failed to perform submit transaction [Set] using arguments [key_0_1_7373,value_7373],  with error: SubmitError: 2 UNKNOWN: too many requests for /gateway.Gateway, exceeding concurrency limit (500)
Details:
2026.09.04-19:12:05.351[31m error[39m [caliper] [connectors/peer-gateway/PeerGateway] 	Failed to perform submit transaction [Set] using arguments [key_0_1_7374,value_7374],  with error: CommitStatusError: 2 UNKNOWN: too many requests for /gateway.Gateway, exceeding concurrency limit (500)
Details:
2026.09.04-19:12:05.351[31m error[39m [caliper] [connectors/peer-gateway/PeerGateway] 	Failed to perform submit transaction [Set] using arguments [key_0_1_7376,value_7376],  with error: CommitStatusError: 2 UNKNOWN: too many requests for /gateway.Gateway, exceeding concurrency limit (500)
Details:
2026.09.04-19:12:05.353[31m error[39m [caliper] [connectors/peer-gateway/PeerGateway] 	Failed to perform submit transaction [Set] using arguments [key_0_1_7377,value_7377],  with error: SubmitError: 2 UNKNOWN: too many requests for /gateway.Gateway, exceeding concurrency limit (500)
Details:
2026.09.04-19:12:05.354[31m error[39m [caliper] [connectors/peer-gateway/PeerGateway] 	Failed to perform submit transaction [Set] using arguments [key_0_1_7379,value_7379],  with error: EndorseError: 2 UNKNOWN: too many requests for /gateway.Gateway, exceeding concurrency limit (500)
Details:
2026.09.04-19:12:05.355[31m error[39m [caliper] [connectors/peer-gateway/PeerGateway] 	Failed to perform submit transaction [Set] using arguments [key_0_1_7380,value_7380],  with error: EndorseError: 2 UNKNOWN: too many requests for /gateway.Gateway, exceeding concurrency limit (500)
Details:
2026.09.04-19:12:05.359[31m error[39m [caliper] [connectors/peer-gateway/PeerGateway] 	Failed to perform submit transaction [Set] using arguments [key_0_1_7381,value_7381],  with error: EndorseError: 2 UNKNOWN: too many requests for /gateway.Gateway, exceeding concurrency limit (500)
Details:
2026.09.04-19:12:05.359[31m error[39m [caliper] [connectors/peer-gateway/PeerGateway] 	Failed to perform submit transaction [Set] using arguments [key_0_1_7382,value_7382],  with error: EndorseError: 2 UNKNOWN: too many requests for /gateway.Gateway, exceeding concurrency limit (500)
Details:
2026.09.04-19:12:05.362[31m error[39m [caliper] [connectors/peer-gateway/PeerGateway] 	Failed to perform submit transaction [Set] using arguments [key_0_1_7383,value_7383],  with error: EndorseError: 2 UNKNOWN: too many requests for /gateway.Gateway, exceeding concurrency limit (500)
Details:
2026.09.04-19:12:05.363[31m error[39m [caliper] [connectors/peer-gateway/PeerGateway] 	Failed to perform submit transaction [Set] using arguments [key_0_1_7384,value_7384],  with error: EndorseError: 2 UNKNOWN: too many requests for /gateway.Gateway, exceeding concurrency limit (500)
Details:
2026.09.04-19:12:05.365[31m error[39m [caliper] [connectors/peer-gateway/PeerGateway] 	Failed to perform submit transaction [Set] using arguments [key_0_1_7385,value_7385],  with error: EndorseError: 2 UNKNOWN: too many requests for /gateway.Gateway, exceeding concurrency limit (500)
Details:
2026.09.04-19:12:05.367[31m error[39m [caliper] [connectors/peer-gateway/PeerGateway] 	Failed to perform submit transaction [Set] using arguments [key_0_1_7386,value_7386],  with error: EndorseError: 2 UNKNOWN: too many requests for /gateway.Gateway, exceeding concurrency limit (500)
Details:
2026.09.04-19:12:05.369[31m error[39m [caliper] [connectors/peer-gateway/PeerGateway] 	Failed to perform submit transaction [Set] using arguments [key_0_1_7387,value_7387],  with error: EndorseError: 2 UNKNOWN: too many requests for /gateway.Gateway, exceeding concurrency limit (500)
Details:
2026.09.04-19:12:05.374[31m error[39m [caliper] [connectors/peer-gateway/PeerGateway] 	Failed to perform submit transaction [Set] using arguments [key_0_1_7388,value_7388],  with error: EndorseError: 2 UNKNOWN: too many requests for /gateway.Gateway, exceeding concurrency limit (500)
Details:
2026.09.04-19:12:05.374[31m error[39m [caliper] [connectors/peer-gateway/PeerGateway] 	Failed to perform submit transaction [Set] using arguments [key_0_1_7389,value_7389],  with error: EndorseError: 2 UNKNOWN: too many requests for /gateway.Gateway, exceeding concurrency limit (500)
Details:
2026.09.04-19:12:05.376[31m error[39m [caliper] [connectors/peer-gateway/PeerGateway] 	Failed to perform submit transaction [Set] using arguments [key_0_1_7390,value_7390],  with error: EndorseError: 2 UNKNOWN: too many requests for /gateway.Gateway, exceeding concurrency limit (500)
Details:
2026.09.04-19:12:05.381[31m error[39m [caliper] [connectors/peer-gateway/PeerGateway] 	Failed to perform submit transaction [Set] using arguments [key_0_1_7391,value_7391],  with error: EndorseError: 2 UNKNOWN: too many requests for /gateway.Gateway, exceeding concurrency limit (500)
Details:
2026.09.04-19:12:05.385[31m error[39m [caliper] [connectors/peer-gateway/PeerGateway] 	Failed to perform submit transaction [Set] using arguments [key_0_1_7392,value_7392],  with error: EndorseError: 2 UNKNOWN: too many requests for /gateway.Gateway, exceeding concurrency limit (500)
Details:
2026.09.04-19:12:05.389[31m error[39m [caliper] [connectors/peer-gateway/PeerGateway] 	Failed to perform submit transaction [Set] using arguments [key_0_1_7393,value_7393],  with error: EndorseError: 2 UNKNOWN: too many requests for /gateway.Gateway, exceeding concurrency limit (500)
Details:
2026.09.04-19:12:05.390[31m error[39m [caliper] [connectors/peer-gateway/PeerGateway] 	Failed to perform submit transaction [Set] using arguments [key_0_1_7394,value_7394],  with error: EndorseError: 2 UNKNOWN: too many requests for /gateway.Gateway, exceeding concurrency limit (500)
Details:
2026.09.04-19:12:05.394[31m error[39m [caliper] [connectors/peer-gateway/PeerGateway] 	Failed to perform submit transaction [Set] using arguments [key_0_1_7395,value_7395],  with error: EndorseError: 2 UNKNOWN: too many requests for /gateway.Gateway, exceeding concurrency limit (500)
Details:
2026.09.04-19:12:05.738[32m info [39m [caliper] [default-observer] 	[blockutil-300-tps Round 1 Transaction Info] - Submitted: 7205 Succ: 5961 Fail:867 Unfinished:377
2026.09.04-19:12:07.044[31m error[39m [caliper] [connectors/peer-gateway/PeerGateway] 	Failed to perform submit transaction [Set] using arguments [key_0_1_7887,value_7887],  with error: CommitStatusError: 2 UNKNOWN: too many requests for /gateway.Gateway, exceeding concurrency limit (500)
Details:
2026.09.04-19:12:07.047[31m error[39m [caliper] [connectors/peer-gateway/PeerGateway] 	Failed to perform submit transaction [Set] using arguments [key_0_1_7891,value_7891],  with error: EndorseError: 2 UNKNOWN: too many requests for /gateway.Gateway, exceeding concurrency limit (500)
Details:
2026.09.04-19:12:07.048[31m error[39m [caliper] [connectors/peer-gateway/PeerGateway] 	Failed to perform submit transaction [Set] using arguments [key_0_1_7889,value_7889],  with error: SubmitError: 2 UNKNOWN: too many requests for /gateway.Gateway, exceeding concurrency limit (500)
Details:
2026.09.04-19:12:07.054[31m error[39m [caliper] [connectors/peer-gateway/PeerGateway] 	Failed to perform submit transaction [Set] using arguments [key_0_1_7890,value_7890],  with error: CommitStatusError: 2 UNKNOWN: too many requests for /gateway.Gateway, exceeding concurrency limit (500)
Details:
2026.09.04-19:12:07.054[31m error[39m [caliper] [connectors/peer-gateway/PeerGateway] 	Failed to perform submit transaction [Set] using arguments [key_0_1_7893,value_7893],  with error: EndorseError: 2 UNKNOWN: too many requests for /gateway.Gateway, exceeding concurrency limit (500)
Details:
2026.09.04-19:12:07.063[31m error[39m [caliper] [connectors/peer-gateway/PeerGateway] 	Failed to perform submit transaction [Set] using arguments [key_0_1_7892,value_7892],  with error: SubmitError: 2 UNKNOWN: too many requests for /gateway.Gateway, exceeding concurrency limit (500)
Details:
2026.09.04-19:12:07.064[31m error[39m [caliper] [connectors/peer-gateway/PeerGateway] 	Failed to perform submit transaction [Set] using arguments [key_0_1_7895,value_7895],  with error: EndorseError: 2 UNKNOWN: too many requests for /gateway.Gateway, exceeding concurrency limit (500)
Details:
2026.09.04-19:12:07.072[31m error[39m [caliper] [connectors/peer-gateway/PeerGateway] 	Failed to perform submit transaction [Set] using arguments [key_0_1_7894,value_7894],  with error: SubmitError: 2 UNKNOWN: too many requests for /gateway.Gateway, exceeding concurrency limit (500)
Details:
2026.09.04-19:12:07.072[31m error[39m [caliper] [connectors/peer-gateway/PeerGateway] 	Failed to perform submit transaction [Set] using arguments [key_0_1_7897,value_7897],  with error: EndorseError: 2 UNKNOWN: too many requests for /gateway.Gateway, exceeding concurrency limit (500)
Details:
2026.09.04-19:12:07.075[31m error[39m [caliper] [connectors/peer-gateway/PeerGateway] 	Failed to perform submit transaction [Set] using arguments [key_0_1_7898,value_7898],  with error: EndorseError: 2 UNKNOWN: too many requests for /gateway.Gateway, exceeding concurrency limit (500)
Details:
2026.09.04-19:12:07.079[31m error[39m [caliper] [connectors/peer-gateway/PeerGateway] 	Failed to perform submit transaction [Set] using arguments [key_0_1_7900,value_7900],  with error: EndorseError: 2 UNKNOWN: too many requests for /gateway.Gateway, exceeding concurrency limit (500)
Details:
2026.09.04-19:12:07.088[31m error[39m [caliper] [connectors/peer-gateway/PeerGateway] 	Failed to perform submit transaction [Set] using arguments [key_0_1_7896,value_7896],  with error: SubmitError: 2 UNKNOWN: too many requests for /gateway.Gateway, exceeding concurrency limit (500)
Details:
2026.09.04-19:12:07.088[31m error[39m [caliper] [connectors/peer-gateway/PeerGateway] 	Failed to perform submit transaction [Set] using arguments [key_0_1_7901,value_7901],  with error: EndorseError: 2 UNKNOWN: too many requests for /gateway.Gateway, exceeding concurrency limit (500)
Details:
2026.09.04-19:12:07.092[31m error[39m [caliper] [connectors/peer-gateway/PeerGateway] 	Failed to perform submit transaction [Set] using arguments [key_0_1_7902,value_7902],  with error: EndorseError: 2 UNKNOWN: too many requests for /gateway.Gateway, exceeding concurrency limit (500)
Details:
2026.09.04-19:12:07.102[31m error[39m [caliper] [connectors/peer-gateway/PeerGateway] 	Failed to perform submit transaction [Set] using arguments [key_0_1_7903,value_7903],  with error: EndorseError: 2 UNKNOWN: too many requests for /gateway.Gateway, exceeding concurrency limit (500)
Details:
2026.09.04-19:12:07.102[31m error[39m [caliper] [connectors/peer-gateway/PeerGateway] 	Failed to perform submit transaction [Set] using arguments [key_0_1_7905,value_7905],  with error: EndorseError: 2 UNKNOWN: too many requests for /gateway.Gateway, exceeding concurrency limit (500)
Details:
2026.09.04-19:12:07.104[31m error[39m [caliper] [connectors/peer-gateway/PeerGateway] 	Failed to perform submit transaction [Set] using arguments [key_0_1_7904,value_7904],  with error: EndorseError: 2 UNKNOWN: too many requests for /gateway.Gateway, exceeding concurrency limit (500)
Details:
2026.09.04-19:12:07.106[31m error[39m [caliper] [connectors/peer-gateway/PeerGateway] 	Failed to perform submit transaction [Set] using arguments [key_0_1_7899,value_7899],  with error: CommitStatusError: 2 UNKNOWN: too many requests for /gateway.Gateway, exceeding concurrency limit (500)
Details:
2026.09.04-19:12:07.107[31m error[39m [caliper] [connectors/peer-gateway/PeerGateway] 	Failed to perform submit transaction [Set] using arguments [key_0_1_7907,value_7907],  with error: EndorseError: 2 UNKNOWN: too many requests for /gateway.Gateway, exceeding concurrency limit (500)
Details:
2026.09.04-19:12:07.107[31m error[39m [caliper] [connectors/peer-gateway/PeerGateway] 	Failed to perform submit transaction [Set] using arguments [key_0_1_7908,value_7908],  with error: EndorseError: 2 UNKNOWN: too many requests for /gateway.Gateway, exceeding concurrency limit (500)
Details:
2026.09.04-19:12:07.115[31m error[39m [caliper] [connectors/peer-gateway/PeerGateway] 	Failed to perform submit transaction [Set] using arguments [key_0_1_7909,value_7909],  with error: EndorseError: 2 UNKNOWN: too many requests for /gateway.Gateway, exceeding concurrency limit (500)
Details:
2026.09.04-19:12:07.122[31m error[39m [caliper] [connectors/peer-gateway/PeerGateway] 	Failed to perform submit transaction [Set] using arguments [key_0_1_7910,value_7910],  with error: EndorseError: 2 UNKNOWN: too many requests for /gateway.Gateway, exceeding concurrency limit (500)
Details:
2026.09.04-19:12:07.126[31m error[39m [caliper] [connectors/peer-gateway/PeerGateway] 	Failed to perform submit transaction [Set] using arguments [key_0_1_7911,value_7911],  with error: EndorseError: 2 UNKNOWN: too many requests for /gateway.Gateway, exceeding concurrency limit (500)
Details:
2026.09.04-19:12:07.126[31m error[39m [caliper] [connectors/peer-gateway/PeerGateway] 	Failed to perform submit transaction [Set] using arguments [key_0_1_7914,value_7914],  with error: EndorseError: 2 UNKNOWN: too many requests for /gateway.Gateway, exceeding concurrency limit (500)
Details:
2026.09.04-19:12:07.127[31m error[39m [caliper] [connectors/peer-gateway/PeerGateway] 	Failed to perform submit transaction [Set] using arguments [key_0_1_7913,value_7913],  with error: EndorseError: 2 UNKNOWN: too many requests for /gateway.Gateway, exceeding concurrency limit (500)
Details:
2026.09.04-19:12:07.127[31m error[39m [caliper] [connectors/peer-gateway/PeerGateway] 	Failed to perform submit transaction [Set] using arguments [key_0_1_7906,value_7906],  with error: SubmitError: 2 UNKNOWN: too many requests for /gateway.Gateway, exceeding concurrency limit (500)
Details:
2026.09.04-19:12:07.130[31m error[39m [caliper] [connectors/peer-gateway/PeerGateway] 	Failed to perform submit transaction [Set] using arguments [key_0_1_7915,value_7915],  with error: EndorseError: 2 UNKNOWN: too many requests for /gateway.Gateway, exceeding concurrency limit (500)
Details:
2026.09.04-19:12:07.137[31m error[39m [caliper] [connectors/peer-gateway/PeerGateway] 	Failed to perform submit transaction [Set] using arguments [key_0_1_7912,value_7912],  with error: SubmitError: 2 UNKNOWN: too many requests for /gateway.Gateway, exceeding concurrency limit (500)
Details:
2026.09.04-19:12:07.141[31m error[39m [caliper] [connectors/peer-gateway/PeerGateway] 	Failed to perform submit transaction [Set] using arguments [key_0_1_7918,value_7918],  with error: EndorseError: 2 UNKNOWN: too many requests for /gateway.Gateway, exceeding concurrency limit (500)
Details:
2026.09.04-19:12:07.149[31m error[39m [caliper] [connectors/peer-gateway/PeerGateway] 	Failed to perform submit transaction [Set] using arguments [key_0_1_7917,value_7917],  with error: EndorseError: 2 UNKNOWN: too many requests for /gateway.Gateway, exceeding concurrency limit (500)
Details:
2026.09.04-19:12:07.150[31m error[39m [caliper] [connectors/peer-gateway/PeerGateway] 	Failed to perform submit transaction [Set] using arguments [key_0_1_7921,value_7921],  with error: EndorseError: 2 UNKNOWN: too many requests for /gateway.Gateway, exceeding concurrency limit (500)
Details:
2026.09.04-19:12:07.150[31m error[39m [caliper] [connectors/peer-gateway/PeerGateway] 	Failed to perform submit transaction [Set] using arguments [key_0_1_7919,value_7919],  with error: EndorseError: 2 UNKNOWN: too many requests for /gateway.Gateway, exceeding concurrency limit (500)
Details:
2026.09.04-19:12:07.150[31m error[39m [caliper] [connectors/peer-gateway/PeerGateway] 	Failed to perform submit transaction [Set] using arguments [key_0_1_7920,value_7920],  with error: EndorseError: 2 UNKNOWN: too many requests for /gateway.Gateway, exceeding concurrency limit (500)
Details:
2026.09.04-19:12:07.155[31m error[39m [caliper] [connectors/peer-gateway/PeerGateway] 	Failed to perform submit transaction [Set] using arguments [key_0_1_7922,value_7922],  with error: EndorseError: 2 UNKNOWN: too many requests for /gateway.Gateway, exceeding concurrency limit (500)
Details:
2026.09.04-19:12:07.159[31m error[39m [caliper] [connectors/peer-gateway/PeerGateway] 	Failed to perform submit transaction [Set] using arguments [key_0_1_7924,value_7924],  with error: EndorseError: 2 UNKNOWN: too many requests for /gateway.Gateway, exceeding concurrency limit (500)
Details:
2026.09.04-19:12:07.160[31m error[39m [caliper] [connectors/peer-gateway/PeerGateway] 	Failed to perform submit transaction [Set] using arguments [key_0_1_7923,value_7923],  with error: EndorseError: 2 UNKNOWN: too many requests for /gateway.Gateway, exceeding concurrency limit (500)
Details:
2026.09.04-19:12:07.164[31m error[39m [caliper] [connectors/peer-gateway/PeerGateway] 	Failed to perform submit transaction [Set] using arguments [key_0_1_7925,value_7925],  with error: EndorseError: 2 UNKNOWN: too many requests for /gateway.Gateway, exceeding concurrency limit (500)
Details:
2026.09.04-19:12:07.168[31m error[39m [caliper] [connectors/peer-gateway/PeerGateway] 	Failed to perform submit transaction [Set] using arguments [key_0_1_7926,value_7926],  with error: EndorseError: 2 UNKNOWN: too many requests for /gateway.Gateway, exceeding concurrency limit (500)
Details:
2026.09.04-19:12:07.170[31m error[39m [caliper] [connectors/peer-gateway/PeerGateway] 	Failed to perform submit transaction [Set] using arguments [key_0_1_7927,value_7927],  with error: EndorseError: 2 UNKNOWN: too many requests for /gateway.Gateway, exceeding concurrency limit (500)
Details:
2026.09.04-19:12:07.171[31m error[39m [caliper] [connectors/peer-gateway/PeerGateway] 	Failed to perform submit transaction [Set] using arguments [key_0_1_7928,value_7928],  with error: EndorseError: 2 UNKNOWN: too many requests for /gateway.Gateway, exceeding concurrency limit (500)
Details:
2026.09.04-19:12:07.175[31m error[39m [caliper] [connectors/peer-gateway/PeerGateway] 	Failed to perform submit transaction [Set] using arguments [key_0_1_7929,value_7929],  with error: EndorseError: 2 UNKNOWN: too many requests for /gateway.Gateway, exceeding concurrency limit (500)
Details:
2026.09.04-19:12:07.179[31m error[39m [caliper] [connectors/peer-gateway/PeerGateway] 	Failed to perform submit transaction [Set] using arguments [key_0_1_7930,value_7930],  with error: EndorseError: 2 UNKNOWN: too many requests for /gateway.Gateway, exceeding concurrency limit (500)
Details:
2026.09.04-19:12:07.184[31m error[39m [caliper] [connectors/peer-gateway/PeerGateway] 	Failed to perform submit transaction [Set] using arguments [key_0_1_7931,value_7931],  with error: EndorseError: 2 UNKNOWN: too many requests for /gateway.Gateway, exceeding concurrency limit (500)
Details:
2026.09.04-19:12:07.197[31m error[39m [caliper] [connectors/peer-gateway/PeerGateway] 	Failed to perform submit transaction [Set] using arguments [key_0_1_7936,value_7936],  with error: EndorseError: 2 UNKNOWN: too many requests for /gateway.Gateway, exceeding concurrency limit (500)
Details:
2026.09.04-19:12:07.200[31m error[39m [caliper] [connectors/peer-gateway/PeerGateway] 	Failed to perform submit transaction [Set] using arguments [key_0_1_7932,value_7932],  with error: EndorseError: 2 UNKNOWN: too many requests for /gateway.Gateway, exceeding concurrency limit (500)
Details:
2026.09.04-19:12:07.200[31m error[39m [caliper] [connectors/peer-gateway/PeerGateway] 	Failed to perform submit transaction [Set] using arguments [key_0_1_7935,value_7935],  with error: EndorseError: 2 UNKNOWN: too many requests for /gateway.Gateway, exceeding concurrency limit (500)
Details:
2026.09.04-19:12:07.201[31m error[39m [caliper] [connectors/peer-gateway/PeerGateway] 	Failed to perform submit transaction [Set] using arguments [key_0_1_7934,value_7934],  with error: EndorseError: 2 UNKNOWN: too many requests for /gateway.Gateway, exceeding concurrency limit (500)
Details:
2026.09.04-19:12:07.201[31m error[39m [caliper] [connectors/peer-gateway/PeerGateway] 	Failed to perform submit transaction [Set] using arguments [key_0_1_7933,value_7933],  with error: EndorseError: 2 UNKNOWN: too many requests for /gateway.Gateway, exceeding concurrency limit (500)
Details:
2026.09.04-19:12:07.205[31m error[39m [caliper] [connectors/peer-gateway/PeerGateway] 	Failed to perform submit transaction [Set] using arguments [key_0_1_7937,value_7937],  with error: EndorseError: 2 UNKNOWN: too many requests for /gateway.Gateway, exceeding concurrency limit (500)
Details:
2026.09.04-19:12:07.209[31m error[39m [caliper] [connectors/peer-gateway/PeerGateway] 	Failed to perform submit transaction [Set] using arguments [key_0_1_7938,value_7938],  with error: EndorseError: 2 UNKNOWN: too many requests for /gateway.Gateway, exceeding concurrency limit (500)
Details:
2026.09.04-19:12:07.211[31m error[39m [caliper] [connectors/peer-gateway/PeerGateway] 	Failed to perform submit transaction [Set] using arguments [key_0_1_7939,value_7939],  with error: EndorseError: 2 UNKNOWN: too many requests for /gateway.Gateway, exceeding concurrency limit (500)
Details:
2026.09.04-19:12:07.214[31m error[39m [caliper] [connectors/peer-gateway/PeerGateway] 	Failed to perform submit transaction [Set] using arguments [key_0_1_7940,value_7940],  with error: EndorseError: 2 UNKNOWN: too many requests for /gateway.Gateway, exceeding concurrency limit (500)
Details:
2026.09.04-19:12:07.214[31m error[39m [caliper] [connectors/peer-gateway/PeerGateway] 	Failed to perform submit transaction [Set] using arguments [key_0_1_7941,value_7941],  with error: EndorseError: 2 UNKNOWN: too many requests for /gateway.Gateway, exceeding concurrency limit (500)
Details:
2026.09.04-19:12:07.217[31m error[39m [caliper] [connectors/peer-gateway/PeerGateway] 	Failed to perform submit transaction [Set] using arguments [key_0_1_7942,value_7942],  with error: EndorseError: 2 UNKNOWN: too many requests for /gateway.Gateway, exceeding concurrency limit (500)
Details:
2026.09.04-19:12:07.221[31m error[39m [caliper] [connectors/peer-gateway/PeerGateway] 	Failed to perform submit transaction [Set] using arguments [key_0_1_7943,value_7943],  with error: EndorseError: 2 UNKNOWN: too many requests for /gateway.Gateway, exceeding concurrency limit (500)
Details:
2026.09.04-19:12:07.225[31m error[39m [caliper] [connectors/peer-gateway/PeerGateway] 	Failed to perform submit transaction [Set] using arguments [key_0_1_7944,value_7944],  with error: EndorseError: 2 UNKNOWN: too many requests for /gateway.Gateway, exceeding concurrency limit (500)
Details:
2026.09.04-19:12:07.227[31m error[39m [caliper] [connectors/peer-gateway/PeerGateway] 	Failed to perform submit transaction [Set] using arguments [key_0_1_7945,value_7945],  with error: EndorseError: 2 UNKNOWN: too many requests for /gateway.Gateway, exceeding concurrency limit (500)
Details:
2026.09.04-19:12:07.231[31m error[39m [caliper] [connectors/peer-gateway/PeerGateway] 	Failed to perform submit transaction [Set] using arguments [key_0_1_7946,value_7946],  with error: EndorseError: 2 UNKNOWN: too many requests for /gateway.Gateway, exceeding concurrency limit (500)
Details:
2026.09.04-19:12:07.234[31m error[39m [caliper] [connectors/peer-gateway/PeerGateway] 	Failed to perform submit transaction [Set] using arguments [key_0_1_7947,value_7947],  with error: EndorseError: 2 UNKNOWN: too many requests for /gateway.Gateway, exceeding concurrency limit (500)
Details:
2026.09.04-19:12:07.238[31m error[39m [caliper] [connectors/peer-gateway/PeerGateway] 	Failed to perform submit transaction [Set] using arguments [key_0_1_7948,value_7948],  with error: EndorseError: 2 UNKNOWN: too many requests for /gateway.Gateway, exceeding concurrency limit (500)
Details:
2026.09.04-19:12:07.239[31m error[39m [caliper] [connectors/peer-gateway/PeerGateway] 	Failed to perform submit transaction [Set] using arguments [key_0_1_7949,value_7949],  with error: EndorseError: 2 UNKNOWN: too many requests for /gateway.Gateway, exceeding concurrency limit (500)
Details:
2026.09.04-19:12:07.245[31m error[39m [caliper] [connectors/peer-gateway/PeerGateway] 	Failed to perform submit transaction [Set] using arguments [key_0_1_7950,value_7950],  with error: EndorseError: 2 UNKNOWN: too many requests for /gateway.Gateway, exceeding concurrency limit (500)
Details:
2026.09.04-19:12:07.248[31m error[39m [caliper] [connectors/peer-gateway/PeerGateway] 	Failed to perform submit transaction [Set] using arguments [key_0_1_7951,value_7951],  with error: EndorseError: 2 UNKNOWN: too many requests for /gateway.Gateway, exceeding concurrency limit (500)
Details:
2026.09.04-19:12:07.250[31m error[39m [caliper] [connectors/peer-gateway/PeerGateway] 	Failed to perform submit transaction [Set] using arguments [key_0_1_7952,value_7952],  with error: EndorseError: 2 UNKNOWN: too many requests for /gateway.Gateway, exceeding concurrency limit (500)
Details:
2026.09.04-19:12:07.254[31m error[39m [caliper] [connectors/peer-gateway/PeerGateway] 	Failed to perform submit transaction [Set] using arguments [key_0_1_7953,value_7953],  with error: EndorseError: 2 UNKNOWN: too many requests for /gateway.Gateway, exceeding concurrency limit (500)
Details:
2026.09.04-19:12:07.257[31m error[39m [caliper] [connectors/peer-gateway/PeerGateway] 	Failed to perform submit transaction [Set] using arguments [key_0_1_7954,value_7954],  with error: EndorseError: 2 UNKNOWN: too many requests for /gateway.Gateway, exceeding concurrency limit (500)
Details:
2026.09.04-19:12:07.261[31m error[39m [caliper] [connectors/peer-gateway/PeerGateway] 	Failed to perform submit transaction [Set] using arguments [key_0_1_7955,value_7955],  with error: EndorseError: 2 UNKNOWN: too many requests for /gateway.Gateway, exceeding concurrency limit (500)
Details:
2026.09.04-19:12:07.264[31m error[39m [caliper] [connectors/peer-gateway/PeerGateway] 	Failed to perform submit transaction [Set] using arguments [key_0_1_7956,value_7956],  with error: EndorseError: 2 UNKNOWN: too many requests for /gateway.Gateway, exceeding concurrency limit (500)
Details:
2026.09.04-19:12:07.268[31m error[39m [caliper] [connectors/peer-gateway/PeerGateway] 	Failed to perform submit transaction [Set] using arguments [key_0_1_7957,value_7957],  with error: EndorseError: 2 UNKNOWN: too many requests for /gateway.Gateway, exceeding concurrency limit (500)
Details:
2026.09.04-19:12:08.925[31m error[39m [caliper] [connectors/peer-gateway/PeerGateway] 	Failed to perform submit transaction [Set] using arguments [key_0_1_8453,value_8453],  with error: SubmitError: 2 UNKNOWN: too many requests for /gateway.Gateway, exceeding concurrency limit (500)
Details:
2026.09.04-19:12:08.926[31m error[39m [caliper] [connectors/peer-gateway/PeerGateway] 	Failed to perform submit transaction [Set] using arguments [key_0_1_8455,value_8455],  with error: EndorseError: 2 UNKNOWN: too many requests for /gateway.Gateway, exceeding concurrency limit (500)
Details:
2026.09.04-19:12:08.930[31m error[39m [caliper] [connectors/peer-gateway/PeerGateway] 	Failed to perform submit transaction [Set] using arguments [key_0_1_8456,value_8456],  with error: EndorseError: 2 UNKNOWN: too many requests for /gateway.Gateway, exceeding concurrency limit (500)
Details:
2026.09.04-19:12:08.935[31m error[39m [caliper] [connectors/peer-gateway/PeerGateway] 	Failed to perform submit transaction [Set] using arguments [key_0_1_8457,value_8457],  with error: EndorseError: 2 UNKNOWN: too many requests for /gateway.Gateway, exceeding concurrency limit (500)
Details:
2026.09.04-19:12:08.935[31m error[39m [caliper] [connectors/peer-gateway/PeerGateway] 	Failed to perform submit transaction [Set] using arguments [key_0_1_8458,value_8458],  with error: EndorseError: 2 UNKNOWN: too many requests for /gateway.Gateway, exceeding concurrency limit (500)
Details:
2026.09.04-19:12:08.941[31m error[39m [caliper] [connectors/peer-gateway/PeerGateway] 	Failed to perform submit transaction [Set] using arguments [key_0_1_8459,value_8459],  with error: EndorseError: 2 UNKNOWN: too many requests for /gateway.Gateway, exceeding concurrency limit (500)
Details:
2026.09.04-19:12:08.948[31m error[39m [caliper] [connectors/peer-gateway/PeerGateway] 	Failed to perform submit transaction [Set] using arguments [key_0_1_8460,value_8460],  with error: EndorseError: 2 UNKNOWN: too many requests for /gateway.Gateway, exceeding concurrency limit (500)
Details:
2026.09.04-19:12:08.950[31m error[39m [caliper] [connectors/peer-gateway/PeerGateway] 	Failed to perform submit transaction [Set] using arguments [key_0_1_8461,value_8461],  with error: EndorseError: 2 UNKNOWN: too many requests for /gateway.Gateway, exceeding concurrency limit (500)
Details:
2026.09.04-19:12:08.951[31m error[39m [caliper] [connectors/peer-gateway/PeerGateway] 	Failed to perform submit transaction [Set] using arguments [key_0_1_8462,value_8462],  with error: EndorseError: 2 UNKNOWN: too many requests for /gateway.Gateway, exceeding concurrency limit (500)
Details:
2026.09.04-19:12:08.958[31m error[39m [caliper] [connectors/peer-gateway/PeerGateway] 	Failed to perform submit transaction [Set] using arguments [key_0_1_8463,value_8463],  with error: EndorseError: 2 UNKNOWN: too many requests for /gateway.Gateway, exceeding concurrency limit (500)
Details:
2026.09.04-19:12:08.962[31m error[39m [caliper] [connectors/peer-gateway/PeerGateway] 	Failed to perform submit transaction [Set] using arguments [key_0_1_8464,value_8464],  with error: EndorseError: 2 UNKNOWN: too many requests for /gateway.Gateway, exceeding concurrency limit (500)
Details:
2026.09.04-19:12:08.969[31m error[39m [caliper] [connectors/peer-gateway/PeerGateway] 	Failed to perform submit transaction [Set] using arguments [key_0_1_8466,value_8466],  with error: EndorseError: 2 UNKNOWN: too many requests for /gateway.Gateway, exceeding concurrency limit (500)
Details:
2026.09.04-19:12:08.970[31m error[39m [caliper] [connectors/peer-gateway/PeerGateway] 	Failed to perform submit transaction [Set] using arguments [key_0_1_8465,value_8465],  with error: EndorseError: 2 UNKNOWN: too many requests for /gateway.Gateway, exceeding concurrency limit (500)
Details:
2026.09.04-19:12:08.975[31m error[39m [caliper] [connectors/peer-gateway/PeerGateway] 	Failed to perform submit transaction [Set] using arguments [key_0_1_8467,value_8467],  with error: EndorseError: 2 UNKNOWN: too many requests for /gateway.Gateway, exceeding concurrency limit (500)
Details:
2026.09.04-19:12:08.977[31m error[39m [caliper] [connectors/peer-gateway/PeerGateway] 	Failed to perform submit transaction [Set] using arguments [key_0_1_8468,value_8468],  with error: EndorseError: 2 UNKNOWN: too many requests for /gateway.Gateway, exceeding concurrency limit (500)
Details:
2026.09.04-19:12:08.978[31m error[39m [caliper] [connectors/peer-gateway/PeerGateway] 	Failed to perform submit transaction [Set] using arguments [key_0_1_8469,value_8469],  with error: EndorseError: 2 UNKNOWN: too many requests for /gateway.Gateway, exceeding concurrency limit (500)
Details:
2026.09.04-19:12:08.982[31m error[39m [caliper] [connectors/peer-gateway/PeerGateway] 	Failed to perform submit transaction [Set] using arguments [key_0_1_8470,value_8470],  with error: EndorseError: 2 UNKNOWN: too many requests for /gateway.Gateway, exceeding concurrency limit (500)
Details:
2026.09.04-19:12:08.985[31m error[39m [caliper] [connectors/peer-gateway/PeerGateway] 	Failed to perform submit transaction [Set] using arguments [key_0_1_8471,value_8471],  with error: EndorseError: 2 UNKNOWN: too many requests for /gateway.Gateway, exceeding concurrency limit (500)
Details:
2026.09.04-19:12:08.994[31m error[39m [caliper] [connectors/peer-gateway/PeerGateway] 	Failed to perform submit transaction [Set] using arguments [key_0_1_8472,value_8472],  with error: EndorseError: 2 UNKNOWN: too many requests for /gateway.Gateway, exceeding concurrency limit (500)
Details:
2026.09.04-19:12:08.995[31m error[39m [caliper] [connectors/peer-gateway/PeerGateway] 	Failed to perform submit transaction [Set] using arguments [key_0_1_8473,value_8473],  with error: EndorseError: 2 UNKNOWN: too many requests for /gateway.Gateway, exceeding concurrency limit (500)
Details:
2026.09.04-19:12:08.995[31m error[39m [caliper] [connectors/peer-gateway/PeerGateway] 	Failed to perform submit transaction [Set] using arguments [key_0_1_8474,value_8474],  with error: EndorseError: 2 UNKNOWN: too many requests for /gateway.Gateway, exceeding concurrency limit (500)
Details:
2026.09.04-19:12:08.997[31m error[39m [caliper] [connectors/peer-gateway/PeerGateway] 	Failed to perform submit transaction [Set] using arguments [key_0_1_8475,value_8475],  with error: EndorseError: 2 UNKNOWN: too many requests for /gateway.Gateway, exceeding concurrency limit (500)
Details:
2026.09.04-19:12:09.000[31m error[39m [caliper] [connectors/peer-gateway/PeerGateway] 	Failed to perform submit transaction [Set] using arguments [key_0_1_8476,value_8476],  with error: EndorseError: 2 UNKNOWN: too many requests for /gateway.Gateway, exceeding concurrency limit (500)
Details:
2026.09.04-19:12:09.000[31m error[39m [caliper] [connectors/peer-gateway/PeerGateway] 	Failed to perform submit transaction [Set] using arguments [key_0_1_8477,value_8477],  with error: EndorseError: 2 UNKNOWN: too many requests for /gateway.Gateway, exceeding concurrency limit (500)
Details:
2026.09.04-19:12:09.008[31m error[39m [caliper] [connectors/peer-gateway/PeerGateway] 	Failed to perform submit transaction [Set] using arguments [key_0_1_8478,value_8478],  with error: EndorseError: 2 UNKNOWN: too many requests for /gateway.Gateway, exceeding concurrency limit (500)
Details:
2026.09.04-19:12:09.011[31m error[39m [caliper] [connectors/peer-gateway/PeerGateway] 	Failed to perform submit transaction [Set] using arguments [key_0_1_8479,value_8479],  with error: EndorseError: 2 UNKNOWN: too many requests for /gateway.Gateway, exceeding concurrency limit (500)
Details:
2026.09.04-19:12:09.015[31m error[39m [caliper] [connectors/peer-gateway/PeerGateway] 	Failed to perform submit transaction [Set] using arguments [key_0_1_8480,value_8480],  with error: EndorseError: 2 UNKNOWN: too many requests for /gateway.Gateway, exceeding concurrency limit (500)
Details:
2026.09.04-19:12:09.017[31m error[39m [caliper] [connectors/peer-gateway/PeerGateway] 	Failed to perform submit transaction [Set] using arguments [key_0_1_8481,value_8481],  with error: EndorseError: 2 UNKNOWN: too many requests for /gateway.Gateway, exceeding concurrency limit (500)
Details:
2026.09.04-19:12:09.028[31m error[39m [caliper] [connectors/peer-gateway/PeerGateway] 	Failed to perform submit transaction [Set] using arguments [key_0_1_8482,value_8482],  with error: EndorseError: 2 UNKNOWN: too many requests for /gateway.Gateway, exceeding concurrency limit (500)
Details:
2026.09.04-19:12:09.030[31m error[39m [caliper] [connectors/peer-gateway/PeerGateway] 	Failed to perform submit transaction [Set] using arguments [key_0_1_8485,value_8485],  with error: EndorseError: 2 UNKNOWN: too many requests for /gateway.Gateway, exceeding concurrency limit (500)
Details:
2026.09.04-19:12:09.031[31m error[39m [caliper] [connectors/peer-gateway/PeerGateway] 	Failed to perform submit transaction [Set] using arguments [key_0_1_8484,value_8484],  with error: EndorseError: 2 UNKNOWN: too many requests for /gateway.Gateway, exceeding concurrency limit (500)
Details:
2026.09.04-19:12:09.031[31m error[39m [caliper] [connectors/peer-gateway/PeerGateway] 	Failed to perform submit transaction [Set] using arguments [key_0_1_8483,value_8483],  with error: EndorseError: 2 UNKNOWN: too many requests for /gateway.Gateway, exceeding concurrency limit (500)
Details:
2026.09.04-19:12:09.033[31m error[39m [caliper] [connectors/peer-gateway/PeerGateway] 	Failed to perform submit transaction [Set] using arguments [key_0_1_8486,value_8486],  with error: EndorseError: 2 UNKNOWN: too many requests for /gateway.Gateway, exceeding concurrency limit (500)
Details:
2026.09.04-19:12:09.034[31m error[39m [caliper] [connectors/peer-gateway/PeerGateway] 	Failed to perform submit transaction [Set] using arguments [key_0_1_8487,value_8487],  with error: EndorseError: 2 UNKNOWN: too many requests for /gateway.Gateway, exceeding concurrency limit (500)
Details:
2026.09.04-19:12:09.040[31m error[39m [caliper] [connectors/peer-gateway/PeerGateway] 	Failed to perform submit transaction [Set] using arguments [key_0_1_8488,value_8488],  with error: EndorseError: 2 UNKNOWN: too many requests for /gateway.Gateway, exceeding concurrency limit (500)
Details:
2026.09.04-19:12:09.040[31m error[39m [caliper] [connectors/peer-gateway/PeerGateway] 	Failed to perform submit transaction [Set] using arguments [key_0_1_8489,value_8489],  with error: EndorseError: 2 UNKNOWN: too many requests for /gateway.Gateway, exceeding concurrency limit (500)
Details:
2026.09.04-19:12:09.049[31m error[39m [caliper] [connectors/peer-gateway/PeerGateway] 	Failed to perform submit transaction [Set] using arguments [key_0_1_8490,value_8490],  with error: EndorseError: 2 UNKNOWN: too many requests for /gateway.Gateway, exceeding concurrency limit (500)
Details:
2026.09.04-19:12:09.049[31m error[39m [caliper] [connectors/peer-gateway/PeerGateway] 	Failed to perform submit transaction [Set] using arguments [key_0_1_8491,value_8491],  with error: EndorseError: 2 UNKNOWN: too many requests for /gateway.Gateway, exceeding concurrency limit (500)
Details:
2026.09.04-19:12:09.058[31m error[39m [caliper] [connectors/peer-gateway/PeerGateway] 	Failed to perform submit transaction [Set] using arguments [key_0_1_8492,value_8492],  with error: EndorseError: 2 UNKNOWN: too many requests for /gateway.Gateway, exceeding concurrency limit (500)
Details:
2026.09.04-19:12:09.059[31m error[39m [caliper] [connectors/peer-gateway/PeerGateway] 	Failed to perform submit transaction [Set] using arguments [key_0_1_8493,value_8493],  with error: EndorseError: 2 UNKNOWN: too many requests for /gateway.Gateway, exceeding concurrency limit (500)
Details:
2026.09.04-19:12:09.059[31m error[39m [caliper] [connectors/peer-gateway/PeerGateway] 	Failed to perform submit transaction [Set] using arguments [key_0_1_8494,value_8494],  with error: EndorseError: 2 UNKNOWN: too many requests for /gateway.Gateway, exceeding concurrency limit (500)
Details:
2026.09.04-19:12:09.068[31m error[39m [caliper] [connectors/peer-gateway/PeerGateway] 	Failed to perform submit transaction [Set] using arguments [key_0_1_8495,value_8495],  with error: EndorseError: 2 UNKNOWN: too many requests for /gateway.Gateway, exceeding concurrency limit (500)
Details:
2026.09.04-19:12:09.070[31m error[39m [caliper] [connectors/peer-gateway/PeerGateway] 	Failed to perform submit transaction [Set] using arguments [key_0_1_8497,value_8497],  with error: EndorseError: 2 UNKNOWN: too many requests for /gateway.Gateway, exceeding concurrency limit (500)
Details:
2026.09.04-19:12:09.070[31m error[39m [caliper] [connectors/peer-gateway/PeerGateway] 	Failed to perform submit transaction [Set] using arguments [key_0_1_8496,value_8496],  with error: EndorseError: 2 UNKNOWN: too many requests for /gateway.Gateway, exceeding concurrency limit (500)
Details:
2026.09.04-19:12:09.070[31m error[39m [caliper] [connectors/peer-gateway/PeerGateway] 	Failed to perform submit transaction [Set] using arguments [key_0_1_8498,value_8498],  with error: EndorseError: 2 UNKNOWN: too many requests for /gateway.Gateway, exceeding concurrency limit (500)
Details:
2026.09.04-19:12:09.076[31m error[39m [caliper] [connectors/peer-gateway/PeerGateway] 	Failed to perform submit transaction [Set] using arguments [key_0_1_8499,value_8499],  with error: EndorseError: 2 UNKNOWN: too many requests for /gateway.Gateway, exceeding concurrency limit (500)
Details:
2026.09.04-19:12:09.082[31m error[39m [caliper] [connectors/peer-gateway/PeerGateway] 	Failed to perform submit transaction [Set] using arguments [key_0_1_8501,value_8501],  with error: EndorseError: 2 UNKNOWN: too many requests for /gateway.Gateway, exceeding concurrency limit (500)
Details:
2026.09.04-19:12:09.082[31m error[39m [caliper] [connectors/peer-gateway/PeerGateway] 	Failed to perform submit transaction [Set] using arguments [key_0_1_8500,value_8500],  with error: EndorseError: 2 UNKNOWN: too many requests for /gateway.Gateway, exceeding concurrency limit (500)
Details:
2026.09.04-19:12:09.085[31m error[39m [caliper] [connectors/peer-gateway/PeerGateway] 	Failed to perform submit transaction [Set] using arguments [key_0_1_8502,value_8502],  with error: EndorseError: 2 UNKNOWN: too many requests for /gateway.Gateway, exceeding concurrency limit (500)
Details:
2026.09.04-19:12:09.088[31m error[39m [caliper] [connectors/peer-gateway/PeerGateway] 	Failed to perform submit transaction [Set] using arguments [key_0_1_8503,value_8503],  with error: EndorseError: 2 UNKNOWN: too many requests for /gateway.Gateway, exceeding concurrency limit (500)
Details:
2026.09.04-19:12:09.091[31m error[39m [caliper] [connectors/peer-gateway/PeerGateway] 	Failed to perform submit transaction [Set] using arguments [key_0_1_8504,value_8504],  with error: EndorseError: 2 UNKNOWN: too many requests for /gateway.Gateway, exceeding concurrency limit (500)
Details:
2026.09.04-19:12:09.096[31m error[39m [caliper] [connectors/peer-gateway/PeerGateway] 	Failed to perform submit transaction [Set] using arguments [key_0_1_8505,value_8505],  with error: EndorseError: 2 UNKNOWN: too many requests for /gateway.Gateway, exceeding concurrency limit (500)
Details:
2026.09.04-19:12:09.101[31m error[39m [caliper] [connectors/peer-gateway/PeerGateway] 	Failed to perform submit transaction [Set] using arguments [key_0_1_8506,value_8506],  with error: EndorseError: 2 UNKNOWN: too many requests for /gateway.Gateway, exceeding concurrency limit (500)
Details:
2026.09.04-19:12:09.104[31m error[39m [caliper] [connectors/peer-gateway/PeerGateway] 	Failed to perform submit transaction [Set] using arguments [key_0_1_8507,value_8507],  with error: EndorseError: 2 UNKNOWN: too many requests for /gateway.Gateway, exceeding concurrency limit (500)
Details:
2026.09.04-19:12:09.108[31m error[39m [caliper] [connectors/peer-gateway/PeerGateway] 	Failed to perform submit transaction [Set] using arguments [key_0_1_8508,value_8508],  with error: EndorseError: 2 UNKNOWN: too many requests for /gateway.Gateway, exceeding concurrency limit (500)
Details:
2026.09.04-19:12:09.111[31m error[39m [caliper] [connectors/peer-gateway/PeerGateway] 	Failed to perform submit transaction [Set] using arguments [key_0_1_8509,value_8509],  with error: EndorseError: 2 UNKNOWN: too many requests for /gateway.Gateway, exceeding concurrency limit (500)
Details:
2026.09.04-19:12:09.115[31m error[39m [caliper] [connectors/peer-gateway/PeerGateway] 	Failed to perform submit transaction [Set] using arguments [key_0_1_8510,value_8510],  with error: EndorseError: 2 UNKNOWN: too many requests for /gateway.Gateway, exceeding concurrency limit (500)
Details:
2026.09.04-19:12:09.115[31m error[39m [caliper] [connectors/peer-gateway/PeerGateway] 	Failed to perform submit transaction [Set] using arguments [key_0_1_8511,value_8511],  with error: EndorseError: 2 UNKNOWN: too many requests for /gateway.Gateway, exceeding concurrency limit (500)
Details:
2026.09.04-19:12:09.117[31m error[39m [caliper] [connectors/peer-gateway/PeerGateway] 	Failed to perform submit transaction [Set] using arguments [key_0_1_8512,value_8512],  with error: EndorseError: 2 UNKNOWN: too many requests for /gateway.Gateway, exceeding concurrency limit (500)
Details:
2026.09.04-19:12:09.121[31m error[39m [caliper] [connectors/peer-gateway/PeerGateway] 	Failed to perform submit transaction [Set] using arguments [key_0_1_8513,value_8513],  with error: EndorseError: 2 UNKNOWN: too many requests for /gateway.Gateway, exceeding concurrency limit (500)
Details:
2026.09.04-19:12:09.124[31m error[39m [caliper] [connectors/peer-gateway/PeerGateway] 	Failed to perform submit transaction [Set] using arguments [key_0_1_8514,value_8514],  with error: EndorseError: 2 UNKNOWN: too many requests for /gateway.Gateway, exceeding concurrency limit (500)
Details:
2026.09.04-19:12:09.125[31m error[39m [caliper] [connectors/peer-gateway/PeerGateway] 	Failed to perform submit transaction [Set] using arguments [key_0_1_8515,value_8515],  with error: EndorseError: 2 UNKNOWN: too many requests for /gateway.Gateway, exceeding concurrency limit (500)
Details:
2026.09.04-19:12:09.130[31m error[39m [caliper] [connectors/peer-gateway/PeerGateway] 	Failed to perform submit transaction [Set] using arguments [key_0_1_8516,value_8516],  with error: EndorseError: 2 UNKNOWN: too many requests for /gateway.Gateway, exceeding concurrency limit (500)
Details:
2026.09.04-19:12:09.134[31m error[39m [caliper] [connectors/peer-gateway/PeerGateway] 	Failed to perform submit transaction [Set] using arguments [key_0_1_8517,value_8517],  with error: EndorseError: 2 UNKNOWN: too many requests for /gateway.Gateway, exceeding concurrency limit (500)
Details:
2026.09.04-19:12:09.141[31m error[39m [caliper] [connectors/peer-gateway/PeerGateway] 	Failed to perform submit transaction [Set] using arguments [key_0_1_8518,value_8518],  with error: EndorseError: 2 UNKNOWN: too many requests for /gateway.Gateway, exceeding concurrency limit (500)
Details:
2026.09.04-19:12:09.141[31m error[39m [caliper] [connectors/peer-gateway/PeerGateway] 	Failed to perform submit transaction [Set] using arguments [key_0_1_8519,value_8519],  with error: EndorseError: 2 UNKNOWN: too many requests for /gateway.Gateway, exceeding concurrency limit (500)
Details:
2026.09.04-19:12:09.145[31m error[39m [caliper] [connectors/peer-gateway/PeerGateway] 	Failed to perform submit transaction [Set] using arguments [key_0_1_8520,value_8520],  with error: EndorseError: 2 UNKNOWN: too many requests for /gateway.Gateway, exceeding concurrency limit (500)
Details:
2026.09.04-19:12:09.147[31m error[39m [caliper] [connectors/peer-gateway/PeerGateway] 	Failed to perform submit transaction [Set] using arguments [key_0_1_8521,value_8521],  with error: EndorseError: 2 UNKNOWN: too many requests for /gateway.Gateway, exceeding concurrency limit (500)
Details:
2026.09.04-19:12:09.151[31m error[39m [caliper] [connectors/peer-gateway/PeerGateway] 	Failed to perform submit transaction [Set] using arguments [key_0_1_8522,value_8522],  with error: EndorseError: 2 UNKNOWN: too many requests for /gateway.Gateway, exceeding concurrency limit (500)
Details:
2026.09.04-19:12:09.155[31m error[39m [caliper] [connectors/peer-gateway/PeerGateway] 	Failed to perform submit transaction [Set] using arguments [key_0_1_8523,value_8523],  with error: EndorseError: 2 UNKNOWN: too many requests for /gateway.Gateway, exceeding concurrency limit (500)
Details:
2026.09.04-19:12:09.156[31m error[39m [caliper] [connectors/peer-gateway/PeerGateway] 	Failed to perform submit transaction [Set] using arguments [key_0_1_8524,value_8524],  with error: EndorseError: 2 UNKNOWN: too many requests for /gateway.Gateway, exceeding concurrency limit (500)
Details:
2026.09.04-19:12:09.160[31m error[39m [caliper] [connectors/peer-gateway/PeerGateway] 	Failed to perform submit transaction [Set] using arguments [key_0_1_8525,value_8525],  with error: EndorseError: 2 UNKNOWN: too many requests for /gateway.Gateway, exceeding concurrency limit (500)
Details:
2026.09.04-19:12:10.739[32m info [39m [caliper] [default-observer] 	[blockutil-300-tps Round 1 Transaction Info] - Submitted: 8705 Succ: 7447 Fail:1076 Unfinished:182
2026.09.04-19:12:10.821[31m error[39m [caliper] [connectors/peer-gateway/PeerGateway] 	Failed to perform submit transaction [Set] using arguments [key_0_1_9022,value_9022],  with error: SubmitError: 2 UNKNOWN: too many requests for /gateway.Gateway, exceeding concurrency limit (500)
Details:
2026.09.04-19:12:10.827[31m error[39m [caliper] [connectors/peer-gateway/PeerGateway] 	Failed to perform submit transaction [Set] using arguments [key_0_1_9023,value_9023],  with error: CommitStatusError: 2 UNKNOWN: too many requests for /gateway.Gateway, exceeding concurrency limit (500)
Details:
2026.09.04-19:12:10.827[31m error[39m [caliper] [connectors/peer-gateway/PeerGateway] 	Failed to perform submit transaction [Set] using arguments [key_0_1_9025,value_9025],  with error: EndorseError: 2 UNKNOWN: too many requests for /gateway.Gateway, exceeding concurrency limit (500)
Details:
2026.09.04-19:12:10.832[31m error[39m [caliper] [connectors/peer-gateway/PeerGateway] 	Failed to perform submit transaction [Set] using arguments [key_0_1_9026,value_9026],  with error: EndorseError: 2 UNKNOWN: too many requests for /gateway.Gateway, exceeding concurrency limit (500)
Details:
2026.09.04-19:12:10.834[31m error[39m [caliper] [connectors/peer-gateway/PeerGateway] 	Failed to perform submit transaction [Set] using arguments [key_0_1_9024,value_9024],  with error: CommitStatusError: 2 UNKNOWN: too many requests for /gateway.Gateway, exceeding concurrency limit (500)
Details:
2026.09.04-19:12:10.838[31m error[39m [caliper] [connectors/peer-gateway/PeerGateway] 	Failed to perform submit transaction [Set] using arguments [key_0_1_9028,value_9028],  with error: EndorseError: 2 UNKNOWN: too many requests for /gateway.Gateway, exceeding concurrency limit (500)
Details:
2026.09.04-19:12:10.841[31m error[39m [caliper] [connectors/peer-gateway/PeerGateway] 	Failed to perform submit transaction [Set] using arguments [key_0_1_9029,value_9029],  with error: EndorseError: 2 UNKNOWN: too many requests for /gateway.Gateway, exceeding concurrency limit (500)
Details:
2026.09.04-19:12:10.848[31m error[39m [caliper] [connectors/peer-gateway/PeerGateway] 	Failed to perform submit transaction [Set] using arguments [key_0_1_9030,value_9030],  with error: EndorseError: 2 UNKNOWN: too many requests for /gateway.Gateway, exceeding concurrency limit (500)
Details:
2026.09.04-19:12:10.849[31m error[39m [caliper] [connectors/peer-gateway/PeerGateway] 	Failed to perform submit transaction [Set] using arguments [key_0_1_9031,value_9031],  with error: EndorseError: 2 UNKNOWN: too many requests for /gateway.Gateway, exceeding concurrency limit (500)
Details:
2026.09.04-19:12:10.852[31m error[39m [caliper] [connectors/peer-gateway/PeerGateway] 	Failed to perform submit transaction [Set] using arguments [key_0_1_9032,value_9032],  with error: EndorseError: 2 UNKNOWN: too many requests for /gateway.Gateway, exceeding concurrency limit (500)
Details:
2026.09.04-19:12:10.857[31m error[39m [caliper] [connectors/peer-gateway/PeerGateway] 	Failed to perform submit transaction [Set] using arguments [key_0_1_9033,value_9033],  with error: EndorseError: 2 UNKNOWN: too many requests for /gateway.Gateway, exceeding concurrency limit (500)
Details:
2026.09.04-19:12:10.860[31m error[39m [caliper] [connectors/peer-gateway/PeerGateway] 	Failed to perform submit transaction [Set] using arguments [key_0_1_9034,value_9034],  with error: EndorseError: 2 UNKNOWN: too many requests for /gateway.Gateway, exceeding concurrency limit (500)
Details:
2026.09.04-19:12:10.861[31m error[39m [caliper] [connectors/peer-gateway/PeerGateway] 	Failed to perform submit transaction [Set] using arguments [key_0_1_9035,value_9035],  with error: EndorseError: 2 UNKNOWN: too many requests for /gateway.Gateway, exceeding concurrency limit (500)
Details:
2026.09.04-19:12:10.870[31m error[39m [caliper] [connectors/peer-gateway/PeerGateway] 	Failed to perform submit transaction [Set] using arguments [key_0_1_9036,value_9036],  with error: EndorseError: 2 UNKNOWN: too many requests for /gateway.Gateway, exceeding concurrency limit (500)
Details:
2026.09.04-19:12:10.872[31m error[39m [caliper] [connectors/peer-gateway/PeerGateway] 	Failed to perform submit transaction [Set] using arguments [key_0_1_9037,value_9037],  with error: EndorseError: 2 UNKNOWN: too many requests for /gateway.Gateway, exceeding concurrency limit (500)
Details:
2026.09.04-19:12:10.874[31m error[39m [caliper] [connectors/peer-gateway/PeerGateway] 	Failed to perform submit transaction [Set] using arguments [key_0_1_9038,value_9038],  with error: EndorseError: 2 UNKNOWN: too many requests for /gateway.Gateway, exceeding concurrency limit (500)
Details:
2026.09.04-19:12:10.880[31m error[39m [caliper] [connectors/peer-gateway/PeerGateway] 	Failed to perform submit transaction [Set] using arguments [key_0_1_9040,value_9040],  with error: EndorseError: 2 UNKNOWN: too many requests for /gateway.Gateway, exceeding concurrency limit (500)
Details:
2026.09.04-19:12:10.881[31m error[39m [caliper] [connectors/peer-gateway/PeerGateway] 	Failed to perform submit transaction [Set] using arguments [key_0_1_9039,value_9039],  with error: EndorseError: 2 UNKNOWN: too many requests for /gateway.Gateway, exceeding concurrency limit (500)
Details:
2026.09.04-19:12:10.882[31m error[39m [caliper] [connectors/peer-gateway/PeerGateway] 	Failed to perform submit transaction [Set] using arguments [key_0_1_9041,value_9041],  with error: EndorseError: 2 UNKNOWN: too many requests for /gateway.Gateway, exceeding concurrency limit (500)
Details:
2026.09.04-19:12:10.889[31m error[39m [caliper] [connectors/peer-gateway/PeerGateway] 	Failed to perform submit transaction [Set] using arguments [key_0_1_9042,value_9042],  with error: EndorseError: 2 UNKNOWN: too many requests for /gateway.Gateway, exceeding concurrency limit (500)
Details:
2026.09.04-19:12:10.891[31m error[39m [caliper] [connectors/peer-gateway/PeerGateway] 	Failed to perform submit transaction [Set] using arguments [key_0_1_9043,value_9043],  with error: EndorseError: 2 UNKNOWN: too many requests for /gateway.Gateway, exceeding concurrency limit (500)
Details:
2026.09.04-19:12:10.892[31m error[39m [caliper] [connectors/peer-gateway/PeerGateway] 	Failed to perform submit transaction [Set] using arguments [key_0_1_9044,value_9044],  with error: EndorseError: 2 UNKNOWN: too many requests for /gateway.Gateway, exceeding concurrency limit (500)
Details:
2026.09.04-19:12:10.897[31m error[39m [caliper] [connectors/peer-gateway/PeerGateway] 	Failed to perform submit transaction [Set] using arguments [key_0_1_9045,value_9045],  with error: EndorseError: 2 UNKNOWN: too many requests for /gateway.Gateway, exceeding concurrency limit (500)
Details:
2026.09.04-19:12:10.901[31m error[39m [caliper] [connectors/peer-gateway/PeerGateway] 	Failed to perform submit transaction [Set] using arguments [key_0_1_9046,value_9046],  with error: EndorseError: 2 UNKNOWN: too many requests for /gateway.Gateway, exceeding concurrency limit (500)
Details:
2026.09.04-19:12:10.905[31m error[39m [caliper] [connectors/peer-gateway/PeerGateway] 	Failed to perform submit transaction [Set] using arguments [key_0_1_9047,value_9047],  with error: EndorseError: 2 UNKNOWN: too many requests for /gateway.Gateway, exceeding concurrency limit (500)
Details:
2026.09.04-19:12:10.907[31m error[39m [caliper] [connectors/peer-gateway/PeerGateway] 	Failed to perform submit transaction [Set] using arguments [key_0_1_9048,value_9048],  with error: EndorseError: 2 UNKNOWN: too many requests for /gateway.Gateway, exceeding concurrency limit (500)
Details:
2026.09.04-19:12:10.920[31m error[39m [caliper] [connectors/peer-gateway/PeerGateway] 	Failed to perform submit transaction [Set] using arguments [key_0_1_9049,value_9049],  with error: EndorseError: 2 UNKNOWN: too many requests for /gateway.Gateway, exceeding concurrency limit (500)
Details:
2026.09.04-19:12:10.920[31m error[39m [caliper] [connectors/peer-gateway/PeerGateway] 	Failed to perform submit transaction [Set] using arguments [key_0_1_9051,value_9051],  with error: EndorseError: 2 UNKNOWN: too many requests for /gateway.Gateway, exceeding concurrency limit (500)
Details:
2026.09.04-19:12:10.920[31m error[39m [caliper] [connectors/peer-gateway/PeerGateway] 	Failed to perform submit transaction [Set] using arguments [key_0_1_9050,value_9050],  with error: EndorseError: 2 UNKNOWN: too many requests for /gateway.Gateway, exceeding concurrency limit (500)
Details:
2026.09.04-19:12:10.925[31m error[39m [caliper] [connectors/peer-gateway/PeerGateway] 	Failed to perform submit transaction [Set] using arguments [key_0_1_9053,value_9053],  with error: EndorseError: 2 UNKNOWN: too many requests for /gateway.Gateway, exceeding concurrency limit (500)
Details:
2026.09.04-19:12:10.925[31m error[39m [caliper] [connectors/peer-gateway/PeerGateway] 	Failed to perform submit transaction [Set] using arguments [key_0_1_9052,value_9052],  with error: EndorseError: 2 UNKNOWN: too many requests for /gateway.Gateway, exceeding concurrency limit (500)
Details:
2026.09.04-19:12:10.925[31m error[39m [caliper] [connectors/peer-gateway/PeerGateway] 	Failed to perform submit transaction [Set] using arguments [key_0_1_9054,value_9054],  with error: EndorseError: 2 UNKNOWN: too many requests for /gateway.Gateway, exceeding concurrency limit (500)
Details:
2026.09.04-19:12:10.927[31m error[39m [caliper] [connectors/peer-gateway/PeerGateway] 	Failed to perform submit transaction [Set] using arguments [key_0_1_9055,value_9055],  with error: EndorseError: 2 UNKNOWN: too many requests for /gateway.Gateway, exceeding concurrency limit (500)
Details:
2026.09.04-19:12:10.933[31m error[39m [caliper] [connectors/peer-gateway/PeerGateway] 	Failed to perform submit transaction [Set] using arguments [key_0_1_9056,value_9056],  with error: EndorseError: 2 UNKNOWN: too many requests for /gateway.Gateway, exceeding concurrency limit (500)
Details:
2026.09.04-19:12:10.937[31m error[39m [caliper] [connectors/peer-gateway/PeerGateway] 	Failed to perform submit transaction [Set] using arguments [key_0_1_9057,value_9057],  with error: EndorseError: 2 UNKNOWN: too many requests for /gateway.Gateway, exceeding concurrency limit (500)
Details:
2026.09.04-19:12:10.937[31m error[39m [caliper] [connectors/peer-gateway/PeerGateway] 	Failed to perform submit transaction [Set] using arguments [key_0_1_9058,value_9058],  with error: EndorseError: 2 UNKNOWN: too many requests for /gateway.Gateway, exceeding concurrency limit (500)
Details:
2026.09.04-19:12:10.940[31m error[39m [caliper] [connectors/peer-gateway/PeerGateway] 	Failed to perform submit transaction [Set] using arguments [key_0_1_9059,value_9059],  with error: EndorseError: 2 UNKNOWN: too many requests for /gateway.Gateway, exceeding concurrency limit (500)
Details:
2026.09.04-19:12:10.947[31m error[39m [caliper] [connectors/peer-gateway/PeerGateway] 	Failed to perform submit transaction [Set] using arguments [key_0_1_9060,value_9060],  with error: EndorseError: 2 UNKNOWN: too many requests for /gateway.Gateway, exceeding concurrency limit (500)
Details:
2026.09.04-19:12:10.952[31m error[39m [caliper] [connectors/peer-gateway/PeerGateway] 	Failed to perform submit transaction [Set] using arguments [key_0_1_9061,value_9061],  with error: EndorseError: 2 UNKNOWN: too many requests for /gateway.Gateway, exceeding concurrency limit (500)
Details:
2026.09.04-19:12:10.953[31m error[39m [caliper] [connectors/peer-gateway/PeerGateway] 	Failed to perform submit transaction [Set] using arguments [key_0_1_9062,value_9062],  with error: EndorseError: 2 UNKNOWN: too many requests for /gateway.Gateway, exceeding concurrency limit (500)
Details:
2026.09.04-19:12:10.967[31m error[39m [caliper] [connectors/peer-gateway/PeerGateway] 	Failed to perform submit transaction [Set] using arguments [key_0_1_9066,value_9066],  with error: EndorseError: 2 UNKNOWN: too many requests for /gateway.Gateway, exceeding concurrency limit (500)
Details:
2026.09.04-19:12:10.967[31m error[39m [caliper] [connectors/peer-gateway/PeerGateway] 	Failed to perform submit transaction [Set] using arguments [key_0_1_9063,value_9063],  with error: EndorseError: 2 UNKNOWN: too many requests for /gateway.Gateway, exceeding concurrency limit (500)
Details:
2026.09.04-19:12:10.968[31m error[39m [caliper] [connectors/peer-gateway/PeerGateway] 	Failed to perform submit transaction [Set] using arguments [key_0_1_9064,value_9064],  with error: EndorseError: 2 UNKNOWN: too many requests for /gateway.Gateway, exceeding concurrency limit (500)
Details:
2026.09.04-19:12:10.968[31m error[39m [caliper] [connectors/peer-gateway/PeerGateway] 	Failed to perform submit transaction [Set] using arguments [key_0_1_9065,value_9065],  with error: EndorseError: 2 UNKNOWN: too many requests for /gateway.Gateway, exceeding concurrency limit (500)
Details:
2026.09.04-19:12:10.968[31m error[39m [caliper] [connectors/peer-gateway/PeerGateway] 	Failed to perform submit transaction [Set] using arguments [key_0_1_9067,value_9067],  with error: EndorseError: 2 UNKNOWN: too many requests for /gateway.Gateway, exceeding concurrency limit (500)
Details:
2026.09.04-19:12:10.996[31m error[39m [caliper] [connectors/peer-gateway/PeerGateway] 	Failed to perform submit transaction [Set] using arguments [key_0_1_9069,value_9069],  with error: EndorseError: 2 UNKNOWN: too many requests for /gateway.Gateway, exceeding concurrency limit (500)
Details:
2026.09.04-19:12:10.996[31m error[39m [caliper] [connectors/peer-gateway/PeerGateway] 	Failed to perform submit transaction [Set] using arguments [key_0_1_9070,value_9070],  with error: EndorseError: 2 UNKNOWN: too many requests for /gateway.Gateway, exceeding concurrency limit (500)
Details:
2026.09.04-19:12:10.997[31m error[39m [caliper] [connectors/peer-gateway/PeerGateway] 	Failed to perform submit transaction [Set] using arguments [key_0_1_9071,value_9071],  with error: EndorseError: 2 UNKNOWN: too many requests for /gateway.Gateway, exceeding concurrency limit (500)
Details:
2026.09.04-19:12:10.997[31m error[39m [caliper] [connectors/peer-gateway/PeerGateway] 	Failed to perform submit transaction [Set] using arguments [key_0_1_9068,value_9068],  with error: EndorseError: 2 UNKNOWN: too many requests for /gateway.Gateway, exceeding concurrency limit (500)
Details:
2026.09.04-19:12:10.997[31m error[39m [caliper] [connectors/peer-gateway/PeerGateway] 	Failed to perform submit transaction [Set] using arguments [key_0_1_9072,value_9072],  with error: EndorseError: 2 UNKNOWN: too many requests for /gateway.Gateway, exceeding concurrency limit (500)
Details:
2026.09.04-19:12:10.998[31m error[39m [caliper] [connectors/peer-gateway/PeerGateway] 	Failed to perform submit transaction [Set] using arguments [key_0_1_9074,value_9074],  with error: EndorseError: 2 UNKNOWN: too many requests for /gateway.Gateway, exceeding concurrency limit (500)
Details:
2026.09.04-19:12:10.998[31m error[39m [caliper] [connectors/peer-gateway/PeerGateway] 	Failed to perform submit transaction [Set] using arguments [key_0_1_9073,value_9073],  with error: EndorseError: 2 UNKNOWN: too many requests for /gateway.Gateway, exceeding concurrency limit (500)
Details:
2026.09.04-19:12:10.998[31m error[39m [caliper] [connectors/peer-gateway/PeerGateway] 	Failed to perform submit transaction [Set] using arguments [key_0_1_9075,value_9075],  with error: EndorseError: 2 UNKNOWN: too many requests for /gateway.Gateway, exceeding concurrency limit (500)
Details:
2026.09.04-19:12:11.000[31m error[39m [caliper] [connectors/peer-gateway/PeerGateway] 	Failed to perform submit transaction [Set] using arguments [key_0_1_9076,value_9076],  with error: EndorseError: 2 UNKNOWN: too many requests for /gateway.Gateway, exceeding concurrency limit (500)
Details:
2026.09.04-19:12:11.005[31m error[39m [caliper] [connectors/peer-gateway/PeerGateway] 	Failed to perform submit transaction [Set] using arguments [key_0_1_9077,value_9077],  with error: EndorseError: 2 UNKNOWN: too many requests for /gateway.Gateway, exceeding concurrency limit (500)
Details:
2026.09.04-19:12:11.007[31m error[39m [caliper] [connectors/peer-gateway/PeerGateway] 	Failed to perform submit transaction [Set] using arguments [key_0_1_9078,value_9078],  with error: EndorseError: 2 UNKNOWN: too many requests for /gateway.Gateway, exceeding concurrency limit (500)
Details:
2026.09.04-19:12:11.008[31m error[39m [caliper] [connectors/peer-gateway/PeerGateway] 	Failed to perform submit transaction [Set] using arguments [key_0_1_9079,value_9079],  with error: EndorseError: 2 UNKNOWN: too many requests for /gateway.Gateway, exceeding concurrency limit (500)
Details:
2026.09.04-19:12:11.014[31m error[39m [caliper] [connectors/peer-gateway/PeerGateway] 	Failed to perform submit transaction [Set] using arguments [key_0_1_9080,value_9080],  with error: EndorseError: 2 UNKNOWN: too many requests for /gateway.Gateway, exceeding concurrency limit (500)
Details:
2026.09.04-19:12:11.018[31m error[39m [caliper] [connectors/peer-gateway/PeerGateway] 	Failed to perform submit transaction [Set] using arguments [key_0_1_9081,value_9081],  with error: EndorseError: 2 UNKNOWN: too many requests for /gateway.Gateway, exceeding concurrency limit (500)
Details:
2026.09.04-19:12:11.018[31m error[39m [caliper] [connectors/peer-gateway/PeerGateway] 	Failed to perform submit transaction [Set] using arguments [key_0_1_9082,value_9082],  with error: EndorseError: 2 UNKNOWN: too many requests for /gateway.Gateway, exceeding concurrency limit (500)
Details:
2026.09.04-19:12:11.020[31m error[39m [caliper] [connectors/peer-gateway/PeerGateway] 	Failed to perform submit transaction [Set] using arguments [key_0_1_9083,value_9083],  with error: EndorseError: 2 UNKNOWN: too many requests for /gateway.Gateway, exceeding concurrency limit (500)
Details:
2026.09.04-19:12:11.024[31m error[39m [caliper] [connectors/peer-gateway/PeerGateway] 	Failed to perform submit transaction [Set] using arguments [key_0_1_9084,value_9084],  with error: EndorseError: 2 UNKNOWN: too many requests for /gateway.Gateway, exceeding concurrency limit (500)
Details:
2026.09.04-19:12:11.027[31m error[39m [caliper] [connectors/peer-gateway/PeerGateway] 	Failed to perform submit transaction [Set] using arguments [key_0_1_9085,value_9085],  with error: EndorseError: 2 UNKNOWN: too many requests for /gateway.Gateway, exceeding concurrency limit (500)
Details:
2026.09.04-19:12:11.030[31m error[39m [caliper] [connectors/peer-gateway/PeerGateway] 	Failed to perform submit transaction [Set] using arguments [key_0_1_9086,value_9086],  with error: EndorseError: 2 UNKNOWN: too many requests for /gateway.Gateway, exceeding concurrency limit (500)
Details:
2026.09.04-19:12:11.035[31m error[39m [caliper] [connectors/peer-gateway/PeerGateway] 	Failed to perform submit transaction [Set] using arguments [key_0_1_9087,value_9087],  with error: EndorseError: 2 UNKNOWN: too many requests for /gateway.Gateway, exceeding concurrency limit (500)
Details:
2026.09.04-19:12:11.038[31m error[39m [caliper] [connectors/peer-gateway/PeerGateway] 	Failed to perform submit transaction [Set] using arguments [key_0_1_9088,value_9088],  with error: EndorseError: 2 UNKNOWN: too many requests for /gateway.Gateway, exceeding concurrency limit (500)
Details:
2026.09.04-19:12:11.040[31m error[39m [caliper] [connectors/peer-gateway/PeerGateway] 	Failed to perform submit transaction [Set] using arguments [key_0_1_9089,value_9089],  with error: EndorseError: 2 UNKNOWN: too many requests for /gateway.Gateway, exceeding concurrency limit (500)
Details:
2026.09.04-19:12:11.045[31m error[39m [caliper] [connectors/peer-gateway/PeerGateway] 	Failed to perform submit transaction [Set] using arguments [key_0_1_9090,value_9090],  with error: EndorseError: 2 UNKNOWN: too many requests for /gateway.Gateway, exceeding concurrency limit (500)
Details:
2026.09.04-19:12:11.046[31m error[39m [caliper] [connectors/peer-gateway/PeerGateway] 	Failed to perform submit transaction [Set] using arguments [key_0_1_9091,value_9091],  with error: EndorseError: 2 UNKNOWN: too many requests for /gateway.Gateway, exceeding concurrency limit (500)
Details:
2026.09.04-19:12:11.051[31m error[39m [caliper] [connectors/peer-gateway/PeerGateway] 	Failed to perform submit transaction [Set] using arguments [key_0_1_9092,value_9092],  with error: EndorseError: 2 UNKNOWN: too many requests for /gateway.Gateway, exceeding concurrency limit (500)
Details:
2026.09.04-19:12:11.054[31m error[39m [caliper] [connectors/peer-gateway/PeerGateway] 	Failed to perform submit transaction [Set] using arguments [key_0_1_9093,value_9093],  with error: EndorseError: 2 UNKNOWN: too many requests for /gateway.Gateway, exceeding concurrency limit (500)
Details:
2026.09.04-19:12:11.057[31m error[39m [caliper] [connectors/peer-gateway/PeerGateway] 	Failed to perform submit transaction [Set] using arguments [key_0_1_9094,value_9094],  with error: EndorseError: 2 UNKNOWN: too many requests for /gateway.Gateway, exceeding concurrency limit (500)
Details:
2026.09.04-19:12:12.726[31m error[39m [caliper] [connectors/peer-gateway/PeerGateway] 	Failed to perform submit transaction [Set] using arguments [key_0_1_9593,value_9593],  with error: SubmitError: 2 UNKNOWN: too many requests for /gateway.Gateway, exceeding concurrency limit (500)
Details:
2026.09.04-19:12:12.726[31m error[39m [caliper] [connectors/peer-gateway/PeerGateway] 	Failed to perform submit transaction [Set] using arguments [key_0_1_9595,value_9595],  with error: EndorseError: 2 UNKNOWN: too many requests for /gateway.Gateway, exceeding concurrency limit (500)
Details:
2026.09.04-19:12:12.731[31m error[39m [caliper] [connectors/peer-gateway/PeerGateway] 	Failed to perform submit transaction [Set] using arguments [key_0_1_9594,value_9594],  with error: CommitStatusError: 2 UNKNOWN: too many requests for /gateway.Gateway, exceeding concurrency limit (500)
Details:
2026.09.04-19:12:12.737[31m error[39m [caliper] [connectors/peer-gateway/PeerGateway] 	Failed to perform submit transaction [Set] using arguments [key_0_1_9596,value_9596],  with error: SubmitError: 2 UNKNOWN: too many requests for /gateway.Gateway, exceeding concurrency limit (500)
Details:
2026.09.04-19:12:12.737[31m error[39m [caliper] [connectors/peer-gateway/PeerGateway] 	Failed to perform submit transaction [Set] using arguments [key_0_1_9598,value_9598],  with error: EndorseError: 2 UNKNOWN: too many requests for /gateway.Gateway, exceeding concurrency limit (500)
Details:
2026.09.04-19:12:12.746[31m error[39m [caliper] [connectors/peer-gateway/PeerGateway] 	Failed to perform submit transaction [Set] using arguments [key_0_1_9597,value_9597],  with error: CommitStatusError: 2 UNKNOWN: too many requests for /gateway.Gateway, exceeding concurrency limit (500)
Details:
2026.09.04-19:12:12.747[31m error[39m [caliper] [connectors/peer-gateway/PeerGateway] 	Failed to perform submit transaction [Set] using arguments [key_0_1_9600,value_9600],  with error: EndorseError: 2 UNKNOWN: too many requests for /gateway.Gateway, exceeding concurrency limit (500)
Details:
2026.09.04-19:12:12.753[31m error[39m [caliper] [connectors/peer-gateway/PeerGateway] 	Failed to perform submit transaction [Set] using arguments [key_0_1_9599,value_9599],  with error: SubmitError: 2 UNKNOWN: too many requests for /gateway.Gateway, exceeding concurrency limit (500)
Details:
2026.09.04-19:12:12.757[31m error[39m [caliper] [connectors/peer-gateway/PeerGateway] 	Failed to perform submit transaction [Set] using arguments [key_0_1_9602,value_9602],  with error: EndorseError: 2 UNKNOWN: too many requests for /gateway.Gateway, exceeding concurrency limit (500)
Details:
2026.09.04-19:12:12.763[31m error[39m [caliper] [connectors/peer-gateway/PeerGateway] 	Failed to perform submit transaction [Set] using arguments [key_0_1_9601,value_9601],  with error: SubmitError: 2 UNKNOWN: too many requests for /gateway.Gateway, exceeding concurrency limit (500)
Details:
2026.09.04-19:12:12.764[31m error[39m [caliper] [connectors/peer-gateway/PeerGateway] 	Failed to perform submit transaction [Set] using arguments [key_0_1_9604,value_9604],  with error: EndorseError: 2 UNKNOWN: too many requests for /gateway.Gateway, exceeding concurrency limit (500)
Details:
2026.09.04-19:12:12.773[31m error[39m [caliper] [connectors/peer-gateway/PeerGateway] 	Failed to perform submit transaction [Set] using arguments [key_0_1_9606,value_9606],  with error: EndorseError: 2 UNKNOWN: too many requests for /gateway.Gateway, exceeding concurrency limit (500)
Details:
2026.09.04-19:12:12.775[31m error[39m [caliper] [connectors/peer-gateway/PeerGateway] 	Failed to perform submit transaction [Set] using arguments [key_0_1_9603,value_9603],  with error: SubmitError: 2 UNKNOWN: too many requests for /gateway.Gateway, exceeding concurrency limit (500)
Details:
2026.09.04-19:12:12.781[31m error[39m [caliper] [connectors/peer-gateway/PeerGateway] 	Failed to perform submit transaction [Set] using arguments [key_0_1_9608,value_9608],  with error: EndorseError: 2 UNKNOWN: too many requests for /gateway.Gateway, exceeding concurrency limit (500)
Details:
2026.09.04-19:12:12.781[31m error[39m [caliper] [connectors/peer-gateway/PeerGateway] 	Failed to perform submit transaction [Set] using arguments [key_0_1_9607,value_9607],  with error: EndorseError: 2 UNKNOWN: too many requests for /gateway.Gateway, exceeding concurrency limit (500)
Details:
2026.09.04-19:12:12.784[31m error[39m [caliper] [connectors/peer-gateway/PeerGateway] 	Failed to perform submit transaction [Set] using arguments [key_0_1_9609,value_9609],  with error: EndorseError: 2 UNKNOWN: too many requests for /gateway.Gateway, exceeding concurrency limit (500)
Details:
2026.09.04-19:12:12.791[31m error[39m [caliper] [connectors/peer-gateway/PeerGateway] 	Failed to perform submit transaction [Set] using arguments [key_0_1_9610,value_9610],  with error: EndorseError: 2 UNKNOWN: too many requests for /gateway.Gateway, exceeding concurrency limit (500)
Details:
2026.09.04-19:12:12.793[31m error[39m [caliper] [connectors/peer-gateway/PeerGateway] 	Failed to perform submit transaction [Set] using arguments [key_0_1_9605,value_9605],  with error: SubmitError: 2 UNKNOWN: too many requests for /gateway.Gateway, exceeding concurrency limit (500)
Details:
2026.09.04-19:12:12.793[31m error[39m [caliper] [connectors/peer-gateway/PeerGateway] 	Failed to perform submit transaction [Set] using arguments [key_0_1_9612,value_9612],  with error: EndorseError: 2 UNKNOWN: too many requests for /gateway.Gateway, exceeding concurrency limit (500)
Details:
2026.09.04-19:12:12.799[31m error[39m [caliper] [connectors/peer-gateway/PeerGateway] 	Failed to perform submit transaction [Set] using arguments [key_0_1_9613,value_9613],  with error: EndorseError: 2 UNKNOWN: too many requests for /gateway.Gateway, exceeding concurrency limit (500)
Details:
2026.09.04-19:12:12.806[31m error[39m [caliper] [connectors/peer-gateway/PeerGateway] 	Failed to perform submit transaction [Set] using arguments [key_0_1_9616,value_9616],  with error: EndorseError: 2 UNKNOWN: too many requests for /gateway.Gateway, exceeding concurrency limit (500)
Details:
2026.09.04-19:12:12.806[31m error[39m [caliper] [connectors/peer-gateway/PeerGateway] 	Failed to perform submit transaction [Set] using arguments [key_0_1_9615,value_9615],  with error: EndorseError: 2 UNKNOWN: too many requests for /gateway.Gateway, exceeding concurrency limit (500)
Details:
2026.09.04-19:12:12.807[31m error[39m [caliper] [connectors/peer-gateway/PeerGateway] 	Failed to perform submit transaction [Set] using arguments [key_0_1_9611,value_9611],  with error: SubmitError: 2 UNKNOWN: too many requests for /gateway.Gateway, exceeding concurrency limit (500)
Details:
2026.09.04-19:12:12.807[31m error[39m [caliper] [connectors/peer-gateway/PeerGateway] 	Failed to perform submit transaction [Set] using arguments [key_0_1_9617,value_9617],  with error: EndorseError: 2 UNKNOWN: too many requests for /gateway.Gateway, exceeding concurrency limit (500)
Details:
2026.09.04-19:12:12.811[31m error[39m [caliper] [connectors/peer-gateway/PeerGateway] 	Failed to perform submit transaction [Set] using arguments [key_0_1_9618,value_9618],  with error: EndorseError: 2 UNKNOWN: too many requests for /gateway.Gateway, exceeding concurrency limit (500)
Details:
2026.09.04-19:12:12.812[31m error[39m [caliper] [connectors/peer-gateway/PeerGateway] 	Failed to perform submit transaction [Set] using arguments [key_0_1_9619,value_9619],  with error: EndorseError: 2 UNKNOWN: too many requests for /gateway.Gateway, exceeding concurrency limit (500)
Details:
2026.09.04-19:12:12.815[31m error[39m [caliper] [connectors/peer-gateway/PeerGateway] 	Failed to perform submit transaction [Set] using arguments [key_0_1_9620,value_9620],  with error: EndorseError: 2 UNKNOWN: too many requests for /gateway.Gateway, exceeding concurrency limit (500)
Details:
2026.09.04-19:12:12.817[31m error[39m [caliper] [connectors/peer-gateway/PeerGateway] 	Failed to perform submit transaction [Set] using arguments [key_0_1_9622,value_9622],  with error: EndorseError: 2 UNKNOWN: too many requests for /gateway.Gateway, exceeding concurrency limit (500)
Details:
2026.09.04-19:12:12.820[31m error[39m [caliper] [connectors/peer-gateway/PeerGateway] 	Failed to perform submit transaction [Set] using arguments [key_0_1_9614,value_9614],  with error: SubmitError: 2 UNKNOWN: too many requests for /gateway.Gateway, exceeding concurrency limit (500)
Details:
2026.09.04-19:12:12.821[31m error[39m [caliper] [connectors/peer-gateway/PeerGateway] 	Failed to perform submit transaction [Set] using arguments [key_0_1_9623,value_9623],  with error: EndorseError: 2 UNKNOWN: too many requests for /gateway.Gateway, exceeding concurrency limit (500)
Details:
2026.09.04-19:12:12.826[31m error[39m [caliper] [connectors/peer-gateway/PeerGateway] 	Failed to perform submit transaction [Set] using arguments [key_0_1_9624,value_9624],  with error: EndorseError: 2 UNKNOWN: too many requests for /gateway.Gateway, exceeding concurrency limit (500)
Details:
2026.09.04-19:12:12.831[31m error[39m [caliper] [connectors/peer-gateway/PeerGateway] 	Failed to perform submit transaction [Set] using arguments [key_0_1_9621,value_9621],  with error: SubmitError: 2 UNKNOWN: too many requests for /gateway.Gateway, exceeding concurrency limit (500)
Details:
2026.09.04-19:12:12.835[31m error[39m [caliper] [connectors/peer-gateway/PeerGateway] 	Failed to perform submit transaction [Set] using arguments [key_0_1_9627,value_9627],  with error: EndorseError: 2 UNKNOWN: too many requests for /gateway.Gateway, exceeding concurrency limit (500)
Details:
2026.09.04-19:12:12.839[31m error[39m [caliper] [connectors/peer-gateway/PeerGateway] 	Failed to perform submit transaction [Set] using arguments [key_0_1_9626,value_9626],  with error: EndorseError: 2 UNKNOWN: too many requests for /gateway.Gateway, exceeding concurrency limit (500)
Details:
2026.09.04-19:12:12.847[31m error[39m [caliper] [connectors/peer-gateway/PeerGateway] 	Failed to perform submit transaction [Set] using arguments [key_0_1_9628,value_9628],  with error: EndorseError: 2 UNKNOWN: too many requests for /gateway.Gateway, exceeding concurrency limit (500)
Details:
2026.09.04-19:12:12.853[31m error[39m [caliper] [connectors/peer-gateway/PeerGateway] 	Failed to perform submit transaction [Set] using arguments [key_0_1_9625,value_9625],  with error: CommitStatusError: 2 UNKNOWN: too many requests for /gateway.Gateway, exceeding concurrency limit (500)
Details:
2026.09.04-19:12:12.859[31m error[39m [caliper] [connectors/peer-gateway/PeerGateway] 	Failed to perform submit transaction [Set] using arguments [key_0_1_9629,value_9629],  with error: SubmitError: 2 UNKNOWN: too many requests for /gateway.Gateway, exceeding concurrency limit (500)
Details:
2026.09.04-19:12:12.862[31m error[39m [caliper] [connectors/peer-gateway/PeerGateway] 	Failed to perform submit transaction [Set] using arguments [key_0_1_9632,value_9632],  with error: EndorseError: 2 UNKNOWN: too many requests for /gateway.Gateway, exceeding concurrency limit (500)
Details:
2026.09.04-19:12:12.864[31m error[39m [caliper] [connectors/peer-gateway/PeerGateway] 	Failed to perform submit transaction [Set] using arguments [key_0_1_9633,value_9633],  with error: EndorseError: 2 UNKNOWN: too many requests for /gateway.Gateway, exceeding concurrency limit (500)
Details:
2026.09.04-19:12:12.865[31m error[39m [caliper] [connectors/peer-gateway/PeerGateway] 	Failed to perform submit transaction [Set] using arguments [key_0_1_9631,value_9631],  with error: EndorseError: 2 UNKNOWN: too many requests for /gateway.Gateway, exceeding concurrency limit (500)
Details:
2026.09.04-19:12:12.867[31m error[39m [caliper] [connectors/peer-gateway/PeerGateway] 	Failed to perform submit transaction [Set] using arguments [key_0_1_9634,value_9634],  with error: EndorseError: 2 UNKNOWN: too many requests for /gateway.Gateway, exceeding concurrency limit (500)
Details:
2026.09.04-19:12:12.871[31m error[39m [caliper] [connectors/peer-gateway/PeerGateway] 	Failed to perform submit transaction [Set] using arguments [key_0_1_9636,value_9636],  with error: EndorseError: 2 UNKNOWN: too many requests for /gateway.Gateway, exceeding concurrency limit (500)
Details:
2026.09.04-19:12:12.874[31m error[39m [caliper] [connectors/peer-gateway/PeerGateway] 	Failed to perform submit transaction [Set] using arguments [key_0_1_9630,value_9630],  with error: SubmitError: 2 UNKNOWN: too many requests for /gateway.Gateway, exceeding concurrency limit (500)
Details:
2026.09.04-19:12:12.876[31m error[39m [caliper] [connectors/peer-gateway/PeerGateway] 	Failed to perform submit transaction [Set] using arguments [key_0_1_9637,value_9637],  with error: EndorseError: 2 UNKNOWN: too many requests for /gateway.Gateway, exceeding concurrency limit (500)
Details:
2026.09.04-19:12:12.887[31m error[39m [caliper] [connectors/peer-gateway/PeerGateway] 	Failed to perform submit transaction [Set] using arguments [key_0_1_9642,value_9642],  with error: EndorseError: 2 UNKNOWN: too many requests for /gateway.Gateway, exceeding concurrency limit (500)
Details:
2026.09.04-19:12:12.887[31m error[39m [caliper] [connectors/peer-gateway/PeerGateway] 	Failed to perform submit transaction [Set] using arguments [key_0_1_9638,value_9638],  with error: EndorseError: 2 UNKNOWN: too many requests for /gateway.Gateway, exceeding concurrency limit (500)
Details:
2026.09.04-19:12:12.888[31m error[39m [caliper] [connectors/peer-gateway/PeerGateway] 	Failed to perform submit transaction [Set] using arguments [key_0_1_9639,value_9639],  with error: EndorseError: 2 UNKNOWN: too many requests for /gateway.Gateway, exceeding concurrency limit (500)
Details:
2026.09.04-19:12:12.888[31m error[39m [caliper] [connectors/peer-gateway/PeerGateway] 	Failed to perform submit transaction [Set] using arguments [key_0_1_9640,value_9640],  with error: EndorseError: 2 UNKNOWN: too many requests for /gateway.Gateway, exceeding concurrency limit (500)
Details:
2026.09.04-19:12:12.888[31m error[39m [caliper] [connectors/peer-gateway/PeerGateway] 	Failed to perform submit transaction [Set] using arguments [key_0_1_9641,value_9641],  with error: EndorseError: 2 UNKNOWN: too many requests for /gateway.Gateway, exceeding concurrency limit (500)
Details:
2026.09.04-19:12:12.889[31m error[39m [caliper] [connectors/peer-gateway/PeerGateway] 	Failed to perform submit transaction [Set] using arguments [key_0_1_9643,value_9643],  with error: EndorseError: 2 UNKNOWN: too many requests for /gateway.Gateway, exceeding concurrency limit (500)
Details:
2026.09.04-19:12:12.895[31m error[39m [caliper] [connectors/peer-gateway/PeerGateway] 	Failed to perform submit transaction [Set] using arguments [key_0_1_9644,value_9644],  with error: EndorseError: 2 UNKNOWN: too many requests for /gateway.Gateway, exceeding concurrency limit (500)
Details:
2026.09.04-19:12:12.902[31m error[39m [caliper] [connectors/peer-gateway/PeerGateway] 	Failed to perform submit transaction [Set] using arguments [key_0_1_9645,value_9645],  with error: EndorseError: 2 UNKNOWN: too many requests for /gateway.Gateway, exceeding concurrency limit (500)
Details:
2026.09.04-19:12:12.905[31m error[39m [caliper] [connectors/peer-gateway/PeerGateway] 	Failed to perform submit transaction [Set] using arguments [key_0_1_9647,value_9647],  with error: EndorseError: 2 UNKNOWN: too many requests for /gateway.Gateway, exceeding concurrency limit (500)
Details:
2026.09.04-19:12:12.906[31m error[39m [caliper] [connectors/peer-gateway/PeerGateway] 	Failed to perform submit transaction [Set] using arguments [key_0_1_9646,value_9646],  with error: EndorseError: 2 UNKNOWN: too many requests for /gateway.Gateway, exceeding concurrency limit (500)
Details:
2026.09.04-19:12:12.907[31m error[39m [caliper] [connectors/peer-gateway/PeerGateway] 	Failed to perform submit transaction [Set] using arguments [key_0_1_9648,value_9648],  with error: EndorseError: 2 UNKNOWN: too many requests for /gateway.Gateway, exceeding concurrency limit (500)
Details:
2026.09.04-19:12:12.910[31m error[39m [caliper] [connectors/peer-gateway/PeerGateway] 	Failed to perform submit transaction [Set] using arguments [key_0_1_9649,value_9649],  with error: EndorseError: 2 UNKNOWN: too many requests for /gateway.Gateway, exceeding concurrency limit (500)
Details:
2026.09.04-19:12:12.912[31m error[39m [caliper] [connectors/peer-gateway/PeerGateway] 	Failed to perform submit transaction [Set] using arguments [key_0_1_9650,value_9650],  with error: EndorseError: 2 UNKNOWN: too many requests for /gateway.Gateway, exceeding concurrency limit (500)
Details:
2026.09.04-19:12:12.915[31m error[39m [caliper] [connectors/peer-gateway/PeerGateway] 	Failed to perform submit transaction [Set] using arguments [key_0_1_9651,value_9651],  with error: EndorseError: 2 UNKNOWN: too many requests for /gateway.Gateway, exceeding concurrency limit (500)
Details:
2026.09.04-19:12:12.920[31m error[39m [caliper] [connectors/peer-gateway/PeerGateway] 	Failed to perform submit transaction [Set] using arguments [key_0_1_9652,value_9652],  with error: EndorseError: 2 UNKNOWN: too many requests for /gateway.Gateway, exceeding concurrency limit (500)
Details:
2026.09.04-19:12:12.921[31m error[39m [caliper] [connectors/peer-gateway/PeerGateway] 	Failed to perform submit transaction [Set] using arguments [key_0_1_9653,value_9653],  with error: EndorseError: 2 UNKNOWN: too many requests for /gateway.Gateway, exceeding concurrency limit (500)
Details:
2026.09.04-19:12:12.927[31m error[39m [caliper] [connectors/peer-gateway/PeerGateway] 	Failed to perform submit transaction [Set] using arguments [key_0_1_9654,value_9654],  with error: EndorseError: 2 UNKNOWN: too many requests for /gateway.Gateway, exceeding concurrency limit (500)
Details:
2026.09.04-19:12:12.931[31m error[39m [caliper] [connectors/peer-gateway/PeerGateway] 	Failed to perform submit transaction [Set] using arguments [key_0_1_9655,value_9655],  with error: EndorseError: 2 UNKNOWN: too many requests for /gateway.Gateway, exceeding concurrency limit (500)
Details:
2026.09.04-19:12:12.933[31m error[39m [caliper] [connectors/peer-gateway/PeerGateway] 	Failed to perform submit transaction [Set] using arguments [key_0_1_9656,value_9656],  with error: EndorseError: 2 UNKNOWN: too many requests for /gateway.Gateway, exceeding concurrency limit (500)
Details:
2026.09.04-19:12:12.933[31m error[39m [caliper] [connectors/peer-gateway/PeerGateway] 	Failed to perform submit transaction [Set] using arguments [key_0_1_9657,value_9657],  with error: EndorseError: 2 UNKNOWN: too many requests for /gateway.Gateway, exceeding concurrency limit (500)
Details:
2026.09.04-19:12:12.937[31m error[39m [caliper] [connectors/peer-gateway/PeerGateway] 	Failed to perform submit transaction [Set] using arguments [key_0_1_9658,value_9658],  with error: EndorseError: 2 UNKNOWN: too many requests for /gateway.Gateway, exceeding concurrency limit (500)
Details:
2026.09.04-19:12:12.940[31m error[39m [caliper] [connectors/peer-gateway/PeerGateway] 	Failed to perform submit transaction [Set] using arguments [key_0_1_9659,value_9659],  with error: EndorseError: 2 UNKNOWN: too many requests for /gateway.Gateway, exceeding concurrency limit (500)
Details:
2026.09.04-19:12:12.944[31m error[39m [caliper] [connectors/peer-gateway/PeerGateway] 	Failed to perform submit transaction [Set] using arguments [key_0_1_9660,value_9660],  with error: EndorseError: 2 UNKNOWN: too many requests for /gateway.Gateway, exceeding concurrency limit (500)
Details:
2026.09.04-19:12:12.947[31m error[39m [caliper] [connectors/peer-gateway/PeerGateway] 	Failed to perform submit transaction [Set] using arguments [key_0_1_9661,value_9661],  with error: EndorseError: 2 UNKNOWN: too many requests for /gateway.Gateway, exceeding concurrency limit (500)
Details:
2026.09.04-19:12:12.950[31m error[39m [caliper] [connectors/peer-gateway/PeerGateway] 	Failed to perform submit transaction [Set] using arguments [key_0_1_9662,value_9662],  with error: EndorseError: 2 UNKNOWN: too many requests for /gateway.Gateway, exceeding concurrency limit (500)
Details:
2026.09.04-19:12:12.958[31m error[39m [caliper] [connectors/peer-gateway/PeerGateway] 	Failed to perform submit transaction [Set] using arguments [key_0_1_9663,value_9663],  with error: EndorseError: 2 UNKNOWN: too many requests for /gateway.Gateway, exceeding concurrency limit (500)
Details:
2026.09.04-19:12:12.958[31m error[39m [caliper] [connectors/peer-gateway/PeerGateway] 	Failed to perform submit transaction [Set] using arguments [key_0_1_9664,value_9664],  with error: EndorseError: 2 UNKNOWN: too many requests for /gateway.Gateway, exceeding concurrency limit (500)
Details:
2026.09.04-19:12:12.960[31m error[39m [caliper] [connectors/peer-gateway/PeerGateway] 	Failed to perform submit transaction [Set] using arguments [key_0_1_9665,value_9665],  with error: EndorseError: 2 UNKNOWN: too many requests for /gateway.Gateway, exceeding concurrency limit (500)
Details:
2026.09.04-19:12:12.964[31m error[39m [caliper] [connectors/peer-gateway/PeerGateway] 	Failed to perform submit transaction [Set] using arguments [key_0_1_9666,value_9666],  with error: EndorseError: 2 UNKNOWN: too many requests for /gateway.Gateway, exceeding concurrency limit (500)
Details:
2026.09.04-19:12:12.967[31m error[39m [caliper] [connectors/peer-gateway/PeerGateway] 	Failed to perform submit transaction [Set] using arguments [key_0_1_9667,value_9667],  with error: EndorseError: 2 UNKNOWN: too many requests for /gateway.Gateway, exceeding concurrency limit (500)
Details:
2026.09.04-19:12:14.636[31m error[39m [caliper] [connectors/peer-gateway/PeerGateway] 	Failed to perform submit transaction [Set] using arguments [key_0_1_10166,value_10166],  with error: SubmitError: 2 UNKNOWN: too many requests for /gateway.Gateway, exceeding concurrency limit (500)
Details:
2026.09.04-19:12:14.636[31m error[39m [caliper] [connectors/peer-gateway/PeerGateway] 	Failed to perform submit transaction [Set] using arguments [key_0_1_10168,value_10168],  with error: EndorseError: 2 UNKNOWN: too many requests for /gateway.Gateway, exceeding concurrency limit (500)
Details:
2026.09.04-19:12:14.643[31m error[39m [caliper] [connectors/peer-gateway/PeerGateway] 	Failed to perform submit transaction [Set] using arguments [key_0_1_10167,value_10167],  with error: CommitStatusError: 2 UNKNOWN: too many requests for /gateway.Gateway, exceeding concurrency limit (500)
Details:
2026.09.04-19:12:14.643[31m error[39m [caliper] [connectors/peer-gateway/PeerGateway] 	Failed to perform submit transaction [Set] using arguments [key_0_1_10170,value_10170],  with error: EndorseError: 2 UNKNOWN: too many requests for /gateway.Gateway, exceeding concurrency limit (500)
Details:
2026.09.04-19:12:14.655[31m error[39m [caliper] [connectors/peer-gateway/PeerGateway] 	Failed to perform submit transaction [Set] using arguments [key_0_1_10169,value_10169],  with error: CommitStatusError: 2 UNKNOWN: too many requests for /gateway.Gateway, exceeding concurrency limit (500)
Details:
2026.09.04-19:12:14.656[31m error[39m [caliper] [connectors/peer-gateway/PeerGateway] 	Failed to perform submit transaction [Set] using arguments [key_0_1_10172,value_10172],  with error: EndorseError: 2 UNKNOWN: too many requests for /gateway.Gateway, exceeding concurrency limit (500)
Details:
2026.09.04-19:12:14.656[31m error[39m [caliper] [connectors/peer-gateway/PeerGateway] 	Failed to perform submit transaction [Set] using arguments [key_0_1_10173,value_10173],  with error: EndorseError: 2 UNKNOWN: too many requests for /gateway.Gateway, exceeding concurrency limit (500)
Details:
2026.09.04-19:12:14.662[31m error[39m [caliper] [connectors/peer-gateway/PeerGateway] 	Failed to perform submit transaction [Set] using arguments [key_0_1_10171,value_10171],  with error: SubmitError: 2 UNKNOWN: too many requests for /gateway.Gateway, exceeding concurrency limit (500)
Details:
2026.09.04-19:12:14.662[31m error[39m [caliper] [connectors/peer-gateway/PeerGateway] 	Failed to perform submit transaction [Set] using arguments [key_0_1_10175,value_10175],  with error: EndorseError: 2 UNKNOWN: too many requests for /gateway.Gateway, exceeding concurrency limit (500)
Details:
2026.09.04-19:12:14.665[31m error[39m [caliper] [connectors/peer-gateway/PeerGateway] 	Failed to perform submit transaction [Set] using arguments [key_0_1_10176,value_10176],  with error: EndorseError: 2 UNKNOWN: too many requests for /gateway.Gateway, exceeding concurrency limit (500)
Details:
2026.09.04-19:12:14.670[31m error[39m [caliper] [connectors/peer-gateway/PeerGateway] 	Failed to perform submit transaction [Set] using arguments [key_0_1_10177,value_10177],  with error: EndorseError: 2 UNKNOWN: too many requests for /gateway.Gateway, exceeding concurrency limit (500)
Details:
2026.09.04-19:12:14.674[31m error[39m [caliper] [connectors/peer-gateway/PeerGateway] 	Failed to perform submit transaction [Set] using arguments [key_0_1_10178,value_10178],  with error: EndorseError: 2 UNKNOWN: too many requests for /gateway.Gateway, exceeding concurrency limit (500)
Details:
2026.09.04-19:12:14.676[31m error[39m [caliper] [connectors/peer-gateway/PeerGateway] 	Failed to perform submit transaction [Set] using arguments [key_0_1_10179,value_10179],  with error: EndorseError: 2 UNKNOWN: too many requests for /gateway.Gateway, exceeding concurrency limit (500)
Details:
2026.09.04-19:12:14.683[31m error[39m [caliper] [connectors/peer-gateway/PeerGateway] 	Failed to perform submit transaction [Set] using arguments [key_0_1_10174,value_10174],  with error: SubmitError: 2 UNKNOWN: too many requests for /gateway.Gateway, exceeding concurrency limit (500)
Details:
2026.09.04-19:12:14.684[31m error[39m [caliper] [connectors/peer-gateway/PeerGateway] 	Failed to perform submit transaction [Set] using arguments [key_0_1_10181,value_10181],  with error: EndorseError: 2 UNKNOWN: too many requests for /gateway.Gateway, exceeding concurrency limit (500)
Details:
2026.09.04-19:12:14.690[31m error[39m [caliper] [connectors/peer-gateway/PeerGateway] 	Failed to perform submit transaction [Set] using arguments [key_0_1_10182,value_10182],  with error: EndorseError: 2 UNKNOWN: too many requests for /gateway.Gateway, exceeding concurrency limit (500)
Details:
2026.09.04-19:12:14.691[31m error[39m [caliper] [connectors/peer-gateway/PeerGateway] 	Failed to perform submit transaction [Set] using arguments [key_0_1_10184,value_10184],  with error: EndorseError: 2 UNKNOWN: too many requests for /gateway.Gateway, exceeding concurrency limit (500)
Details:
2026.09.04-19:12:14.697[31m error[39m [caliper] [connectors/peer-gateway/PeerGateway] 	Failed to perform submit transaction [Set] using arguments [key_0_1_10183,value_10183],  with error: EndorseError: 2 UNKNOWN: too many requests for /gateway.Gateway, exceeding concurrency limit (500)
Details:
2026.09.04-19:12:14.703[31m error[39m [caliper] [connectors/peer-gateway/PeerGateway] 	Failed to perform submit transaction [Set] using arguments [key_0_1_10187,value_10187],  with error: EndorseError: 2 UNKNOWN: too many requests for /gateway.Gateway, exceeding concurrency limit (500)
Details:
2026.09.04-19:12:14.710[31m error[39m [caliper] [connectors/peer-gateway/PeerGateway] 	Failed to perform submit transaction [Set] using arguments [key_0_1_10186,value_10186],  with error: EndorseError: 2 UNKNOWN: too many requests for /gateway.Gateway, exceeding concurrency limit (500)
Details:
2026.09.04-19:12:14.711[31m error[39m [caliper] [connectors/peer-gateway/PeerGateway] 	Failed to perform submit transaction [Set] using arguments [key_0_1_10180,value_10180],  with error: CommitStatusError: 2 UNKNOWN: too many requests for /gateway.Gateway, exceeding concurrency limit (500)
Details:
2026.09.04-19:12:14.719[31m error[39m [caliper] [connectors/peer-gateway/PeerGateway] 	Failed to perform submit transaction [Set] using arguments [key_0_1_10189,value_10189],  with error: EndorseError: 2 UNKNOWN: too many requests for /gateway.Gateway, exceeding concurrency limit (500)
Details:
2026.09.04-19:12:14.719[31m error[39m [caliper] [connectors/peer-gateway/PeerGateway] 	Failed to perform submit transaction [Set] using arguments [key_0_1_10188,value_10188],  with error: EndorseError: 2 UNKNOWN: too many requests for /gateway.Gateway, exceeding concurrency limit (500)
Details:
2026.09.04-19:12:14.720[31m error[39m [caliper] [connectors/peer-gateway/PeerGateway] 	Failed to perform submit transaction [Set] using arguments [key_0_1_10190,value_10190],  with error: EndorseError: 2 UNKNOWN: too many requests for /gateway.Gateway, exceeding concurrency limit (500)
Details:
2026.09.04-19:12:14.726[31m error[39m [caliper] [connectors/peer-gateway/PeerGateway] 	Failed to perform submit transaction [Set] using arguments [key_0_1_10192,value_10192],  with error: EndorseError: 2 UNKNOWN: too many requests for /gateway.Gateway, exceeding concurrency limit (500)
Details:
2026.09.04-19:12:14.726[31m error[39m [caliper] [connectors/peer-gateway/PeerGateway] 	Failed to perform submit transaction [Set] using arguments [key_0_1_10191,value_10191],  with error: EndorseError: 2 UNKNOWN: too many requests for /gateway.Gateway, exceeding concurrency limit (500)
Details:
2026.09.04-19:12:14.761[31m error[39m [caliper] [connectors/peer-gateway/PeerGateway] 	Failed to perform submit transaction [Set] using arguments [key_0_1_10193,value_10193],  with error: EndorseError: 2 UNKNOWN: too many requests for /gateway.Gateway, exceeding concurrency limit (500)
Details:
2026.09.04-19:12:14.763[31m error[39m [caliper] [connectors/peer-gateway/PeerGateway] 	Failed to perform submit transaction [Set] using arguments [key_0_1_10194,value_10194],  with error: EndorseError: 2 UNKNOWN: too many requests for /gateway.Gateway, exceeding concurrency limit (500)
Details:
2026.09.04-19:12:14.764[31m error[39m [caliper] [connectors/peer-gateway/PeerGateway] 	Failed to perform submit transaction [Set] using arguments [key_0_1_10198,value_10198],  with error: EndorseError: 2 UNKNOWN: too many requests for /gateway.Gateway, exceeding concurrency limit (500)
Details:
2026.09.04-19:12:14.764[31m error[39m [caliper] [connectors/peer-gateway/PeerGateway] 	Failed to perform submit transaction [Set] using arguments [key_0_1_10201,value_10201],  with error: EndorseError: 2 UNKNOWN: too many requests for /gateway.Gateway, exceeding concurrency limit (500)
Details:
2026.09.04-19:12:14.764[31m error[39m [caliper] [connectors/peer-gateway/PeerGateway] 	Failed to perform submit transaction [Set] using arguments [key_0_1_10185,value_10185],  with error: SubmitError: 2 UNKNOWN: too many requests for /gateway.Gateway, exceeding concurrency limit (500)
Details:
2026.09.04-19:12:14.764[31m error[39m [caliper] [connectors/peer-gateway/PeerGateway] 	Failed to perform submit transaction [Set] using arguments [key_0_1_10199,value_10199],  with error: EndorseError: 2 UNKNOWN: too many requests for /gateway.Gateway, exceeding concurrency limit (500)
Details:
2026.09.04-19:12:14.764[31m error[39m [caliper] [connectors/peer-gateway/PeerGateway] 	Failed to perform submit transaction [Set] using arguments [key_0_1_10195,value_10195],  with error: EndorseError: 2 UNKNOWN: too many requests for /gateway.Gateway, exceeding concurrency limit (500)
Details:
2026.09.04-19:12:14.765[31m error[39m [caliper] [connectors/peer-gateway/PeerGateway] 	Failed to perform submit transaction [Set] using arguments [key_0_1_10200,value_10200],  with error: EndorseError: 2 UNKNOWN: too many requests for /gateway.Gateway, exceeding concurrency limit (500)
Details:
2026.09.04-19:12:14.765[31m error[39m [caliper] [connectors/peer-gateway/PeerGateway] 	Failed to perform submit transaction [Set] using arguments [key_0_1_10203,value_10203],  with error: EndorseError: 2 UNKNOWN: too many requests for /gateway.Gateway, exceeding concurrency limit (500)
Details:
2026.09.04-19:12:14.765[31m error[39m [caliper] [connectors/peer-gateway/PeerGateway] 	Failed to perform submit transaction [Set] using arguments [key_0_1_10202,value_10202],  with error: EndorseError: 2 UNKNOWN: too many requests for /gateway.Gateway, exceeding concurrency limit (500)
Details:
2026.09.04-19:12:14.765[31m error[39m [caliper] [connectors/peer-gateway/PeerGateway] 	Failed to perform submit transaction [Set] using arguments [key_0_1_10197,value_10197],  with error: EndorseError: 2 UNKNOWN: too many requests for /gateway.Gateway, exceeding concurrency limit (500)
Details:
2026.09.04-19:12:14.766[31m error[39m [caliper] [connectors/peer-gateway/PeerGateway] 	Failed to perform submit transaction [Set] using arguments [key_0_1_10196,value_10196],  with error: EndorseError: 2 UNKNOWN: too many requests for /gateway.Gateway, exceeding concurrency limit (500)
Details:
2026.09.04-19:12:14.774[31m error[39m [caliper] [connectors/peer-gateway/PeerGateway] 	Failed to perform submit transaction [Set] using arguments [key_0_1_10208,value_10208],  with error: EndorseError: 2 UNKNOWN: too many requests for /gateway.Gateway, exceeding concurrency limit (500)
Details:
2026.09.04-19:12:14.775[31m error[39m [caliper] [connectors/peer-gateway/PeerGateway] 	Failed to perform submit transaction [Set] using arguments [key_0_1_10205,value_10205],  with error: EndorseError: 2 UNKNOWN: too many requests for /gateway.Gateway, exceeding concurrency limit (500)
Details:
2026.09.04-19:12:14.775[31m error[39m [caliper] [connectors/peer-gateway/PeerGateway] 	Failed to perform submit transaction [Set] using arguments [key_0_1_10206,value_10206],  with error: EndorseError: 2 UNKNOWN: too many requests for /gateway.Gateway, exceeding concurrency limit (500)
Details:
2026.09.04-19:12:14.775[31m error[39m [caliper] [connectors/peer-gateway/PeerGateway] 	Failed to perform submit transaction [Set] using arguments [key_0_1_10207,value_10207],  with error: EndorseError: 2 UNKNOWN: too many requests for /gateway.Gateway, exceeding concurrency limit (500)
Details:
2026.09.04-19:12:14.777[31m error[39m [caliper] [connectors/peer-gateway/PeerGateway] 	Failed to perform submit transaction [Set] using arguments [key_0_1_10209,value_10209],  with error: EndorseError: 2 UNKNOWN: too many requests for /gateway.Gateway, exceeding concurrency limit (500)
Details:
2026.09.04-19:12:14.779[31m error[39m [caliper] [connectors/peer-gateway/PeerGateway] 	Failed to perform submit transaction [Set] using arguments [key_0_1_10210,value_10210],  with error: EndorseError: 2 UNKNOWN: too many requests for /gateway.Gateway, exceeding concurrency limit (500)
Details:
2026.09.04-19:12:14.780[31m error[39m [caliper] [connectors/peer-gateway/PeerGateway] 	Failed to perform submit transaction [Set] using arguments [key_0_1_10211,value_10211],  with error: EndorseError: 2 UNKNOWN: too many requests for /gateway.Gateway, exceeding concurrency limit (500)
Details:
2026.09.04-19:12:14.788[31m error[39m [caliper] [connectors/peer-gateway/PeerGateway] 	Failed to perform submit transaction [Set] using arguments [key_0_1_10212,value_10212],  with error: EndorseError: 2 UNKNOWN: too many requests for /gateway.Gateway, exceeding concurrency limit (500)
Details:
2026.09.04-19:12:14.796[31m error[39m [caliper] [connectors/peer-gateway/PeerGateway] 	Failed to perform submit transaction [Set] using arguments [key_0_1_10213,value_10213],  with error: EndorseError: 2 UNKNOWN: too many requests for /gateway.Gateway, exceeding concurrency limit (500)
Details:
2026.09.04-19:12:14.796[31m error[39m [caliper] [connectors/peer-gateway/PeerGateway] 	Failed to perform submit transaction [Set] using arguments [key_0_1_10214,value_10214],  with error: EndorseError: 2 UNKNOWN: too many requests for /gateway.Gateway, exceeding concurrency limit (500)
Details:
2026.09.04-19:12:14.800[31m error[39m [caliper] [connectors/peer-gateway/PeerGateway] 	Failed to perform submit transaction [Set] using arguments [key_0_1_10215,value_10215],  with error: EndorseError: 2 UNKNOWN: too many requests for /gateway.Gateway, exceeding concurrency limit (500)
Details:
2026.09.04-19:12:14.808[31m error[39m [caliper] [connectors/peer-gateway/PeerGateway] 	Failed to perform submit transaction [Set] using arguments [key_0_1_10217,value_10217],  with error: EndorseError: 2 UNKNOWN: too many requests for /gateway.Gateway, exceeding concurrency limit (500)
Details:
2026.09.04-19:12:14.810[31m error[39m [caliper] [connectors/peer-gateway/PeerGateway] 	Failed to perform submit transaction [Set] using arguments [key_0_1_10204,value_10204],  with error: CommitStatusError: 2 UNKNOWN: too many requests for /gateway.Gateway, exceeding concurrency limit (500)
Details:
2026.09.04-19:12:14.810[31m error[39m [caliper] [connectors/peer-gateway/PeerGateway] 	Failed to perform submit transaction [Set] using arguments [key_0_1_10218,value_10218],  with error: EndorseError: 2 UNKNOWN: too many requests for /gateway.Gateway, exceeding concurrency limit (500)
Details:
2026.09.04-19:12:14.811[31m error[39m [caliper] [connectors/peer-gateway/PeerGateway] 	Failed to perform submit transaction [Set] using arguments [key_0_1_10216,value_10216],  with error: SubmitError: 2 UNKNOWN: too many requests for /gateway.Gateway, exceeding concurrency limit (500)
Details:
2026.09.04-19:12:14.811[31m error[39m [caliper] [connectors/peer-gateway/PeerGateway] 	Failed to perform submit transaction [Set] using arguments [key_0_1_10220,value_10220],  with error: EndorseError: 2 UNKNOWN: too many requests for /gateway.Gateway, exceeding concurrency limit (500)
Details:
2026.09.04-19:12:14.821[31m error[39m [caliper] [connectors/peer-gateway/PeerGateway] 	Failed to perform submit transaction [Set] using arguments [key_0_1_10222,value_10222],  with error: EndorseError: 2 UNKNOWN: too many requests for /gateway.Gateway, exceeding concurrency limit (500)
Details:
2026.09.04-19:12:14.821[31m error[39m [caliper] [connectors/peer-gateway/PeerGateway] 	Failed to perform submit transaction [Set] using arguments [key_0_1_10221,value_10221],  with error: EndorseError: 2 UNKNOWN: too many requests for /gateway.Gateway, exceeding concurrency limit (500)
Details:
2026.09.04-19:12:14.827[31m error[39m [caliper] [connectors/peer-gateway/PeerGateway] 	Failed to perform submit transaction [Set] using arguments [key_0_1_10219,value_10219],  with error: SubmitError: 2 UNKNOWN: too many requests for /gateway.Gateway, exceeding concurrency limit (500)
Details:
2026.09.04-19:12:14.830[31m error[39m [caliper] [connectors/peer-gateway/PeerGateway] 	Failed to perform submit transaction [Set] using arguments [key_0_1_10223,value_10223],  with error: SubmitError: 2 UNKNOWN: too many requests for /gateway.Gateway, exceeding concurrency limit (500)
Details:
2026.09.04-19:12:14.830[31m error[39m [caliper] [connectors/peer-gateway/PeerGateway] 	Failed to perform submit transaction [Set] using arguments [key_0_1_10225,value_10225],  with error: EndorseError: 2 UNKNOWN: too many requests for /gateway.Gateway, exceeding concurrency limit (500)
Details:
2026.09.04-19:12:14.836[31m error[39m [caliper] [connectors/peer-gateway/PeerGateway] 	Failed to perform submit transaction [Set] using arguments [key_0_1_10224,value_10224],  with error: SubmitError: 2 UNKNOWN: too many requests for /gateway.Gateway, exceeding concurrency limit (500)
Details:
2026.09.04-19:12:14.837[31m error[39m [caliper] [connectors/peer-gateway/PeerGateway] 	Failed to perform submit transaction [Set] using arguments [key_0_1_10227,value_10227],  with error: EndorseError: 2 UNKNOWN: too many requests for /gateway.Gateway, exceeding concurrency limit (500)
Details:
2026.09.04-19:12:14.837[31m error[39m [caliper] [connectors/peer-gateway/PeerGateway] 	Failed to perform submit transaction [Set] using arguments [key_0_1_10228,value_10228],  with error: EndorseError: 2 UNKNOWN: too many requests for /gateway.Gateway, exceeding concurrency limit (500)
Details:
2026.09.04-19:12:14.841[31m error[39m [caliper] [connectors/peer-gateway/PeerGateway] 	Failed to perform submit transaction [Set] using arguments [key_0_1_10229,value_10229],  with error: EndorseError: 2 UNKNOWN: too many requests for /gateway.Gateway, exceeding concurrency limit (500)
Details:
2026.09.04-19:12:14.845[31m error[39m [caliper] [connectors/peer-gateway/PeerGateway] 	Failed to perform submit transaction [Set] using arguments [key_0_1_10230,value_10230],  with error: EndorseError: 2 UNKNOWN: too many requests for /gateway.Gateway, exceeding concurrency limit (500)
Details:
2026.09.04-19:12:14.847[31m error[39m [caliper] [connectors/peer-gateway/PeerGateway] 	Failed to perform submit transaction [Set] using arguments [key_0_1_10231,value_10231],  with error: EndorseError: 2 UNKNOWN: too many requests for /gateway.Gateway, exceeding concurrency limit (500)
Details:
2026.09.04-19:12:14.851[31m error[39m [caliper] [connectors/peer-gateway/PeerGateway] 	Failed to perform submit transaction [Set] using arguments [key_0_1_10232,value_10232],  with error: EndorseError: 2 UNKNOWN: too many requests for /gateway.Gateway, exceeding concurrency limit (500)
Details:
2026.09.04-19:12:14.855[31m error[39m [caliper] [connectors/peer-gateway/PeerGateway] 	Failed to perform submit transaction [Set] using arguments [key_0_1_10233,value_10233],  with error: EndorseError: 2 UNKNOWN: too many requests for /gateway.Gateway, exceeding concurrency limit (500)
Details:
2026.09.04-19:12:14.857[31m error[39m [caliper] [connectors/peer-gateway/PeerGateway] 	Failed to perform submit transaction [Set] using arguments [key_0_1_10234,value_10234],  with error: EndorseError: 2 UNKNOWN: too many requests for /gateway.Gateway, exceeding concurrency limit (500)
Details:
2026.09.04-19:12:14.861[31m error[39m [caliper] [connectors/peer-gateway/PeerGateway] 	Failed to perform submit transaction [Set] using arguments [key_0_1_10235,value_10235],  with error: EndorseError: 2 UNKNOWN: too many requests for /gateway.Gateway, exceeding concurrency limit (500)
Details:
2026.09.04-19:12:14.865[31m error[39m [caliper] [connectors/peer-gateway/PeerGateway] 	Failed to perform submit transaction [Set] using arguments [key_0_1_10236,value_10236],  with error: EndorseError: 2 UNKNOWN: too many requests for /gateway.Gateway, exceeding concurrency limit (500)
Details:
2026.09.04-19:12:14.866[31m error[39m [caliper] [connectors/peer-gateway/PeerGateway] 	Failed to perform submit transaction [Set] using arguments [key_0_1_10237,value_10237],  with error: EndorseError: 2 UNKNOWN: too many requests for /gateway.Gateway, exceeding concurrency limit (500)
Details:
2026.09.04-19:12:15.740[32m info [39m [caliper] [default-observer] 	[blockutil-300-tps Round 1 Transaction Info] - Submitted: 10205 Succ: 8445 Fail:1248 Unfinished:512
2026.09.04-19:12:16.527[31m error[39m [caliper] [connectors/peer-gateway/PeerGateway] 	Failed to perform submit transaction [Set] using arguments [key_0_1_10733,value_10733],  with error: CommitStatusError: 2 UNKNOWN: too many requests for /gateway.Gateway, exceeding concurrency limit (500)
Details:
2026.09.04-19:12:16.533[31m error[39m [caliper] [connectors/peer-gateway/PeerGateway] 	Failed to perform submit transaction [Set] using arguments [key_0_1_10735,value_10735],  with error: SubmitError: 2 UNKNOWN: too many requests for /gateway.Gateway, exceeding concurrency limit (500)
Details:
2026.09.04-19:12:16.534[31m error[39m [caliper] [connectors/peer-gateway/PeerGateway] 	Failed to perform submit transaction [Set] using arguments [key_0_1_10737,value_10737],  with error: EndorseError: 2 UNKNOWN: too many requests for /gateway.Gateway, exceeding concurrency limit (500)
Details:
2026.09.04-19:12:16.537[31m error[39m [caliper] [connectors/peer-gateway/PeerGateway] 	Failed to perform submit transaction [Set] using arguments [key_0_1_10738,value_10738],  with error: EndorseError: 2 UNKNOWN: too many requests for /gateway.Gateway, exceeding concurrency limit (500)
Details:
2026.09.04-19:12:16.544[31m error[39m [caliper] [connectors/peer-gateway/PeerGateway] 	Failed to perform submit transaction [Set] using arguments [key_0_1_10739,value_10739],  with error: EndorseError: 2 UNKNOWN: too many requests for /gateway.Gateway, exceeding concurrency limit (500)
Details:
2026.09.04-19:12:16.544[31m error[39m [caliper] [connectors/peer-gateway/PeerGateway] 	Failed to perform submit transaction [Set] using arguments [key_0_1_10740,value_10740],  with error: EndorseError: 2 UNKNOWN: too many requests for /gateway.Gateway, exceeding concurrency limit (500)
Details:
2026.09.04-19:12:16.548[31m error[39m [caliper] [connectors/peer-gateway/PeerGateway] 	Failed to perform submit transaction [Set] using arguments [key_0_1_10741,value_10741],  with error: EndorseError: 2 UNKNOWN: too many requests for /gateway.Gateway, exceeding concurrency limit (500)
Details:
2026.09.04-19:12:16.550[31m error[39m [caliper] [connectors/peer-gateway/PeerGateway] 	Failed to perform submit transaction [Set] using arguments [key_0_1_10742,value_10742],  with error: EndorseError: 2 UNKNOWN: too many requests for /gateway.Gateway, exceeding concurrency limit (500)
Details:
2026.09.04-19:12:16.555[31m error[39m [caliper] [connectors/peer-gateway/PeerGateway] 	Failed to perform submit transaction [Set] using arguments [key_0_1_10743,value_10743],  with error: EndorseError: 2 UNKNOWN: too many requests for /gateway.Gateway, exceeding concurrency limit (500)
Details:
2026.09.04-19:12:16.560[31m error[39m [caliper] [connectors/peer-gateway/PeerGateway] 	Failed to perform submit transaction [Set] using arguments [key_0_1_10744,value_10744],  with error: EndorseError: 2 UNKNOWN: too many requests for /gateway.Gateway, exceeding concurrency limit (500)
Details:
2026.09.04-19:12:16.564[31m error[39m [caliper] [connectors/peer-gateway/PeerGateway] 	Failed to perform submit transaction [Set] using arguments [key_0_1_10745,value_10745],  with error: EndorseError: 2 UNKNOWN: too many requests for /gateway.Gateway, exceeding concurrency limit (500)
Details:
2026.09.04-19:12:16.572[31m error[39m [caliper] [connectors/peer-gateway/PeerGateway] 	Failed to perform submit transaction [Set] using arguments [key_0_1_10747,value_10747],  with error: EndorseError: 2 UNKNOWN: too many requests for /gateway.Gateway, exceeding concurrency limit (500)
Details:
2026.09.04-19:12:16.574[31m error[39m [caliper] [connectors/peer-gateway/PeerGateway] 	Failed to perform submit transaction [Set] using arguments [key_0_1_10746,value_10746],  with error: EndorseError: 2 UNKNOWN: too many requests for /gateway.Gateway, exceeding concurrency limit (500)
Details:
2026.09.04-19:12:16.574[31m error[39m [caliper] [connectors/peer-gateway/PeerGateway] 	Failed to perform submit transaction [Set] using arguments [key_0_1_10748,value_10748],  with error: EndorseError: 2 UNKNOWN: too many requests for /gateway.Gateway, exceeding concurrency limit (500)
Details:
2026.09.04-19:12:16.576[31m error[39m [caliper] [connectors/peer-gateway/PeerGateway] 	Failed to perform submit transaction [Set] using arguments [key_0_1_10749,value_10749],  with error: EndorseError: 2 UNKNOWN: too many requests for /gateway.Gateway, exceeding concurrency limit (500)
Details:
2026.09.04-19:12:16.584[31m error[39m [caliper] [connectors/peer-gateway/PeerGateway] 	Failed to perform submit transaction [Set] using arguments [key_0_1_10751,value_10751],  with error: EndorseError: 2 UNKNOWN: too many requests for /gateway.Gateway, exceeding concurrency limit (500)
Details:
2026.09.04-19:12:16.584[31m error[39m [caliper] [connectors/peer-gateway/PeerGateway] 	Failed to perform submit transaction [Set] using arguments [key_0_1_10750,value_10750],  with error: EndorseError: 2 UNKNOWN: too many requests for /gateway.Gateway, exceeding concurrency limit (500)
Details:
2026.09.04-19:12:16.586[31m error[39m [caliper] [connectors/peer-gateway/PeerGateway] 	Failed to perform submit transaction [Set] using arguments [key_0_1_10752,value_10752],  with error: EndorseError: 2 UNKNOWN: too many requests for /gateway.Gateway, exceeding concurrency limit (500)
Details:
2026.09.04-19:12:16.594[31m error[39m [caliper] [connectors/peer-gateway/PeerGateway] 	Failed to perform submit transaction [Set] using arguments [key_0_1_10753,value_10753],  with error: EndorseError: 2 UNKNOWN: too many requests for /gateway.Gateway, exceeding concurrency limit (500)
Details:
2026.09.04-19:12:16.594[31m error[39m [caliper] [connectors/peer-gateway/PeerGateway] 	Failed to perform submit transaction [Set] using arguments [key_0_1_10754,value_10754],  with error: EndorseError: 2 UNKNOWN: too many requests for /gateway.Gateway, exceeding concurrency limit (500)
Details:
2026.09.04-19:12:16.604[31m error[39m [caliper] [connectors/peer-gateway/PeerGateway] 	Failed to perform submit transaction [Set] using arguments [key_0_1_10756,value_10756],  with error: EndorseError: 2 UNKNOWN: too many requests for /gateway.Gateway, exceeding concurrency limit (500)
Details:
2026.09.04-19:12:16.607[31m error[39m [caliper] [connectors/peer-gateway/PeerGateway] 	Failed to perform submit transaction [Set] using arguments [key_0_1_10758,value_10758],  with error: EndorseError: 2 UNKNOWN: too many requests for /gateway.Gateway, exceeding concurrency limit (500)
Details:
2026.09.04-19:12:16.618[31m error[39m [caliper] [connectors/peer-gateway/PeerGateway] 	Failed to perform submit transaction [Set] using arguments [key_0_1_10760,value_10760],  with error: EndorseError: 2 UNKNOWN: too many requests for /gateway.Gateway, exceeding concurrency limit (500)
Details:
2026.09.04-19:12:16.618[31m error[39m [caliper] [connectors/peer-gateway/PeerGateway] 	Failed to perform submit transaction [Set] using arguments [key_0_1_10759,value_10759],  with error: EndorseError: 2 UNKNOWN: too many requests for /gateway.Gateway, exceeding concurrency limit (500)
Details:
2026.09.04-19:12:16.625[31m error[39m [caliper] [connectors/peer-gateway/PeerGateway] 	Failed to perform submit transaction [Set] using arguments [key_0_1_10763,value_10763],  with error: EndorseError: 2 UNKNOWN: too many requests for /gateway.Gateway, exceeding concurrency limit (500)
Details:
2026.09.04-19:12:16.625[31m error[39m [caliper] [connectors/peer-gateway/PeerGateway] 	Failed to perform submit transaction [Set] using arguments [key_0_1_10761,value_10761],  with error: EndorseError: 2 UNKNOWN: too many requests for /gateway.Gateway, exceeding concurrency limit (500)
Details:
2026.09.04-19:12:16.628[31m error[39m [caliper] [connectors/peer-gateway/PeerGateway] 	Failed to perform submit transaction [Set] using arguments [key_0_1_10762,value_10762],  with error: EndorseError: 2 UNKNOWN: too many requests for /gateway.Gateway, exceeding concurrency limit (500)
Details:
2026.09.04-19:12:16.629[31m error[39m [caliper] [connectors/peer-gateway/PeerGateway] 	Failed to perform submit transaction [Set] using arguments [key_0_1_10764,value_10764],  with error: EndorseError: 2 UNKNOWN: too many requests for /gateway.Gateway, exceeding concurrency limit (500)
Details:
2026.09.04-19:12:16.629[31m error[39m [caliper] [connectors/peer-gateway/PeerGateway] 	Failed to perform submit transaction [Set] using arguments [key_0_1_10765,value_10765],  with error: EndorseError: 2 UNKNOWN: too many requests for /gateway.Gateway, exceeding concurrency limit (500)
Details:
2026.09.04-19:12:16.632[31m error[39m [caliper] [connectors/peer-gateway/PeerGateway] 	Failed to perform submit transaction [Set] using arguments [key_0_1_10766,value_10766],  with error: EndorseError: 2 UNKNOWN: too many requests for /gateway.Gateway, exceeding concurrency limit (500)
Details:
2026.09.04-19:12:16.638[31m error[39m [caliper] [connectors/peer-gateway/PeerGateway] 	Failed to perform submit transaction [Set] using arguments [key_0_1_10767,value_10767],  with error: EndorseError: 2 UNKNOWN: too many requests for /gateway.Gateway, exceeding concurrency limit (500)
Details:
2026.09.04-19:12:16.644[31m error[39m [caliper] [connectors/peer-gateway/PeerGateway] 	Failed to perform submit transaction [Set] using arguments [key_0_1_10768,value_10768],  with error: EndorseError: 2 UNKNOWN: too many requests for /gateway.Gateway, exceeding concurrency limit (500)
Details:
2026.09.04-19:12:16.644[31m error[39m [caliper] [connectors/peer-gateway/PeerGateway] 	Failed to perform submit transaction [Set] using arguments [key_0_1_10769,value_10769],  with error: EndorseError: 2 UNKNOWN: too many requests for /gateway.Gateway, exceeding concurrency limit (500)
Details:
2026.09.04-19:12:16.645[31m error[39m [caliper] [connectors/peer-gateway/PeerGateway] 	Failed to perform submit transaction [Set] using arguments [key_0_1_10755,value_10755],  with error: EndorseError: 2 UNKNOWN: too many requests for /gateway.Gateway, exceeding concurrency limit (500)
Details:
2026.09.04-19:12:16.645[31m error[39m [caliper] [connectors/peer-gateway/PeerGateway] 	Failed to perform submit transaction [Set] using arguments [key_0_1_10757,value_10757],  with error: EndorseError: 2 UNKNOWN: too many requests for /gateway.Gateway, exceeding concurrency limit (500)
Details:
2026.09.04-19:12:16.647[31m error[39m [caliper] [connectors/peer-gateway/PeerGateway] 	Failed to perform submit transaction [Set] using arguments [key_0_1_10771,value_10771],  with error: EndorseError: 2 UNKNOWN: too many requests for /gateway.Gateway, exceeding concurrency limit (500)
Details:
2026.09.04-19:12:16.648[31m error[39m [caliper] [connectors/peer-gateway/PeerGateway] 	Failed to perform submit transaction [Set] using arguments [key_0_1_10770,value_10770],  with error: EndorseError: 2 UNKNOWN: too many requests for /gateway.Gateway, exceeding concurrency limit (500)
Details:
2026.09.04-19:12:16.650[31m error[39m [caliper] [connectors/peer-gateway/PeerGateway] 	Failed to perform submit transaction [Set] using arguments [key_0_1_10772,value_10772],  with error: EndorseError: 2 UNKNOWN: too many requests for /gateway.Gateway, exceeding concurrency limit (500)
Details:
2026.09.04-19:12:16.656[31m error[39m [caliper] [connectors/peer-gateway/PeerGateway] 	Failed to perform submit transaction [Set] using arguments [key_0_1_10773,value_10773],  with error: EndorseError: 2 UNKNOWN: too many requests for /gateway.Gateway, exceeding concurrency limit (500)
Details:
2026.09.04-19:12:16.660[31m error[39m [caliper] [connectors/peer-gateway/PeerGateway] 	Failed to perform submit transaction [Set] using arguments [key_0_1_10774,value_10774],  with error: EndorseError: 2 UNKNOWN: too many requests for /gateway.Gateway, exceeding concurrency limit (500)
Details:
2026.09.04-19:12:16.662[31m error[39m [caliper] [connectors/peer-gateway/PeerGateway] 	Failed to perform submit transaction [Set] using arguments [key_0_1_10775,value_10775],  with error: EndorseError: 2 UNKNOWN: too many requests for /gateway.Gateway, exceeding concurrency limit (500)
Details:
2026.09.04-19:12:16.667[31m error[39m [caliper] [connectors/peer-gateway/PeerGateway] 	Failed to perform submit transaction [Set] using arguments [key_0_1_10776,value_10776],  with error: EndorseError: 2 UNKNOWN: too many requests for /gateway.Gateway, exceeding concurrency limit (500)
Details:
2026.09.04-19:12:16.673[31m error[39m [caliper] [connectors/peer-gateway/PeerGateway] 	Failed to perform submit transaction [Set] using arguments [key_0_1_10777,value_10777],  with error: EndorseError: 2 UNKNOWN: too many requests for /gateway.Gateway, exceeding concurrency limit (500)
Details:
2026.09.04-19:12:16.674[31m error[39m [caliper] [connectors/peer-gateway/PeerGateway] 	Failed to perform submit transaction [Set] using arguments [key_0_1_10778,value_10778],  with error: EndorseError: 2 UNKNOWN: too many requests for /gateway.Gateway, exceeding concurrency limit (500)
Details:
2026.09.04-19:12:16.679[31m error[39m [caliper] [connectors/peer-gateway/PeerGateway] 	Failed to perform submit transaction [Set] using arguments [key_0_1_10780,value_10780],  with error: EndorseError: 2 UNKNOWN: too many requests for /gateway.Gateway, exceeding concurrency limit (500)
Details:
2026.09.04-19:12:16.679[31m error[39m [caliper] [connectors/peer-gateway/PeerGateway] 	Failed to perform submit transaction [Set] using arguments [key_0_1_10779,value_10779],  with error: EndorseError: 2 UNKNOWN: too many requests for /gateway.Gateway, exceeding concurrency limit (500)
Details:
2026.09.04-19:12:16.683[31m error[39m [caliper] [connectors/peer-gateway/PeerGateway] 	Failed to perform submit transaction [Set] using arguments [key_0_1_10781,value_10781],  with error: EndorseError: 2 UNKNOWN: too many requests for /gateway.Gateway, exceeding concurrency limit (500)
Details:
2026.09.04-19:12:16.687[31m error[39m [caliper] [connectors/peer-gateway/PeerGateway] 	Failed to perform submit transaction [Set] using arguments [key_0_1_10782,value_10782],  with error: EndorseError: 2 UNKNOWN: too many requests for /gateway.Gateway, exceeding concurrency limit (500)
Details:
2026.09.04-19:12:16.687[31m error[39m [caliper] [connectors/peer-gateway/PeerGateway] 	Failed to perform submit transaction [Set] using arguments [key_0_1_10783,value_10783],  with error: EndorseError: 2 UNKNOWN: too many requests for /gateway.Gateway, exceeding concurrency limit (500)
Details:
2026.09.04-19:12:16.692[31m error[39m [caliper] [connectors/peer-gateway/PeerGateway] 	Failed to perform submit transaction [Set] using arguments [key_0_1_10784,value_10784],  with error: EndorseError: 2 UNKNOWN: too many requests for /gateway.Gateway, exceeding concurrency limit (500)
Details:
2026.09.04-19:12:16.698[31m error[39m [caliper] [connectors/peer-gateway/PeerGateway] 	Failed to perform submit transaction [Set] using arguments [key_0_1_10785,value_10785],  with error: EndorseError: 2 UNKNOWN: too many requests for /gateway.Gateway, exceeding concurrency limit (500)
Details:
2026.09.04-19:12:16.700[31m error[39m [caliper] [connectors/peer-gateway/PeerGateway] 	Failed to perform submit transaction [Set] using arguments [key_0_1_10786,value_10786],  with error: EndorseError: 2 UNKNOWN: too many requests for /gateway.Gateway, exceeding concurrency limit (500)
Details:
2026.09.04-19:12:16.704[31m error[39m [caliper] [connectors/peer-gateway/PeerGateway] 	Failed to perform submit transaction [Set] using arguments [key_0_1_10787,value_10787],  with error: EndorseError: 2 UNKNOWN: too many requests for /gateway.Gateway, exceeding concurrency limit (500)
Details:
2026.09.04-19:12:16.707[31m error[39m [caliper] [connectors/peer-gateway/PeerGateway] 	Failed to perform submit transaction [Set] using arguments [key_0_1_10788,value_10788],  with error: EndorseError: 2 UNKNOWN: too many requests for /gateway.Gateway, exceeding concurrency limit (500)
Details:
2026.09.04-19:12:16.709[31m error[39m [caliper] [connectors/peer-gateway/PeerGateway] 	Failed to perform submit transaction [Set] using arguments [key_0_1_10789,value_10789],  with error: EndorseError: 2 UNKNOWN: too many requests for /gateway.Gateway, exceeding concurrency limit (500)
Details:
2026.09.04-19:12:16.710[31m error[39m [caliper] [connectors/peer-gateway/PeerGateway] 	Failed to perform submit transaction [Set] using arguments [key_0_1_10790,value_10790],  with error: EndorseError: 2 UNKNOWN: too many requests for /gateway.Gateway, exceeding concurrency limit (500)
Details:
2026.09.04-19:12:16.716[31m error[39m [caliper] [connectors/peer-gateway/PeerGateway] 	Failed to perform submit transaction [Set] using arguments [key_0_1_10791,value_10791],  with error: EndorseError: 2 UNKNOWN: too many requests for /gateway.Gateway, exceeding concurrency limit (500)
Details:
2026.09.04-19:12:16.717[31m error[39m [caliper] [connectors/peer-gateway/PeerGateway] 	Failed to perform submit transaction [Set] using arguments [key_0_1_10792,value_10792],  with error: EndorseError: 2 UNKNOWN: too many requests for /gateway.Gateway, exceeding concurrency limit (500)
Details:
2026.09.04-19:12:16.721[31m error[39m [caliper] [connectors/peer-gateway/PeerGateway] 	Failed to perform submit transaction [Set] using arguments [key_0_1_10793,value_10793],  with error: EndorseError: 2 UNKNOWN: too many requests for /gateway.Gateway, exceeding concurrency limit (500)
Details:
2026.09.04-19:12:16.725[31m error[39m [caliper] [connectors/peer-gateway/PeerGateway] 	Failed to perform submit transaction [Set] using arguments [key_0_1_10794,value_10794],  with error: EndorseError: 2 UNKNOWN: too many requests for /gateway.Gateway, exceeding concurrency limit (500)
Details:
2026.09.04-19:12:16.727[31m error[39m [caliper] [connectors/peer-gateway/PeerGateway] 	Failed to perform submit transaction [Set] using arguments [key_0_1_10795,value_10795],  with error: EndorseError: 2 UNKNOWN: too many requests for /gateway.Gateway, exceeding concurrency limit (500)
Details:
2026.09.04-19:12:16.729[31m error[39m [caliper] [connectors/peer-gateway/PeerGateway] 	Failed to perform submit transaction [Set] using arguments [key_0_1_10796,value_10796],  with error: EndorseError: 2 UNKNOWN: too many requests for /gateway.Gateway, exceeding concurrency limit (500)
Details:
2026.09.04-19:12:16.735[31m error[39m [caliper] [connectors/peer-gateway/PeerGateway] 	Failed to perform submit transaction [Set] using arguments [key_0_1_10797,value_10797],  with error: EndorseError: 2 UNKNOWN: too many requests for /gateway.Gateway, exceeding concurrency limit (500)
Details:
2026.09.04-19:12:16.739[31m error[39m [caliper] [connectors/peer-gateway/PeerGateway] 	Failed to perform submit transaction [Set] using arguments [key_0_1_10798,value_10798],  with error: EndorseError: 2 UNKNOWN: too many requests for /gateway.Gateway, exceeding concurrency limit (500)
Details:
2026.09.04-19:12:16.739[31m error[39m [caliper] [connectors/peer-gateway/PeerGateway] 	Failed to perform submit transaction [Set] using arguments [key_0_1_10799,value_10799],  with error: EndorseError: 2 UNKNOWN: too many requests for /gateway.Gateway, exceeding concurrency limit (500)
Details:
2026.09.04-19:12:16.742[31m error[39m [caliper] [connectors/peer-gateway/PeerGateway] 	Failed to perform submit transaction [Set] using arguments [key_0_1_10800,value_10800],  with error: EndorseError: 2 UNKNOWN: too many requests for /gateway.Gateway, exceeding concurrency limit (500)
Details:
2026.09.04-19:12:16.748[31m error[39m [caliper] [connectors/peer-gateway/PeerGateway] 	Failed to perform submit transaction [Set] using arguments [key_0_1_10801,value_10801],  with error: EndorseError: 2 UNKNOWN: too many requests for /gateway.Gateway, exceeding concurrency limit (500)
Details:
2026.09.04-19:12:16.750[31m error[39m [caliper] [connectors/peer-gateway/PeerGateway] 	Failed to perform submit transaction [Set] using arguments [key_0_1_10802,value_10802],  with error: EndorseError: 2 UNKNOWN: too many requests for /gateway.Gateway, exceeding concurrency limit (500)
Details:
2026.09.04-19:12:18.407[31m error[39m [caliper] [connectors/peer-gateway/PeerGateway] 	Failed to perform submit transaction [Set] using arguments [key_0_1_11299,value_11299],  with error: EndorseError: 2 UNKNOWN: too many requests for /gateway.Gateway, exceeding concurrency limit (500)
Details:
2026.09.04-19:12:18.412[31m error[39m [caliper] [connectors/peer-gateway/PeerGateway] 	Failed to perform submit transaction [Set] using arguments [key_0_1_11298,value_11298],  with error: CommitStatusError: 2 UNKNOWN: too many requests for /gateway.Gateway, exceeding concurrency limit (500)
Details:
2026.09.04-19:12:18.414[31m error[39m [caliper] [connectors/peer-gateway/PeerGateway] 	Failed to perform submit transaction [Set] using arguments [key_0_1_11301,value_11301],  with error: EndorseError: 2 UNKNOWN: too many requests for /gateway.Gateway, exceeding concurrency limit (500)
Details:
2026.09.04-19:12:18.420[31m error[39m [caliper] [connectors/peer-gateway/PeerGateway] 	Failed to perform submit transaction [Set] using arguments [key_0_1_11300,value_11300],  with error: CommitStatusError: 2 UNKNOWN: too many requests for /gateway.Gateway, exceeding concurrency limit (500)
Details:
2026.09.04-19:12:18.420[31m error[39m [caliper] [connectors/peer-gateway/PeerGateway] 	Failed to perform submit transaction [Set] using arguments [key_0_1_11303,value_11303],  with error: EndorseError: 2 UNKNOWN: too many requests for /gateway.Gateway, exceeding concurrency limit (500)
Details:
2026.09.04-19:12:18.427[31m error[39m [caliper] [connectors/peer-gateway/PeerGateway] 	Failed to perform submit transaction [Set] using arguments [key_0_1_11302,value_11302],  with error: CommitStatusError: 2 UNKNOWN: too many requests for /gateway.Gateway, exceeding concurrency limit (500)
Details:
2026.09.04-19:12:18.427[31m error[39m [caliper] [connectors/peer-gateway/PeerGateway] 	Failed to perform submit transaction [Set] using arguments [key_0_1_11305,value_11305],  with error: EndorseError: 2 UNKNOWN: too many requests for /gateway.Gateway, exceeding concurrency limit (500)
Details:
2026.09.04-19:12:18.434[31m error[39m [caliper] [connectors/peer-gateway/PeerGateway] 	Failed to perform submit transaction [Set] using arguments [key_0_1_11304,value_11304],  with error: CommitStatusError: 2 UNKNOWN: too many requests for /gateway.Gateway, exceeding concurrency limit (500)
Details:
2026.09.04-19:12:18.435[31m error[39m [caliper] [connectors/peer-gateway/PeerGateway] 	Failed to perform submit transaction [Set] using arguments [key_0_1_11307,value_11307],  with error: EndorseError: 2 UNKNOWN: too many requests for /gateway.Gateway, exceeding concurrency limit (500)
Details:
2026.09.04-19:12:18.442[31m error[39m [caliper] [connectors/peer-gateway/PeerGateway] 	Failed to perform submit transaction [Set] using arguments [key_0_1_11306,value_11306],  with error: SubmitError: 2 UNKNOWN: too many requests for /gateway.Gateway, exceeding concurrency limit (500)
Details:
2026.09.04-19:12:18.442[31m error[39m [caliper] [connectors/peer-gateway/PeerGateway] 	Failed to perform submit transaction [Set] using arguments [key_0_1_11309,value_11309],  with error: EndorseError: 2 UNKNOWN: too many requests for /gateway.Gateway, exceeding concurrency limit (500)
Details:
2026.09.04-19:12:18.454[31m error[39m [caliper] [connectors/peer-gateway/PeerGateway] 	Failed to perform submit transaction [Set] using arguments [key_0_1_11308,value_11308],  with error: SubmitError: 2 UNKNOWN: too many requests for /gateway.Gateway, exceeding concurrency limit (500)
Details:
2026.09.04-19:12:18.454[31m error[39m [caliper] [connectors/peer-gateway/PeerGateway] 	Failed to perform submit transaction [Set] using arguments [key_0_1_11311,value_11311],  with error: EndorseError: 2 UNKNOWN: too many requests for /gateway.Gateway, exceeding concurrency limit (500)
Details:
2026.09.04-19:12:18.455[31m error[39m [caliper] [connectors/peer-gateway/PeerGateway] 	Failed to perform submit transaction [Set] using arguments [key_0_1_11312,value_11312],  with error: EndorseError: 2 UNKNOWN: too many requests for /gateway.Gateway, exceeding concurrency limit (500)
Details:
2026.09.04-19:12:18.457[31m error[39m [caliper] [connectors/peer-gateway/PeerGateway] 	Failed to perform submit transaction [Set] using arguments [key_0_1_11313,value_11313],  with error: EndorseError: 2 UNKNOWN: too many requests for /gateway.Gateway, exceeding concurrency limit (500)
Details:
2026.09.04-19:12:18.466[31m error[39m [caliper] [connectors/peer-gateway/PeerGateway] 	Failed to perform submit transaction [Set] using arguments [key_0_1_11310,value_11310],  with error: SubmitError: 2 UNKNOWN: too many requests for /gateway.Gateway, exceeding concurrency limit (500)
Details:
2026.09.04-19:12:18.466[31m error[39m [caliper] [connectors/peer-gateway/PeerGateway] 	Failed to perform submit transaction [Set] using arguments [key_0_1_11315,value_11315],  with error: EndorseError: 2 UNKNOWN: too many requests for /gateway.Gateway, exceeding concurrency limit (500)
Details:
2026.09.04-19:12:18.468[31m error[39m [caliper] [connectors/peer-gateway/PeerGateway] 	Failed to perform submit transaction [Set] using arguments [key_0_1_11316,value_11316],  with error: EndorseError: 2 UNKNOWN: too many requests for /gateway.Gateway, exceeding concurrency limit (500)
Details:
2026.09.04-19:12:18.472[31m error[39m [caliper] [connectors/peer-gateway/PeerGateway] 	Failed to perform submit transaction [Set] using arguments [key_0_1_11317,value_11317],  with error: EndorseError: 2 UNKNOWN: too many requests for /gateway.Gateway, exceeding concurrency limit (500)
Details:
2026.09.04-19:12:18.478[31m error[39m [caliper] [connectors/peer-gateway/PeerGateway] 	Failed to perform submit transaction [Set] using arguments [key_0_1_11318,value_11318],  with error: EndorseError: 2 UNKNOWN: too many requests for /gateway.Gateway, exceeding concurrency limit (500)
Details:
2026.09.04-19:12:18.490[31m error[39m [caliper] [connectors/peer-gateway/PeerGateway] 	Failed to perform submit transaction [Set] using arguments [key_0_1_11323,value_11323],  with error: EndorseError: 2 UNKNOWN: too many requests for /gateway.Gateway, exceeding concurrency limit (500)
Details:
2026.09.04-19:12:18.491[31m error[39m [caliper] [connectors/peer-gateway/PeerGateway] 	Failed to perform submit transaction [Set] using arguments [key_0_1_11319,value_11319],  with error: EndorseError: 2 UNKNOWN: too many requests for /gateway.Gateway, exceeding concurrency limit (500)
Details:
2026.09.04-19:12:18.491[31m error[39m [caliper] [connectors/peer-gateway/PeerGateway] 	Failed to perform submit transaction [Set] using arguments [key_0_1_11320,value_11320],  with error: EndorseError: 2 UNKNOWN: too many requests for /gateway.Gateway, exceeding concurrency limit (500)
Details:
2026.09.04-19:12:18.491[31m error[39m [caliper] [connectors/peer-gateway/PeerGateway] 	Failed to perform submit transaction [Set] using arguments [key_0_1_11321,value_11321],  with error: EndorseError: 2 UNKNOWN: too many requests for /gateway.Gateway, exceeding concurrency limit (500)
Details:
2026.09.04-19:12:18.499[31m error[39m [caliper] [connectors/peer-gateway/PeerGateway] 	Failed to perform submit transaction [Set] using arguments [key_0_1_11322,value_11322],  with error: EndorseError: 2 UNKNOWN: too many requests for /gateway.Gateway, exceeding concurrency limit (500)
Details:
2026.09.04-19:12:18.510[31m error[39m [caliper] [connectors/peer-gateway/PeerGateway] 	Failed to perform submit transaction [Set] using arguments [key_0_1_11325,value_11325],  with error: EndorseError: 2 UNKNOWN: too many requests for /gateway.Gateway, exceeding concurrency limit (500)
Details:
2026.09.04-19:12:18.510[31m error[39m [caliper] [connectors/peer-gateway/PeerGateway] 	Failed to perform submit transaction [Set] using arguments [key_0_1_11314,value_11314],  with error: SubmitError: 2 UNKNOWN: too many requests for /gateway.Gateway, exceeding concurrency limit (500)
Details:
2026.09.04-19:12:18.512[31m error[39m [caliper] [connectors/peer-gateway/PeerGateway] 	Failed to perform submit transaction [Set] using arguments [key_0_1_11326,value_11326],  with error: EndorseError: 2 UNKNOWN: too many requests for /gateway.Gateway, exceeding concurrency limit (500)
Details:
2026.09.04-19:12:18.517[31m error[39m [caliper] [connectors/peer-gateway/PeerGateway] 	Failed to perform submit transaction [Set] using arguments [key_0_1_11330,value_11330],  with error: EndorseError: 2 UNKNOWN: too many requests for /gateway.Gateway, exceeding concurrency limit (500)
Details:
2026.09.04-19:12:18.518[31m error[39m [caliper] [connectors/peer-gateway/PeerGateway] 	Failed to perform submit transaction [Set] using arguments [key_0_1_11327,value_11327],  with error: EndorseError: 2 UNKNOWN: too many requests for /gateway.Gateway, exceeding concurrency limit (500)
Details:
2026.09.04-19:12:18.518[31m error[39m [caliper] [connectors/peer-gateway/PeerGateway] 	Failed to perform submit transaction [Set] using arguments [key_0_1_11328,value_11328],  with error: EndorseError: 2 UNKNOWN: too many requests for /gateway.Gateway, exceeding concurrency limit (500)
Details:
2026.09.04-19:12:18.518[31m error[39m [caliper] [connectors/peer-gateway/PeerGateway] 	Failed to perform submit transaction [Set] using arguments [key_0_1_11329,value_11329],  with error: EndorseError: 2 UNKNOWN: too many requests for /gateway.Gateway, exceeding concurrency limit (500)
Details:
2026.09.04-19:12:18.524[31m error[39m [caliper] [connectors/peer-gateway/PeerGateway] 	Failed to perform submit transaction [Set] using arguments [key_0_1_11332,value_11332],  with error: EndorseError: 2 UNKNOWN: too many requests for /gateway.Gateway, exceeding concurrency limit (500)
Details:
2026.09.04-19:12:18.524[31m error[39m [caliper] [connectors/peer-gateway/PeerGateway] 	Failed to perform submit transaction [Set] using arguments [key_0_1_11324,value_11324],  with error: SubmitError: 2 UNKNOWN: too many requests for /gateway.Gateway, exceeding concurrency limit (500)
Details:
2026.09.04-19:12:18.529[31m error[39m [caliper] [connectors/peer-gateway/PeerGateway] 	Failed to perform submit transaction [Set] using arguments [key_0_1_11333,value_11333],  with error: EndorseError: 2 UNKNOWN: too many requests for /gateway.Gateway, exceeding concurrency limit (500)
Details:
2026.09.04-19:12:18.529[31m error[39m [caliper] [connectors/peer-gateway/PeerGateway] 	Failed to perform submit transaction [Set] using arguments [key_0_1_11334,value_11334],  with error: EndorseError: 2 UNKNOWN: too many requests for /gateway.Gateway, exceeding concurrency limit (500)
Details:
2026.09.04-19:12:18.531[31m error[39m [caliper] [connectors/peer-gateway/PeerGateway] 	Failed to perform submit transaction [Set] using arguments [key_0_1_11335,value_11335],  with error: EndorseError: 2 UNKNOWN: too many requests for /gateway.Gateway, exceeding concurrency limit (500)
Details:
2026.09.04-19:12:18.538[31m error[39m [caliper] [connectors/peer-gateway/PeerGateway] 	Failed to perform submit transaction [Set] using arguments [key_0_1_11336,value_11336],  with error: EndorseError: 2 UNKNOWN: too many requests for /gateway.Gateway, exceeding concurrency limit (500)
Details:
2026.09.04-19:12:18.541[31m error[39m [caliper] [connectors/peer-gateway/PeerGateway] 	Failed to perform submit transaction [Set] using arguments [key_0_1_11337,value_11337],  with error: EndorseError: 2 UNKNOWN: too many requests for /gateway.Gateway, exceeding concurrency limit (500)
Details:
2026.09.04-19:12:18.545[31m error[39m [caliper] [connectors/peer-gateway/PeerGateway] 	Failed to perform submit transaction [Set] using arguments [key_0_1_11331,value_11331],  with error: SubmitError: 2 UNKNOWN: too many requests for /gateway.Gateway, exceeding concurrency limit (500)
Details:
2026.09.04-19:12:18.547[31m error[39m [caliper] [connectors/peer-gateway/PeerGateway] 	Failed to perform submit transaction [Set] using arguments [key_0_1_11339,value_11339],  with error: EndorseError: 2 UNKNOWN: too many requests for /gateway.Gateway, exceeding concurrency limit (500)
Details:
2026.09.04-19:12:18.547[31m error[39m [caliper] [connectors/peer-gateway/PeerGateway] 	Failed to perform submit transaction [Set] using arguments [key_0_1_11340,value_11340],  with error: EndorseError: 2 UNKNOWN: too many requests for /gateway.Gateway, exceeding concurrency limit (500)
Details:
2026.09.04-19:12:18.547[31m error[39m [caliper] [connectors/peer-gateway/PeerGateway] 	Failed to perform submit transaction [Set] using arguments [key_0_1_11341,value_11341],  with error: EndorseError: 2 UNKNOWN: too many requests for /gateway.Gateway, exceeding concurrency limit (500)
Details:
2026.09.04-19:12:18.556[31m error[39m [caliper] [connectors/peer-gateway/PeerGateway] 	Failed to perform submit transaction [Set] using arguments [key_0_1_11342,value_11342],  with error: EndorseError: 2 UNKNOWN: too many requests for /gateway.Gateway, exceeding concurrency limit (500)
Details:
2026.09.04-19:12:18.560[31m error[39m [caliper] [connectors/peer-gateway/PeerGateway] 	Failed to perform submit transaction [Set] using arguments [key_0_1_11344,value_11344],  with error: EndorseError: 2 UNKNOWN: too many requests for /gateway.Gateway, exceeding concurrency limit (500)
Details:
2026.09.04-19:12:18.561[31m error[39m [caliper] [connectors/peer-gateway/PeerGateway] 	Failed to perform submit transaction [Set] using arguments [key_0_1_11338,value_11338],  with error: SubmitError: 2 UNKNOWN: too many requests for /gateway.Gateway, exceeding concurrency limit (500)
Details:
2026.09.04-19:12:18.566[31m error[39m [caliper] [connectors/peer-gateway/PeerGateway] 	Failed to perform submit transaction [Set] using arguments [key_0_1_11345,value_11345],  with error: EndorseError: 2 UNKNOWN: too many requests for /gateway.Gateway, exceeding concurrency limit (500)
Details:
2026.09.04-19:12:18.570[31m error[39m [caliper] [connectors/peer-gateway/PeerGateway] 	Failed to perform submit transaction [Set] using arguments [key_0_1_11346,value_11346],  with error: EndorseError: 2 UNKNOWN: too many requests for /gateway.Gateway, exceeding concurrency limit (500)
Details:
2026.09.04-19:12:18.580[31m error[39m [caliper] [connectors/peer-gateway/PeerGateway] 	Failed to perform submit transaction [Set] using arguments [key_0_1_11347,value_11347],  with error: EndorseError: 2 UNKNOWN: too many requests for /gateway.Gateway, exceeding concurrency limit (500)
Details:
2026.09.04-19:12:18.581[31m error[39m [caliper] [connectors/peer-gateway/PeerGateway] 	Failed to perform submit transaction [Set] using arguments [key_0_1_11348,value_11348],  with error: EndorseError: 2 UNKNOWN: too many requests for /gateway.Gateway, exceeding concurrency limit (500)
Details:
2026.09.04-19:12:18.581[31m error[39m [caliper] [connectors/peer-gateway/PeerGateway] 	Failed to perform submit transaction [Set] using arguments [key_0_1_11349,value_11349],  with error: EndorseError: 2 UNKNOWN: too many requests for /gateway.Gateway, exceeding concurrency limit (500)
Details:
2026.09.04-19:12:18.582[31m error[39m [caliper] [connectors/peer-gateway/PeerGateway] 	Failed to perform submit transaction [Set] using arguments [key_0_1_11350,value_11350],  with error: EndorseError: 2 UNKNOWN: too many requests for /gateway.Gateway, exceeding concurrency limit (500)
Details:
2026.09.04-19:12:18.590[31m error[39m [caliper] [connectors/peer-gateway/PeerGateway] 	Failed to perform submit transaction [Set] using arguments [key_0_1_11343,value_11343],  with error: CommitStatusError: 2 UNKNOWN: too many requests for /gateway.Gateway, exceeding concurrency limit (500)
Details:
2026.09.04-19:12:18.597[31m error[39m [caliper] [connectors/peer-gateway/PeerGateway] 	Failed to perform submit transaction [Set] using arguments [key_0_1_11352,value_11352],  with error: EndorseError: 2 UNKNOWN: too many requests for /gateway.Gateway, exceeding concurrency limit (500)
Details:
2026.09.04-19:12:18.600[31m error[39m [caliper] [connectors/peer-gateway/PeerGateway] 	Failed to perform submit transaction [Set] using arguments [key_0_1_11351,value_11351],  with error: SubmitError: 2 UNKNOWN: too many requests for /gateway.Gateway, exceeding concurrency limit (500)
Details:
2026.09.04-19:12:18.602[31m error[39m [caliper] [connectors/peer-gateway/PeerGateway] 	Failed to perform submit transaction [Set] using arguments [key_0_1_11354,value_11354],  with error: EndorseError: 2 UNKNOWN: too many requests for /gateway.Gateway, exceeding concurrency limit (500)
Details:
2026.09.04-19:12:18.605[31m error[39m [caliper] [connectors/peer-gateway/PeerGateway] 	Failed to perform submit transaction [Set] using arguments [key_0_1_11353,value_11353],  with error: SubmitError: 2 UNKNOWN: too many requests for /gateway.Gateway, exceeding concurrency limit (500)
Details:
2026.09.04-19:12:18.606[31m error[39m [caliper] [connectors/peer-gateway/PeerGateway] 	Failed to perform submit transaction [Set] using arguments [key_0_1_11356,value_11356],  with error: EndorseError: 2 UNKNOWN: too many requests for /gateway.Gateway, exceeding concurrency limit (500)
Details:
2026.09.04-19:12:18.612[31m error[39m [caliper] [connectors/peer-gateway/PeerGateway] 	Failed to perform submit transaction [Set] using arguments [key_0_1_11355,value_11355],  with error: SubmitError: 2 UNKNOWN: too many requests for /gateway.Gateway, exceeding concurrency limit (500)
Details:
2026.09.04-19:12:18.612[31m error[39m [caliper] [connectors/peer-gateway/PeerGateway] 	Failed to perform submit transaction [Set] using arguments [key_0_1_11358,value_11358],  with error: EndorseError: 2 UNKNOWN: too many requests for /gateway.Gateway, exceeding concurrency limit (500)
Details:
2026.09.04-19:12:18.619[31m error[39m [caliper] [connectors/peer-gateway/PeerGateway] 	Failed to perform submit transaction [Set] using arguments [key_0_1_11357,value_11357],  with error: SubmitError: 2 UNKNOWN: too many requests for /gateway.Gateway, exceeding concurrency limit (500)
Details:
2026.09.04-19:12:18.620[31m error[39m [caliper] [connectors/peer-gateway/PeerGateway] 	Failed to perform submit transaction [Set] using arguments [key_0_1_11360,value_11360],  with error: EndorseError: 2 UNKNOWN: too many requests for /gateway.Gateway, exceeding concurrency limit (500)
Details:
2026.09.04-19:12:18.623[31m error[39m [caliper] [connectors/peer-gateway/PeerGateway] 	Failed to perform submit transaction [Set] using arguments [key_0_1_11359,value_11359],  with error: SubmitError: 2 UNKNOWN: too many requests for /gateway.Gateway, exceeding concurrency limit (500)
Details:
2026.09.04-19:12:18.626[31m error[39m [caliper] [connectors/peer-gateway/PeerGateway] 	Failed to perform submit transaction [Set] using arguments [key_0_1_11362,value_11362],  with error: EndorseError: 2 UNKNOWN: too many requests for /gateway.Gateway, exceeding concurrency limit (500)
Details:
2026.09.04-19:12:18.630[31m error[39m [caliper] [connectors/peer-gateway/PeerGateway] 	Failed to perform submit transaction [Set] using arguments [key_0_1_11361,value_11361],  with error: SubmitError: 2 UNKNOWN: too many requests for /gateway.Gateway, exceeding concurrency limit (500)
Details:
2026.09.04-19:12:18.631[31m error[39m [caliper] [connectors/peer-gateway/PeerGateway] 	Failed to perform submit transaction [Set] using arguments [key_0_1_11364,value_11364],  with error: EndorseError: 2 UNKNOWN: too many requests for /gateway.Gateway, exceeding concurrency limit (500)
Details:
2026.09.04-19:12:18.632[31m error[39m [caliper] [connectors/peer-gateway/PeerGateway] 	Failed to perform submit transaction [Set] using arguments [key_0_1_11365,value_11365],  with error: EndorseError: 2 UNKNOWN: too many requests for /gateway.Gateway, exceeding concurrency limit (500)
Details:
2026.09.04-19:12:18.633[31m error[39m [caliper] [connectors/peer-gateway/PeerGateway] 	Failed to perform submit transaction [Set] using arguments [key_0_1_11366,value_11366],  with error: EndorseError: 2 UNKNOWN: too many requests for /gateway.Gateway, exceeding concurrency limit (500)
Details:
2026.09.04-19:12:18.635[31m error[39m [caliper] [connectors/peer-gateway/PeerGateway] 	Failed to perform submit transaction [Set] using arguments [key_0_1_11367,value_11367],  with error: EndorseError: 2 UNKNOWN: too many requests for /gateway.Gateway, exceeding concurrency limit (500)
Details:
2026.09.04-19:12:18.636[31m error[39m [caliper] [connectors/peer-gateway/PeerGateway] 	Failed to perform submit transaction [Set] using arguments [key_0_1_11368,value_11368],  with error: EndorseError: 2 UNKNOWN: too many requests for /gateway.Gateway, exceeding concurrency limit (500)
Details:
2026.09.04-19:12:18.639[31m error[39m [caliper] [connectors/peer-gateway/PeerGateway] 	Failed to perform submit transaction [Set] using arguments [key_0_1_11369,value_11369],  with error: EndorseError: 2 UNKNOWN: too many requests for /gateway.Gateway, exceeding concurrency limit (500)
Details:
2026.09.04-19:12:18.645[31m error[39m [caliper] [connectors/peer-gateway/PeerGateway] 	Failed to perform submit transaction [Set] using arguments [key_0_1_11370,value_11370],  with error: EndorseError: 2 UNKNOWN: too many requests for /gateway.Gateway, exceeding concurrency limit (500)
Details:
2026.09.04-19:12:20.311[31m error[39m [caliper] [connectors/peer-gateway/PeerGateway] 	Failed to perform submit transaction [Set] using arguments [key_0_1_11869,value_11869],  with error: SubmitError: 2 UNKNOWN: too many requests for /gateway.Gateway, exceeding concurrency limit (500)
Details:
2026.09.04-19:12:20.318[31m error[39m [caliper] [connectors/peer-gateway/PeerGateway] 	Failed to perform submit transaction [Set] using arguments [key_0_1_11870,value_11870],  with error: SubmitError: 2 UNKNOWN: too many requests for /gateway.Gateway, exceeding concurrency limit (500)
Details:
2026.09.04-19:12:20.319[31m error[39m [caliper] [connectors/peer-gateway/PeerGateway] 	Failed to perform submit transaction [Set] using arguments [key_0_1_11872,value_11872],  with error: EndorseError: 2 UNKNOWN: too many requests for /gateway.Gateway, exceeding concurrency limit (500)
Details:
2026.09.04-19:12:20.327[31m error[39m [caliper] [connectors/peer-gateway/PeerGateway] 	Failed to perform submit transaction [Set] using arguments [key_0_1_11871,value_11871],  with error: SubmitError: 2 UNKNOWN: too many requests for /gateway.Gateway, exceeding concurrency limit (500)
Details:
2026.09.04-19:12:20.330[31m error[39m [caliper] [connectors/peer-gateway/PeerGateway] 	Failed to perform submit transaction [Set] using arguments [key_0_1_11874,value_11874],  with error: EndorseError: 2 UNKNOWN: too many requests for /gateway.Gateway, exceeding concurrency limit (500)
Details:
2026.09.04-19:12:20.336[31m error[39m [caliper] [connectors/peer-gateway/PeerGateway] 	Failed to perform submit transaction [Set] using arguments [key_0_1_11873,value_11873],  with error: SubmitError: 2 UNKNOWN: too many requests for /gateway.Gateway, exceeding concurrency limit (500)
Details:
2026.09.04-19:12:20.336[31m error[39m [caliper] [connectors/peer-gateway/PeerGateway] 	Failed to perform submit transaction [Set] using arguments [key_0_1_11876,value_11876],  with error: EndorseError: 2 UNKNOWN: too many requests for /gateway.Gateway, exceeding concurrency limit (500)
Details:
2026.09.04-19:12:20.343[31m error[39m [caliper] [connectors/peer-gateway/PeerGateway] 	Failed to perform submit transaction [Set] using arguments [key_0_1_11877,value_11877],  with error: EndorseError: 2 UNKNOWN: too many requests for /gateway.Gateway, exceeding concurrency limit (500)
Details:
2026.09.04-19:12:20.346[31m error[39m [caliper] [connectors/peer-gateway/PeerGateway] 	Failed to perform submit transaction [Set] using arguments [key_0_1_11878,value_11878],  with error: EndorseError: 2 UNKNOWN: too many requests for /gateway.Gateway, exceeding concurrency limit (500)
Details:
2026.09.04-19:12:20.353[31m error[39m [caliper] [connectors/peer-gateway/PeerGateway] 	Failed to perform submit transaction [Set] using arguments [key_0_1_11879,value_11879],  with error: EndorseError: 2 UNKNOWN: too many requests for /gateway.Gateway, exceeding concurrency limit (500)
Details:
2026.09.04-19:12:20.355[31m error[39m [caliper] [connectors/peer-gateway/PeerGateway] 	Failed to perform submit transaction [Set] using arguments [key_0_1_11875,value_11875],  with error: SubmitError: 2 UNKNOWN: too many requests for /gateway.Gateway, exceeding concurrency limit (500)
Details:
2026.09.04-19:12:20.355[31m error[39m [caliper] [connectors/peer-gateway/PeerGateway] 	Failed to perform submit transaction [Set] using arguments [key_0_1_11881,value_11881],  with error: EndorseError: 2 UNKNOWN: too many requests for /gateway.Gateway, exceeding concurrency limit (500)
Details:
2026.09.04-19:12:20.361[31m error[39m [caliper] [connectors/peer-gateway/PeerGateway] 	Failed to perform submit transaction [Set] using arguments [key_0_1_11882,value_11882],  with error: EndorseError: 2 UNKNOWN: too many requests for /gateway.Gateway, exceeding concurrency limit (500)
Details:
2026.09.04-19:12:20.366[31m error[39m [caliper] [connectors/peer-gateway/PeerGateway] 	Failed to perform submit transaction [Set] using arguments [key_0_1_11883,value_11883],  with error: EndorseError: 2 UNKNOWN: too many requests for /gateway.Gateway, exceeding concurrency limit (500)
Details:
2026.09.04-19:12:20.371[31m error[39m [caliper] [connectors/peer-gateway/PeerGateway] 	Failed to perform submit transaction [Set] using arguments [key_0_1_11885,value_11885],  with error: EndorseError: 2 UNKNOWN: too many requests for /gateway.Gateway, exceeding concurrency limit (500)
Details:
2026.09.04-19:12:20.371[31m error[39m [caliper] [connectors/peer-gateway/PeerGateway] 	Failed to perform submit transaction [Set] using arguments [key_0_1_11884,value_11884],  with error: EndorseError: 2 UNKNOWN: too many requests for /gateway.Gateway, exceeding concurrency limit (500)
Details:
2026.09.04-19:12:20.376[31m error[39m [caliper] [connectors/peer-gateway/PeerGateway] 	Failed to perform submit transaction [Set] using arguments [key_0_1_11887,value_11887],  with error: EndorseError: 2 UNKNOWN: too many requests for /gateway.Gateway, exceeding concurrency limit (500)
Details:
2026.09.04-19:12:20.378[31m error[39m [caliper] [connectors/peer-gateway/PeerGateway] 	Failed to perform submit transaction [Set] using arguments [key_0_1_11888,value_11888],  with error: EndorseError: 2 UNKNOWN: too many requests for /gateway.Gateway, exceeding concurrency limit (500)
Details:
2026.09.04-19:12:20.381[31m error[39m [caliper] [connectors/peer-gateway/PeerGateway] 	Failed to perform submit transaction [Set] using arguments [key_0_1_11889,value_11889],  with error: EndorseError: 2 UNKNOWN: too many requests for /gateway.Gateway, exceeding concurrency limit (500)
Details:
2026.09.04-19:12:20.381[31m error[39m [caliper] [connectors/peer-gateway/PeerGateway] 	Failed to perform submit transaction [Set] using arguments [key_0_1_11886,value_11886],  with error: EndorseError: 2 UNKNOWN: too many requests for /gateway.Gateway, exceeding concurrency limit (500)
Details:
2026.09.04-19:12:20.383[31m error[39m [caliper] [connectors/peer-gateway/PeerGateway] 	Failed to perform submit transaction [Set] using arguments [key_0_1_11890,value_11890],  with error: EndorseError: 2 UNKNOWN: too many requests for /gateway.Gateway, exceeding concurrency limit (500)
Details:
2026.09.04-19:12:20.392[31m error[39m [caliper] [connectors/peer-gateway/PeerGateway] 	Failed to perform submit transaction [Set] using arguments [key_0_1_11893,value_11893],  with error: EndorseError: 2 UNKNOWN: too many requests for /gateway.Gateway, exceeding concurrency limit (500)
Details:
2026.09.04-19:12:20.392[31m error[39m [caliper] [connectors/peer-gateway/PeerGateway] 	Failed to perform submit transaction [Set] using arguments [key_0_1_11892,value_11892],  with error: EndorseError: 2 UNKNOWN: too many requests for /gateway.Gateway, exceeding concurrency limit (500)
Details:
2026.09.04-19:12:20.393[31m error[39m [caliper] [connectors/peer-gateway/PeerGateway] 	Failed to perform submit transaction [Set] using arguments [key_0_1_11894,value_11894],  with error: EndorseError: 2 UNKNOWN: too many requests for /gateway.Gateway, exceeding concurrency limit (500)
Details:
2026.09.04-19:12:20.399[31m error[39m [caliper] [connectors/peer-gateway/PeerGateway] 	Failed to perform submit transaction [Set] using arguments [key_0_1_11880,value_11880],  with error: SubmitError: 2 UNKNOWN: too many requests for /gateway.Gateway, exceeding concurrency limit (500)
Details:
2026.09.04-19:12:20.399[31m error[39m [caliper] [connectors/peer-gateway/PeerGateway] 	Failed to perform submit transaction [Set] using arguments [key_0_1_11896,value_11896],  with error: EndorseError: 2 UNKNOWN: too many requests for /gateway.Gateway, exceeding concurrency limit (500)
Details:
2026.09.04-19:12:20.400[31m error[39m [caliper] [connectors/peer-gateway/PeerGateway] 	Failed to perform submit transaction [Set] using arguments [key_0_1_11895,value_11895],  with error: EndorseError: 2 UNKNOWN: too many requests for /gateway.Gateway, exceeding concurrency limit (500)
Details:
2026.09.04-19:12:20.403[31m error[39m [caliper] [connectors/peer-gateway/PeerGateway] 	Failed to perform submit transaction [Set] using arguments [key_0_1_11897,value_11897],  with error: EndorseError: 2 UNKNOWN: too many requests for /gateway.Gateway, exceeding concurrency limit (500)
Details:
2026.09.04-19:12:20.433[31m error[39m [caliper] [connectors/peer-gateway/PeerGateway] 	Failed to perform submit transaction [Set] using arguments [key_0_1_11898,value_11898],  with error: EndorseError: 2 UNKNOWN: too many requests for /gateway.Gateway, exceeding concurrency limit (500)
Details:
2026.09.04-19:12:20.433[31m error[39m [caliper] [connectors/peer-gateway/PeerGateway] 	Failed to perform submit transaction [Set] using arguments [key_0_1_11901,value_11901],  with error: EndorseError: 2 UNKNOWN: too many requests for /gateway.Gateway, exceeding concurrency limit (500)
Details:
2026.09.04-19:12:20.433[31m error[39m [caliper] [connectors/peer-gateway/PeerGateway] 	Failed to perform submit transaction [Set] using arguments [key_0_1_11906,value_11906],  with error: EndorseError: 2 UNKNOWN: too many requests for /gateway.Gateway, exceeding concurrency limit (500)
Details:
2026.09.04-19:12:20.434[31m error[39m [caliper] [connectors/peer-gateway/PeerGateway] 	Failed to perform submit transaction [Set] using arguments [key_0_1_11900,value_11900],  with error: EndorseError: 2 UNKNOWN: too many requests for /gateway.Gateway, exceeding concurrency limit (500)
Details:
2026.09.04-19:12:20.434[31m error[39m [caliper] [connectors/peer-gateway/PeerGateway] 	Failed to perform submit transaction [Set] using arguments [key_0_1_11902,value_11902],  with error: EndorseError: 2 UNKNOWN: too many requests for /gateway.Gateway, exceeding concurrency limit (500)
Details:
2026.09.04-19:12:20.434[31m error[39m [caliper] [connectors/peer-gateway/PeerGateway] 	Failed to perform submit transaction [Set] using arguments [key_0_1_11903,value_11903],  with error: EndorseError: 2 UNKNOWN: too many requests for /gateway.Gateway, exceeding concurrency limit (500)
Details:
2026.09.04-19:12:20.434[31m error[39m [caliper] [connectors/peer-gateway/PeerGateway] 	Failed to perform submit transaction [Set] using arguments [key_0_1_11904,value_11904],  with error: EndorseError: 2 UNKNOWN: too many requests for /gateway.Gateway, exceeding concurrency limit (500)
Details:
2026.09.04-19:12:20.435[31m error[39m [caliper] [connectors/peer-gateway/PeerGateway] 	Failed to perform submit transaction [Set] using arguments [key_0_1_11905,value_11905],  with error: EndorseError: 2 UNKNOWN: too many requests for /gateway.Gateway, exceeding concurrency limit (500)
Details:
2026.09.04-19:12:20.438[31m error[39m [caliper] [connectors/peer-gateway/PeerGateway] 	Failed to perform submit transaction [Set] using arguments [key_0_1_11899,value_11899],  with error: EndorseError: 2 UNKNOWN: too many requests for /gateway.Gateway, exceeding concurrency limit (500)
Details:
2026.09.04-19:12:20.443[31m error[39m [caliper] [connectors/peer-gateway/PeerGateway] 	Failed to perform submit transaction [Set] using arguments [key_0_1_11907,value_11907],  with error: EndorseError: 2 UNKNOWN: too many requests for /gateway.Gateway, exceeding concurrency limit (500)
Details:
2026.09.04-19:12:20.446[31m error[39m [caliper] [connectors/peer-gateway/PeerGateway] 	Failed to perform submit transaction [Set] using arguments [key_0_1_11891,value_11891],  with error: CommitStatusError: 2 UNKNOWN: too many requests for /gateway.Gateway, exceeding concurrency limit (500)
Details:
2026.09.04-19:12:20.452[31m error[39m [caliper] [connectors/peer-gateway/PeerGateway] 	Failed to perform submit transaction [Set] using arguments [key_0_1_11911,value_11911],  with error: EndorseError: 2 UNKNOWN: too many requests for /gateway.Gateway, exceeding concurrency limit (500)
Details:
2026.09.04-19:12:20.453[31m error[39m [caliper] [connectors/peer-gateway/PeerGateway] 	Failed to perform submit transaction [Set] using arguments [key_0_1_11909,value_11909],  with error: EndorseError: 2 UNKNOWN: too many requests for /gateway.Gateway, exceeding concurrency limit (500)
Details:
2026.09.04-19:12:20.453[31m error[39m [caliper] [connectors/peer-gateway/PeerGateway] 	Failed to perform submit transaction [Set] using arguments [key_0_1_11910,value_11910],  with error: EndorseError: 2 UNKNOWN: too many requests for /gateway.Gateway, exceeding concurrency limit (500)
Details:
2026.09.04-19:12:20.459[31m error[39m [caliper] [connectors/peer-gateway/PeerGateway] 	Failed to perform submit transaction [Set] using arguments [key_0_1_11912,value_11912],  with error: EndorseError: 2 UNKNOWN: too many requests for /gateway.Gateway, exceeding concurrency limit (500)
Details:
2026.09.04-19:12:20.465[31m error[39m [caliper] [connectors/peer-gateway/PeerGateway] 	Failed to perform submit transaction [Set] using arguments [key_0_1_11908,value_11908],  with error: SubmitError: 2 UNKNOWN: too many requests for /gateway.Gateway, exceeding concurrency limit (500)
Details:
2026.09.04-19:12:20.465[31m error[39m [caliper] [connectors/peer-gateway/PeerGateway] 	Failed to perform submit transaction [Set] using arguments [key_0_1_11914,value_11914],  with error: EndorseError: 2 UNKNOWN: too many requests for /gateway.Gateway, exceeding concurrency limit (500)
Details:
2026.09.04-19:12:20.468[31m error[39m [caliper] [connectors/peer-gateway/PeerGateway] 	Failed to perform submit transaction [Set] using arguments [key_0_1_11915,value_11915],  with error: EndorseError: 2 UNKNOWN: too many requests for /gateway.Gateway, exceeding concurrency limit (500)
Details:
2026.09.04-19:12:20.469[31m error[39m [caliper] [connectors/peer-gateway/PeerGateway] 	Failed to perform submit transaction [Set] using arguments [key_0_1_11916,value_11916],  with error: EndorseError: 2 UNKNOWN: too many requests for /gateway.Gateway, exceeding concurrency limit (500)
Details:
2026.09.04-19:12:20.473[31m error[39m [caliper] [connectors/peer-gateway/PeerGateway] 	Failed to perform submit transaction [Set] using arguments [key_0_1_11917,value_11917],  with error: EndorseError: 2 UNKNOWN: too many requests for /gateway.Gateway, exceeding concurrency limit (500)
Details:
2026.09.04-19:12:20.479[31m error[39m [caliper] [connectors/peer-gateway/PeerGateway] 	Failed to perform submit transaction [Set] using arguments [key_0_1_11919,value_11919],  with error: EndorseError: 2 UNKNOWN: too many requests for /gateway.Gateway, exceeding concurrency limit (500)
Details:
2026.09.04-19:12:20.479[31m error[39m [caliper] [connectors/peer-gateway/PeerGateway] 	Failed to perform submit transaction [Set] using arguments [key_0_1_11918,value_11918],  with error: EndorseError: 2 UNKNOWN: too many requests for /gateway.Gateway, exceeding concurrency limit (500)
Details:
2026.09.04-19:12:20.487[31m error[39m [caliper] [connectors/peer-gateway/PeerGateway] 	Failed to perform submit transaction [Set] using arguments [key_0_1_11922,value_11922],  with error: EndorseError: 2 UNKNOWN: too many requests for /gateway.Gateway, exceeding concurrency limit (500)
Details:
2026.09.04-19:12:20.487[31m error[39m [caliper] [connectors/peer-gateway/PeerGateway] 	Failed to perform submit transaction [Set] using arguments [key_0_1_11921,value_11921],  with error: EndorseError: 2 UNKNOWN: too many requests for /gateway.Gateway, exceeding concurrency limit (500)
Details:
2026.09.04-19:12:20.487[31m error[39m [caliper] [connectors/peer-gateway/PeerGateway] 	Failed to perform submit transaction [Set] using arguments [key_0_1_11913,value_11913],  with error: SubmitError: 2 UNKNOWN: too many requests for /gateway.Gateway, exceeding concurrency limit (500)
Details:
2026.09.04-19:12:20.488[31m error[39m [caliper] [connectors/peer-gateway/PeerGateway] 	Failed to perform submit transaction [Set] using arguments [key_0_1_11923,value_11923],  with error: EndorseError: 2 UNKNOWN: too many requests for /gateway.Gateway, exceeding concurrency limit (500)
Details:
2026.09.04-19:12:20.490[31m error[39m [caliper] [connectors/peer-gateway/PeerGateway] 	Failed to perform submit transaction [Set] using arguments [key_0_1_11924,value_11924],  with error: EndorseError: 2 UNKNOWN: too many requests for /gateway.Gateway, exceeding concurrency limit (500)
Details:
2026.09.04-19:12:20.496[31m error[39m [caliper] [connectors/peer-gateway/PeerGateway] 	Failed to perform submit transaction [Set] using arguments [key_0_1_11920,value_11920],  with error: CommitStatusError: 2 UNKNOWN: too many requests for /gateway.Gateway, exceeding concurrency limit (500)
Details:
2026.09.04-19:12:20.497[31m error[39m [caliper] [connectors/peer-gateway/PeerGateway] 	Failed to perform submit transaction [Set] using arguments [key_0_1_11926,value_11926],  with error: EndorseError: 2 UNKNOWN: too many requests for /gateway.Gateway, exceeding concurrency limit (500)
Details:
2026.09.04-19:12:20.504[31m error[39m [caliper] [connectors/peer-gateway/PeerGateway] 	Failed to perform submit transaction [Set] using arguments [key_0_1_11925,value_11925],  with error: CommitStatusError: 2 UNKNOWN: too many requests for /gateway.Gateway, exceeding concurrency limit (500)
Details:
2026.09.04-19:12:20.504[31m error[39m [caliper] [connectors/peer-gateway/PeerGateway] 	Failed to perform submit transaction [Set] using arguments [key_0_1_11928,value_11928],  with error: EndorseError: 2 UNKNOWN: too many requests for /gateway.Gateway, exceeding concurrency limit (500)
Details:
2026.09.04-19:12:20.507[31m error[39m [caliper] [connectors/peer-gateway/PeerGateway] 	Failed to perform submit transaction [Set] using arguments [key_0_1_11929,value_11929],  with error: EndorseError: 2 UNKNOWN: too many requests for /gateway.Gateway, exceeding concurrency limit (500)
Details:
2026.09.04-19:12:20.510[31m error[39m [caliper] [connectors/peer-gateway/PeerGateway] 	Failed to perform submit transaction [Set] using arguments [key_0_1_11930,value_11930],  with error: EndorseError: 2 UNKNOWN: too many requests for /gateway.Gateway, exceeding concurrency limit (500)
Details:
2026.09.04-19:12:20.515[31m error[39m [caliper] [connectors/peer-gateway/PeerGateway] 	Failed to perform submit transaction [Set] using arguments [key_0_1_11931,value_11931],  with error: EndorseError: 2 UNKNOWN: too many requests for /gateway.Gateway, exceeding concurrency limit (500)
Details:
2026.09.04-19:12:20.518[31m error[39m [caliper] [connectors/peer-gateway/PeerGateway] 	Failed to perform submit transaction [Set] using arguments [key_0_1_11932,value_11932],  with error: EndorseError: 2 UNKNOWN: too many requests for /gateway.Gateway, exceeding concurrency limit (500)
Details:
2026.09.04-19:12:20.520[31m error[39m [caliper] [connectors/peer-gateway/PeerGateway] 	Failed to perform submit transaction [Set] using arguments [key_0_1_11933,value_11933],  with error: EndorseError: 2 UNKNOWN: too many requests for /gateway.Gateway, exceeding concurrency limit (500)
Details:
2026.09.04-19:12:20.523[31m error[39m [caliper] [connectors/peer-gateway/PeerGateway] 	Failed to perform submit transaction [Set] using arguments [key_0_1_11934,value_11934],  with error: EndorseError: 2 UNKNOWN: too many requests for /gateway.Gateway, exceeding concurrency limit (500)
Details:
2026.09.04-19:12:20.528[31m error[39m [caliper] [connectors/peer-gateway/PeerGateway] 	Failed to perform submit transaction [Set] using arguments [key_0_1_11927,value_11927],  with error: SubmitError: 2 UNKNOWN: too many requests for /gateway.Gateway, exceeding concurrency limit (500)
Details:
2026.09.04-19:12:20.530[31m error[39m [caliper] [connectors/peer-gateway/PeerGateway] 	Failed to perform submit transaction [Set] using arguments [key_0_1_11936,value_11936],  with error: EndorseError: 2 UNKNOWN: too many requests for /gateway.Gateway, exceeding concurrency limit (500)
Details:
2026.09.04-19:12:20.535[31m error[39m [caliper] [connectors/peer-gateway/PeerGateway] 	Failed to perform submit transaction [Set] using arguments [key_0_1_11937,value_11937],  with error: EndorseError: 2 UNKNOWN: too many requests for /gateway.Gateway, exceeding concurrency limit (500)
Details:
2026.09.04-19:12:20.536[31m error[39m [caliper] [connectors/peer-gateway/PeerGateway] 	Failed to perform submit transaction [Set] using arguments [key_0_1_11938,value_11938],  with error: EndorseError: 2 UNKNOWN: too many requests for /gateway.Gateway, exceeding concurrency limit (500)
Details:
2026.09.04-19:12:20.741[32m info [39m [caliper] [default-observer] 	[blockutil-300-tps Round 1 Transaction Info] - Submitted: 11711 Succ: 9937 Fail:1433 Unfinished:341
2026.09.04-19:12:22.189[31m error[39m [caliper] [connectors/peer-gateway/PeerGateway] 	Failed to perform submit transaction [Set] using arguments [key_0_1_12434,value_12434],  with error: EndorseError: 2 UNKNOWN: too many requests for /gateway.Gateway, exceeding concurrency limit (500)
Details:
2026.09.04-19:12:22.196[31m error[39m [caliper] [connectors/peer-gateway/PeerGateway] 	Failed to perform submit transaction [Set] using arguments [key_0_1_12433,value_12433],  with error: CommitStatusError: 2 UNKNOWN: too many requests for /gateway.Gateway, exceeding concurrency limit (500)
Details:
2026.09.04-19:12:22.197[31m error[39m [caliper] [connectors/peer-gateway/PeerGateway] 	Failed to perform submit transaction [Set] using arguments [key_0_1_12436,value_12436],  with error: EndorseError: 2 UNKNOWN: too many requests for /gateway.Gateway, exceeding concurrency limit (500)
Details:
2026.09.04-19:12:22.201[31m error[39m [caliper] [connectors/peer-gateway/PeerGateway] 	Failed to perform submit transaction [Set] using arguments [key_0_1_12435,value_12435],  with error: SubmitError: 2 UNKNOWN: too many requests for /gateway.Gateway, exceeding concurrency limit (500)
Details:
2026.09.04-19:12:22.205[31m error[39m [caliper] [connectors/peer-gateway/PeerGateway] 	Failed to perform submit transaction [Set] using arguments [key_0_1_12438,value_12438],  with error: EndorseError: 2 UNKNOWN: too many requests for /gateway.Gateway, exceeding concurrency limit (500)
Details:
2026.09.04-19:12:22.214[31m error[39m [caliper] [connectors/peer-gateway/PeerGateway] 	Failed to perform submit transaction [Set] using arguments [key_0_1_12440,value_12440],  with error: EndorseError: 2 UNKNOWN: too many requests for /gateway.Gateway, exceeding concurrency limit (500)
Details:
2026.09.04-19:12:22.215[31m error[39m [caliper] [connectors/peer-gateway/PeerGateway] 	Failed to perform submit transaction [Set] using arguments [key_0_1_12437,value_12437],  with error: CommitStatusError: 2 UNKNOWN: too many requests for /gateway.Gateway, exceeding concurrency limit (500)
Details:
2026.09.04-19:12:22.225[31m error[39m [caliper] [connectors/peer-gateway/PeerGateway] 	Failed to perform submit transaction [Set] using arguments [key_0_1_12439,value_12439],  with error: CommitStatusError: 2 UNKNOWN: too many requests for /gateway.Gateway, exceeding concurrency limit (500)
Details:
2026.09.04-19:12:22.225[31m error[39m [caliper] [connectors/peer-gateway/PeerGateway] 	Failed to perform submit transaction [Set] using arguments [key_0_1_12442,value_12442],  with error: EndorseError: 2 UNKNOWN: too many requests for /gateway.Gateway, exceeding concurrency limit (500)
Details:
2026.09.04-19:12:22.227[31m error[39m [caliper] [connectors/peer-gateway/PeerGateway] 	Failed to perform submit transaction [Set] using arguments [key_0_1_12443,value_12443],  with error: EndorseError: 2 UNKNOWN: too many requests for /gateway.Gateway, exceeding concurrency limit (500)
Details:
2026.09.04-19:12:22.231[31m error[39m [caliper] [connectors/peer-gateway/PeerGateway] 	Failed to perform submit transaction [Set] using arguments [key_0_1_12445,value_12445],  with error: EndorseError: 2 UNKNOWN: too many requests for /gateway.Gateway, exceeding concurrency limit (500)
Details:
2026.09.04-19:12:22.232[31m error[39m [caliper] [connectors/peer-gateway/PeerGateway] 	Failed to perform submit transaction [Set] using arguments [key_0_1_12444,value_12444],  with error: EndorseError: 2 UNKNOWN: too many requests for /gateway.Gateway, exceeding concurrency limit (500)
Details:
2026.09.04-19:12:22.243[31m error[39m [caliper] [connectors/peer-gateway/PeerGateway] 	Failed to perform submit transaction [Set] using arguments [key_0_1_12441,value_12441],  with error: SubmitError: 2 UNKNOWN: too many requests for /gateway.Gateway, exceeding concurrency limit (500)
Details:
2026.09.04-19:12:22.258[31m error[39m [caliper] [connectors/peer-gateway/PeerGateway] 	Failed to perform submit transaction [Set] using arguments [key_0_1_12449,value_12449],  with error: EndorseError: 2 UNKNOWN: too many requests for /gateway.Gateway, exceeding concurrency limit (500)
Details:
2026.09.04-19:12:22.258[31m error[39m [caliper] [connectors/peer-gateway/PeerGateway] 	Failed to perform submit transaction [Set] using arguments [key_0_1_12451,value_12451],  with error: EndorseError: 2 UNKNOWN: too many requests for /gateway.Gateway, exceeding concurrency limit (500)
Details:
2026.09.04-19:12:22.258[31m error[39m [caliper] [connectors/peer-gateway/PeerGateway] 	Failed to perform submit transaction [Set] using arguments [key_0_1_12447,value_12447],  with error: EndorseError: 2 UNKNOWN: too many requests for /gateway.Gateway, exceeding concurrency limit (500)
Details:
2026.09.04-19:12:22.259[31m error[39m [caliper] [connectors/peer-gateway/PeerGateway] 	Failed to perform submit transaction [Set] using arguments [key_0_1_12450,value_12450],  with error: EndorseError: 2 UNKNOWN: too many requests for /gateway.Gateway, exceeding concurrency limit (500)
Details:
2026.09.04-19:12:22.259[31m error[39m [caliper] [connectors/peer-gateway/PeerGateway] 	Failed to perform submit transaction [Set] using arguments [key_0_1_12448,value_12448],  with error: EndorseError: 2 UNKNOWN: too many requests for /gateway.Gateway, exceeding concurrency limit (500)
Details:
2026.09.04-19:12:22.259[31m error[39m [caliper] [connectors/peer-gateway/PeerGateway] 	Failed to perform submit transaction [Set] using arguments [key_0_1_12453,value_12453],  with error: EndorseError: 2 UNKNOWN: too many requests for /gateway.Gateway, exceeding concurrency limit (500)
Details:
2026.09.04-19:12:22.260[31m error[39m [caliper] [connectors/peer-gateway/PeerGateway] 	Failed to perform submit transaction [Set] using arguments [key_0_1_12454,value_12454],  with error: EndorseError: 2 UNKNOWN: too many requests for /gateway.Gateway, exceeding concurrency limit (500)
Details:
2026.09.04-19:12:22.264[31m error[39m [caliper] [connectors/peer-gateway/PeerGateway] 	Failed to perform submit transaction [Set] using arguments [key_0_1_12452,value_12452],  with error: EndorseError: 2 UNKNOWN: too many requests for /gateway.Gateway, exceeding concurrency limit (500)
Details:
2026.09.04-19:12:22.268[31m error[39m [caliper] [connectors/peer-gateway/PeerGateway] 	Failed to perform submit transaction [Set] using arguments [key_0_1_12455,value_12455],  with error: EndorseError: 2 UNKNOWN: too many requests for /gateway.Gateway, exceeding concurrency limit (500)
Details:
2026.09.04-19:12:22.272[31m error[39m [caliper] [connectors/peer-gateway/PeerGateway] 	Failed to perform submit transaction [Set] using arguments [key_0_1_12456,value_12456],  with error: EndorseError: 2 UNKNOWN: too many requests for /gateway.Gateway, exceeding concurrency limit (500)
Details:
2026.09.04-19:12:22.275[31m error[39m [caliper] [connectors/peer-gateway/PeerGateway] 	Failed to perform submit transaction [Set] using arguments [key_0_1_12446,value_12446],  with error: SubmitError: 2 UNKNOWN: too many requests for /gateway.Gateway, exceeding concurrency limit (500)
Details:
2026.09.04-19:12:22.284[31m error[39m [caliper] [connectors/peer-gateway/PeerGateway] 	Failed to perform submit transaction [Set] using arguments [key_0_1_12458,value_12458],  with error: EndorseError: 2 UNKNOWN: too many requests for /gateway.Gateway, exceeding concurrency limit (500)
Details:
2026.09.04-19:12:22.285[31m error[39m [caliper] [connectors/peer-gateway/PeerGateway] 	Failed to perform submit transaction [Set] using arguments [key_0_1_12459,value_12459],  with error: EndorseError: 2 UNKNOWN: too many requests for /gateway.Gateway, exceeding concurrency limit (500)
Details:
2026.09.04-19:12:22.285[31m error[39m [caliper] [connectors/peer-gateway/PeerGateway] 	Failed to perform submit transaction [Set] using arguments [key_0_1_12460,value_12460],  with error: EndorseError: 2 UNKNOWN: too many requests for /gateway.Gateway, exceeding concurrency limit (500)
Details:
2026.09.04-19:12:22.285[31m error[39m [caliper] [connectors/peer-gateway/PeerGateway] 	Failed to perform submit transaction [Set] using arguments [key_0_1_12461,value_12461],  with error: EndorseError: 2 UNKNOWN: too many requests for /gateway.Gateway, exceeding concurrency limit (500)
Details:
2026.09.04-19:12:22.297[31m error[39m [caliper] [connectors/peer-gateway/PeerGateway] 	Failed to perform submit transaction [Set] using arguments [key_0_1_12465,value_12465],  with error: EndorseError: 2 UNKNOWN: too many requests for /gateway.Gateway, exceeding concurrency limit (500)
Details:
2026.09.04-19:12:22.300[31m error[39m [caliper] [connectors/peer-gateway/PeerGateway] 	Failed to perform submit transaction [Set] using arguments [key_0_1_12466,value_12466],  with error: EndorseError: 2 UNKNOWN: too many requests for /gateway.Gateway, exceeding concurrency limit (500)
Details:
2026.09.04-19:12:22.304[31m error[39m [caliper] [connectors/peer-gateway/PeerGateway] 	Failed to perform submit transaction [Set] using arguments [key_0_1_12467,value_12467],  with error: EndorseError: 2 UNKNOWN: too many requests for /gateway.Gateway, exceeding concurrency limit (500)
Details:
2026.09.04-19:12:22.305[31m error[39m [caliper] [connectors/peer-gateway/PeerGateway] 	Failed to perform submit transaction [Set] using arguments [key_0_1_12462,value_12462],  with error: EndorseError: 2 UNKNOWN: too many requests for /gateway.Gateway, exceeding concurrency limit (500)
Details:
2026.09.04-19:12:22.307[31m error[39m [caliper] [connectors/peer-gateway/PeerGateway] 	Failed to perform submit transaction [Set] using arguments [key_0_1_12463,value_12463],  with error: EndorseError: 2 UNKNOWN: too many requests for /gateway.Gateway, exceeding concurrency limit (500)
Details:
2026.09.04-19:12:22.311[31m error[39m [caliper] [connectors/peer-gateway/PeerGateway] 	Failed to perform submit transaction [Set] using arguments [key_0_1_12464,value_12464],  with error: EndorseError: 2 UNKNOWN: too many requests for /gateway.Gateway, exceeding concurrency limit (500)
Details:
2026.09.04-19:12:22.314[31m error[39m [caliper] [connectors/peer-gateway/PeerGateway] 	Failed to perform submit transaction [Set] using arguments [key_0_1_12470,value_12470],  with error: EndorseError: 2 UNKNOWN: too many requests for /gateway.Gateway, exceeding concurrency limit (500)
Details:
2026.09.04-19:12:22.325[31m error[39m [caliper] [connectors/peer-gateway/PeerGateway] 	Failed to perform submit transaction [Set] using arguments [key_0_1_12468,value_12468],  with error: EndorseError: 2 UNKNOWN: too many requests for /gateway.Gateway, exceeding concurrency limit (500)
Details:
2026.09.04-19:12:22.325[31m error[39m [caliper] [connectors/peer-gateway/PeerGateway] 	Failed to perform submit transaction [Set] using arguments [key_0_1_12469,value_12469],  with error: EndorseError: 2 UNKNOWN: too many requests for /gateway.Gateway, exceeding concurrency limit (500)
Details:
2026.09.04-19:12:22.326[31m error[39m [caliper] [connectors/peer-gateway/PeerGateway] 	Failed to perform submit transaction [Set] using arguments [key_0_1_12473,value_12473],  with error: EndorseError: 2 UNKNOWN: too many requests for /gateway.Gateway, exceeding concurrency limit (500)
Details:
2026.09.04-19:12:22.326[31m error[39m [caliper] [connectors/peer-gateway/PeerGateway] 	Failed to perform submit transaction [Set] using arguments [key_0_1_12472,value_12472],  with error: EndorseError: 2 UNKNOWN: too many requests for /gateway.Gateway, exceeding concurrency limit (500)
Details:
2026.09.04-19:12:22.326[31m error[39m [caliper] [connectors/peer-gateway/PeerGateway] 	Failed to perform submit transaction [Set] using arguments [key_0_1_12471,value_12471],  with error: EndorseError: 2 UNKNOWN: too many requests for /gateway.Gateway, exceeding concurrency limit (500)
Details:
2026.09.04-19:12:22.329[31m error[39m [caliper] [connectors/peer-gateway/PeerGateway] 	Failed to perform submit transaction [Set] using arguments [key_0_1_12457,value_12457],  with error: SubmitError: 2 UNKNOWN: too many requests for /gateway.Gateway, exceeding concurrency limit (500)
Details:
2026.09.04-19:12:22.330[31m error[39m [caliper] [connectors/peer-gateway/PeerGateway] 	Failed to perform submit transaction [Set] using arguments [key_0_1_12475,value_12475],  with error: EndorseError: 2 UNKNOWN: too many requests for /gateway.Gateway, exceeding concurrency limit (500)
Details:
2026.09.04-19:12:22.332[31m error[39m [caliper] [connectors/peer-gateway/PeerGateway] 	Failed to perform submit transaction [Set] using arguments [key_0_1_12476,value_12476],  with error: EndorseError: 2 UNKNOWN: too many requests for /gateway.Gateway, exceeding concurrency limit (500)
Details:
2026.09.04-19:12:22.335[31m error[39m [caliper] [connectors/peer-gateway/PeerGateway] 	Failed to perform submit transaction [Set] using arguments [key_0_1_12477,value_12477],  with error: EndorseError: 2 UNKNOWN: too many requests for /gateway.Gateway, exceeding concurrency limit (500)
Details:
2026.09.04-19:12:22.338[31m error[39m [caliper] [connectors/peer-gateway/PeerGateway] 	Failed to perform submit transaction [Set] using arguments [key_0_1_12478,value_12478],  with error: EndorseError: 2 UNKNOWN: too many requests for /gateway.Gateway, exceeding concurrency limit (500)
Details:
2026.09.04-19:12:22.343[31m error[39m [caliper] [connectors/peer-gateway/PeerGateway] 	Failed to perform submit transaction [Set] using arguments [key_0_1_12479,value_12479],  with error: EndorseError: 2 UNKNOWN: too many requests for /gateway.Gateway, exceeding concurrency limit (500)
Details:
2026.09.04-19:12:22.349[31m error[39m [caliper] [connectors/peer-gateway/PeerGateway] 	Failed to perform submit transaction [Set] using arguments [key_0_1_12480,value_12480],  with error: EndorseError: 2 UNKNOWN: too many requests for /gateway.Gateway, exceeding concurrency limit (500)
Details:
2026.09.04-19:12:22.349[31m error[39m [caliper] [connectors/peer-gateway/PeerGateway] 	Failed to perform submit transaction [Set] using arguments [key_0_1_12481,value_12481],  with error: EndorseError: 2 UNKNOWN: too many requests for /gateway.Gateway, exceeding concurrency limit (500)
Details:
2026.09.04-19:12:22.360[31m error[39m [caliper] [connectors/peer-gateway/PeerGateway] 	Failed to perform submit transaction [Set] using arguments [key_0_1_12483,value_12483],  with error: EndorseError: 2 UNKNOWN: too many requests for /gateway.Gateway, exceeding concurrency limit (500)
Details:
2026.09.04-19:12:22.361[31m error[39m [caliper] [connectors/peer-gateway/PeerGateway] 	Failed to perform submit transaction [Set] using arguments [key_0_1_12474,value_12474],  with error: CommitStatusError: 2 UNKNOWN: too many requests for /gateway.Gateway, exceeding concurrency limit (500)
Details:
2026.09.04-19:12:22.365[31m error[39m [caliper] [connectors/peer-gateway/PeerGateway] 	Failed to perform submit transaction [Set] using arguments [key_0_1_12482,value_12482],  with error: SubmitError: 2 UNKNOWN: too many requests for /gateway.Gateway, exceeding concurrency limit (500)
Details:
2026.09.04-19:12:22.371[31m error[39m [caliper] [connectors/peer-gateway/PeerGateway] 	Failed to perform submit transaction [Set] using arguments [key_0_1_12485,value_12485],  with error: EndorseError: 2 UNKNOWN: too many requests for /gateway.Gateway, exceeding concurrency limit (500)
Details:
2026.09.04-19:12:22.376[31m error[39m [caliper] [connectors/peer-gateway/PeerGateway] 	Failed to perform submit transaction [Set] using arguments [key_0_1_12487,value_12487],  with error: EndorseError: 2 UNKNOWN: too many requests for /gateway.Gateway, exceeding concurrency limit (500)
Details:
2026.09.04-19:12:22.377[31m error[39m [caliper] [connectors/peer-gateway/PeerGateway] 	Failed to perform submit transaction [Set] using arguments [key_0_1_12484,value_12484],  with error: SubmitError: 2 UNKNOWN: too many requests for /gateway.Gateway, exceeding concurrency limit (500)
Details:
2026.09.04-19:12:22.381[31m error[39m [caliper] [connectors/peer-gateway/PeerGateway] 	Failed to perform submit transaction [Set] using arguments [key_0_1_12486,value_12486],  with error: SubmitError: 2 UNKNOWN: too many requests for /gateway.Gateway, exceeding concurrency limit (500)
Details:
2026.09.04-19:12:22.385[31m error[39m [caliper] [connectors/peer-gateway/PeerGateway] 	Failed to perform submit transaction [Set] using arguments [key_0_1_12490,value_12490],  with error: EndorseError: 2 UNKNOWN: too many requests for /gateway.Gateway, exceeding concurrency limit (500)
Details:
2026.09.04-19:12:22.386[31m error[39m [caliper] [connectors/peer-gateway/PeerGateway] 	Failed to perform submit transaction [Set] using arguments [key_0_1_12488,value_12488],  with error: SubmitError: 2 UNKNOWN: too many requests for /gateway.Gateway, exceeding concurrency limit (500)
Details:
2026.09.04-19:12:22.387[31m error[39m [caliper] [connectors/peer-gateway/PeerGateway] 	Failed to perform submit transaction [Set] using arguments [key_0_1_12491,value_12491],  with error: EndorseError: 2 UNKNOWN: too many requests for /gateway.Gateway, exceeding concurrency limit (500)
Details:
2026.09.04-19:12:22.391[31m error[39m [caliper] [connectors/peer-gateway/PeerGateway] 	Failed to perform submit transaction [Set] using arguments [key_0_1_12489,value_12489],  with error: SubmitError: 2 UNKNOWN: too many requests for /gateway.Gateway, exceeding concurrency limit (500)
Details:
2026.09.04-19:12:22.394[31m error[39m [caliper] [connectors/peer-gateway/PeerGateway] 	Failed to perform submit transaction [Set] using arguments [key_0_1_12493,value_12493],  with error: EndorseError: 2 UNKNOWN: too many requests for /gateway.Gateway, exceeding concurrency limit (500)
Details:
2026.09.04-19:12:22.394[31m error[39m [caliper] [connectors/peer-gateway/PeerGateway] 	Failed to perform submit transaction [Set] using arguments [key_0_1_12494,value_12494],  with error: EndorseError: 2 UNKNOWN: too many requests for /gateway.Gateway, exceeding concurrency limit (500)
Details:
2026.09.04-19:12:22.398[31m error[39m [caliper] [connectors/peer-gateway/PeerGateway] 	Failed to perform submit transaction [Set] using arguments [key_0_1_12492,value_12492],  with error: SubmitError: 2 UNKNOWN: too many requests for /gateway.Gateway, exceeding concurrency limit (500)
Details:
2026.09.04-19:12:22.402[31m error[39m [caliper] [connectors/peer-gateway/PeerGateway] 	Failed to perform submit transaction [Set] using arguments [key_0_1_12496,value_12496],  with error: EndorseError: 2 UNKNOWN: too many requests for /gateway.Gateway, exceeding concurrency limit (500)
Details:
2026.09.04-19:12:22.404[31m error[39m [caliper] [connectors/peer-gateway/PeerGateway] 	Failed to perform submit transaction [Set] using arguments [key_0_1_12497,value_12497],  with error: EndorseError: 2 UNKNOWN: too many requests for /gateway.Gateway, exceeding concurrency limit (500)
Details:
2026.09.04-19:12:22.408[31m error[39m [caliper] [connectors/peer-gateway/PeerGateway] 	Failed to perform submit transaction [Set] using arguments [key_0_1_12495,value_12495],  with error: SubmitError: 2 UNKNOWN: too many requests for /gateway.Gateway, exceeding concurrency limit (500)
Details:
2026.09.04-19:12:22.408[31m error[39m [caliper] [connectors/peer-gateway/PeerGateway] 	Failed to perform submit transaction [Set] using arguments [key_0_1_12499,value_12499],  with error: EndorseError: 2 UNKNOWN: too many requests for /gateway.Gateway, exceeding concurrency limit (500)
Details:
2026.09.04-19:12:22.410[31m error[39m [caliper] [connectors/peer-gateway/PeerGateway] 	Failed to perform submit transaction [Set] using arguments [key_0_1_12500,value_12500],  with error: EndorseError: 2 UNKNOWN: too many requests for /gateway.Gateway, exceeding concurrency limit (500)
Details:
2026.09.04-19:12:22.415[31m error[39m [caliper] [connectors/peer-gateway/PeerGateway] 	Failed to perform submit transaction [Set] using arguments [key_0_1_12501,value_12501],  with error: EndorseError: 2 UNKNOWN: too many requests for /gateway.Gateway, exceeding concurrency limit (500)
Details:
2026.09.04-19:12:22.417[31m error[39m [caliper] [connectors/peer-gateway/PeerGateway] 	Failed to perform submit transaction [Set] using arguments [key_0_1_12502,value_12502],  with error: EndorseError: 2 UNKNOWN: too many requests for /gateway.Gateway, exceeding concurrency limit (500)
Details:
2026.09.04-19:12:22.420[31m error[39m [caliper] [connectors/peer-gateway/PeerGateway] 	Failed to perform submit transaction [Set] using arguments [key_0_1_12503,value_12503],  with error: EndorseError: 2 UNKNOWN: too many requests for /gateway.Gateway, exceeding concurrency limit (500)
Details:
2026.09.04-19:12:24.085[31m error[39m [caliper] [connectors/peer-gateway/PeerGateway] 	Failed to perform submit transaction [Set] using arguments [key_0_1_13000,value_13000],  with error: CommitStatusError: 2 UNKNOWN: too many requests for /gateway.Gateway, exceeding concurrency limit (500)
Details:
2026.09.04-19:12:24.085[31m error[39m [caliper] [connectors/peer-gateway/PeerGateway] 	Failed to perform submit transaction [Set] using arguments [key_0_1_13001,value_13001],  with error: SubmitError: 2 UNKNOWN: too many requests for /gateway.Gateway, exceeding concurrency limit (500)
Details:
2026.09.04-19:12:24.087[31m error[39m [caliper] [connectors/peer-gateway/PeerGateway] 	Failed to perform submit transaction [Set] using arguments [key_0_1_13003,value_13003],  with error: EndorseError: 2 UNKNOWN: too many requests for /gateway.Gateway, exceeding concurrency limit (500)
Details:
2026.09.04-19:12:24.093[31m error[39m [caliper] [connectors/peer-gateway/PeerGateway] 	Failed to perform submit transaction [Set] using arguments [key_0_1_13004,value_13004],  with error: EndorseError: 2 UNKNOWN: too many requests for /gateway.Gateway, exceeding concurrency limit (500)
Details:
2026.09.04-19:12:24.098[31m error[39m [caliper] [connectors/peer-gateway/PeerGateway] 	Failed to perform submit transaction [Set] using arguments [key_0_1_13002,value_13002],  with error: CommitStatusError: 2 UNKNOWN: too many requests for /gateway.Gateway, exceeding concurrency limit (500)
Details:
2026.09.04-19:12:24.100[31m error[39m [caliper] [connectors/peer-gateway/PeerGateway] 	Failed to perform submit transaction [Set] using arguments [key_0_1_13006,value_13006],  with error: EndorseError: 2 UNKNOWN: too many requests for /gateway.Gateway, exceeding concurrency limit (500)
Details:
2026.09.04-19:12:24.111[31m error[39m [caliper] [connectors/peer-gateway/PeerGateway] 	Failed to perform submit transaction [Set] using arguments [key_0_1_13007,value_13007],  with error: EndorseError: 2 UNKNOWN: too many requests for /gateway.Gateway, exceeding concurrency limit (500)
Details:
2026.09.04-19:12:24.116[31m error[39m [caliper] [connectors/peer-gateway/PeerGateway] 	Failed to perform submit transaction [Set] using arguments [key_0_1_13008,value_13008],  with error: EndorseError: 2 UNKNOWN: too many requests for /gateway.Gateway, exceeding concurrency limit (500)
Details:
2026.09.04-19:12:24.125[31m error[39m [caliper] [connectors/peer-gateway/PeerGateway] 	Failed to perform submit transaction [Set] using arguments [key_0_1_13010,value_13010],  with error: EndorseError: 2 UNKNOWN: too many requests for /gateway.Gateway, exceeding concurrency limit (500)
Details:
2026.09.04-19:12:24.125[31m error[39m [caliper] [connectors/peer-gateway/PeerGateway] 	Failed to perform submit transaction [Set] using arguments [key_0_1_13005,value_13005],  with error: CommitStatusError: 2 UNKNOWN: too many requests for /gateway.Gateway, exceeding concurrency limit (500)
Details:
2026.09.04-19:12:24.133[31m error[39m [caliper] [connectors/peer-gateway/PeerGateway] 	Failed to perform submit transaction [Set] using arguments [key_0_1_13011,value_13011],  with error: EndorseError: 2 UNKNOWN: too many requests for /gateway.Gateway, exceeding concurrency limit (500)
Details:
2026.09.04-19:12:24.137[31m error[39m [caliper] [connectors/peer-gateway/PeerGateway] 	Failed to perform submit transaction [Set] using arguments [key_0_1_13012,value_13012],  with error: EndorseError: 2 UNKNOWN: too many requests for /gateway.Gateway, exceeding concurrency limit (500)
Details:
2026.09.04-19:12:24.137[31m error[39m [caliper] [connectors/peer-gateway/PeerGateway] 	Failed to perform submit transaction [Set] using arguments [key_0_1_13009,value_13009],  with error: SubmitError: 2 UNKNOWN: too many requests for /gateway.Gateway, exceeding concurrency limit (500)
Details:
2026.09.04-19:12:24.137[31m error[39m [caliper] [connectors/peer-gateway/PeerGateway] 	Failed to perform submit transaction [Set] using arguments [key_0_1_13015,value_13015],  with error: EndorseError: 2 UNKNOWN: too many requests for /gateway.Gateway, exceeding concurrency limit (500)
Details:
2026.09.04-19:12:24.138[31m error[39m [caliper] [connectors/peer-gateway/PeerGateway] 	Failed to perform submit transaction [Set] using arguments [key_0_1_13014,value_13014],  with error: EndorseError: 2 UNKNOWN: too many requests for /gateway.Gateway, exceeding concurrency limit (500)
Details:
2026.09.04-19:12:24.140[31m error[39m [caliper] [connectors/peer-gateway/PeerGateway] 	Failed to perform submit transaction [Set] using arguments [key_0_1_13016,value_13016],  with error: EndorseError: 2 UNKNOWN: too many requests for /gateway.Gateway, exceeding concurrency limit (500)
Details:
2026.09.04-19:12:24.151[31m error[39m [caliper] [connectors/peer-gateway/PeerGateway] 	Failed to perform submit transaction [Set] using arguments [key_0_1_13021,value_13021],  with error: EndorseError: 2 UNKNOWN: too many requests for /gateway.Gateway, exceeding concurrency limit (500)
Details:
2026.09.04-19:12:24.153[31m error[39m [caliper] [connectors/peer-gateway/PeerGateway] 	Failed to perform submit transaction [Set] using arguments [key_0_1_13019,value_13019],  with error: EndorseError: 2 UNKNOWN: too many requests for /gateway.Gateway, exceeding concurrency limit (500)
Details:
2026.09.04-19:12:24.153[31m error[39m [caliper] [connectors/peer-gateway/PeerGateway] 	Failed to perform submit transaction [Set] using arguments [key_0_1_13018,value_13018],  with error: EndorseError: 2 UNKNOWN: too many requests for /gateway.Gateway, exceeding concurrency limit (500)
Details:
2026.09.04-19:12:24.153[31m error[39m [caliper] [connectors/peer-gateway/PeerGateway] 	Failed to perform submit transaction [Set] using arguments [key_0_1_13017,value_13017],  with error: EndorseError: 2 UNKNOWN: too many requests for /gateway.Gateway, exceeding concurrency limit (500)
Details:
2026.09.04-19:12:24.154[31m error[39m [caliper] [connectors/peer-gateway/PeerGateway] 	Failed to perform submit transaction [Set] using arguments [key_0_1_13020,value_13020],  with error: EndorseError: 2 UNKNOWN: too many requests for /gateway.Gateway, exceeding concurrency limit (500)
Details:
2026.09.04-19:12:24.165[31m error[39m [caliper] [connectors/peer-gateway/PeerGateway] 	Failed to perform submit transaction [Set] using arguments [key_0_1_13013,value_13013],  with error: SubmitError: 2 UNKNOWN: too many requests for /gateway.Gateway, exceeding concurrency limit (500)
Details:
2026.09.04-19:12:24.165[31m error[39m [caliper] [connectors/peer-gateway/PeerGateway] 	Failed to perform submit transaction [Set] using arguments [key_0_1_13023,value_13023],  with error: EndorseError: 2 UNKNOWN: too many requests for /gateway.Gateway, exceeding concurrency limit (500)
Details:
2026.09.04-19:12:24.165[31m error[39m [caliper] [connectors/peer-gateway/PeerGateway] 	Failed to perform submit transaction [Set] using arguments [key_0_1_13024,value_13024],  with error: EndorseError: 2 UNKNOWN: too many requests for /gateway.Gateway, exceeding concurrency limit (500)
Details:
2026.09.04-19:12:24.167[31m error[39m [caliper] [connectors/peer-gateway/PeerGateway] 	Failed to perform submit transaction [Set] using arguments [key_0_1_13026,value_13026],  with error: EndorseError: 2 UNKNOWN: too many requests for /gateway.Gateway, exceeding concurrency limit (500)
Details:
2026.09.04-19:12:24.167[31m error[39m [caliper] [connectors/peer-gateway/PeerGateway] 	Failed to perform submit transaction [Set] using arguments [key_0_1_13025,value_13025],  with error: EndorseError: 2 UNKNOWN: too many requests for /gateway.Gateway, exceeding concurrency limit (500)
Details:
2026.09.04-19:12:24.168[31m error[39m [caliper] [connectors/peer-gateway/PeerGateway] 	Failed to perform submit transaction [Set] using arguments [key_0_1_13027,value_13027],  with error: EndorseError: 2 UNKNOWN: too many requests for /gateway.Gateway, exceeding concurrency limit (500)
Details:
2026.09.04-19:12:24.173[31m error[39m [caliper] [connectors/peer-gateway/PeerGateway] 	Failed to perform submit transaction [Set] using arguments [key_0_1_13028,value_13028],  with error: EndorseError: 2 UNKNOWN: too many requests for /gateway.Gateway, exceeding concurrency limit (500)
Details:
2026.09.04-19:12:24.176[31m error[39m [caliper] [connectors/peer-gateway/PeerGateway] 	Failed to perform submit transaction [Set] using arguments [key_0_1_13029,value_13029],  with error: EndorseError: 2 UNKNOWN: too many requests for /gateway.Gateway, exceeding concurrency limit (500)
Details:
2026.09.04-19:12:24.177[31m error[39m [caliper] [connectors/peer-gateway/PeerGateway] 	Failed to perform submit transaction [Set] using arguments [key_0_1_13030,value_13030],  with error: EndorseError: 2 UNKNOWN: too many requests for /gateway.Gateway, exceeding concurrency limit (500)
Details:
2026.09.04-19:12:24.184[31m error[39m [caliper] [connectors/peer-gateway/PeerGateway] 	Failed to perform submit transaction [Set] using arguments [key_0_1_13031,value_13031],  with error: EndorseError: 2 UNKNOWN: too many requests for /gateway.Gateway, exceeding concurrency limit (500)
Details:
2026.09.04-19:12:24.191[31m error[39m [caliper] [connectors/peer-gateway/PeerGateway] 	Failed to perform submit transaction [Set] using arguments [key_0_1_13032,value_13032],  with error: EndorseError: 2 UNKNOWN: too many requests for /gateway.Gateway, exceeding concurrency limit (500)
Details:
2026.09.04-19:12:24.195[31m error[39m [caliper] [connectors/peer-gateway/PeerGateway] 	Failed to perform submit transaction [Set] using arguments [key_0_1_13033,value_13033],  with error: EndorseError: 2 UNKNOWN: too many requests for /gateway.Gateway, exceeding concurrency limit (500)
Details:
2026.09.04-19:12:24.198[31m error[39m [caliper] [connectors/peer-gateway/PeerGateway] 	Failed to perform submit transaction [Set] using arguments [key_0_1_13035,value_13035],  with error: EndorseError: 2 UNKNOWN: too many requests for /gateway.Gateway, exceeding concurrency limit (500)
Details:
2026.09.04-19:12:24.199[31m error[39m [caliper] [connectors/peer-gateway/PeerGateway] 	Failed to perform submit transaction [Set] using arguments [key_0_1_13022,value_13022],  with error: SubmitError: 2 UNKNOWN: too many requests for /gateway.Gateway, exceeding concurrency limit (500)
Details:
2026.09.04-19:12:24.199[31m error[39m [caliper] [connectors/peer-gateway/PeerGateway] 	Failed to perform submit transaction [Set] using arguments [key_0_1_13036,value_13036],  with error: EndorseError: 2 UNKNOWN: too many requests for /gateway.Gateway, exceeding concurrency limit (500)
Details:
2026.09.04-19:12:24.201[31m error[39m [caliper] [connectors/peer-gateway/PeerGateway] 	Failed to perform submit transaction [Set] using arguments [key_0_1_13037,value_13037],  with error: EndorseError: 2 UNKNOWN: too many requests for /gateway.Gateway, exceeding concurrency limit (500)
Details:
2026.09.04-19:12:24.206[31m error[39m [caliper] [connectors/peer-gateway/PeerGateway] 	Failed to perform submit transaction [Set] using arguments [key_0_1_13039,value_13039],  with error: EndorseError: 2 UNKNOWN: too many requests for /gateway.Gateway, exceeding concurrency limit (500)
Details:
2026.09.04-19:12:24.207[31m error[39m [caliper] [connectors/peer-gateway/PeerGateway] 	Failed to perform submit transaction [Set] using arguments [key_0_1_13038,value_13038],  with error: EndorseError: 2 UNKNOWN: too many requests for /gateway.Gateway, exceeding concurrency limit (500)
Details:
2026.09.04-19:12:24.232[31m error[39m [caliper] [connectors/peer-gateway/PeerGateway] 	Failed to perform submit transaction [Set] using arguments [key_0_1_13040,value_13040],  with error: EndorseError: 2 UNKNOWN: too many requests for /gateway.Gateway, exceeding concurrency limit (500)
Details:
2026.09.04-19:12:24.233[31m error[39m [caliper] [connectors/peer-gateway/PeerGateway] 	Failed to perform submit transaction [Set] using arguments [key_0_1_13041,value_13041],  with error: EndorseError: 2 UNKNOWN: too many requests for /gateway.Gateway, exceeding concurrency limit (500)
Details:
2026.09.04-19:12:24.233[31m error[39m [caliper] [connectors/peer-gateway/PeerGateway] 	Failed to perform submit transaction [Set] using arguments [key_0_1_13042,value_13042],  with error: EndorseError: 2 UNKNOWN: too many requests for /gateway.Gateway, exceeding concurrency limit (500)
Details:
2026.09.04-19:12:24.233[31m error[39m [caliper] [connectors/peer-gateway/PeerGateway] 	Failed to perform submit transaction [Set] using arguments [key_0_1_13043,value_13043],  with error: EndorseError: 2 UNKNOWN: too many requests for /gateway.Gateway, exceeding concurrency limit (500)
Details:
2026.09.04-19:12:24.237[31m error[39m [caliper] [connectors/peer-gateway/PeerGateway] 	Failed to perform submit transaction [Set] using arguments [key_0_1_13046,value_13046],  with error: EndorseError: 2 UNKNOWN: too many requests for /gateway.Gateway, exceeding concurrency limit (500)
Details:
2026.09.04-19:12:24.237[31m error[39m [caliper] [connectors/peer-gateway/PeerGateway] 	Failed to perform submit transaction [Set] using arguments [key_0_1_13045,value_13045],  with error: EndorseError: 2 UNKNOWN: too many requests for /gateway.Gateway, exceeding concurrency limit (500)
Details:
2026.09.04-19:12:24.238[31m error[39m [caliper] [connectors/peer-gateway/PeerGateway] 	Failed to perform submit transaction [Set] using arguments [key_0_1_13047,value_13047],  with error: EndorseError: 2 UNKNOWN: too many requests for /gateway.Gateway, exceeding concurrency limit (500)
Details:
2026.09.04-19:12:24.242[31m error[39m [caliper] [connectors/peer-gateway/PeerGateway] 	Failed to perform submit transaction [Set] using arguments [key_0_1_13048,value_13048],  with error: EndorseError: 2 UNKNOWN: too many requests for /gateway.Gateway, exceeding concurrency limit (500)
Details:
2026.09.04-19:12:24.242[31m error[39m [caliper] [connectors/peer-gateway/PeerGateway] 	Failed to perform submit transaction [Set] using arguments [key_0_1_13034,value_13034],  with error: CommitStatusError: 2 UNKNOWN: too many requests for /gateway.Gateway, exceeding concurrency limit (500)
Details:
2026.09.04-19:12:24.243[31m error[39m [caliper] [connectors/peer-gateway/PeerGateway] 	Failed to perform submit transaction [Set] using arguments [key_0_1_13049,value_13049],  with error: EndorseError: 2 UNKNOWN: too many requests for /gateway.Gateway, exceeding concurrency limit (500)
Details:
2026.09.04-19:12:24.247[31m error[39m [caliper] [connectors/peer-gateway/PeerGateway] 	Failed to perform submit transaction [Set] using arguments [key_0_1_13050,value_13050],  with error: EndorseError: 2 UNKNOWN: too many requests for /gateway.Gateway, exceeding concurrency limit (500)
Details:
2026.09.04-19:12:24.248[31m error[39m [caliper] [connectors/peer-gateway/PeerGateway] 	Failed to perform submit transaction [Set] using arguments [key_0_1_13051,value_13051],  with error: EndorseError: 2 UNKNOWN: too many requests for /gateway.Gateway, exceeding concurrency limit (500)
Details:
2026.09.04-19:12:24.258[31m error[39m [caliper] [connectors/peer-gateway/PeerGateway] 	Failed to perform submit transaction [Set] using arguments [key_0_1_13044,value_13044],  with error: CommitStatusError: 2 UNKNOWN: too many requests for /gateway.Gateway, exceeding concurrency limit (500)
Details:
2026.09.04-19:12:24.258[31m error[39m [caliper] [connectors/peer-gateway/PeerGateway] 	Failed to perform submit transaction [Set] using arguments [key_0_1_13053,value_13053],  with error: EndorseError: 2 UNKNOWN: too many requests for /gateway.Gateway, exceeding concurrency limit (500)
Details:
2026.09.04-19:12:24.260[31m error[39m [caliper] [connectors/peer-gateway/PeerGateway] 	Failed to perform submit transaction [Set] using arguments [key_0_1_13054,value_13054],  with error: EndorseError: 2 UNKNOWN: too many requests for /gateway.Gateway, exceeding concurrency limit (500)
Details:
2026.09.04-19:12:24.263[31m error[39m [caliper] [connectors/peer-gateway/PeerGateway] 	Failed to perform submit transaction [Set] using arguments [key_0_1_13052,value_13052],  with error: SubmitError: 2 UNKNOWN: too many requests for /gateway.Gateway, exceeding concurrency limit (500)
Details:
2026.09.04-19:12:24.264[31m error[39m [caliper] [connectors/peer-gateway/PeerGateway] 	Failed to perform submit transaction [Set] using arguments [key_0_1_13056,value_13056],  with error: EndorseError: 2 UNKNOWN: too many requests for /gateway.Gateway, exceeding concurrency limit (500)
Details:
2026.09.04-19:12:24.268[31m error[39m [caliper] [connectors/peer-gateway/PeerGateway] 	Failed to perform submit transaction [Set] using arguments [key_0_1_13057,value_13057],  with error: EndorseError: 2 UNKNOWN: too many requests for /gateway.Gateway, exceeding concurrency limit (500)
Details:
2026.09.04-19:12:24.271[31m error[39m [caliper] [connectors/peer-gateway/PeerGateway] 	Failed to perform submit transaction [Set] using arguments [key_0_1_13058,value_13058],  with error: EndorseError: 2 UNKNOWN: too many requests for /gateway.Gateway, exceeding concurrency limit (500)
Details:
2026.09.04-19:12:24.274[31m error[39m [caliper] [connectors/peer-gateway/PeerGateway] 	Failed to perform submit transaction [Set] using arguments [key_0_1_13059,value_13059],  with error: EndorseError: 2 UNKNOWN: too many requests for /gateway.Gateway, exceeding concurrency limit (500)
Details:
2026.09.04-19:12:24.277[31m error[39m [caliper] [connectors/peer-gateway/PeerGateway] 	Failed to perform submit transaction [Set] using arguments [key_0_1_13060,value_13060],  with error: EndorseError: 2 UNKNOWN: too many requests for /gateway.Gateway, exceeding concurrency limit (500)
Details:
2026.09.04-19:12:24.284[31m error[39m [caliper] [connectors/peer-gateway/PeerGateway] 	Failed to perform submit transaction [Set] using arguments [key_0_1_13061,value_13061],  with error: EndorseError: 2 UNKNOWN: too many requests for /gateway.Gateway, exceeding concurrency limit (500)
Details:
2026.09.04-19:12:24.284[31m error[39m [caliper] [connectors/peer-gateway/PeerGateway] 	Failed to perform submit transaction [Set] using arguments [key_0_1_13062,value_13062],  with error: EndorseError: 2 UNKNOWN: too many requests for /gateway.Gateway, exceeding concurrency limit (500)
Details:
2026.09.04-19:12:24.287[31m error[39m [caliper] [connectors/peer-gateway/PeerGateway] 	Failed to perform submit transaction [Set] using arguments [key_0_1_13063,value_13063],  with error: EndorseError: 2 UNKNOWN: too many requests for /gateway.Gateway, exceeding concurrency limit (500)
Details:
2026.09.04-19:12:24.289[31m error[39m [caliper] [connectors/peer-gateway/PeerGateway] 	Failed to perform submit transaction [Set] using arguments [key_0_1_13064,value_13064],  with error: EndorseError: 2 UNKNOWN: too many requests for /gateway.Gateway, exceeding concurrency limit (500)
Details:
2026.09.04-19:12:24.295[31m error[39m [caliper] [connectors/peer-gateway/PeerGateway] 	Failed to perform submit transaction [Set] using arguments [key_0_1_13065,value_13065],  with error: EndorseError: 2 UNKNOWN: too many requests for /gateway.Gateway, exceeding concurrency limit (500)
Details:
2026.09.04-19:12:24.297[31m error[39m [caliper] [connectors/peer-gateway/PeerGateway] 	Failed to perform submit transaction [Set] using arguments [key_0_1_13066,value_13066],  with error: EndorseError: 2 UNKNOWN: too many requests for /gateway.Gateway, exceeding concurrency limit (500)
Details:
2026.09.04-19:12:24.300[31m error[39m [caliper] [connectors/peer-gateway/PeerGateway] 	Failed to perform submit transaction [Set] using arguments [key_0_1_13067,value_13067],  with error: EndorseError: 2 UNKNOWN: too many requests for /gateway.Gateway, exceeding concurrency limit (500)
Details:
2026.09.04-19:12:25.742[32m info [39m [caliper] [default-observer] 	[blockutil-300-tps Round 1 Transaction Info] - Submitted: 13211 Succ: 11425 Fail:1639 Unfinished:147
2026.09.04-19:12:25.960[31m error[39m [caliper] [connectors/peer-gateway/PeerGateway] 	Failed to perform submit transaction [Set] using arguments [key_0_1_13563,value_13563],  with error: SubmitError: 2 UNKNOWN: too many requests for /gateway.Gateway, exceeding concurrency limit (500)
Details:
2026.09.04-19:12:25.961[31m error[39m [caliper] [connectors/peer-gateway/PeerGateway] 	Failed to perform submit transaction [Set] using arguments [key_0_1_13565,value_13565],  with error: EndorseError: 2 UNKNOWN: too many requests for /gateway.Gateway, exceeding concurrency limit (500)
Details:
2026.09.04-19:12:25.970[31m error[39m [caliper] [connectors/peer-gateway/PeerGateway] 	Failed to perform submit transaction [Set] using arguments [key_0_1_13566,value_13566],  with error: EndorseError: 2 UNKNOWN: too many requests for /gateway.Gateway, exceeding concurrency limit (500)
Details:
2026.09.04-19:12:25.973[31m error[39m [caliper] [connectors/peer-gateway/PeerGateway] 	Failed to perform submit transaction [Set] using arguments [key_0_1_13564,value_13564],  with error: CommitStatusError: 2 UNKNOWN: too many requests for /gateway.Gateway, exceeding concurrency limit (500)
Details:
2026.09.04-19:12:25.976[31m error[39m [caliper] [connectors/peer-gateway/PeerGateway] 	Failed to perform submit transaction [Set] using arguments [key_0_1_13568,value_13568],  with error: EndorseError: 2 UNKNOWN: too many requests for /gateway.Gateway, exceeding concurrency limit (500)
Details:
2026.09.04-19:12:25.978[31m error[39m [caliper] [connectors/peer-gateway/PeerGateway] 	Failed to perform submit transaction [Set] using arguments [key_0_1_13569,value_13569],  with error: EndorseError: 2 UNKNOWN: too many requests for /gateway.Gateway, exceeding concurrency limit (500)
Details:
2026.09.04-19:12:25.988[31m error[39m [caliper] [connectors/peer-gateway/PeerGateway] 	Failed to perform submit transaction [Set] using arguments [key_0_1_13570,value_13570],  with error: EndorseError: 2 UNKNOWN: too many requests for /gateway.Gateway, exceeding concurrency limit (500)
Details:
2026.09.04-19:12:25.990[31m error[39m [caliper] [connectors/peer-gateway/PeerGateway] 	Failed to perform submit transaction [Set] using arguments [key_0_1_13567,value_13567],  with error: SubmitError: 2 UNKNOWN: too many requests for /gateway.Gateway, exceeding concurrency limit (500)
Details:
2026.09.04-19:12:25.995[31m error[39m [caliper] [connectors/peer-gateway/PeerGateway] 	Failed to perform submit transaction [Set] using arguments [key_0_1_13573,value_13573],  with error: EndorseError: 2 UNKNOWN: too many requests for /gateway.Gateway, exceeding concurrency limit (500)
Details:
2026.09.04-19:12:25.995[31m error[39m [caliper] [connectors/peer-gateway/PeerGateway] 	Failed to perform submit transaction [Set] using arguments [key_0_1_13572,value_13572],  with error: EndorseError: 2 UNKNOWN: too many requests for /gateway.Gateway, exceeding concurrency limit (500)
Details:
2026.09.04-19:12:25.995[31m error[39m [caliper] [connectors/peer-gateway/PeerGateway] 	Failed to perform submit transaction [Set] using arguments [key_0_1_13574,value_13574],  with error: EndorseError: 2 UNKNOWN: too many requests for /gateway.Gateway, exceeding concurrency limit (500)
Details:
2026.09.04-19:12:25.998[31m error[39m [caliper] [connectors/peer-gateway/PeerGateway] 	Failed to perform submit transaction [Set] using arguments [key_0_1_13575,value_13575],  with error: EndorseError: 2 UNKNOWN: too many requests for /gateway.Gateway, exceeding concurrency limit (500)
Details:
2026.09.04-19:12:26.008[31m error[39m [caliper] [connectors/peer-gateway/PeerGateway] 	Failed to perform submit transaction [Set] using arguments [key_0_1_13577,value_13577],  with error: EndorseError: 2 UNKNOWN: too many requests for /gateway.Gateway, exceeding concurrency limit (500)
Details:
2026.09.04-19:12:26.008[31m error[39m [caliper] [connectors/peer-gateway/PeerGateway] 	Failed to perform submit transaction [Set] using arguments [key_0_1_13576,value_13576],  with error: EndorseError: 2 UNKNOWN: too many requests for /gateway.Gateway, exceeding concurrency limit (500)
Details:
2026.09.04-19:12:26.010[31m error[39m [caliper] [connectors/peer-gateway/PeerGateway] 	Failed to perform submit transaction [Set] using arguments [key_0_1_13578,value_13578],  with error: EndorseError: 2 UNKNOWN: too many requests for /gateway.Gateway, exceeding concurrency limit (500)
Details:
2026.09.04-19:12:26.011[31m error[39m [caliper] [connectors/peer-gateway/PeerGateway] 	Failed to perform submit transaction [Set] using arguments [key_0_1_13579,value_13579],  with error: EndorseError: 2 UNKNOWN: too many requests for /gateway.Gateway, exceeding concurrency limit (500)
Details:
2026.09.04-19:12:26.032[31m error[39m [caliper] [connectors/peer-gateway/PeerGateway] 	Failed to perform submit transaction [Set] using arguments [key_0_1_13581,value_13581],  with error: EndorseError: 2 UNKNOWN: too many requests for /gateway.Gateway, exceeding concurrency limit (500)
Details:
2026.09.04-19:12:26.033[31m error[39m [caliper] [connectors/peer-gateway/PeerGateway] 	Failed to perform submit transaction [Set] using arguments [key_0_1_13586,value_13586],  with error: EndorseError: 2 UNKNOWN: too many requests for /gateway.Gateway, exceeding concurrency limit (500)
Details:
2026.09.04-19:12:26.033[31m error[39m [caliper] [connectors/peer-gateway/PeerGateway] 	Failed to perform submit transaction [Set] using arguments [key_0_1_13582,value_13582],  with error: EndorseError: 2 UNKNOWN: too many requests for /gateway.Gateway, exceeding concurrency limit (500)
Details:
2026.09.04-19:12:26.033[31m error[39m [caliper] [connectors/peer-gateway/PeerGateway] 	Failed to perform submit transaction [Set] using arguments [key_0_1_13583,value_13583],  with error: EndorseError: 2 UNKNOWN: too many requests for /gateway.Gateway, exceeding concurrency limit (500)
Details:
2026.09.04-19:12:26.034[31m error[39m [caliper] [connectors/peer-gateway/PeerGateway] 	Failed to perform submit transaction [Set] using arguments [key_0_1_13584,value_13584],  with error: EndorseError: 2 UNKNOWN: too many requests for /gateway.Gateway, exceeding concurrency limit (500)
Details:
2026.09.04-19:12:26.034[31m error[39m [caliper] [connectors/peer-gateway/PeerGateway] 	Failed to perform submit transaction [Set] using arguments [key_0_1_13585,value_13585],  with error: EndorseError: 2 UNKNOWN: too many requests for /gateway.Gateway, exceeding concurrency limit (500)
Details:
2026.09.04-19:12:26.036[31m error[39m [caliper] [connectors/peer-gateway/PeerGateway] 	Failed to perform submit transaction [Set] using arguments [key_0_1_13571,value_13571],  with error: SubmitError: 2 UNKNOWN: too many requests for /gateway.Gateway, exceeding concurrency limit (500)
Details:
2026.09.04-19:12:26.038[31m error[39m [caliper] [connectors/peer-gateway/PeerGateway] 	Failed to perform submit transaction [Set] using arguments [key_0_1_13587,value_13587],  with error: EndorseError: 2 UNKNOWN: too many requests for /gateway.Gateway, exceeding concurrency limit (500)
Details:
2026.09.04-19:12:26.041[31m error[39m [caliper] [connectors/peer-gateway/PeerGateway] 	Failed to perform submit transaction [Set] using arguments [key_0_1_13588,value_13588],  with error: EndorseError: 2 UNKNOWN: too many requests for /gateway.Gateway, exceeding concurrency limit (500)
Details:
2026.09.04-19:12:26.044[31m error[39m [caliper] [connectors/peer-gateway/PeerGateway] 	Failed to perform submit transaction [Set] using arguments [key_0_1_13589,value_13589],  with error: EndorseError: 2 UNKNOWN: too many requests for /gateway.Gateway, exceeding concurrency limit (500)
Details:
2026.09.04-19:12:26.051[31m error[39m [caliper] [connectors/peer-gateway/PeerGateway] 	Failed to perform submit transaction [Set] using arguments [key_0_1_13590,value_13590],  with error: EndorseError: 2 UNKNOWN: too many requests for /gateway.Gateway, exceeding concurrency limit (500)
Details:
2026.09.04-19:12:26.055[31m error[39m [caliper] [connectors/peer-gateway/PeerGateway] 	Failed to perform submit transaction [Set] using arguments [key_0_1_13580,value_13580],  with error: SubmitError: 2 UNKNOWN: too many requests for /gateway.Gateway, exceeding concurrency limit (500)
Details:
2026.09.04-19:12:26.056[31m error[39m [caliper] [connectors/peer-gateway/PeerGateway] 	Failed to perform submit transaction [Set] using arguments [key_0_1_13592,value_13592],  with error: EndorseError: 2 UNKNOWN: too many requests for /gateway.Gateway, exceeding concurrency limit (500)
Details:
2026.09.04-19:12:26.062[31m error[39m [caliper] [connectors/peer-gateway/PeerGateway] 	Failed to perform submit transaction [Set] using arguments [key_0_1_13594,value_13594],  with error: EndorseError: 2 UNKNOWN: too many requests for /gateway.Gateway, exceeding concurrency limit (500)
Details:
2026.09.04-19:12:26.062[31m error[39m [caliper] [connectors/peer-gateway/PeerGateway] 	Failed to perform submit transaction [Set] using arguments [key_0_1_13593,value_13593],  with error: EndorseError: 2 UNKNOWN: too many requests for /gateway.Gateway, exceeding concurrency limit (500)
Details:
2026.09.04-19:12:26.066[31m error[39m [caliper] [connectors/peer-gateway/PeerGateway] 	Failed to perform submit transaction [Set] using arguments [key_0_1_13595,value_13595],  with error: EndorseError: 2 UNKNOWN: too many requests for /gateway.Gateway, exceeding concurrency limit (500)
Details:
2026.09.04-19:12:26.103[31m error[39m [caliper] [connectors/peer-gateway/PeerGateway] 	Failed to perform submit transaction [Set] using arguments [key_0_1_13607,value_13607],  with error: EndorseError: 2 UNKNOWN: too many requests for /gateway.Gateway, exceeding concurrency limit (500)
Details:
2026.09.04-19:12:26.104[31m error[39m [caliper] [connectors/peer-gateway/PeerGateway] 	Failed to perform submit transaction [Set] using arguments [key_0_1_13599,value_13599],  with error: EndorseError: 2 UNKNOWN: too many requests for /gateway.Gateway, exceeding concurrency limit (500)
Details:
2026.09.04-19:12:26.104[31m error[39m [caliper] [connectors/peer-gateway/PeerGateway] 	Failed to perform submit transaction [Set] using arguments [key_0_1_13600,value_13600],  with error: EndorseError: 2 UNKNOWN: too many requests for /gateway.Gateway, exceeding concurrency limit (500)
Details:
2026.09.04-19:12:26.104[31m error[39m [caliper] [connectors/peer-gateway/PeerGateway] 	Failed to perform submit transaction [Set] using arguments [key_0_1_13601,value_13601],  with error: EndorseError: 2 UNKNOWN: too many requests for /gateway.Gateway, exceeding concurrency limit (500)
Details:
2026.09.04-19:12:26.104[31m error[39m [caliper] [connectors/peer-gateway/PeerGateway] 	Failed to perform submit transaction [Set] using arguments [key_0_1_13602,value_13602],  with error: EndorseError: 2 UNKNOWN: too many requests for /gateway.Gateway, exceeding concurrency limit (500)
Details:
2026.09.04-19:12:26.105[31m error[39m [caliper] [connectors/peer-gateway/PeerGateway] 	Failed to perform submit transaction [Set] using arguments [key_0_1_13603,value_13603],  with error: EndorseError: 2 UNKNOWN: too many requests for /gateway.Gateway, exceeding concurrency limit (500)
Details:
2026.09.04-19:12:26.105[31m error[39m [caliper] [connectors/peer-gateway/PeerGateway] 	Failed to perform submit transaction [Set] using arguments [key_0_1_13604,value_13604],  with error: EndorseError: 2 UNKNOWN: too many requests for /gateway.Gateway, exceeding concurrency limit (500)
Details:
2026.09.04-19:12:26.105[31m error[39m [caliper] [connectors/peer-gateway/PeerGateway] 	Failed to perform submit transaction [Set] using arguments [key_0_1_13605,value_13605],  with error: EndorseError: 2 UNKNOWN: too many requests for /gateway.Gateway, exceeding concurrency limit (500)
Details:
2026.09.04-19:12:26.105[31m error[39m [caliper] [connectors/peer-gateway/PeerGateway] 	Failed to perform submit transaction [Set] using arguments [key_0_1_13606,value_13606],  with error: EndorseError: 2 UNKNOWN: too many requests for /gateway.Gateway, exceeding concurrency limit (500)
Details:
2026.09.04-19:12:26.106[31m error[39m [caliper] [connectors/peer-gateway/PeerGateway] 	Failed to perform submit transaction [Set] using arguments [key_0_1_13596,value_13596],  with error: EndorseError: 2 UNKNOWN: too many requests for /gateway.Gateway, exceeding concurrency limit (500)
Details:
2026.09.04-19:12:26.106[31m error[39m [caliper] [connectors/peer-gateway/PeerGateway] 	Failed to perform submit transaction [Set] using arguments [key_0_1_13591,value_13591],  with error: SubmitError: 2 UNKNOWN: too many requests for /gateway.Gateway, exceeding concurrency limit (500)
Details:
2026.09.04-19:12:26.116[31m error[39m [caliper] [connectors/peer-gateway/PeerGateway] 	Failed to perform submit transaction [Set] using arguments [key_0_1_13598,value_13598],  with error: EndorseError: 2 UNKNOWN: too many requests for /gateway.Gateway, exceeding concurrency limit (500)
Details:
2026.09.04-19:12:26.116[31m error[39m [caliper] [connectors/peer-gateway/PeerGateway] 	Failed to perform submit transaction [Set] using arguments [key_0_1_13608,value_13608],  with error: EndorseError: 2 UNKNOWN: too many requests for /gateway.Gateway, exceeding concurrency limit (500)
Details:
2026.09.04-19:12:26.118[31m error[39m [caliper] [connectors/peer-gateway/PeerGateway] 	Failed to perform submit transaction [Set] using arguments [key_0_1_13609,value_13609],  with error: EndorseError: 2 UNKNOWN: too many requests for /gateway.Gateway, exceeding concurrency limit (500)
Details:
2026.09.04-19:12:26.122[31m error[39m [caliper] [connectors/peer-gateway/PeerGateway] 	Failed to perform submit transaction [Set] using arguments [key_0_1_13610,value_13610],  with error: EndorseError: 2 UNKNOWN: too many requests for /gateway.Gateway, exceeding concurrency limit (500)
Details:
2026.09.04-19:12:26.127[31m error[39m [caliper] [connectors/peer-gateway/PeerGateway] 	Failed to perform submit transaction [Set] using arguments [key_0_1_13613,value_13613],  with error: EndorseError: 2 UNKNOWN: too many requests for /gateway.Gateway, exceeding concurrency limit (500)
Details:
2026.09.04-19:12:26.127[31m error[39m [caliper] [connectors/peer-gateway/PeerGateway] 	Failed to perform submit transaction [Set] using arguments [key_0_1_13612,value_13612],  with error: EndorseError: 2 UNKNOWN: too many requests for /gateway.Gateway, exceeding concurrency limit (500)
Details:
2026.09.04-19:12:26.127[31m error[39m [caliper] [connectors/peer-gateway/PeerGateway] 	Failed to perform submit transaction [Set] using arguments [key_0_1_13611,value_13611],  with error: EndorseError: 2 UNKNOWN: too many requests for /gateway.Gateway, exceeding concurrency limit (500)
Details:
2026.09.04-19:12:26.136[31m error[39m [caliper] [connectors/peer-gateway/PeerGateway] 	Failed to perform submit transaction [Set] using arguments [key_0_1_13615,value_13615],  with error: EndorseError: 2 UNKNOWN: too many requests for /gateway.Gateway, exceeding concurrency limit (500)
Details:
2026.09.04-19:12:26.136[31m error[39m [caliper] [connectors/peer-gateway/PeerGateway] 	Failed to perform submit transaction [Set] using arguments [key_0_1_13597,value_13597],  with error: CommitStatusError: 2 UNKNOWN: too many requests for /gateway.Gateway, exceeding concurrency limit (500)
Details:
2026.09.04-19:12:26.137[31m error[39m [caliper] [connectors/peer-gateway/PeerGateway] 	Failed to perform submit transaction [Set] using arguments [key_0_1_13616,value_13616],  with error: EndorseError: 2 UNKNOWN: too many requests for /gateway.Gateway, exceeding concurrency limit (500)
Details:
2026.09.04-19:12:26.140[31m error[39m [caliper] [connectors/peer-gateway/PeerGateway] 	Failed to perform submit transaction [Set] using arguments [key_0_1_13614,value_13614],  with error: SubmitError: 2 UNKNOWN: too many requests for /gateway.Gateway, exceeding concurrency limit (500)
Details:
2026.09.04-19:12:26.142[31m error[39m [caliper] [connectors/peer-gateway/PeerGateway] 	Failed to perform submit transaction [Set] using arguments [key_0_1_13618,value_13618],  with error: EndorseError: 2 UNKNOWN: too many requests for /gateway.Gateway, exceeding concurrency limit (500)
Details:
2026.09.04-19:12:26.147[31m error[39m [caliper] [connectors/peer-gateway/PeerGateway] 	Failed to perform submit transaction [Set] using arguments [key_0_1_13617,value_13617],  with error: SubmitError: 2 UNKNOWN: too many requests for /gateway.Gateway, exceeding concurrency limit (500)
Details:
2026.09.04-19:12:26.147[31m error[39m [caliper] [connectors/peer-gateway/PeerGateway] 	Failed to perform submit transaction [Set] using arguments [key_0_1_13620,value_13620],  with error: EndorseError: 2 UNKNOWN: too many requests for /gateway.Gateway, exceeding concurrency limit (500)
Details:
2026.09.04-19:12:26.152[31m error[39m [caliper] [connectors/peer-gateway/PeerGateway] 	Failed to perform submit transaction [Set] using arguments [key_0_1_13622,value_13622],  with error: EndorseError: 2 UNKNOWN: too many requests for /gateway.Gateway, exceeding concurrency limit (500)
Details:
2026.09.04-19:12:26.152[31m error[39m [caliper] [connectors/peer-gateway/PeerGateway] 	Failed to perform submit transaction [Set] using arguments [key_0_1_13619,value_13619],  with error: SubmitError: 2 UNKNOWN: too many requests for /gateway.Gateway, exceeding concurrency limit (500)
Details:
2026.09.04-19:12:26.158[31m error[39m [caliper] [connectors/peer-gateway/PeerGateway] 	Failed to perform submit transaction [Set] using arguments [key_0_1_13621,value_13621],  with error: SubmitError: 2 UNKNOWN: too many requests for /gateway.Gateway, exceeding concurrency limit (500)
Details:
2026.09.04-19:12:26.160[31m error[39m [caliper] [connectors/peer-gateway/PeerGateway] 	Failed to perform submit transaction [Set] using arguments [key_0_1_13624,value_13624],  with error: EndorseError: 2 UNKNOWN: too many requests for /gateway.Gateway, exceeding concurrency limit (500)
Details:
2026.09.04-19:12:26.160[31m error[39m [caliper] [connectors/peer-gateway/PeerGateway] 	Failed to perform submit transaction [Set] using arguments [key_0_1_13625,value_13625],  with error: EndorseError: 2 UNKNOWN: too many requests for /gateway.Gateway, exceeding concurrency limit (500)
Details:
2026.09.04-19:12:26.164[31m error[39m [caliper] [connectors/peer-gateway/PeerGateway] 	Failed to perform submit transaction [Set] using arguments [key_0_1_13626,value_13626],  with error: EndorseError: 2 UNKNOWN: too many requests for /gateway.Gateway, exceeding concurrency limit (500)
Details:
2026.09.04-19:12:26.166[31m error[39m [caliper] [connectors/peer-gateway/PeerGateway] 	Failed to perform submit transaction [Set] using arguments [key_0_1_13627,value_13627],  with error: EndorseError: 2 UNKNOWN: too many requests for /gateway.Gateway, exceeding concurrency limit (500)
Details:
2026.09.04-19:12:26.171[31m error[39m [caliper] [connectors/peer-gateway/PeerGateway] 	Failed to perform submit transaction [Set] using arguments [key_0_1_13628,value_13628],  with error: EndorseError: 2 UNKNOWN: too many requests for /gateway.Gateway, exceeding concurrency limit (500)
Details:
2026.09.04-19:12:26.174[31m error[39m [caliper] [connectors/peer-gateway/PeerGateway] 	Failed to perform submit transaction [Set] using arguments [key_0_1_13629,value_13629],  with error: EndorseError: 2 UNKNOWN: too many requests for /gateway.Gateway, exceeding concurrency limit (500)
Details:
2026.09.04-19:12:26.177[31m error[39m [caliper] [connectors/peer-gateway/PeerGateway] 	Failed to perform submit transaction [Set] using arguments [key_0_1_13630,value_13630],  with error: EndorseError: 2 UNKNOWN: too many requests for /gateway.Gateway, exceeding concurrency limit (500)
Details:
2026.09.04-19:12:26.180[31m error[39m [caliper] [connectors/peer-gateway/PeerGateway] 	Failed to perform submit transaction [Set] using arguments [key_0_1_13631,value_13631],  with error: EndorseError: 2 UNKNOWN: too many requests for /gateway.Gateway, exceeding concurrency limit (500)
Details:
2026.09.04-19:12:27.837[31m error[39m [caliper] [connectors/peer-gateway/PeerGateway] 	Failed to perform submit transaction [Set] using arguments [key_0_1_14126,value_14126],  with error: SubmitError: 2 UNKNOWN: too many requests for /gateway.Gateway, exceeding concurrency limit (500)
Details:
2026.09.04-19:12:27.837[31m error[39m [caliper] [connectors/peer-gateway/PeerGateway] 	Failed to perform submit transaction [Set] using arguments [key_0_1_14128,value_14128],  with error: EndorseError: 2 UNKNOWN: too many requests for /gateway.Gateway, exceeding concurrency limit (500)
Details:
2026.09.04-19:12:27.844[31m error[39m [caliper] [connectors/peer-gateway/PeerGateway] 	Failed to perform submit transaction [Set] using arguments [key_0_1_14127,value_14127],  with error: CommitStatusError: 2 UNKNOWN: too many requests for /gateway.Gateway, exceeding concurrency limit (500)
Details:
2026.09.04-19:12:27.845[31m error[39m [caliper] [connectors/peer-gateway/PeerGateway] 	Failed to perform submit transaction [Set] using arguments [key_0_1_14130,value_14130],  with error: EndorseError: 2 UNKNOWN: too many requests for /gateway.Gateway, exceeding concurrency limit (500)
Details:
2026.09.04-19:12:27.852[31m error[39m [caliper] [connectors/peer-gateway/PeerGateway] 	Failed to perform submit transaction [Set] using arguments [key_0_1_14131,value_14131],  with error: EndorseError: 2 UNKNOWN: too many requests for /gateway.Gateway, exceeding concurrency limit (500)
Details:
2026.09.04-19:12:27.857[31m error[39m [caliper] [connectors/peer-gateway/PeerGateway] 	Failed to perform submit transaction [Set] using arguments [key_0_1_14129,value_14129],  with error: CommitStatusError: 2 UNKNOWN: too many requests for /gateway.Gateway, exceeding concurrency limit (500)
Details:
2026.09.04-19:12:27.862[31m error[39m [caliper] [connectors/peer-gateway/PeerGateway] 	Failed to perform submit transaction [Set] using arguments [key_0_1_14134,value_14134],  with error: EndorseError: 2 UNKNOWN: too many requests for /gateway.Gateway, exceeding concurrency limit (500)
Details:
2026.09.04-19:12:27.864[31m error[39m [caliper] [connectors/peer-gateway/PeerGateway] 	Failed to perform submit transaction [Set] using arguments [key_0_1_14132,value_14132],  with error: SubmitError: 2 UNKNOWN: too many requests for /gateway.Gateway, exceeding concurrency limit (500)
Details:
2026.09.04-19:12:27.870[31m error[39m [caliper] [connectors/peer-gateway/PeerGateway] 	Failed to perform submit transaction [Set] using arguments [key_0_1_14135,value_14135],  with error: EndorseError: 2 UNKNOWN: too many requests for /gateway.Gateway, exceeding concurrency limit (500)
Details:
2026.09.04-19:12:27.877[31m error[39m [caliper] [connectors/peer-gateway/PeerGateway] 	Failed to perform submit transaction [Set] using arguments [key_0_1_14136,value_14136],  with error: EndorseError: 2 UNKNOWN: too many requests for /gateway.Gateway, exceeding concurrency limit (500)
Details:
2026.09.04-19:12:27.887[31m error[39m [caliper] [connectors/peer-gateway/PeerGateway] 	Failed to perform submit transaction [Set] using arguments [key_0_1_14142,value_14142],  with error: EndorseError: 2 UNKNOWN: too many requests for /gateway.Gateway, exceeding concurrency limit (500)
Details:
2026.09.04-19:12:27.888[31m error[39m [caliper] [connectors/peer-gateway/PeerGateway] 	Failed to perform submit transaction [Set] using arguments [key_0_1_14137,value_14137],  with error: EndorseError: 2 UNKNOWN: too many requests for /gateway.Gateway, exceeding concurrency limit (500)
Details:
2026.09.04-19:12:27.888[31m error[39m [caliper] [connectors/peer-gateway/PeerGateway] 	Failed to perform submit transaction [Set] using arguments [key_0_1_14138,value_14138],  with error: EndorseError: 2 UNKNOWN: too many requests for /gateway.Gateway, exceeding concurrency limit (500)
Details:
2026.09.04-19:12:27.888[31m error[39m [caliper] [connectors/peer-gateway/PeerGateway] 	Failed to perform submit transaction [Set] using arguments [key_0_1_14139,value_14139],  with error: EndorseError: 2 UNKNOWN: too many requests for /gateway.Gateway, exceeding concurrency limit (500)
Details:
2026.09.04-19:12:27.889[31m error[39m [caliper] [connectors/peer-gateway/PeerGateway] 	Failed to perform submit transaction [Set] using arguments [key_0_1_14140,value_14140],  with error: EndorseError: 2 UNKNOWN: too many requests for /gateway.Gateway, exceeding concurrency limit (500)
Details:
2026.09.04-19:12:27.889[31m error[39m [caliper] [connectors/peer-gateway/PeerGateway] 	Failed to perform submit transaction [Set] using arguments [key_0_1_14141,value_14141],  with error: EndorseError: 2 UNKNOWN: too many requests for /gateway.Gateway, exceeding concurrency limit (500)
Details:
2026.09.04-19:12:27.893[31m error[39m [caliper] [connectors/peer-gateway/PeerGateway] 	Failed to perform submit transaction [Set] using arguments [key_0_1_14133,value_14133],  with error: CommitStatusError: 2 UNKNOWN: too many requests for /gateway.Gateway, exceeding concurrency limit (500)
Details:
2026.09.04-19:12:27.895[31m error[39m [caliper] [connectors/peer-gateway/PeerGateway] 	Failed to perform submit transaction [Set] using arguments [key_0_1_14144,value_14144],  with error: EndorseError: 2 UNKNOWN: too many requests for /gateway.Gateway, exceeding concurrency limit (500)
Details:
2026.09.04-19:12:27.903[31m error[39m [caliper] [connectors/peer-gateway/PeerGateway] 	Failed to perform submit transaction [Set] using arguments [key_0_1_14147,value_14147],  with error: EndorseError: 2 UNKNOWN: too many requests for /gateway.Gateway, exceeding concurrency limit (500)
Details:
2026.09.04-19:12:27.903[31m error[39m [caliper] [connectors/peer-gateway/PeerGateway] 	Failed to perform submit transaction [Set] using arguments [key_0_1_14143,value_14143],  with error: SubmitError: 2 UNKNOWN: too many requests for /gateway.Gateway, exceeding concurrency limit (500)
Details:
2026.09.04-19:12:27.904[31m error[39m [caliper] [connectors/peer-gateway/PeerGateway] 	Failed to perform submit transaction [Set] using arguments [key_0_1_14146,value_14146],  with error: EndorseError: 2 UNKNOWN: too many requests for /gateway.Gateway, exceeding concurrency limit (500)
Details:
2026.09.04-19:12:27.932[31m error[39m [caliper] [connectors/peer-gateway/PeerGateway] 	Failed to perform submit transaction [Set] using arguments [key_0_1_14156,value_14156],  with error: EndorseError: 2 UNKNOWN: too many requests for /gateway.Gateway, exceeding concurrency limit (500)
Details:
2026.09.04-19:12:27.933[31m error[39m [caliper] [connectors/peer-gateway/PeerGateway] 	Failed to perform submit transaction [Set] using arguments [key_0_1_14148,value_14148],  with error: EndorseError: 2 UNKNOWN: too many requests for /gateway.Gateway, exceeding concurrency limit (500)
Details:
2026.09.04-19:12:27.933[31m error[39m [caliper] [connectors/peer-gateway/PeerGateway] 	Failed to perform submit transaction [Set] using arguments [key_0_1_14149,value_14149],  with error: EndorseError: 2 UNKNOWN: too many requests for /gateway.Gateway, exceeding concurrency limit (500)
Details:
2026.09.04-19:12:27.935[31m error[39m [caliper] [connectors/peer-gateway/PeerGateway] 	Failed to perform submit transaction [Set] using arguments [key_0_1_14150,value_14150],  with error: EndorseError: 2 UNKNOWN: too many requests for /gateway.Gateway, exceeding concurrency limit (500)
Details:
2026.09.04-19:12:27.935[31m error[39m [caliper] [connectors/peer-gateway/PeerGateway] 	Failed to perform submit transaction [Set] using arguments [key_0_1_14153,value_14153],  with error: EndorseError: 2 UNKNOWN: too many requests for /gateway.Gateway, exceeding concurrency limit (500)
Details:
2026.09.04-19:12:27.936[31m error[39m [caliper] [connectors/peer-gateway/PeerGateway] 	Failed to perform submit transaction [Set] using arguments [key_0_1_14151,value_14151],  with error: EndorseError: 2 UNKNOWN: too many requests for /gateway.Gateway, exceeding concurrency limit (500)
Details:
2026.09.04-19:12:27.936[31m error[39m [caliper] [connectors/peer-gateway/PeerGateway] 	Failed to perform submit transaction [Set] using arguments [key_0_1_14152,value_14152],  with error: EndorseError: 2 UNKNOWN: too many requests for /gateway.Gateway, exceeding concurrency limit (500)
Details:
2026.09.04-19:12:27.936[31m error[39m [caliper] [connectors/peer-gateway/PeerGateway] 	Failed to perform submit transaction [Set] using arguments [key_0_1_14154,value_14154],  with error: EndorseError: 2 UNKNOWN: too many requests for /gateway.Gateway, exceeding concurrency limit (500)
Details:
2026.09.04-19:12:27.936[31m error[39m [caliper] [connectors/peer-gateway/PeerGateway] 	Failed to perform submit transaction [Set] using arguments [key_0_1_14155,value_14155],  with error: EndorseError: 2 UNKNOWN: too many requests for /gateway.Gateway, exceeding concurrency limit (500)
Details:
2026.09.04-19:12:27.939[31m error[39m [caliper] [connectors/peer-gateway/PeerGateway] 	Failed to perform submit transaction [Set] using arguments [key_0_1_14157,value_14157],  with error: EndorseError: 2 UNKNOWN: too many requests for /gateway.Gateway, exceeding concurrency limit (500)
Details:
2026.09.04-19:12:27.941[31m error[39m [caliper] [connectors/peer-gateway/PeerGateway] 	Failed to perform submit transaction [Set] using arguments [key_0_1_14158,value_14158],  with error: EndorseError: 2 UNKNOWN: too many requests for /gateway.Gateway, exceeding concurrency limit (500)
Details:
2026.09.04-19:12:27.944[31m error[39m [caliper] [connectors/peer-gateway/PeerGateway] 	Failed to perform submit transaction [Set] using arguments [key_0_1_14159,value_14159],  with error: EndorseError: 2 UNKNOWN: too many requests for /gateway.Gateway, exceeding concurrency limit (500)
Details:
2026.09.04-19:12:27.947[31m error[39m [caliper] [connectors/peer-gateway/PeerGateway] 	Failed to perform submit transaction [Set] using arguments [key_0_1_14160,value_14160],  with error: EndorseError: 2 UNKNOWN: too many requests for /gateway.Gateway, exceeding concurrency limit (500)
Details:
2026.09.04-19:12:27.951[31m error[39m [caliper] [connectors/peer-gateway/PeerGateway] 	Failed to perform submit transaction [Set] using arguments [key_0_1_14145,value_14145],  with error: SubmitError: 2 UNKNOWN: too many requests for /gateway.Gateway, exceeding concurrency limit (500)
Details:
2026.09.04-19:12:27.957[31m error[39m [caliper] [connectors/peer-gateway/PeerGateway] 	Failed to perform submit transaction [Set] using arguments [key_0_1_14162,value_14162],  with error: EndorseError: 2 UNKNOWN: too many requests for /gateway.Gateway, exceeding concurrency limit (500)
Details:
2026.09.04-19:12:27.957[31m error[39m [caliper] [connectors/peer-gateway/PeerGateway] 	Failed to perform submit transaction [Set] using arguments [key_0_1_14163,value_14163],  with error: EndorseError: 2 UNKNOWN: too many requests for /gateway.Gateway, exceeding concurrency limit (500)
Details:
2026.09.04-19:12:27.958[31m error[39m [caliper] [connectors/peer-gateway/PeerGateway] 	Failed to perform submit transaction [Set] using arguments [key_0_1_14164,value_14164],  with error: EndorseError: 2 UNKNOWN: too many requests for /gateway.Gateway, exceeding concurrency limit (500)
Details:
2026.09.04-19:12:27.971[31m error[39m [caliper] [connectors/peer-gateway/PeerGateway] 	Failed to perform submit transaction [Set] using arguments [key_0_1_14167,value_14167],  with error: EndorseError: 2 UNKNOWN: too many requests for /gateway.Gateway, exceeding concurrency limit (500)
Details:
2026.09.04-19:12:27.972[31m error[39m [caliper] [connectors/peer-gateway/PeerGateway] 	Failed to perform submit transaction [Set] using arguments [key_0_1_14165,value_14165],  with error: EndorseError: 2 UNKNOWN: too many requests for /gateway.Gateway, exceeding concurrency limit (500)
Details:
2026.09.04-19:12:27.974[31m error[39m [caliper] [connectors/peer-gateway/PeerGateway] 	Failed to perform submit transaction [Set] using arguments [key_0_1_14168,value_14168],  with error: EndorseError: 2 UNKNOWN: too many requests for /gateway.Gateway, exceeding concurrency limit (500)
Details:
2026.09.04-19:12:27.974[31m error[39m [caliper] [connectors/peer-gateway/PeerGateway] 	Failed to perform submit transaction [Set] using arguments [key_0_1_14161,value_14161],  with error: SubmitError: 2 UNKNOWN: too many requests for /gateway.Gateway, exceeding concurrency limit (500)
Details:
2026.09.04-19:12:27.979[31m error[39m [caliper] [connectors/peer-gateway/PeerGateway] 	Failed to perform submit transaction [Set] using arguments [key_0_1_14169,value_14169],  with error: EndorseError: 2 UNKNOWN: too many requests for /gateway.Gateway, exceeding concurrency limit (500)
Details:
2026.09.04-19:12:27.982[31m error[39m [caliper] [connectors/peer-gateway/PeerGateway] 	Failed to perform submit transaction [Set] using arguments [key_0_1_14170,value_14170],  with error: EndorseError: 2 UNKNOWN: too many requests for /gateway.Gateway, exceeding concurrency limit (500)
Details:
2026.09.04-19:12:27.983[31m error[39m [caliper] [connectors/peer-gateway/PeerGateway] 	Failed to perform submit transaction [Set] using arguments [key_0_1_14171,value_14171],  with error: EndorseError: 2 UNKNOWN: too many requests for /gateway.Gateway, exceeding concurrency limit (500)
Details:
2026.09.04-19:12:27.987[31m error[39m [caliper] [connectors/peer-gateway/PeerGateway] 	Failed to perform submit transaction [Set] using arguments [key_0_1_14172,value_14172],  with error: EndorseError: 2 UNKNOWN: too many requests for /gateway.Gateway, exceeding concurrency limit (500)
Details:
2026.09.04-19:12:28.000[31m error[39m [caliper] [connectors/peer-gateway/PeerGateway] 	Failed to perform submit transaction [Set] using arguments [key_0_1_14175,value_14175],  with error: EndorseError: 2 UNKNOWN: too many requests for /gateway.Gateway, exceeding concurrency limit (500)
Details:
2026.09.04-19:12:28.000[31m error[39m [caliper] [connectors/peer-gateway/PeerGateway] 	Failed to perform submit transaction [Set] using arguments [key_0_1_14166,value_14166],  with error: SubmitError: 2 UNKNOWN: too many requests for /gateway.Gateway, exceeding concurrency limit (500)
Details:
2026.09.04-19:12:28.001[31m error[39m [caliper] [connectors/peer-gateway/PeerGateway] 	Failed to perform submit transaction [Set] using arguments [key_0_1_14176,value_14176],  with error: EndorseError: 2 UNKNOWN: too many requests for /gateway.Gateway, exceeding concurrency limit (500)
Details:
2026.09.04-19:12:28.001[31m error[39m [caliper] [connectors/peer-gateway/PeerGateway] 	Failed to perform submit transaction [Set] using arguments [key_0_1_14174,value_14174],  with error: EndorseError: 2 UNKNOWN: too many requests for /gateway.Gateway, exceeding concurrency limit (500)
Details:
2026.09.04-19:12:28.006[31m error[39m [caliper] [connectors/peer-gateway/PeerGateway] 	Failed to perform submit transaction [Set] using arguments [key_0_1_14177,value_14177],  with error: EndorseError: 2 UNKNOWN: too many requests for /gateway.Gateway, exceeding concurrency limit (500)
Details:
2026.09.04-19:12:28.006[31m error[39m [caliper] [connectors/peer-gateway/PeerGateway] 	Failed to perform submit transaction [Set] using arguments [key_0_1_14178,value_14178],  with error: EndorseError: 2 UNKNOWN: too many requests for /gateway.Gateway, exceeding concurrency limit (500)
Details:
2026.09.04-19:12:28.013[31m error[39m [caliper] [connectors/peer-gateway/PeerGateway] 	Failed to perform submit transaction [Set] using arguments [key_0_1_14179,value_14179],  with error: EndorseError: 2 UNKNOWN: too many requests for /gateway.Gateway, exceeding concurrency limit (500)
Details:
2026.09.04-19:12:28.018[31m error[39m [caliper] [connectors/peer-gateway/PeerGateway] 	Failed to perform submit transaction [Set] using arguments [key_0_1_14173,value_14173],  with error: SubmitError: 2 UNKNOWN: too many requests for /gateway.Gateway, exceeding concurrency limit (500)
Details:
2026.09.04-19:12:28.020[31m error[39m [caliper] [connectors/peer-gateway/PeerGateway] 	Failed to perform submit transaction [Set] using arguments [key_0_1_14181,value_14181],  with error: EndorseError: 2 UNKNOWN: too many requests for /gateway.Gateway, exceeding concurrency limit (500)
Details:
2026.09.04-19:12:28.025[31m error[39m [caliper] [connectors/peer-gateway/PeerGateway] 	Failed to perform submit transaction [Set] using arguments [key_0_1_14183,value_14183],  with error: EndorseError: 2 UNKNOWN: too many requests for /gateway.Gateway, exceeding concurrency limit (500)
Details:
2026.09.04-19:12:28.025[31m error[39m [caliper] [connectors/peer-gateway/PeerGateway] 	Failed to perform submit transaction [Set] using arguments [key_0_1_14180,value_14180],  with error: SubmitError: 2 UNKNOWN: too many requests for /gateway.Gateway, exceeding concurrency limit (500)
Details:
2026.09.04-19:12:28.029[31m error[39m [caliper] [connectors/peer-gateway/PeerGateway] 	Failed to perform submit transaction [Set] using arguments [key_0_1_14182,value_14182],  with error: SubmitError: 2 UNKNOWN: too many requests for /gateway.Gateway, exceeding concurrency limit (500)
Details:
2026.09.04-19:12:28.029[31m error[39m [caliper] [connectors/peer-gateway/PeerGateway] 	Failed to perform submit transaction [Set] using arguments [key_0_1_14185,value_14185],  with error: EndorseError: 2 UNKNOWN: too many requests for /gateway.Gateway, exceeding concurrency limit (500)
Details:
2026.09.04-19:12:28.032[31m error[39m [caliper] [connectors/peer-gateway/PeerGateway] 	Failed to perform submit transaction [Set] using arguments [key_0_1_14186,value_14186],  with error: EndorseError: 2 UNKNOWN: too many requests for /gateway.Gateway, exceeding concurrency limit (500)
Details:
2026.09.04-19:12:28.034[31m error[39m [caliper] [connectors/peer-gateway/PeerGateway] 	Failed to perform submit transaction [Set] using arguments [key_0_1_14187,value_14187],  with error: EndorseError: 2 UNKNOWN: too many requests for /gateway.Gateway, exceeding concurrency limit (500)
Details:
2026.09.04-19:12:28.037[31m error[39m [caliper] [connectors/peer-gateway/PeerGateway] 	Failed to perform submit transaction [Set] using arguments [key_0_1_14188,value_14188],  with error: EndorseError: 2 UNKNOWN: too many requests for /gateway.Gateway, exceeding concurrency limit (500)
Details:
2026.09.04-19:12:28.041[31m error[39m [caliper] [connectors/peer-gateway/PeerGateway] 	Failed to perform submit transaction [Set] using arguments [key_0_1_14189,value_14189],  with error: EndorseError: 2 UNKNOWN: too many requests for /gateway.Gateway, exceeding concurrency limit (500)
Details:
2026.09.04-19:12:28.045[31m error[39m [caliper] [connectors/peer-gateway/PeerGateway] 	Failed to perform submit transaction [Set] using arguments [key_0_1_14190,value_14190],  with error: EndorseError: 2 UNKNOWN: too many requests for /gateway.Gateway, exceeding concurrency limit (500)
Details:
2026.09.04-19:12:28.047[31m error[39m [caliper] [connectors/peer-gateway/PeerGateway] 	Failed to perform submit transaction [Set] using arguments [key_0_1_14191,value_14191],  with error: EndorseError: 2 UNKNOWN: too many requests for /gateway.Gateway, exceeding concurrency limit (500)
Details:
2026.09.04-19:12:28.051[31m error[39m [caliper] [connectors/peer-gateway/PeerGateway] 	Failed to perform submit transaction [Set] using arguments [key_0_1_14192,value_14192],  with error: EndorseError: 2 UNKNOWN: too many requests for /gateway.Gateway, exceeding concurrency limit (500)
Details:
2026.09.04-19:12:28.057[31m error[39m [caliper] [connectors/peer-gateway/PeerGateway] 	Failed to perform submit transaction [Set] using arguments [key_0_1_14184,value_14184],  with error: CommitStatusError: 2 UNKNOWN: too many requests for /gateway.Gateway, exceeding concurrency limit (500)
Details:
2026.09.04-19:12:28.057[31m error[39m [caliper] [connectors/peer-gateway/PeerGateway] 	Failed to perform submit transaction [Set] using arguments [key_0_1_14194,value_14194],  with error: EndorseError: 2 UNKNOWN: too many requests for /gateway.Gateway, exceeding concurrency limit (500)
Details:
2026.09.04-19:12:28.060[31m error[39m [caliper] [connectors/peer-gateway/PeerGateway] 	Failed to perform submit transaction [Set] using arguments [key_0_1_14195,value_14195],  with error: EndorseError: 2 UNKNOWN: too many requests for /gateway.Gateway, exceeding concurrency limit (500)
Details:
2026.09.04-19:12:28.064[31m error[39m [caliper] [connectors/peer-gateway/PeerGateway] 	Failed to perform submit transaction [Set] using arguments [key_0_1_14196,value_14196],  with error: EndorseError: 2 UNKNOWN: too many requests for /gateway.Gateway, exceeding concurrency limit (500)
Details:
2026.09.04-19:12:28.067[31m error[39m [caliper] [connectors/peer-gateway/PeerGateway] 	Failed to perform submit transaction [Set] using arguments [key_0_1_14197,value_14197],  with error: EndorseError: 2 UNKNOWN: too many requests for /gateway.Gateway, exceeding concurrency limit (500)
Details:
2026.09.04-19:12:29.729[31m error[39m [caliper] [connectors/peer-gateway/PeerGateway] 	Failed to perform submit transaction [Set] using arguments [key_0_1_14694,value_14694],  with error: SubmitError: 2 UNKNOWN: too many requests for /gateway.Gateway, exceeding concurrency limit (500)
Details:
2026.09.04-19:12:29.737[31m error[39m [caliper] [connectors/peer-gateway/PeerGateway] 	Failed to perform submit transaction [Set] using arguments [key_0_1_14696,value_14696],  with error: CommitStatusError: 2 UNKNOWN: too many requests for /gateway.Gateway, exceeding concurrency limit (500)
Details:
2026.09.04-19:12:29.737[31m error[39m [caliper] [connectors/peer-gateway/PeerGateway] 	Failed to perform submit transaction [Set] using arguments [key_0_1_14698,value_14698],  with error: EndorseError: 2 UNKNOWN: too many requests for /gateway.Gateway, exceeding concurrency limit (500)
Details:
2026.09.04-19:12:29.741[31m error[39m [caliper] [connectors/peer-gateway/PeerGateway] 	Failed to perform submit transaction [Set] using arguments [key_0_1_14697,value_14697],  with error: CommitStatusError: 2 UNKNOWN: too many requests for /gateway.Gateway, exceeding concurrency limit (500)
Details:
2026.09.04-19:12:29.747[31m error[39m [caliper] [connectors/peer-gateway/PeerGateway] 	Failed to perform submit transaction [Set] using arguments [key_0_1_14700,value_14700],  with error: EndorseError: 2 UNKNOWN: too many requests for /gateway.Gateway, exceeding concurrency limit (500)
Details:
2026.09.04-19:12:29.751[31m error[39m [caliper] [connectors/peer-gateway/PeerGateway] 	Failed to perform submit transaction [Set] using arguments [key_0_1_14699,value_14699],  with error: CommitStatusError: 2 UNKNOWN: too many requests for /gateway.Gateway, exceeding concurrency limit (500)
Details:
2026.09.04-19:12:29.754[31m error[39m [caliper] [connectors/peer-gateway/PeerGateway] 	Failed to perform submit transaction [Set] using arguments [key_0_1_14702,value_14702],  with error: EndorseError: 2 UNKNOWN: too many requests for /gateway.Gateway, exceeding concurrency limit (500)
Details:
2026.09.04-19:12:29.763[31m error[39m [caliper] [connectors/peer-gateway/PeerGateway] 	Failed to perform submit transaction [Set] using arguments [key_0_1_14701,value_14701],  with error: SubmitError: 2 UNKNOWN: too many requests for /gateway.Gateway, exceeding concurrency limit (500)
Details:
2026.09.04-19:12:29.768[31m error[39m [caliper] [connectors/peer-gateway/PeerGateway] 	Failed to perform submit transaction [Set] using arguments [key_0_1_14703,value_14703],  with error: SubmitError: 2 UNKNOWN: too many requests for /gateway.Gateway, exceeding concurrency limit (500)
Details:
2026.09.04-19:12:29.772[31m error[39m [caliper] [connectors/peer-gateway/PeerGateway] 	Failed to perform submit transaction [Set] using arguments [key_0_1_14705,value_14705],  with error: EndorseError: 2 UNKNOWN: too many requests for /gateway.Gateway, exceeding concurrency limit (500)
Details:
2026.09.04-19:12:29.772[31m error[39m [caliper] [connectors/peer-gateway/PeerGateway] 	Failed to perform submit transaction [Set] using arguments [key_0_1_14706,value_14706],  with error: EndorseError: 2 UNKNOWN: too many requests for /gateway.Gateway, exceeding concurrency limit (500)
Details:
2026.09.04-19:12:29.775[31m error[39m [caliper] [connectors/peer-gateway/PeerGateway] 	Failed to perform submit transaction [Set] using arguments [key_0_1_14707,value_14707],  with error: EndorseError: 2 UNKNOWN: too many requests for /gateway.Gateway, exceeding concurrency limit (500)
Details:
2026.09.04-19:12:29.781[31m error[39m [caliper] [connectors/peer-gateway/PeerGateway] 	Failed to perform submit transaction [Set] using arguments [key_0_1_14708,value_14708],  with error: EndorseError: 2 UNKNOWN: too many requests for /gateway.Gateway, exceeding concurrency limit (500)
Details:
2026.09.04-19:12:29.782[31m error[39m [caliper] [connectors/peer-gateway/PeerGateway] 	Failed to perform submit transaction [Set] using arguments [key_0_1_14709,value_14709],  with error: EndorseError: 2 UNKNOWN: too many requests for /gateway.Gateway, exceeding concurrency limit (500)
Details:
2026.09.04-19:12:29.782[31m error[39m [caliper] [connectors/peer-gateway/PeerGateway] 	Failed to perform submit transaction [Set] using arguments [key_0_1_14710,value_14710],  with error: EndorseError: 2 UNKNOWN: too many requests for /gateway.Gateway, exceeding concurrency limit (500)
Details:
2026.09.04-19:12:29.795[31m error[39m [caliper] [connectors/peer-gateway/PeerGateway] 	Failed to perform submit transaction [Set] using arguments [key_0_1_14712,value_14712],  with error: EndorseError: 2 UNKNOWN: too many requests for /gateway.Gateway, exceeding concurrency limit (500)
Details:
2026.09.04-19:12:29.814[31m error[39m [caliper] [connectors/peer-gateway/PeerGateway] 	Failed to perform submit transaction [Set] using arguments [key_0_1_14718,value_14718],  with error: EndorseError: 2 UNKNOWN: too many requests for /gateway.Gateway, exceeding concurrency limit (500)
Details:
2026.09.04-19:12:29.814[31m error[39m [caliper] [connectors/peer-gateway/PeerGateway] 	Failed to perform submit transaction [Set] using arguments [key_0_1_14711,value_14711],  with error: EndorseError: 2 UNKNOWN: too many requests for /gateway.Gateway, exceeding concurrency limit (500)
Details:
2026.09.04-19:12:29.816[31m error[39m [caliper] [connectors/peer-gateway/PeerGateway] 	Failed to perform submit transaction [Set] using arguments [key_0_1_14713,value_14713],  with error: EndorseError: 2 UNKNOWN: too many requests for /gateway.Gateway, exceeding concurrency limit (500)
Details:
2026.09.04-19:12:29.822[31m error[39m [caliper] [connectors/peer-gateway/PeerGateway] 	Failed to perform submit transaction [Set] using arguments [key_0_1_14715,value_14715],  with error: EndorseError: 2 UNKNOWN: too many requests for /gateway.Gateway, exceeding concurrency limit (500)
Details:
2026.09.04-19:12:29.824[31m error[39m [caliper] [connectors/peer-gateway/PeerGateway] 	Failed to perform submit transaction [Set] using arguments [key_0_1_14716,value_14716],  with error: EndorseError: 2 UNKNOWN: too many requests for /gateway.Gateway, exceeding concurrency limit (500)
Details:
2026.09.04-19:12:29.825[31m error[39m [caliper] [connectors/peer-gateway/PeerGateway] 	Failed to perform submit transaction [Set] using arguments [key_0_1_14717,value_14717],  with error: EndorseError: 2 UNKNOWN: too many requests for /gateway.Gateway, exceeding concurrency limit (500)
Details:
2026.09.04-19:12:29.827[31m error[39m [caliper] [connectors/peer-gateway/PeerGateway] 	Failed to perform submit transaction [Set] using arguments [key_0_1_14719,value_14719],  with error: EndorseError: 2 UNKNOWN: too many requests for /gateway.Gateway, exceeding concurrency limit (500)
Details:
2026.09.04-19:12:29.828[31m error[39m [caliper] [connectors/peer-gateway/PeerGateway] 	Failed to perform submit transaction [Set] using arguments [key_0_1_14723,value_14723],  with error: EndorseError: 2 UNKNOWN: too many requests for /gateway.Gateway, exceeding concurrency limit (500)
Details:
2026.09.04-19:12:29.828[31m error[39m [caliper] [connectors/peer-gateway/PeerGateway] 	Failed to perform submit transaction [Set] using arguments [key_0_1_14720,value_14720],  with error: EndorseError: 2 UNKNOWN: too many requests for /gateway.Gateway, exceeding concurrency limit (500)
Details:
2026.09.04-19:12:29.828[31m error[39m [caliper] [connectors/peer-gateway/PeerGateway] 	Failed to perform submit transaction [Set] using arguments [key_0_1_14704,value_14704],  with error: SubmitError: 2 UNKNOWN: too many requests for /gateway.Gateway, exceeding concurrency limit (500)
Details:
2026.09.04-19:12:29.829[31m error[39m [caliper] [connectors/peer-gateway/PeerGateway] 	Failed to perform submit transaction [Set] using arguments [key_0_1_14722,value_14722],  with error: EndorseError: 2 UNKNOWN: too many requests for /gateway.Gateway, exceeding concurrency limit (500)
Details:
2026.09.04-19:12:29.829[31m error[39m [caliper] [connectors/peer-gateway/PeerGateway] 	Failed to perform submit transaction [Set] using arguments [key_0_1_14721,value_14721],  with error: EndorseError: 2 UNKNOWN: too many requests for /gateway.Gateway, exceeding concurrency limit (500)
Details:
2026.09.04-19:12:29.829[31m error[39m [caliper] [connectors/peer-gateway/PeerGateway] 	Failed to perform submit transaction [Set] using arguments [key_0_1_14724,value_14724],  with error: EndorseError: 2 UNKNOWN: too many requests for /gateway.Gateway, exceeding concurrency limit (500)
Details:
2026.09.04-19:12:29.830[31m error[39m [caliper] [connectors/peer-gateway/PeerGateway] 	Failed to perform submit transaction [Set] using arguments [key_0_1_14725,value_14725],  with error: EndorseError: 2 UNKNOWN: too many requests for /gateway.Gateway, exceeding concurrency limit (500)
Details:
2026.09.04-19:12:29.834[31m error[39m [caliper] [connectors/peer-gateway/PeerGateway] 	Failed to perform submit transaction [Set] using arguments [key_0_1_14726,value_14726],  with error: EndorseError: 2 UNKNOWN: too many requests for /gateway.Gateway, exceeding concurrency limit (500)
Details:
2026.09.04-19:12:29.834[31m error[39m [caliper] [connectors/peer-gateway/PeerGateway] 	Failed to perform submit transaction [Set] using arguments [key_0_1_14727,value_14727],  with error: EndorseError: 2 UNKNOWN: too many requests for /gateway.Gateway, exceeding concurrency limit (500)
Details:
2026.09.04-19:12:29.848[31m error[39m [caliper] [connectors/peer-gateway/PeerGateway] 	Failed to perform submit transaction [Set] using arguments [key_0_1_14729,value_14729],  with error: EndorseError: 2 UNKNOWN: too many requests for /gateway.Gateway, exceeding concurrency limit (500)
Details:
2026.09.04-19:12:29.849[31m error[39m [caliper] [connectors/peer-gateway/PeerGateway] 	Failed to perform submit transaction [Set] using arguments [key_0_1_14728,value_14728],  with error: EndorseError: 2 UNKNOWN: too many requests for /gateway.Gateway, exceeding concurrency limit (500)
Details:
2026.09.04-19:12:29.849[31m error[39m [caliper] [connectors/peer-gateway/PeerGateway] 	Failed to perform submit transaction [Set] using arguments [key_0_1_14730,value_14730],  with error: EndorseError: 2 UNKNOWN: too many requests for /gateway.Gateway, exceeding concurrency limit (500)
Details:
2026.09.04-19:12:29.849[31m error[39m [caliper] [connectors/peer-gateway/PeerGateway] 	Failed to perform submit transaction [Set] using arguments [key_0_1_14731,value_14731],  with error: EndorseError: 2 UNKNOWN: too many requests for /gateway.Gateway, exceeding concurrency limit (500)
Details:
2026.09.04-19:12:29.852[31m error[39m [caliper] [connectors/peer-gateway/PeerGateway] 	Failed to perform submit transaction [Set] using arguments [key_0_1_14732,value_14732],  with error: EndorseError: 2 UNKNOWN: too many requests for /gateway.Gateway, exceeding concurrency limit (500)
Details:
2026.09.04-19:12:29.855[31m error[39m [caliper] [connectors/peer-gateway/PeerGateway] 	Failed to perform submit transaction [Set] using arguments [key_0_1_14733,value_14733],  with error: EndorseError: 2 UNKNOWN: too many requests for /gateway.Gateway, exceeding concurrency limit (500)
Details:
2026.09.04-19:12:29.857[31m error[39m [caliper] [connectors/peer-gateway/PeerGateway] 	Failed to perform submit transaction [Set] using arguments [key_0_1_14734,value_14734],  with error: EndorseError: 2 UNKNOWN: too many requests for /gateway.Gateway, exceeding concurrency limit (500)
Details:
2026.09.04-19:12:29.867[31m error[39m [caliper] [connectors/peer-gateway/PeerGateway] 	Failed to perform submit transaction [Set] using arguments [key_0_1_14714,value_14714],  with error: SubmitError: 2 UNKNOWN: too many requests for /gateway.Gateway, exceeding concurrency limit (500)
Details:
2026.09.04-19:12:29.869[31m error[39m [caliper] [connectors/peer-gateway/PeerGateway] 	Failed to perform submit transaction [Set] using arguments [key_0_1_14736,value_14736],  with error: EndorseError: 2 UNKNOWN: too many requests for /gateway.Gateway, exceeding concurrency limit (500)
Details:
2026.09.04-19:12:29.880[31m error[39m [caliper] [connectors/peer-gateway/PeerGateway] 	Failed to perform submit transaction [Set] using arguments [key_0_1_14738,value_14738],  with error: EndorseError: 2 UNKNOWN: too many requests for /gateway.Gateway, exceeding concurrency limit (500)
Details:
2026.09.04-19:12:29.881[31m error[39m [caliper] [connectors/peer-gateway/PeerGateway] 	Failed to perform submit transaction [Set] using arguments [key_0_1_14737,value_14737],  with error: EndorseError: 2 UNKNOWN: too many requests for /gateway.Gateway, exceeding concurrency limit (500)
Details:
2026.09.04-19:12:29.887[31m error[39m [caliper] [connectors/peer-gateway/PeerGateway] 	Failed to perform submit transaction [Set] using arguments [key_0_1_14735,value_14735],  with error: SubmitError: 2 UNKNOWN: too many requests for /gateway.Gateway, exceeding concurrency limit (500)
Details:
2026.09.04-19:12:29.887[31m error[39m [caliper] [connectors/peer-gateway/PeerGateway] 	Failed to perform submit transaction [Set] using arguments [key_0_1_14740,value_14740],  with error: EndorseError: 2 UNKNOWN: too many requests for /gateway.Gateway, exceeding concurrency limit (500)
Details:
2026.09.04-19:12:29.891[31m error[39m [caliper] [connectors/peer-gateway/PeerGateway] 	Failed to perform submit transaction [Set] using arguments [key_0_1_14741,value_14741],  with error: EndorseError: 2 UNKNOWN: too many requests for /gateway.Gateway, exceeding concurrency limit (500)
Details:
2026.09.04-19:12:29.892[31m error[39m [caliper] [connectors/peer-gateway/PeerGateway] 	Failed to perform submit transaction [Set] using arguments [key_0_1_14744,value_14744],  with error: EndorseError: 2 UNKNOWN: too many requests for /gateway.Gateway, exceeding concurrency limit (500)
Details:
2026.09.04-19:12:29.893[31m error[39m [caliper] [connectors/peer-gateway/PeerGateway] 	Failed to perform submit transaction [Set] using arguments [key_0_1_14742,value_14742],  with error: EndorseError: 2 UNKNOWN: too many requests for /gateway.Gateway, exceeding concurrency limit (500)
Details:
2026.09.04-19:12:29.893[31m error[39m [caliper] [connectors/peer-gateway/PeerGateway] 	Failed to perform submit transaction [Set] using arguments [key_0_1_14743,value_14743],  with error: EndorseError: 2 UNKNOWN: too many requests for /gateway.Gateway, exceeding concurrency limit (500)
Details:
2026.09.04-19:12:29.900[31m error[39m [caliper] [connectors/peer-gateway/PeerGateway] 	Failed to perform submit transaction [Set] using arguments [key_0_1_14746,value_14746],  with error: EndorseError: 2 UNKNOWN: too many requests for /gateway.Gateway, exceeding concurrency limit (500)
Details:
2026.09.04-19:12:29.901[31m error[39m [caliper] [connectors/peer-gateway/PeerGateway] 	Failed to perform submit transaction [Set] using arguments [key_0_1_14745,value_14745],  with error: EndorseError: 2 UNKNOWN: too many requests for /gateway.Gateway, exceeding concurrency limit (500)
Details:
2026.09.04-19:12:29.901[31m error[39m [caliper] [connectors/peer-gateway/PeerGateway] 	Failed to perform submit transaction [Set] using arguments [key_0_1_14747,value_14747],  with error: EndorseError: 2 UNKNOWN: too many requests for /gateway.Gateway, exceeding concurrency limit (500)
Details:
2026.09.04-19:12:29.904[31m error[39m [caliper] [connectors/peer-gateway/PeerGateway] 	Failed to perform submit transaction [Set] using arguments [key_0_1_14748,value_14748],  with error: EndorseError: 2 UNKNOWN: too many requests for /gateway.Gateway, exceeding concurrency limit (500)
Details:
2026.09.04-19:12:29.910[31m error[39m [caliper] [connectors/peer-gateway/PeerGateway] 	Failed to perform submit transaction [Set] using arguments [key_0_1_14739,value_14739],  with error: SubmitError: 2 UNKNOWN: too many requests for /gateway.Gateway, exceeding concurrency limit (500)
Details:
2026.09.04-19:12:29.911[31m error[39m [caliper] [connectors/peer-gateway/PeerGateway] 	Failed to perform submit transaction [Set] using arguments [key_0_1_14750,value_14750],  with error: EndorseError: 2 UNKNOWN: too many requests for /gateway.Gateway, exceeding concurrency limit (500)
Details:
2026.09.04-19:12:29.915[31m error[39m [caliper] [connectors/peer-gateway/PeerGateway] 	Failed to perform submit transaction [Set] using arguments [key_0_1_14751,value_14751],  with error: EndorseError: 2 UNKNOWN: too many requests for /gateway.Gateway, exceeding concurrency limit (500)
Details:
2026.09.04-19:12:29.923[31m error[39m [caliper] [connectors/peer-gateway/PeerGateway] 	Failed to perform submit transaction [Set] using arguments [key_0_1_14749,value_14749],  with error: SubmitError: 2 UNKNOWN: too many requests for /gateway.Gateway, exceeding concurrency limit (500)
Details:
2026.09.04-19:12:29.923[31m error[39m [caliper] [connectors/peer-gateway/PeerGateway] 	Failed to perform submit transaction [Set] using arguments [key_0_1_14752,value_14752],  with error: EndorseError: 2 UNKNOWN: too many requests for /gateway.Gateway, exceeding concurrency limit (500)
Details:
2026.09.04-19:12:29.924[31m error[39m [caliper] [connectors/peer-gateway/PeerGateway] 	Failed to perform submit transaction [Set] using arguments [key_0_1_14754,value_14754],  with error: EndorseError: 2 UNKNOWN: too many requests for /gateway.Gateway, exceeding concurrency limit (500)
Details:
2026.09.04-19:12:29.929[31m error[39m [caliper] [connectors/peer-gateway/PeerGateway] 	Failed to perform submit transaction [Set] using arguments [key_0_1_14755,value_14755],  with error: EndorseError: 2 UNKNOWN: too many requests for /gateway.Gateway, exceeding concurrency limit (500)
Details:
2026.09.04-19:12:29.929[31m error[39m [caliper] [connectors/peer-gateway/PeerGateway] 	Failed to perform submit transaction [Set] using arguments [key_0_1_14756,value_14756],  with error: EndorseError: 2 UNKNOWN: too many requests for /gateway.Gateway, exceeding concurrency limit (500)
Details:
2026.09.04-19:12:29.934[31m error[39m [caliper] [connectors/peer-gateway/PeerGateway] 	Failed to perform submit transaction [Set] using arguments [key_0_1_14757,value_14757],  with error: EndorseError: 2 UNKNOWN: too many requests for /gateway.Gateway, exceeding concurrency limit (500)
Details:
2026.09.04-19:12:29.936[31m error[39m [caliper] [connectors/peer-gateway/PeerGateway] 	Failed to perform submit transaction [Set] using arguments [key_0_1_14758,value_14758],  with error: EndorseError: 2 UNKNOWN: too many requests for /gateway.Gateway, exceeding concurrency limit (500)
Details:
2026.09.04-19:12:29.940[31m error[39m [caliper] [connectors/peer-gateway/PeerGateway] 	Failed to perform submit transaction [Set] using arguments [key_0_1_14759,value_14759],  with error: EndorseError: 2 UNKNOWN: too many requests for /gateway.Gateway, exceeding concurrency limit (500)
Details:
2026.09.04-19:12:29.945[31m error[39m [caliper] [connectors/peer-gateway/PeerGateway] 	Failed to perform submit transaction [Set] using arguments [key_0_1_14760,value_14760],  with error: EndorseError: 2 UNKNOWN: too many requests for /gateway.Gateway, exceeding concurrency limit (500)
Details:
2026.09.04-19:12:29.947[31m error[39m [caliper] [connectors/peer-gateway/PeerGateway] 	Failed to perform submit transaction [Set] using arguments [key_0_1_14761,value_14761],  with error: EndorseError: 2 UNKNOWN: too many requests for /gateway.Gateway, exceeding concurrency limit (500)
Details:
2026.09.04-19:12:29.950[31m error[39m [caliper] [connectors/peer-gateway/PeerGateway] 	Failed to perform submit transaction [Set] using arguments [key_0_1_14762,value_14762],  with error: EndorseError: 2 UNKNOWN: too many requests for /gateway.Gateway, exceeding concurrency limit (500)
Details:
2026.09.04-19:12:29.954[31m error[39m [caliper] [connectors/peer-gateway/PeerGateway] 	Failed to perform submit transaction [Set] using arguments [key_0_1_14763,value_14763],  with error: EndorseError: 2 UNKNOWN: too many requests for /gateway.Gateway, exceeding concurrency limit (500)
Details:
2026.09.04-19:12:29.956[31m error[39m [caliper] [connectors/peer-gateway/PeerGateway] 	Failed to perform submit transaction [Set] using arguments [key_0_1_14764,value_14764],  with error: EndorseError: 2 UNKNOWN: too many requests for /gateway.Gateway, exceeding concurrency limit (500)
Details:
2026.09.04-19:12:29.961[31m error[39m [caliper] [connectors/peer-gateway/PeerGateway] 	Failed to perform submit transaction [Set] using arguments [key_0_1_14765,value_14765],  with error: EndorseError: 2 UNKNOWN: too many requests for /gateway.Gateway, exceeding concurrency limit (500)
Details:
2026.09.04-19:12:29.964[31m error[39m [caliper] [connectors/peer-gateway/PeerGateway] 	Failed to perform submit transaction [Set] using arguments [key_0_1_14766,value_14766],  with error: EndorseError: 2 UNKNOWN: too many requests for /gateway.Gateway, exceeding concurrency limit (500)
Details:
2026.09.04-19:12:29.967[31m error[39m [caliper] [connectors/peer-gateway/PeerGateway] 	Failed to perform submit transaction [Set] using arguments [key_0_1_14767,value_14767],  with error: EndorseError: 2 UNKNOWN: too many requests for /gateway.Gateway, exceeding concurrency limit (500)
Details:
2026.09.04-19:12:29.970[31m error[39m [caliper] [connectors/peer-gateway/PeerGateway] 	Failed to perform submit transaction [Set] using arguments [key_0_1_14768,value_14768],  with error: EndorseError: 2 UNKNOWN: too many requests for /gateway.Gateway, exceeding concurrency limit (500)
Details:
2026.09.04-19:12:30.743[32m info [39m [caliper] [default-observer] 	[blockutil-300-tps Round 1 Transaction Info] - Submitted: 14711 Succ: 12418 Fail:1793 Unfinished:500
2026.09.04-19:12:31.629[31m error[39m [caliper] [connectors/peer-gateway/PeerGateway] 	Failed to perform submit transaction [Set] using arguments [key_0_1_15264,value_15264],  with error: SubmitError: 2 UNKNOWN: too many requests for /gateway.Gateway, exceeding concurrency limit (500)
Details:
2026.09.04-19:12:31.629[31m error[39m [caliper] [connectors/peer-gateway/PeerGateway] 	Failed to perform submit transaction [Set] using arguments [key_0_1_15266,value_15266],  with error: EndorseError: 2 UNKNOWN: too many requests for /gateway.Gateway, exceeding concurrency limit (500)
Details:
2026.09.04-19:12:31.638[31m error[39m [caliper] [connectors/peer-gateway/PeerGateway] 	Failed to perform submit transaction [Set] using arguments [key_0_1_15267,value_15267],  with error: EndorseError: 2 UNKNOWN: too many requests for /gateway.Gateway, exceeding concurrency limit (500)
Details:
2026.09.04-19:12:31.640[31m error[39m [caliper] [connectors/peer-gateway/PeerGateway] 	Failed to perform submit transaction [Set] using arguments [key_0_1_15268,value_15268],  with error: EndorseError: 2 UNKNOWN: too many requests for /gateway.Gateway, exceeding concurrency limit (500)
Details:
2026.09.04-19:12:31.643[31m error[39m [caliper] [connectors/peer-gateway/PeerGateway] 	Failed to perform submit transaction [Set] using arguments [key_0_1_15269,value_15269],  with error: EndorseError: 2 UNKNOWN: too many requests for /gateway.Gateway, exceeding concurrency limit (500)
Details:
2026.09.04-19:12:31.644[31m error[39m [caliper] [connectors/peer-gateway/PeerGateway] 	Failed to perform submit transaction [Set] using arguments [key_0_1_15270,value_15270],  with error: EndorseError: 2 UNKNOWN: too many requests for /gateway.Gateway, exceeding concurrency limit (500)
Details:
2026.09.04-19:12:31.646[31m error[39m [caliper] [connectors/peer-gateway/PeerGateway] 	Failed to perform submit transaction [Set] using arguments [key_0_1_15271,value_15271],  with error: EndorseError: 2 UNKNOWN: too many requests for /gateway.Gateway, exceeding concurrency limit (500)
Details:
2026.09.04-19:12:31.651[31m error[39m [caliper] [connectors/peer-gateway/PeerGateway] 	Failed to perform submit transaction [Set] using arguments [key_0_1_15272,value_15272],  with error: EndorseError: 2 UNKNOWN: too many requests for /gateway.Gateway, exceeding concurrency limit (500)
Details:
2026.09.04-19:12:31.659[31m error[39m [caliper] [connectors/peer-gateway/PeerGateway] 	Failed to perform submit transaction [Set] using arguments [key_0_1_15273,value_15273],  with error: EndorseError: 2 UNKNOWN: too many requests for /gateway.Gateway, exceeding concurrency limit (500)
Details:
2026.09.04-19:12:31.661[31m error[39m [caliper] [connectors/peer-gateway/PeerGateway] 	Failed to perform submit transaction [Set] using arguments [key_0_1_15274,value_15274],  with error: EndorseError: 2 UNKNOWN: too many requests for /gateway.Gateway, exceeding concurrency limit (500)
Details:
2026.09.04-19:12:31.665[31m error[39m [caliper] [connectors/peer-gateway/PeerGateway] 	Failed to perform submit transaction [Set] using arguments [key_0_1_15275,value_15275],  with error: EndorseError: 2 UNKNOWN: too many requests for /gateway.Gateway, exceeding concurrency limit (500)
Details:
2026.09.04-19:12:31.667[31m error[39m [caliper] [connectors/peer-gateway/PeerGateway] 	Failed to perform submit transaction [Set] using arguments [key_0_1_15276,value_15276],  with error: EndorseError: 2 UNKNOWN: too many requests for /gateway.Gateway, exceeding concurrency limit (500)
Details:
2026.09.04-19:12:31.671[31m error[39m [caliper] [connectors/peer-gateway/PeerGateway] 	Failed to perform submit transaction [Set] using arguments [key_0_1_15277,value_15277],  with error: EndorseError: 2 UNKNOWN: too many requests for /gateway.Gateway, exceeding concurrency limit (500)
Details:
2026.09.04-19:12:31.680[31m error[39m [caliper] [connectors/peer-gateway/PeerGateway] 	Failed to perform submit transaction [Set] using arguments [key_0_1_15280,value_15280],  with error: EndorseError: 2 UNKNOWN: too many requests for /gateway.Gateway, exceeding concurrency limit (500)
Details:
2026.09.04-19:12:31.681[31m error[39m [caliper] [connectors/peer-gateway/PeerGateway] 	Failed to perform submit transaction [Set] using arguments [key_0_1_15278,value_15278],  with error: EndorseError: 2 UNKNOWN: too many requests for /gateway.Gateway, exceeding concurrency limit (500)
Details:
2026.09.04-19:12:31.681[31m error[39m [caliper] [connectors/peer-gateway/PeerGateway] 	Failed to perform submit transaction [Set] using arguments [key_0_1_15279,value_15279],  with error: EndorseError: 2 UNKNOWN: too many requests for /gateway.Gateway, exceeding concurrency limit (500)
Details:
2026.09.04-19:12:31.682[31m error[39m [caliper] [connectors/peer-gateway/PeerGateway] 	Failed to perform submit transaction [Set] using arguments [key_0_1_15281,value_15281],  with error: EndorseError: 2 UNKNOWN: too many requests for /gateway.Gateway, exceeding concurrency limit (500)
Details:
2026.09.04-19:12:31.687[31m error[39m [caliper] [connectors/peer-gateway/PeerGateway] 	Failed to perform submit transaction [Set] using arguments [key_0_1_15282,value_15282],  with error: EndorseError: 2 UNKNOWN: too many requests for /gateway.Gateway, exceeding concurrency limit (500)
Details:
2026.09.04-19:12:31.691[31m error[39m [caliper] [connectors/peer-gateway/PeerGateway] 	Failed to perform submit transaction [Set] using arguments [key_0_1_15284,value_15284],  with error: EndorseError: 2 UNKNOWN: too many requests for /gateway.Gateway, exceeding concurrency limit (500)
Details:
2026.09.04-19:12:31.692[31m error[39m [caliper] [connectors/peer-gateway/PeerGateway] 	Failed to perform submit transaction [Set] using arguments [key_0_1_15283,value_15283],  with error: EndorseError: 2 UNKNOWN: too many requests for /gateway.Gateway, exceeding concurrency limit (500)
Details:
2026.09.04-19:12:31.714[31m error[39m [caliper] [connectors/peer-gateway/PeerGateway] 	Failed to perform submit transaction [Set] using arguments [key_0_1_15285,value_15285],  with error: EndorseError: 2 UNKNOWN: too many requests for /gateway.Gateway, exceeding concurrency limit (500)
Details:
2026.09.04-19:12:31.721[31m error[39m [caliper] [connectors/peer-gateway/PeerGateway] 	Failed to perform submit transaction [Set] using arguments [key_0_1_15291,value_15291],  with error: EndorseError: 2 UNKNOWN: too many requests for /gateway.Gateway, exceeding concurrency limit (500)
Details:
2026.09.04-19:12:31.721[31m error[39m [caliper] [connectors/peer-gateway/PeerGateway] 	Failed to perform submit transaction [Set] using arguments [key_0_1_15286,value_15286],  with error: EndorseError: 2 UNKNOWN: too many requests for /gateway.Gateway, exceeding concurrency limit (500)
Details:
2026.09.04-19:12:31.721[31m error[39m [caliper] [connectors/peer-gateway/PeerGateway] 	Failed to perform submit transaction [Set] using arguments [key_0_1_15287,value_15287],  with error: EndorseError: 2 UNKNOWN: too many requests for /gateway.Gateway, exceeding concurrency limit (500)
Details:
2026.09.04-19:12:31.722[31m error[39m [caliper] [connectors/peer-gateway/PeerGateway] 	Failed to perform submit transaction [Set] using arguments [key_0_1_15288,value_15288],  with error: EndorseError: 2 UNKNOWN: too many requests for /gateway.Gateway, exceeding concurrency limit (500)
Details:
2026.09.04-19:12:31.722[31m error[39m [caliper] [connectors/peer-gateway/PeerGateway] 	Failed to perform submit transaction [Set] using arguments [key_0_1_15290,value_15290],  with error: EndorseError: 2 UNKNOWN: too many requests for /gateway.Gateway, exceeding concurrency limit (500)
Details:
2026.09.04-19:12:31.722[31m error[39m [caliper] [connectors/peer-gateway/PeerGateway] 	Failed to perform submit transaction [Set] using arguments [key_0_1_15289,value_15289],  with error: EndorseError: 2 UNKNOWN: too many requests for /gateway.Gateway, exceeding concurrency limit (500)
Details:
2026.09.04-19:12:31.723[31m error[39m [caliper] [connectors/peer-gateway/PeerGateway] 	Failed to perform submit transaction [Set] using arguments [key_0_1_15292,value_15292],  with error: EndorseError: 2 UNKNOWN: too many requests for /gateway.Gateway, exceeding concurrency limit (500)
Details:
2026.09.04-19:12:31.723[31m error[39m [caliper] [connectors/peer-gateway/PeerGateway] 	Failed to perform submit transaction [Set] using arguments [key_0_1_15293,value_15293],  with error: EndorseError: 2 UNKNOWN: too many requests for /gateway.Gateway, exceeding concurrency limit (500)
Details:
2026.09.04-19:12:31.726[31m error[39m [caliper] [connectors/peer-gateway/PeerGateway] 	Failed to perform submit transaction [Set] using arguments [key_0_1_15294,value_15294],  with error: EndorseError: 2 UNKNOWN: too many requests for /gateway.Gateway, exceeding concurrency limit (500)
Details:
2026.09.04-19:12:31.728[31m error[39m [caliper] [connectors/peer-gateway/PeerGateway] 	Failed to perform submit transaction [Set] using arguments [key_0_1_15295,value_15295],  with error: EndorseError: 2 UNKNOWN: too many requests for /gateway.Gateway, exceeding concurrency limit (500)
Details:
2026.09.04-19:12:31.730[31m error[39m [caliper] [connectors/peer-gateway/PeerGateway] 	Failed to perform submit transaction [Set] using arguments [key_0_1_15296,value_15296],  with error: EndorseError: 2 UNKNOWN: too many requests for /gateway.Gateway, exceeding concurrency limit (500)
Details:
2026.09.04-19:12:31.737[31m error[39m [caliper] [connectors/peer-gateway/PeerGateway] 	Failed to perform submit transaction [Set] using arguments [key_0_1_15297,value_15297],  with error: EndorseError: 2 UNKNOWN: too many requests for /gateway.Gateway, exceeding concurrency limit (500)
Details:
2026.09.04-19:12:31.741[31m error[39m [caliper] [connectors/peer-gateway/PeerGateway] 	Failed to perform submit transaction [Set] using arguments [key_0_1_15298,value_15298],  with error: EndorseError: 2 UNKNOWN: too many requests for /gateway.Gateway, exceeding concurrency limit (500)
Details:
2026.09.04-19:12:31.741[31m error[39m [caliper] [connectors/peer-gateway/PeerGateway] 	Failed to perform submit transaction [Set] using arguments [key_0_1_15299,value_15299],  with error: EndorseError: 2 UNKNOWN: too many requests for /gateway.Gateway, exceeding concurrency limit (500)
Details:
2026.09.04-19:12:31.749[31m error[39m [caliper] [connectors/peer-gateway/PeerGateway] 	Failed to perform submit transaction [Set] using arguments [key_0_1_15300,value_15300],  with error: EndorseError: 2 UNKNOWN: too many requests for /gateway.Gateway, exceeding concurrency limit (500)
Details:
2026.09.04-19:12:31.749[31m error[39m [caliper] [connectors/peer-gateway/PeerGateway] 	Failed to perform submit transaction [Set] using arguments [key_0_1_15301,value_15301],  with error: EndorseError: 2 UNKNOWN: too many requests for /gateway.Gateway, exceeding concurrency limit (500)
Details:
2026.09.04-19:12:31.757[31m error[39m [caliper] [connectors/peer-gateway/PeerGateway] 	Failed to perform submit transaction [Set] using arguments [key_0_1_15302,value_15302],  with error: EndorseError: 2 UNKNOWN: too many requests for /gateway.Gateway, exceeding concurrency limit (500)
Details:
2026.09.04-19:12:31.769[31m error[39m [caliper] [connectors/peer-gateway/PeerGateway] 	Failed to perform submit transaction [Set] using arguments [key_0_1_15303,value_15303],  with error: EndorseError: 2 UNKNOWN: too many requests for /gateway.Gateway, exceeding concurrency limit (500)
Details:
2026.09.04-19:12:31.777[31m error[39m [caliper] [connectors/peer-gateway/PeerGateway] 	Failed to perform submit transaction [Set] using arguments [key_0_1_15307,value_15307],  with error: EndorseError: 2 UNKNOWN: too many requests for /gateway.Gateway, exceeding concurrency limit (500)
Details:
2026.09.04-19:12:31.777[31m error[39m [caliper] [connectors/peer-gateway/PeerGateway] 	Failed to perform submit transaction [Set] using arguments [key_0_1_15304,value_15304],  with error: EndorseError: 2 UNKNOWN: too many requests for /gateway.Gateway, exceeding concurrency limit (500)
Details:
2026.09.04-19:12:31.778[31m error[39m [caliper] [connectors/peer-gateway/PeerGateway] 	Failed to perform submit transaction [Set] using arguments [key_0_1_15305,value_15305],  with error: EndorseError: 2 UNKNOWN: too many requests for /gateway.Gateway, exceeding concurrency limit (500)
Details:
2026.09.04-19:12:31.778[31m error[39m [caliper] [connectors/peer-gateway/PeerGateway] 	Failed to perform submit transaction [Set] using arguments [key_0_1_15306,value_15306],  with error: EndorseError: 2 UNKNOWN: too many requests for /gateway.Gateway, exceeding concurrency limit (500)
Details:
2026.09.04-19:12:31.778[31m error[39m [caliper] [connectors/peer-gateway/PeerGateway] 	Failed to perform submit transaction [Set] using arguments [key_0_1_15309,value_15309],  with error: EndorseError: 2 UNKNOWN: too many requests for /gateway.Gateway, exceeding concurrency limit (500)
Details:
2026.09.04-19:12:31.780[31m error[39m [caliper] [connectors/peer-gateway/PeerGateway] 	Failed to perform submit transaction [Set] using arguments [key_0_1_15310,value_15310],  with error: EndorseError: 2 UNKNOWN: too many requests for /gateway.Gateway, exceeding concurrency limit (500)
Details:
2026.09.04-19:12:31.783[31m error[39m [caliper] [connectors/peer-gateway/PeerGateway] 	Failed to perform submit transaction [Set] using arguments [key_0_1_15308,value_15308],  with error: EndorseError: 2 UNKNOWN: too many requests for /gateway.Gateway, exceeding concurrency limit (500)
Details:
2026.09.04-19:12:31.783[31m error[39m [caliper] [connectors/peer-gateway/PeerGateway] 	Failed to perform submit transaction [Set] using arguments [key_0_1_15311,value_15311],  with error: EndorseError: 2 UNKNOWN: too many requests for /gateway.Gateway, exceeding concurrency limit (500)
Details:
2026.09.04-19:12:31.786[31m error[39m [caliper] [connectors/peer-gateway/PeerGateway] 	Failed to perform submit transaction [Set] using arguments [key_0_1_15312,value_15312],  with error: EndorseError: 2 UNKNOWN: too many requests for /gateway.Gateway, exceeding concurrency limit (500)
Details:
2026.09.04-19:12:31.787[31m error[39m [caliper] [connectors/peer-gateway/PeerGateway] 	Failed to perform submit transaction [Set] using arguments [key_0_1_15313,value_15313],  with error: EndorseError: 2 UNKNOWN: too many requests for /gateway.Gateway, exceeding concurrency limit (500)
Details:
2026.09.04-19:12:31.798[31m error[39m [caliper] [connectors/peer-gateway/PeerGateway] 	Failed to perform submit transaction [Set] using arguments [key_0_1_15314,value_15314],  with error: EndorseError: 2 UNKNOWN: too many requests for /gateway.Gateway, exceeding concurrency limit (500)
Details:
2026.09.04-19:12:31.799[31m error[39m [caliper] [connectors/peer-gateway/PeerGateway] 	Failed to perform submit transaction [Set] using arguments [key_0_1_15315,value_15315],  with error: EndorseError: 2 UNKNOWN: too many requests for /gateway.Gateway, exceeding concurrency limit (500)
Details:
2026.09.04-19:12:31.805[31m error[39m [caliper] [connectors/peer-gateway/PeerGateway] 	Failed to perform submit transaction [Set] using arguments [key_0_1_15317,value_15317],  with error: EndorseError: 2 UNKNOWN: too many requests for /gateway.Gateway, exceeding concurrency limit (500)
Details:
2026.09.04-19:12:31.805[31m error[39m [caliper] [connectors/peer-gateway/PeerGateway] 	Failed to perform submit transaction [Set] using arguments [key_0_1_15316,value_15316],  with error: EndorseError: 2 UNKNOWN: too many requests for /gateway.Gateway, exceeding concurrency limit (500)
Details:
2026.09.04-19:12:31.805[31m error[39m [caliper] [connectors/peer-gateway/PeerGateway] 	Failed to perform submit transaction [Set] using arguments [key_0_1_15318,value_15318],  with error: EndorseError: 2 UNKNOWN: too many requests for /gateway.Gateway, exceeding concurrency limit (500)
Details:
2026.09.04-19:12:31.809[31m error[39m [caliper] [connectors/peer-gateway/PeerGateway] 	Failed to perform submit transaction [Set] using arguments [key_0_1_15319,value_15319],  with error: EndorseError: 2 UNKNOWN: too many requests for /gateway.Gateway, exceeding concurrency limit (500)
Details:
2026.09.04-19:12:31.811[31m error[39m [caliper] [connectors/peer-gateway/PeerGateway] 	Failed to perform submit transaction [Set] using arguments [key_0_1_15320,value_15320],  with error: EndorseError: 2 UNKNOWN: too many requests for /gateway.Gateway, exceeding concurrency limit (500)
Details:
2026.09.04-19:12:31.817[31m error[39m [caliper] [connectors/peer-gateway/PeerGateway] 	Failed to perform submit transaction [Set] using arguments [key_0_1_15321,value_15321],  with error: EndorseError: 2 UNKNOWN: too many requests for /gateway.Gateway, exceeding concurrency limit (500)
Details:
2026.09.04-19:12:31.817[31m error[39m [caliper] [connectors/peer-gateway/PeerGateway] 	Failed to perform submit transaction [Set] using arguments [key_0_1_15322,value_15322],  with error: EndorseError: 2 UNKNOWN: too many requests for /gateway.Gateway, exceeding concurrency limit (500)
Details:
2026.09.04-19:12:31.821[31m error[39m [caliper] [connectors/peer-gateway/PeerGateway] 	Failed to perform submit transaction [Set] using arguments [key_0_1_15323,value_15323],  with error: EndorseError: 2 UNKNOWN: too many requests for /gateway.Gateway, exceeding concurrency limit (500)
Details:
2026.09.04-19:12:31.825[31m error[39m [caliper] [connectors/peer-gateway/PeerGateway] 	Failed to perform submit transaction [Set] using arguments [key_0_1_15324,value_15324],  with error: EndorseError: 2 UNKNOWN: too many requests for /gateway.Gateway, exceeding concurrency limit (500)
Details:
2026.09.04-19:12:31.827[31m error[39m [caliper] [connectors/peer-gateway/PeerGateway] 	Failed to perform submit transaction [Set] using arguments [key_0_1_15325,value_15325],  with error: EndorseError: 2 UNKNOWN: too many requests for /gateway.Gateway, exceeding concurrency limit (500)
Details:
2026.09.04-19:12:31.830[31m error[39m [caliper] [connectors/peer-gateway/PeerGateway] 	Failed to perform submit transaction [Set] using arguments [key_0_1_15326,value_15326],  with error: EndorseError: 2 UNKNOWN: too many requests for /gateway.Gateway, exceeding concurrency limit (500)
Details:
2026.09.04-19:12:31.835[31m error[39m [caliper] [connectors/peer-gateway/PeerGateway] 	Failed to perform submit transaction [Set] using arguments [key_0_1_15327,value_15327],  with error: EndorseError: 2 UNKNOWN: too many requests for /gateway.Gateway, exceeding concurrency limit (500)
Details:
2026.09.04-19:12:31.837[31m error[39m [caliper] [connectors/peer-gateway/PeerGateway] 	Failed to perform submit transaction [Set] using arguments [key_0_1_15328,value_15328],  with error: EndorseError: 2 UNKNOWN: too many requests for /gateway.Gateway, exceeding concurrency limit (500)
Details:
2026.09.04-19:12:31.841[31m error[39m [caliper] [connectors/peer-gateway/PeerGateway] 	Failed to perform submit transaction [Set] using arguments [key_0_1_15329,value_15329],  with error: EndorseError: 2 UNKNOWN: too many requests for /gateway.Gateway, exceeding concurrency limit (500)
Details:
2026.09.04-19:12:31.844[31m error[39m [caliper] [connectors/peer-gateway/PeerGateway] 	Failed to perform submit transaction [Set] using arguments [key_0_1_15330,value_15330],  with error: EndorseError: 2 UNKNOWN: too many requests for /gateway.Gateway, exceeding concurrency limit (500)
Details:
2026.09.04-19:12:31.847[31m error[39m [caliper] [connectors/peer-gateway/PeerGateway] 	Failed to perform submit transaction [Set] using arguments [key_0_1_15331,value_15331],  with error: EndorseError: 2 UNKNOWN: too many requests for /gateway.Gateway, exceeding concurrency limit (500)
Details:
2026.09.04-19:12:31.850[31m error[39m [caliper] [connectors/peer-gateway/PeerGateway] 	Failed to perform submit transaction [Set] using arguments [key_0_1_15332,value_15332],  with error: EndorseError: 2 UNKNOWN: too many requests for /gateway.Gateway, exceeding concurrency limit (500)
Details:
2026.09.04-19:12:31.854[31m error[39m [caliper] [connectors/peer-gateway/PeerGateway] 	Failed to perform submit transaction [Set] using arguments [key_0_1_15333,value_15333],  with error: EndorseError: 2 UNKNOWN: too many requests for /gateway.Gateway, exceeding concurrency limit (500)
Details:
2026.09.04-19:12:31.856[31m error[39m [caliper] [connectors/peer-gateway/PeerGateway] 	Failed to perform submit transaction [Set] using arguments [key_0_1_15334,value_15334],  with error: EndorseError: 2 UNKNOWN: too many requests for /gateway.Gateway, exceeding concurrency limit (500)
Details:
2026.09.04-19:12:33.516[31m error[39m [caliper] [connectors/peer-gateway/PeerGateway] 	Failed to perform submit transaction [Set] using arguments [key_0_1_15832,value_15832],  with error: EndorseError: 2 UNKNOWN: too many requests for /gateway.Gateway, exceeding concurrency limit (500)
Details:
2026.09.04-19:12:33.521[31m error[39m [caliper] [connectors/peer-gateway/PeerGateway] 	Failed to perform submit transaction [Set] using arguments [key_0_1_15831,value_15831],  with error: CommitStatusError: 2 UNKNOWN: too many requests for /gateway.Gateway, exceeding concurrency limit (500)
Details:
2026.09.04-19:12:33.525[31m error[39m [caliper] [connectors/peer-gateway/PeerGateway] 	Failed to perform submit transaction [Set] using arguments [key_0_1_15834,value_15834],  with error: EndorseError: 2 UNKNOWN: too many requests for /gateway.Gateway, exceeding concurrency limit (500)
Details:
2026.09.04-19:12:33.527[31m error[39m [caliper] [connectors/peer-gateway/PeerGateway] 	Failed to perform submit transaction [Set] using arguments [key_0_1_15833,value_15833],  with error: CommitStatusError: 2 UNKNOWN: too many requests for /gateway.Gateway, exceeding concurrency limit (500)
Details:
2026.09.04-19:12:33.530[31m error[39m [caliper] [connectors/peer-gateway/PeerGateway] 	Failed to perform submit transaction [Set] using arguments [key_0_1_15836,value_15836],  with error: EndorseError: 2 UNKNOWN: too many requests for /gateway.Gateway, exceeding concurrency limit (500)
Details:
2026.09.04-19:12:33.536[31m error[39m [caliper] [connectors/peer-gateway/PeerGateway] 	Failed to perform submit transaction [Set] using arguments [key_0_1_15835,value_15835],  with error: CommitStatusError: 2 UNKNOWN: too many requests for /gateway.Gateway, exceeding concurrency limit (500)
Details:
2026.09.04-19:12:33.536[31m error[39m [caliper] [connectors/peer-gateway/PeerGateway] 	Failed to perform submit transaction [Set] using arguments [key_0_1_15838,value_15838],  with error: EndorseError: 2 UNKNOWN: too many requests for /gateway.Gateway, exceeding concurrency limit (500)
Details:
2026.09.04-19:12:33.540[31m error[39m [caliper] [connectors/peer-gateway/PeerGateway] 	Failed to perform submit transaction [Set] using arguments [key_0_1_15839,value_15839],  with error: EndorseError: 2 UNKNOWN: too many requests for /gateway.Gateway, exceeding concurrency limit (500)
Details:
2026.09.04-19:12:33.546[31m error[39m [caliper] [connectors/peer-gateway/PeerGateway] 	Failed to perform submit transaction [Set] using arguments [key_0_1_15840,value_15840],  with error: EndorseError: 2 UNKNOWN: too many requests for /gateway.Gateway, exceeding concurrency limit (500)
Details:
2026.09.04-19:12:33.547[31m error[39m [caliper] [connectors/peer-gateway/PeerGateway] 	Failed to perform submit transaction [Set] using arguments [key_0_1_15841,value_15841],  with error: EndorseError: 2 UNKNOWN: too many requests for /gateway.Gateway, exceeding concurrency limit (500)
Details:
2026.09.04-19:12:33.552[31m error[39m [caliper] [connectors/peer-gateway/PeerGateway] 	Failed to perform submit transaction [Set] using arguments [key_0_1_15842,value_15842],  with error: EndorseError: 2 UNKNOWN: too many requests for /gateway.Gateway, exceeding concurrency limit (500)
Details:
2026.09.04-19:12:33.554[31m error[39m [caliper] [connectors/peer-gateway/PeerGateway] 	Failed to perform submit transaction [Set] using arguments [key_0_1_15843,value_15843],  with error: EndorseError: 2 UNKNOWN: too many requests for /gateway.Gateway, exceeding concurrency limit (500)
Details:
2026.09.04-19:12:33.558[31m error[39m [caliper] [connectors/peer-gateway/PeerGateway] 	Failed to perform submit transaction [Set] using arguments [key_0_1_15844,value_15844],  with error: EndorseError: 2 UNKNOWN: too many requests for /gateway.Gateway, exceeding concurrency limit (500)
Details:
2026.09.04-19:12:33.566[31m error[39m [caliper] [connectors/peer-gateway/PeerGateway] 	Failed to perform submit transaction [Set] using arguments [key_0_1_15845,value_15845],  with error: EndorseError: 2 UNKNOWN: too many requests for /gateway.Gateway, exceeding concurrency limit (500)
Details:
2026.09.04-19:12:33.574[31m error[39m [caliper] [connectors/peer-gateway/PeerGateway] 	Failed to perform submit transaction [Set] using arguments [key_0_1_15847,value_15847],  with error: EndorseError: 2 UNKNOWN: too many requests for /gateway.Gateway, exceeding concurrency limit (500)
Details:
2026.09.04-19:12:33.578[31m error[39m [caliper] [connectors/peer-gateway/PeerGateway] 	Failed to perform submit transaction [Set] using arguments [key_0_1_15846,value_15846],  with error: EndorseError: 2 UNKNOWN: too many requests for /gateway.Gateway, exceeding concurrency limit (500)
Details:
2026.09.04-19:12:33.578[31m error[39m [caliper] [connectors/peer-gateway/PeerGateway] 	Failed to perform submit transaction [Set] using arguments [key_0_1_15848,value_15848],  with error: EndorseError: 2 UNKNOWN: too many requests for /gateway.Gateway, exceeding concurrency limit (500)
Details:
2026.09.04-19:12:33.579[31m error[39m [caliper] [connectors/peer-gateway/PeerGateway] 	Failed to perform submit transaction [Set] using arguments [key_0_1_15849,value_15849],  with error: EndorseError: 2 UNKNOWN: too many requests for /gateway.Gateway, exceeding concurrency limit (500)
Details:
2026.09.04-19:12:33.582[31m error[39m [caliper] [connectors/peer-gateway/PeerGateway] 	Failed to perform submit transaction [Set] using arguments [key_0_1_15850,value_15850],  with error: EndorseError: 2 UNKNOWN: too many requests for /gateway.Gateway, exceeding concurrency limit (500)
Details:
2026.09.04-19:12:33.584[31m error[39m [caliper] [connectors/peer-gateway/PeerGateway] 	Failed to perform submit transaction [Set] using arguments [key_0_1_15851,value_15851],  with error: EndorseError: 2 UNKNOWN: too many requests for /gateway.Gateway, exceeding concurrency limit (500)
Details:
2026.09.04-19:12:33.587[31m error[39m [caliper] [connectors/peer-gateway/PeerGateway] 	Failed to perform submit transaction [Set] using arguments [key_0_1_15852,value_15852],  with error: EndorseError: 2 UNKNOWN: too many requests for /gateway.Gateway, exceeding concurrency limit (500)
Details:
2026.09.04-19:12:33.589[31m error[39m [caliper] [connectors/peer-gateway/PeerGateway] 	Failed to perform submit transaction [Set] using arguments [key_0_1_15853,value_15853],  with error: EndorseError: 2 UNKNOWN: too many requests for /gateway.Gateway, exceeding concurrency limit (500)
Details:
2026.09.04-19:12:33.593[31m error[39m [caliper] [connectors/peer-gateway/PeerGateway] 	Failed to perform submit transaction [Set] using arguments [key_0_1_15854,value_15854],  with error: EndorseError: 2 UNKNOWN: too many requests for /gateway.Gateway, exceeding concurrency limit (500)
Details:
2026.09.04-19:12:33.600[31m error[39m [caliper] [connectors/peer-gateway/PeerGateway] 	Failed to perform submit transaction [Set] using arguments [key_0_1_15856,value_15856],  with error: EndorseError: 2 UNKNOWN: too many requests for /gateway.Gateway, exceeding concurrency limit (500)
Details:
2026.09.04-19:12:33.601[31m error[39m [caliper] [connectors/peer-gateway/PeerGateway] 	Failed to perform submit transaction [Set] using arguments [key_0_1_15855,value_15855],  with error: EndorseError: 2 UNKNOWN: too many requests for /gateway.Gateway, exceeding concurrency limit (500)
Details:
2026.09.04-19:12:33.603[31m error[39m [caliper] [connectors/peer-gateway/PeerGateway] 	Failed to perform submit transaction [Set] using arguments [key_0_1_15857,value_15857],  with error: EndorseError: 2 UNKNOWN: too many requests for /gateway.Gateway, exceeding concurrency limit (500)
Details:
2026.09.04-19:12:33.612[31m error[39m [caliper] [connectors/peer-gateway/PeerGateway] 	Failed to perform submit transaction [Set] using arguments [key_0_1_15859,value_15859],  with error: EndorseError: 2 UNKNOWN: too many requests for /gateway.Gateway, exceeding concurrency limit (500)
Details:
2026.09.04-19:12:33.612[31m error[39m [caliper] [connectors/peer-gateway/PeerGateway] 	Failed to perform submit transaction [Set] using arguments [key_0_1_15858,value_15858],  with error: EndorseError: 2 UNKNOWN: too many requests for /gateway.Gateway, exceeding concurrency limit (500)
Details:
2026.09.04-19:12:33.614[31m error[39m [caliper] [connectors/peer-gateway/PeerGateway] 	Failed to perform submit transaction [Set] using arguments [key_0_1_15860,value_15860],  with error: EndorseError: 2 UNKNOWN: too many requests for /gateway.Gateway, exceeding concurrency limit (500)
Details:
2026.09.04-19:12:33.617[31m error[39m [caliper] [connectors/peer-gateway/PeerGateway] 	Failed to perform submit transaction [Set] using arguments [key_0_1_15861,value_15861],  with error: EndorseError: 2 UNKNOWN: too many requests for /gateway.Gateway, exceeding concurrency limit (500)
Details:
2026.09.04-19:12:33.620[31m error[39m [caliper] [connectors/peer-gateway/PeerGateway] 	Failed to perform submit transaction [Set] using arguments [key_0_1_15862,value_15862],  with error: EndorseError: 2 UNKNOWN: too many requests for /gateway.Gateway, exceeding concurrency limit (500)
Details:
2026.09.04-19:12:33.623[31m error[39m [caliper] [connectors/peer-gateway/PeerGateway] 	Failed to perform submit transaction [Set] using arguments [key_0_1_15863,value_15863],  with error: EndorseError: 2 UNKNOWN: too many requests for /gateway.Gateway, exceeding concurrency limit (500)
Details:
2026.09.04-19:12:33.628[31m error[39m [caliper] [connectors/peer-gateway/PeerGateway] 	Failed to perform submit transaction [Set] using arguments [key_0_1_15864,value_15864],  with error: EndorseError: 2 UNKNOWN: too many requests for /gateway.Gateway, exceeding concurrency limit (500)
Details:
2026.09.04-19:12:33.632[31m error[39m [caliper] [connectors/peer-gateway/PeerGateway] 	Failed to perform submit transaction [Set] using arguments [key_0_1_15865,value_15865],  with error: EndorseError: 2 UNKNOWN: too many requests for /gateway.Gateway, exceeding concurrency limit (500)
Details:
2026.09.04-19:12:33.634[31m error[39m [caliper] [connectors/peer-gateway/PeerGateway] 	Failed to perform submit transaction [Set] using arguments [key_0_1_15866,value_15866],  with error: EndorseError: 2 UNKNOWN: too many requests for /gateway.Gateway, exceeding concurrency limit (500)
Details:
2026.09.04-19:12:33.636[31m error[39m [caliper] [connectors/peer-gateway/PeerGateway] 	Failed to perform submit transaction [Set] using arguments [key_0_1_15867,value_15867],  with error: EndorseError: 2 UNKNOWN: too many requests for /gateway.Gateway, exceeding concurrency limit (500)
Details:
2026.09.04-19:12:33.639[31m error[39m [caliper] [connectors/peer-gateway/PeerGateway] 	Failed to perform submit transaction [Set] using arguments [key_0_1_15868,value_15868],  with error: EndorseError: 2 UNKNOWN: too many requests for /gateway.Gateway, exceeding concurrency limit (500)
Details:
2026.09.04-19:12:33.641[31m error[39m [caliper] [connectors/peer-gateway/PeerGateway] 	Failed to perform submit transaction [Set] using arguments [key_0_1_15869,value_15869],  with error: EndorseError: 2 UNKNOWN: too many requests for /gateway.Gateway, exceeding concurrency limit (500)
Details:
2026.09.04-19:12:33.647[31m error[39m [caliper] [connectors/peer-gateway/PeerGateway] 	Failed to perform submit transaction [Set] using arguments [key_0_1_15870,value_15870],  with error: EndorseError: 2 UNKNOWN: too many requests for /gateway.Gateway, exceeding concurrency limit (500)
Details:
2026.09.04-19:12:33.652[31m error[39m [caliper] [connectors/peer-gateway/PeerGateway] 	Failed to perform submit transaction [Set] using arguments [key_0_1_15871,value_15871],  with error: EndorseError: 2 UNKNOWN: too many requests for /gateway.Gateway, exceeding concurrency limit (500)
Details:
2026.09.04-19:12:33.657[31m error[39m [caliper] [connectors/peer-gateway/PeerGateway] 	Failed to perform submit transaction [Set] using arguments [key_0_1_15873,value_15873],  with error: EndorseError: 2 UNKNOWN: too many requests for /gateway.Gateway, exceeding concurrency limit (500)
Details:
2026.09.04-19:12:33.657[31m error[39m [caliper] [connectors/peer-gateway/PeerGateway] 	Failed to perform submit transaction [Set] using arguments [key_0_1_15872,value_15872],  with error: EndorseError: 2 UNKNOWN: too many requests for /gateway.Gateway, exceeding concurrency limit (500)
Details:
2026.09.04-19:12:33.663[31m error[39m [caliper] [connectors/peer-gateway/PeerGateway] 	Failed to perform submit transaction [Set] using arguments [key_0_1_15875,value_15875],  with error: EndorseError: 2 UNKNOWN: too many requests for /gateway.Gateway, exceeding concurrency limit (500)
Details:
2026.09.04-19:12:33.671[31m error[39m [caliper] [connectors/peer-gateway/PeerGateway] 	Failed to perform submit transaction [Set] using arguments [key_0_1_15874,value_15874],  with error: EndorseError: 2 UNKNOWN: too many requests for /gateway.Gateway, exceeding concurrency limit (500)
Details:
2026.09.04-19:12:33.671[31m error[39m [caliper] [connectors/peer-gateway/PeerGateway] 	Failed to perform submit transaction [Set] using arguments [key_0_1_15876,value_15876],  with error: EndorseError: 2 UNKNOWN: too many requests for /gateway.Gateway, exceeding concurrency limit (500)
Details:
2026.09.04-19:12:33.671[31m error[39m [caliper] [connectors/peer-gateway/PeerGateway] 	Failed to perform submit transaction [Set] using arguments [key_0_1_15878,value_15878],  with error: EndorseError: 2 UNKNOWN: too many requests for /gateway.Gateway, exceeding concurrency limit (500)
Details:
2026.09.04-19:12:33.672[31m error[39m [caliper] [connectors/peer-gateway/PeerGateway] 	Failed to perform submit transaction [Set] using arguments [key_0_1_15877,value_15877],  with error: EndorseError: 2 UNKNOWN: too many requests for /gateway.Gateway, exceeding concurrency limit (500)
Details:
2026.09.04-19:12:33.674[31m error[39m [caliper] [connectors/peer-gateway/PeerGateway] 	Failed to perform submit transaction [Set] using arguments [key_0_1_15879,value_15879],  with error: EndorseError: 2 UNKNOWN: too many requests for /gateway.Gateway, exceeding concurrency limit (500)
Details:
2026.09.04-19:12:33.678[31m error[39m [caliper] [connectors/peer-gateway/PeerGateway] 	Failed to perform submit transaction [Set] using arguments [key_0_1_15880,value_15880],  with error: EndorseError: 2 UNKNOWN: too many requests for /gateway.Gateway, exceeding concurrency limit (500)
Details:
2026.09.04-19:12:33.681[31m error[39m [caliper] [connectors/peer-gateway/PeerGateway] 	Failed to perform submit transaction [Set] using arguments [key_0_1_15881,value_15881],  with error: EndorseError: 2 UNKNOWN: too many requests for /gateway.Gateway, exceeding concurrency limit (500)
Details:
2026.09.04-19:12:33.686[31m error[39m [caliper] [connectors/peer-gateway/PeerGateway] 	Failed to perform submit transaction [Set] using arguments [key_0_1_15882,value_15882],  with error: EndorseError: 2 UNKNOWN: too many requests for /gateway.Gateway, exceeding concurrency limit (500)
Details:
2026.09.04-19:12:33.690[31m error[39m [caliper] [connectors/peer-gateway/PeerGateway] 	Failed to perform submit transaction [Set] using arguments [key_0_1_15883,value_15883],  with error: EndorseError: 2 UNKNOWN: too many requests for /gateway.Gateway, exceeding concurrency limit (500)
Details:
2026.09.04-19:12:33.691[31m error[39m [caliper] [connectors/peer-gateway/PeerGateway] 	Failed to perform submit transaction [Set] using arguments [key_0_1_15884,value_15884],  with error: EndorseError: 2 UNKNOWN: too many requests for /gateway.Gateway, exceeding concurrency limit (500)
Details:
2026.09.04-19:12:33.702[31m error[39m [caliper] [connectors/peer-gateway/PeerGateway] 	Failed to perform submit transaction [Set] using arguments [key_0_1_15885,value_15885],  with error: EndorseError: 2 UNKNOWN: too many requests for /gateway.Gateway, exceeding concurrency limit (500)
Details:
2026.09.04-19:12:33.703[31m error[39m [caliper] [connectors/peer-gateway/PeerGateway] 	Failed to perform submit transaction [Set] using arguments [key_0_1_15887,value_15887],  with error: EndorseError: 2 UNKNOWN: too many requests for /gateway.Gateway, exceeding concurrency limit (500)
Details:
2026.09.04-19:12:33.706[31m error[39m [caliper] [connectors/peer-gateway/PeerGateway] 	Failed to perform submit transaction [Set] using arguments [key_0_1_15886,value_15886],  with error: EndorseError: 2 UNKNOWN: too many requests for /gateway.Gateway, exceeding concurrency limit (500)
Details:
2026.09.04-19:12:33.707[31m error[39m [caliper] [connectors/peer-gateway/PeerGateway] 	Failed to perform submit transaction [Set] using arguments [key_0_1_15888,value_15888],  with error: EndorseError: 2 UNKNOWN: too many requests for /gateway.Gateway, exceeding concurrency limit (500)
Details:
2026.09.04-19:12:33.711[31m error[39m [caliper] [connectors/peer-gateway/PeerGateway] 	Failed to perform submit transaction [Set] using arguments [key_0_1_15889,value_15889],  with error: EndorseError: 2 UNKNOWN: too many requests for /gateway.Gateway, exceeding concurrency limit (500)
Details:
2026.09.04-19:12:33.712[31m error[39m [caliper] [connectors/peer-gateway/PeerGateway] 	Failed to perform submit transaction [Set] using arguments [key_0_1_15890,value_15890],  with error: EndorseError: 2 UNKNOWN: too many requests for /gateway.Gateway, exceeding concurrency limit (500)
Details:
2026.09.04-19:12:33.714[31m error[39m [caliper] [connectors/peer-gateway/PeerGateway] 	Failed to perform submit transaction [Set] using arguments [key_0_1_15891,value_15891],  with error: EndorseError: 2 UNKNOWN: too many requests for /gateway.Gateway, exceeding concurrency limit (500)
Details:
2026.09.04-19:12:33.717[31m error[39m [caliper] [connectors/peer-gateway/PeerGateway] 	Failed to perform submit transaction [Set] using arguments [key_0_1_15892,value_15892],  with error: EndorseError: 2 UNKNOWN: too many requests for /gateway.Gateway, exceeding concurrency limit (500)
Details:
2026.09.04-19:12:33.720[31m error[39m [caliper] [connectors/peer-gateway/PeerGateway] 	Failed to perform submit transaction [Set] using arguments [key_0_1_15893,value_15893],  with error: EndorseError: 2 UNKNOWN: too many requests for /gateway.Gateway, exceeding concurrency limit (500)
Details:
2026.09.04-19:12:33.724[31m error[39m [caliper] [connectors/peer-gateway/PeerGateway] 	Failed to perform submit transaction [Set] using arguments [key_0_1_15894,value_15894],  with error: EndorseError: 2 UNKNOWN: too many requests for /gateway.Gateway, exceeding concurrency limit (500)
Details:
2026.09.04-19:12:33.729[31m error[39m [caliper] [connectors/peer-gateway/PeerGateway] 	Failed to perform submit transaction [Set] using arguments [key_0_1_15895,value_15895],  with error: EndorseError: 2 UNKNOWN: too many requests for /gateway.Gateway, exceeding concurrency limit (500)
Details:
2026.09.04-19:12:33.729[31m error[39m [caliper] [connectors/peer-gateway/PeerGateway] 	Failed to perform submit transaction [Set] using arguments [key_0_1_15896,value_15896],  with error: EndorseError: 2 UNKNOWN: too many requests for /gateway.Gateway, exceeding concurrency limit (500)
Details:
2026.09.04-19:12:33.735[31m error[39m [caliper] [connectors/peer-gateway/PeerGateway] 	Failed to perform submit transaction [Set] using arguments [key_0_1_15897,value_15897],  with error: EndorseError: 2 UNKNOWN: too many requests for /gateway.Gateway, exceeding concurrency limit (500)
Details:
2026.09.04-19:12:33.738[31m error[39m [caliper] [connectors/peer-gateway/PeerGateway] 	Failed to perform submit transaction [Set] using arguments [key_0_1_15898,value_15898],  with error: EndorseError: 2 UNKNOWN: too many requests for /gateway.Gateway, exceeding concurrency limit (500)
Details:
2026.09.04-19:12:33.740[31m error[39m [caliper] [connectors/peer-gateway/PeerGateway] 	Failed to perform submit transaction [Set] using arguments [key_0_1_15899,value_15899],  with error: EndorseError: 2 UNKNOWN: too many requests for /gateway.Gateway, exceeding concurrency limit (500)
Details:
2026.09.04-19:12:33.745[31m error[39m [caliper] [connectors/peer-gateway/PeerGateway] 	Failed to perform submit transaction [Set] using arguments [key_0_1_15900,value_15900],  with error: EndorseError: 2 UNKNOWN: too many requests for /gateway.Gateway, exceeding concurrency limit (500)
Details:
2026.09.04-19:12:33.746[31m error[39m [caliper] [connectors/peer-gateway/PeerGateway] 	Failed to perform submit transaction [Set] using arguments [key_0_1_15901,value_15901],  with error: EndorseError: 2 UNKNOWN: too many requests for /gateway.Gateway, exceeding concurrency limit (500)
Details:
2026.09.04-19:12:33.751[31m error[39m [caliper] [connectors/peer-gateway/PeerGateway] 	Failed to perform submit transaction [Set] using arguments [key_0_1_15902,value_15902],  with error: EndorseError: 2 UNKNOWN: too many requests for /gateway.Gateway, exceeding concurrency limit (500)
Details:
2026.09.04-19:12:33.756[31m error[39m [caliper] [connectors/peer-gateway/PeerGateway] 	Failed to perform submit transaction [Set] using arguments [key_0_1_15903,value_15903],  with error: EndorseError: 2 UNKNOWN: too many requests for /gateway.Gateway, exceeding concurrency limit (500)
Details:
2026.09.04-19:12:33.757[31m error[39m [caliper] [connectors/peer-gateway/PeerGateway] 	Failed to perform submit transaction [Set] using arguments [key_0_1_15904,value_15904],  with error: EndorseError: 2 UNKNOWN: too many requests for /gateway.Gateway, exceeding concurrency limit (500)
Details:
2026.09.04-19:12:33.760[31m error[39m [caliper] [connectors/peer-gateway/PeerGateway] 	Failed to perform submit transaction [Set] using arguments [key_0_1_15905,value_15905],  with error: EndorseError: 2 UNKNOWN: too many requests for /gateway.Gateway, exceeding concurrency limit (500)
Details:
2026.09.04-19:12:33.764[31m error[39m [caliper] [connectors/peer-gateway/PeerGateway] 	Failed to perform submit transaction [Set] using arguments [key_0_1_15906,value_15906],  with error: EndorseError: 2 UNKNOWN: too many requests for /gateway.Gateway, exceeding concurrency limit (500)
Details:
2026.09.04-19:12:33.766[31m error[39m [caliper] [connectors/peer-gateway/PeerGateway] 	Failed to perform submit transaction [Set] using arguments [key_0_1_15907,value_15907],  with error: EndorseError: 2 UNKNOWN: too many requests for /gateway.Gateway, exceeding concurrency limit (500)
Details:
2026.09.04-19:12:35.434[31m error[39m [caliper] [connectors/peer-gateway/PeerGateway] 	Failed to perform submit transaction [Set] using arguments [key_0_1_16407,value_16407],  with error: EndorseError: 2 UNKNOWN: too many requests for /gateway.Gateway, exceeding concurrency limit (500)
Details:
2026.09.04-19:12:35.438[31m error[39m [caliper] [connectors/peer-gateway/PeerGateway] 	Failed to perform submit transaction [Set] using arguments [key_0_1_16406,value_16406],  with error: CommitStatusError: 2 UNKNOWN: too many requests for /gateway.Gateway, exceeding concurrency limit (500)
Details:
2026.09.04-19:12:35.440[31m error[39m [caliper] [connectors/peer-gateway/PeerGateway] 	Failed to perform submit transaction [Set] using arguments [key_0_1_16409,value_16409],  with error: EndorseError: 2 UNKNOWN: too many requests for /gateway.Gateway, exceeding concurrency limit (500)
Details:
2026.09.04-19:12:35.445[31m error[39m [caliper] [connectors/peer-gateway/PeerGateway] 	Failed to perform submit transaction [Set] using arguments [key_0_1_16408,value_16408],  with error: CommitStatusError: 2 UNKNOWN: too many requests for /gateway.Gateway, exceeding concurrency limit (500)
Details:
2026.09.04-19:12:35.447[31m error[39m [caliper] [connectors/peer-gateway/PeerGateway] 	Failed to perform submit transaction [Set] using arguments [key_0_1_16411,value_16411],  with error: EndorseError: 2 UNKNOWN: too many requests for /gateway.Gateway, exceeding concurrency limit (500)
Details:
2026.09.04-19:12:35.452[31m error[39m [caliper] [connectors/peer-gateway/PeerGateway] 	Failed to perform submit transaction [Set] using arguments [key_0_1_16410,value_16410],  with error: SubmitError: 2 UNKNOWN: too many requests for /gateway.Gateway, exceeding concurrency limit (500)
Details:
2026.09.04-19:12:35.456[31m error[39m [caliper] [connectors/peer-gateway/PeerGateway] 	Failed to perform submit transaction [Set] using arguments [key_0_1_16413,value_16413],  with error: EndorseError: 2 UNKNOWN: too many requests for /gateway.Gateway, exceeding concurrency limit (500)
Details:
2026.09.04-19:12:35.457[31m error[39m [caliper] [connectors/peer-gateway/PeerGateway] 	Failed to perform submit transaction [Set] using arguments [key_0_1_16414,value_16414],  with error: EndorseError: 2 UNKNOWN: too many requests for /gateway.Gateway, exceeding concurrency limit (500)
Details:
2026.09.04-19:12:35.461[31m error[39m [caliper] [connectors/peer-gateway/PeerGateway] 	Failed to perform submit transaction [Set] using arguments [key_0_1_16415,value_16415],  with error: EndorseError: 2 UNKNOWN: too many requests for /gateway.Gateway, exceeding concurrency limit (500)
Details:
2026.09.04-19:12:35.466[31m error[39m [caliper] [connectors/peer-gateway/PeerGateway] 	Failed to perform submit transaction [Set] using arguments [key_0_1_16416,value_16416],  with error: EndorseError: 2 UNKNOWN: too many requests for /gateway.Gateway, exceeding concurrency limit (500)
Details:
2026.09.04-19:12:35.471[31m error[39m [caliper] [connectors/peer-gateway/PeerGateway] 	Failed to perform submit transaction [Set] using arguments [key_0_1_16417,value_16417],  with error: EndorseError: 2 UNKNOWN: too many requests for /gateway.Gateway, exceeding concurrency limit (500)
Details:
2026.09.04-19:12:35.478[31m error[39m [caliper] [connectors/peer-gateway/PeerGateway] 	Failed to perform submit transaction [Set] using arguments [key_0_1_16419,value_16419],  with error: EndorseError: 2 UNKNOWN: too many requests for /gateway.Gateway, exceeding concurrency limit (500)
Details:
2026.09.04-19:12:35.478[31m error[39m [caliper] [connectors/peer-gateway/PeerGateway] 	Failed to perform submit transaction [Set] using arguments [key_0_1_16418,value_16418],  with error: EndorseError: 2 UNKNOWN: too many requests for /gateway.Gateway, exceeding concurrency limit (500)
Details:
2026.09.04-19:12:35.479[31m error[39m [caliper] [connectors/peer-gateway/PeerGateway] 	Failed to perform submit transaction [Set] using arguments [key_0_1_16420,value_16420],  with error: EndorseError: 2 UNKNOWN: too many requests for /gateway.Gateway, exceeding concurrency limit (500)
Details:
2026.09.04-19:12:35.488[31m error[39m [caliper] [connectors/peer-gateway/PeerGateway] 	Failed to perform submit transaction [Set] using arguments [key_0_1_16422,value_16422],  with error: EndorseError: 2 UNKNOWN: too many requests for /gateway.Gateway, exceeding concurrency limit (500)
Details:
2026.09.04-19:12:35.489[31m error[39m [caliper] [connectors/peer-gateway/PeerGateway] 	Failed to perform submit transaction [Set] using arguments [key_0_1_16421,value_16421],  with error: EndorseError: 2 UNKNOWN: too many requests for /gateway.Gateway, exceeding concurrency limit (500)
Details:
2026.09.04-19:12:35.490[31m error[39m [caliper] [connectors/peer-gateway/PeerGateway] 	Failed to perform submit transaction [Set] using arguments [key_0_1_16423,value_16423],  with error: EndorseError: 2 UNKNOWN: too many requests for /gateway.Gateway, exceeding concurrency limit (500)
Details:
2026.09.04-19:12:35.495[31m error[39m [caliper] [connectors/peer-gateway/PeerGateway] 	Failed to perform submit transaction [Set] using arguments [key_0_1_16425,value_16425],  with error: EndorseError: 2 UNKNOWN: too many requests for /gateway.Gateway, exceeding concurrency limit (500)
Details:
2026.09.04-19:12:35.495[31m error[39m [caliper] [connectors/peer-gateway/PeerGateway] 	Failed to perform submit transaction [Set] using arguments [key_0_1_16424,value_16424],  with error: EndorseError: 2 UNKNOWN: too many requests for /gateway.Gateway, exceeding concurrency limit (500)
Details:
2026.09.04-19:12:35.502[31m error[39m [caliper] [connectors/peer-gateway/PeerGateway] 	Failed to perform submit transaction [Set] using arguments [key_0_1_16426,value_16426],  with error: EndorseError: 2 UNKNOWN: too many requests for /gateway.Gateway, exceeding concurrency limit (500)
Details:
2026.09.04-19:12:35.503[31m error[39m [caliper] [connectors/peer-gateway/PeerGateway] 	Failed to perform submit transaction [Set] using arguments [key_0_1_16427,value_16427],  with error: EndorseError: 2 UNKNOWN: too many requests for /gateway.Gateway, exceeding concurrency limit (500)
Details:
2026.09.04-19:12:35.509[31m error[39m [caliper] [connectors/peer-gateway/PeerGateway] 	Failed to perform submit transaction [Set] using arguments [key_0_1_16429,value_16429],  with error: EndorseError: 2 UNKNOWN: too many requests for /gateway.Gateway, exceeding concurrency limit (500)
Details:
2026.09.04-19:12:35.510[31m error[39m [caliper] [connectors/peer-gateway/PeerGateway] 	Failed to perform submit transaction [Set] using arguments [key_0_1_16428,value_16428],  with error: EndorseError: 2 UNKNOWN: too many requests for /gateway.Gateway, exceeding concurrency limit (500)
Details:
2026.09.04-19:12:35.512[31m error[39m [caliper] [connectors/peer-gateway/PeerGateway] 	Failed to perform submit transaction [Set] using arguments [key_0_1_16430,value_16430],  with error: EndorseError: 2 UNKNOWN: too many requests for /gateway.Gateway, exceeding concurrency limit (500)
Details:
2026.09.04-19:12:35.515[31m error[39m [caliper] [connectors/peer-gateway/PeerGateway] 	Failed to perform submit transaction [Set] using arguments [key_0_1_16431,value_16431],  with error: EndorseError: 2 UNKNOWN: too many requests for /gateway.Gateway, exceeding concurrency limit (500)
Details:
2026.09.04-19:12:35.525[31m error[39m [caliper] [connectors/peer-gateway/PeerGateway] 	Failed to perform submit transaction [Set] using arguments [key_0_1_16433,value_16433],  with error: EndorseError: 2 UNKNOWN: too many requests for /gateway.Gateway, exceeding concurrency limit (500)
Details:
2026.09.04-19:12:35.525[31m error[39m [caliper] [connectors/peer-gateway/PeerGateway] 	Failed to perform submit transaction [Set] using arguments [key_0_1_16432,value_16432],  with error: EndorseError: 2 UNKNOWN: too many requests for /gateway.Gateway, exceeding concurrency limit (500)
Details:
2026.09.04-19:12:35.527[31m error[39m [caliper] [connectors/peer-gateway/PeerGateway] 	Failed to perform submit transaction [Set] using arguments [key_0_1_16435,value_16435],  with error: EndorseError: 2 UNKNOWN: too many requests for /gateway.Gateway, exceeding concurrency limit (500)
Details:
2026.09.04-19:12:35.528[31m error[39m [caliper] [connectors/peer-gateway/PeerGateway] 	Failed to perform submit transaction [Set] using arguments [key_0_1_16434,value_16434],  with error: EndorseError: 2 UNKNOWN: too many requests for /gateway.Gateway, exceeding concurrency limit (500)
Details:
2026.09.04-19:12:35.539[31m error[39m [caliper] [connectors/peer-gateway/PeerGateway] 	Failed to perform submit transaction [Set] using arguments [key_0_1_16438,value_16438],  with error: EndorseError: 2 UNKNOWN: too many requests for /gateway.Gateway, exceeding concurrency limit (500)
Details:
2026.09.04-19:12:35.541[31m error[39m [caliper] [connectors/peer-gateway/PeerGateway] 	Failed to perform submit transaction [Set] using arguments [key_0_1_16436,value_16436],  with error: EndorseError: 2 UNKNOWN: too many requests for /gateway.Gateway, exceeding concurrency limit (500)
Details:
2026.09.04-19:12:35.541[31m error[39m [caliper] [connectors/peer-gateway/PeerGateway] 	Failed to perform submit transaction [Set] using arguments [key_0_1_16437,value_16437],  with error: EndorseError: 2 UNKNOWN: too many requests for /gateway.Gateway, exceeding concurrency limit (500)
Details:
2026.09.04-19:12:35.543[31m error[39m [caliper] [connectors/peer-gateway/PeerGateway] 	Failed to perform submit transaction [Set] using arguments [key_0_1_16439,value_16439],  with error: EndorseError: 2 UNKNOWN: too many requests for /gateway.Gateway, exceeding concurrency limit (500)
Details:
2026.09.04-19:12:35.545[31m error[39m [caliper] [connectors/peer-gateway/PeerGateway] 	Failed to perform submit transaction [Set] using arguments [key_0_1_16440,value_16440],  with error: EndorseError: 2 UNKNOWN: too many requests for /gateway.Gateway, exceeding concurrency limit (500)
Details:
2026.09.04-19:12:35.548[31m error[39m [caliper] [connectors/peer-gateway/PeerGateway] 	Failed to perform submit transaction [Set] using arguments [key_0_1_16441,value_16441],  with error: EndorseError: 2 UNKNOWN: too many requests for /gateway.Gateway, exceeding concurrency limit (500)
Details:
2026.09.04-19:12:35.556[31m error[39m [caliper] [connectors/peer-gateway/PeerGateway] 	Failed to perform submit transaction [Set] using arguments [key_0_1_16442,value_16442],  with error: EndorseError: 2 UNKNOWN: too many requests for /gateway.Gateway, exceeding concurrency limit (500)
Details:
2026.09.04-19:12:35.556[31m error[39m [caliper] [connectors/peer-gateway/PeerGateway] 	Failed to perform submit transaction [Set] using arguments [key_0_1_16443,value_16443],  with error: EndorseError: 2 UNKNOWN: too many requests for /gateway.Gateway, exceeding concurrency limit (500)
Details:
2026.09.04-19:12:35.563[31m error[39m [caliper] [connectors/peer-gateway/PeerGateway] 	Failed to perform submit transaction [Set] using arguments [key_0_1_16445,value_16445],  with error: EndorseError: 2 UNKNOWN: too many requests for /gateway.Gateway, exceeding concurrency limit (500)
Details:
2026.09.04-19:12:35.563[31m error[39m [caliper] [connectors/peer-gateway/PeerGateway] 	Failed to perform submit transaction [Set] using arguments [key_0_1_16444,value_16444],  with error: EndorseError: 2 UNKNOWN: too many requests for /gateway.Gateway, exceeding concurrency limit (500)
Details:
2026.09.04-19:12:35.563[31m error[39m [caliper] [connectors/peer-gateway/PeerGateway] 	Failed to perform submit transaction [Set] using arguments [key_0_1_16446,value_16446],  with error: EndorseError: 2 UNKNOWN: too many requests for /gateway.Gateway, exceeding concurrency limit (500)
Details:
2026.09.04-19:12:35.570[31m error[39m [caliper] [connectors/peer-gateway/PeerGateway] 	Failed to perform submit transaction [Set] using arguments [key_0_1_16447,value_16447],  with error: EndorseError: 2 UNKNOWN: too many requests for /gateway.Gateway, exceeding concurrency limit (500)
Details:
2026.09.04-19:12:35.597[31m error[39m [caliper] [connectors/peer-gateway/PeerGateway] 	Failed to perform submit transaction [Set] using arguments [key_0_1_16448,value_16448],  with error: EndorseError: 2 UNKNOWN: too many requests for /gateway.Gateway, exceeding concurrency limit (500)
Details:
2026.09.04-19:12:35.605[31m error[39m [caliper] [connectors/peer-gateway/PeerGateway] 	Failed to perform submit transaction [Set] using arguments [key_0_1_16457,value_16457],  with error: EndorseError: 2 UNKNOWN: too many requests for /gateway.Gateway, exceeding concurrency limit (500)
Details:
2026.09.04-19:12:35.605[31m error[39m [caliper] [connectors/peer-gateway/PeerGateway] 	Failed to perform submit transaction [Set] using arguments [key_0_1_16449,value_16449],  with error: EndorseError: 2 UNKNOWN: too many requests for /gateway.Gateway, exceeding concurrency limit (500)
Details:
2026.09.04-19:12:35.605[31m error[39m [caliper] [connectors/peer-gateway/PeerGateway] 	Failed to perform submit transaction [Set] using arguments [key_0_1_16458,value_16458],  with error: EndorseError: 2 UNKNOWN: too many requests for /gateway.Gateway, exceeding concurrency limit (500)
Details:
2026.09.04-19:12:35.606[31m error[39m [caliper] [connectors/peer-gateway/PeerGateway] 	Failed to perform submit transaction [Set] using arguments [key_0_1_16454,value_16454],  with error: EndorseError: 2 UNKNOWN: too many requests for /gateway.Gateway, exceeding concurrency limit (500)
Details:
2026.09.04-19:12:35.606[31m error[39m [caliper] [connectors/peer-gateway/PeerGateway] 	Failed to perform submit transaction [Set] using arguments [key_0_1_16453,value_16453],  with error: EndorseError: 2 UNKNOWN: too many requests for /gateway.Gateway, exceeding concurrency limit (500)
Details:
2026.09.04-19:12:35.606[31m error[39m [caliper] [connectors/peer-gateway/PeerGateway] 	Failed to perform submit transaction [Set] using arguments [key_0_1_16455,value_16455],  with error: EndorseError: 2 UNKNOWN: too many requests for /gateway.Gateway, exceeding concurrency limit (500)
Details:
2026.09.04-19:12:35.606[31m error[39m [caliper] [connectors/peer-gateway/PeerGateway] 	Failed to perform submit transaction [Set] using arguments [key_0_1_16452,value_16452],  with error: EndorseError: 2 UNKNOWN: too many requests for /gateway.Gateway, exceeding concurrency limit (500)
Details:
2026.09.04-19:12:35.607[31m error[39m [caliper] [connectors/peer-gateway/PeerGateway] 	Failed to perform submit transaction [Set] using arguments [key_0_1_16456,value_16456],  with error: EndorseError: 2 UNKNOWN: too many requests for /gateway.Gateway, exceeding concurrency limit (500)
Details:
2026.09.04-19:12:35.607[31m error[39m [caliper] [connectors/peer-gateway/PeerGateway] 	Failed to perform submit transaction [Set] using arguments [key_0_1_16450,value_16450],  with error: EndorseError: 2 UNKNOWN: too many requests for /gateway.Gateway, exceeding concurrency limit (500)
Details:
2026.09.04-19:12:35.608[31m error[39m [caliper] [connectors/peer-gateway/PeerGateway] 	Failed to perform submit transaction [Set] using arguments [key_0_1_16451,value_16451],  with error: EndorseError: 2 UNKNOWN: too many requests for /gateway.Gateway, exceeding concurrency limit (500)
Details:
2026.09.04-19:12:35.610[31m error[39m [caliper] [connectors/peer-gateway/PeerGateway] 	Failed to perform submit transaction [Set] using arguments [key_0_1_16459,value_16459],  with error: EndorseError: 2 UNKNOWN: too many requests for /gateway.Gateway, exceeding concurrency limit (500)
Details:
2026.09.04-19:12:35.611[31m error[39m [caliper] [connectors/peer-gateway/PeerGateway] 	Failed to perform submit transaction [Set] using arguments [key_0_1_16460,value_16460],  with error: EndorseError: 2 UNKNOWN: too many requests for /gateway.Gateway, exceeding concurrency limit (500)
Details:
2026.09.04-19:12:35.615[31m error[39m [caliper] [connectors/peer-gateway/PeerGateway] 	Failed to perform submit transaction [Set] using arguments [key_0_1_16461,value_16461],  with error: EndorseError: 2 UNKNOWN: too many requests for /gateway.Gateway, exceeding concurrency limit (500)
Details:
2026.09.04-19:12:35.617[31m error[39m [caliper] [connectors/peer-gateway/PeerGateway] 	Failed to perform submit transaction [Set] using arguments [key_0_1_16462,value_16462],  with error: EndorseError: 2 UNKNOWN: too many requests for /gateway.Gateway, exceeding concurrency limit (500)
Details:
2026.09.04-19:12:35.623[31m error[39m [caliper] [connectors/peer-gateway/PeerGateway] 	Failed to perform submit transaction [Set] using arguments [key_0_1_16463,value_16463],  with error: EndorseError: 2 UNKNOWN: too many requests for /gateway.Gateway, exceeding concurrency limit (500)
Details:
2026.09.04-19:12:35.624[31m error[39m [caliper] [connectors/peer-gateway/PeerGateway] 	Failed to perform submit transaction [Set] using arguments [key_0_1_16464,value_16464],  with error: EndorseError: 2 UNKNOWN: too many requests for /gateway.Gateway, exceeding concurrency limit (500)
Details:
2026.09.04-19:12:35.627[31m error[39m [caliper] [connectors/peer-gateway/PeerGateway] 	Failed to perform submit transaction [Set] using arguments [key_0_1_16465,value_16465],  with error: EndorseError: 2 UNKNOWN: too many requests for /gateway.Gateway, exceeding concurrency limit (500)
Details:
2026.09.04-19:12:35.630[31m error[39m [caliper] [connectors/peer-gateway/PeerGateway] 	Failed to perform submit transaction [Set] using arguments [key_0_1_16466,value_16466],  with error: EndorseError: 2 UNKNOWN: too many requests for /gateway.Gateway, exceeding concurrency limit (500)
Details:
2026.09.04-19:12:35.635[31m error[39m [caliper] [connectors/peer-gateway/PeerGateway] 	Failed to perform submit transaction [Set] using arguments [key_0_1_16467,value_16467],  with error: EndorseError: 2 UNKNOWN: too many requests for /gateway.Gateway, exceeding concurrency limit (500)
Details:
2026.09.04-19:12:35.638[31m error[39m [caliper] [connectors/peer-gateway/PeerGateway] 	Failed to perform submit transaction [Set] using arguments [key_0_1_16468,value_16468],  with error: EndorseError: 2 UNKNOWN: too many requests for /gateway.Gateway, exceeding concurrency limit (500)
Details:
2026.09.04-19:12:35.641[31m error[39m [caliper] [connectors/peer-gateway/PeerGateway] 	Failed to perform submit transaction [Set] using arguments [key_0_1_16469,value_16469],  with error: EndorseError: 2 UNKNOWN: too many requests for /gateway.Gateway, exceeding concurrency limit (500)
Details:
2026.09.04-19:12:35.644[31m error[39m [caliper] [connectors/peer-gateway/PeerGateway] 	Failed to perform submit transaction [Set] using arguments [key_0_1_16470,value_16470],  with error: EndorseError: 2 UNKNOWN: too many requests for /gateway.Gateway, exceeding concurrency limit (500)
Details:
2026.09.04-19:12:35.647[31m error[39m [caliper] [connectors/peer-gateway/PeerGateway] 	Failed to perform submit transaction [Set] using arguments [key_0_1_16471,value_16471],  with error: EndorseError: 2 UNKNOWN: too many requests for /gateway.Gateway, exceeding concurrency limit (500)
Details:
2026.09.04-19:12:35.651[31m error[39m [caliper] [connectors/peer-gateway/PeerGateway] 	Failed to perform submit transaction [Set] using arguments [key_0_1_16472,value_16472],  with error: EndorseError: 2 UNKNOWN: too many requests for /gateway.Gateway, exceeding concurrency limit (500)
Details:
2026.09.04-19:12:35.655[31m error[39m [caliper] [connectors/peer-gateway/PeerGateway] 	Failed to perform submit transaction [Set] using arguments [key_0_1_16473,value_16473],  with error: EndorseError: 2 UNKNOWN: too many requests for /gateway.Gateway, exceeding concurrency limit (500)
Details:
2026.09.04-19:12:35.660[31m error[39m [caliper] [connectors/peer-gateway/PeerGateway] 	Failed to perform submit transaction [Set] using arguments [key_0_1_16474,value_16474],  with error: EndorseError: 2 UNKNOWN: too many requests for /gateway.Gateway, exceeding concurrency limit (500)
Details:
2026.09.04-19:12:35.660[31m error[39m [caliper] [connectors/peer-gateway/PeerGateway] 	Failed to perform submit transaction [Set] using arguments [key_0_1_16475,value_16475],  with error: EndorseError: 2 UNKNOWN: too many requests for /gateway.Gateway, exceeding concurrency limit (500)
Details:
2026.09.04-19:12:35.664[31m error[39m [caliper] [connectors/peer-gateway/PeerGateway] 	Failed to perform submit transaction [Set] using arguments [key_0_1_16476,value_16476],  with error: EndorseError: 2 UNKNOWN: too many requests for /gateway.Gateway, exceeding concurrency limit (500)
Details:
2026.09.04-19:12:35.667[31m error[39m [caliper] [connectors/peer-gateway/PeerGateway] 	Failed to perform submit transaction [Set] using arguments [key_0_1_16477,value_16477],  with error: EndorseError: 2 UNKNOWN: too many requests for /gateway.Gateway, exceeding concurrency limit (500)
Details:
2026.09.04-19:12:35.744[32m info [39m [caliper] [default-observer] 	[blockutil-300-tps Round 1 Transaction Info] - Submitted: 16217 Succ: 13910 Fail:1997 Unfinished:310
2026.09.04-19:12:37.330[31m error[39m [caliper] [connectors/peer-gateway/PeerGateway] 	Failed to perform submit transaction [Set] using arguments [key_0_1_16974,value_16974],  with error: CommitStatusError: 2 UNKNOWN: too many requests for /gateway.Gateway, exceeding concurrency limit (500)
Details:
2026.09.04-19:12:37.340[31m error[39m [caliper] [connectors/peer-gateway/PeerGateway] 	Failed to perform submit transaction [Set] using arguments [key_0_1_16976,value_16976],  with error: CommitStatusError: 2 UNKNOWN: too many requests for /gateway.Gateway, exceeding concurrency limit (500)
Details:
2026.09.04-19:12:37.341[31m error[39m [caliper] [connectors/peer-gateway/PeerGateway] 	Failed to perform submit transaction [Set] using arguments [key_0_1_16977,value_16977],  with error: SubmitError: 2 UNKNOWN: too many requests for /gateway.Gateway, exceeding concurrency limit (500)
Details:
2026.09.04-19:12:37.342[31m error[39m [caliper] [connectors/peer-gateway/PeerGateway] 	Failed to perform submit transaction [Set] using arguments [key_0_1_16979,value_16979],  with error: EndorseError: 2 UNKNOWN: too many requests for /gateway.Gateway, exceeding concurrency limit (500)
Details:
2026.09.04-19:12:37.344[31m error[39m [caliper] [connectors/peer-gateway/PeerGateway] 	Failed to perform submit transaction [Set] using arguments [key_0_1_16980,value_16980],  with error: EndorseError: 2 UNKNOWN: too many requests for /gateway.Gateway, exceeding concurrency limit (500)
Details:
2026.09.04-19:12:37.348[31m error[39m [caliper] [connectors/peer-gateway/PeerGateway] 	Failed to perform submit transaction [Set] using arguments [key_0_1_16981,value_16981],  with error: EndorseError: 2 UNKNOWN: too many requests for /gateway.Gateway, exceeding concurrency limit (500)
Details:
2026.09.04-19:12:37.350[31m error[39m [caliper] [connectors/peer-gateway/PeerGateway] 	Failed to perform submit transaction [Set] using arguments [key_0_1_16982,value_16982],  with error: EndorseError: 2 UNKNOWN: too many requests for /gateway.Gateway, exceeding concurrency limit (500)
Details:
2026.09.04-19:12:37.355[31m error[39m [caliper] [connectors/peer-gateway/PeerGateway] 	Failed to perform submit transaction [Set] using arguments [key_0_1_16983,value_16983],  with error: EndorseError: 2 UNKNOWN: too many requests for /gateway.Gateway, exceeding concurrency limit (500)
Details:
2026.09.04-19:12:37.361[31m error[39m [caliper] [connectors/peer-gateway/PeerGateway] 	Failed to perform submit transaction [Set] using arguments [key_0_1_16984,value_16984],  with error: EndorseError: 2 UNKNOWN: too many requests for /gateway.Gateway, exceeding concurrency limit (500)
Details:
2026.09.04-19:12:37.361[31m error[39m [caliper] [connectors/peer-gateway/PeerGateway] 	Failed to perform submit transaction [Set] using arguments [key_0_1_16985,value_16985],  with error: EndorseError: 2 UNKNOWN: too many requests for /gateway.Gateway, exceeding concurrency limit (500)
Details:
2026.09.04-19:12:37.373[31m error[39m [caliper] [connectors/peer-gateway/PeerGateway] 	Failed to perform submit transaction [Set] using arguments [key_0_1_16987,value_16987],  with error: EndorseError: 2 UNKNOWN: too many requests for /gateway.Gateway, exceeding concurrency limit (500)
Details:
2026.09.04-19:12:37.373[31m error[39m [caliper] [connectors/peer-gateway/PeerGateway] 	Failed to perform submit transaction [Set] using arguments [key_0_1_16986,value_16986],  with error: EndorseError: 2 UNKNOWN: too many requests for /gateway.Gateway, exceeding concurrency limit (500)
Details:
2026.09.04-19:12:37.373[31m error[39m [caliper] [connectors/peer-gateway/PeerGateway] 	Failed to perform submit transaction [Set] using arguments [key_0_1_16988,value_16988],  with error: EndorseError: 2 UNKNOWN: too many requests for /gateway.Gateway, exceeding concurrency limit (500)
Details:
2026.09.04-19:12:37.381[31m error[39m [caliper] [connectors/peer-gateway/PeerGateway] 	Failed to perform submit transaction [Set] using arguments [key_0_1_16989,value_16989],  with error: EndorseError: 2 UNKNOWN: too many requests for /gateway.Gateway, exceeding concurrency limit (500)
Details:
2026.09.04-19:12:37.382[31m error[39m [caliper] [connectors/peer-gateway/PeerGateway] 	Failed to perform submit transaction [Set] using arguments [key_0_1_16991,value_16991],  with error: EndorseError: 2 UNKNOWN: too many requests for /gateway.Gateway, exceeding concurrency limit (500)
Details:
2026.09.04-19:12:37.384[31m error[39m [caliper] [connectors/peer-gateway/PeerGateway] 	Failed to perform submit transaction [Set] using arguments [key_0_1_16990,value_16990],  with error: EndorseError: 2 UNKNOWN: too many requests for /gateway.Gateway, exceeding concurrency limit (500)
Details:
2026.09.04-19:12:37.385[31m error[39m [caliper] [connectors/peer-gateway/PeerGateway] 	Failed to perform submit transaction [Set] using arguments [key_0_1_16992,value_16992],  with error: EndorseError: 2 UNKNOWN: too many requests for /gateway.Gateway, exceeding concurrency limit (500)
Details:
2026.09.04-19:12:37.392[31m error[39m [caliper] [connectors/peer-gateway/PeerGateway] 	Failed to perform submit transaction [Set] using arguments [key_0_1_16993,value_16993],  with error: EndorseError: 2 UNKNOWN: too many requests for /gateway.Gateway, exceeding concurrency limit (500)
Details:
2026.09.04-19:12:37.395[31m error[39m [caliper] [connectors/peer-gateway/PeerGateway] 	Failed to perform submit transaction [Set] using arguments [key_0_1_16995,value_16995],  with error: EndorseError: 2 UNKNOWN: too many requests for /gateway.Gateway, exceeding concurrency limit (500)
Details:
2026.09.04-19:12:37.396[31m error[39m [caliper] [connectors/peer-gateway/PeerGateway] 	Failed to perform submit transaction [Set] using arguments [key_0_1_16994,value_16994],  with error: EndorseError: 2 UNKNOWN: too many requests for /gateway.Gateway, exceeding concurrency limit (500)
Details:
2026.09.04-19:12:37.399[31m error[39m [caliper] [connectors/peer-gateway/PeerGateway] 	Failed to perform submit transaction [Set] using arguments [key_0_1_16996,value_16996],  with error: EndorseError: 2 UNKNOWN: too many requests for /gateway.Gateway, exceeding concurrency limit (500)
Details:
2026.09.04-19:12:37.417[31m error[39m [caliper] [connectors/peer-gateway/PeerGateway] 	Failed to perform submit transaction [Set] using arguments [key_0_1_16997,value_16997],  with error: EndorseError: 2 UNKNOWN: too many requests for /gateway.Gateway, exceeding concurrency limit (500)
Details:
2026.09.04-19:12:37.417[31m error[39m [caliper] [connectors/peer-gateway/PeerGateway] 	Failed to perform submit transaction [Set] using arguments [key_0_1_16998,value_16998],  with error: EndorseError: 2 UNKNOWN: too many requests for /gateway.Gateway, exceeding concurrency limit (500)
Details:
2026.09.04-19:12:37.427[31m error[39m [caliper] [connectors/peer-gateway/PeerGateway] 	Failed to perform submit transaction [Set] using arguments [key_0_1_17003,value_17003],  with error: EndorseError: 2 UNKNOWN: too many requests for /gateway.Gateway, exceeding concurrency limit (500)
Details:
2026.09.04-19:12:37.427[31m error[39m [caliper] [connectors/peer-gateway/PeerGateway] 	Failed to perform submit transaction [Set] using arguments [key_0_1_16999,value_16999],  with error: EndorseError: 2 UNKNOWN: too many requests for /gateway.Gateway, exceeding concurrency limit (500)
Details:
2026.09.04-19:12:37.428[31m error[39m [caliper] [connectors/peer-gateway/PeerGateway] 	Failed to perform submit transaction [Set] using arguments [key_0_1_17000,value_17000],  with error: EndorseError: 2 UNKNOWN: too many requests for /gateway.Gateway, exceeding concurrency limit (500)
Details:
2026.09.04-19:12:37.428[31m error[39m [caliper] [connectors/peer-gateway/PeerGateway] 	Failed to perform submit transaction [Set] using arguments [key_0_1_17004,value_17004],  with error: EndorseError: 2 UNKNOWN: too many requests for /gateway.Gateway, exceeding concurrency limit (500)
Details:
2026.09.04-19:12:37.429[31m error[39m [caliper] [connectors/peer-gateway/PeerGateway] 	Failed to perform submit transaction [Set] using arguments [key_0_1_17001,value_17001],  with error: EndorseError: 2 UNKNOWN: too many requests for /gateway.Gateway, exceeding concurrency limit (500)
Details:
2026.09.04-19:12:37.429[31m error[39m [caliper] [connectors/peer-gateway/PeerGateway] 	Failed to perform submit transaction [Set] using arguments [key_0_1_17002,value_17002],  with error: EndorseError: 2 UNKNOWN: too many requests for /gateway.Gateway, exceeding concurrency limit (500)
Details:
2026.09.04-19:12:37.429[31m error[39m [caliper] [connectors/peer-gateway/PeerGateway] 	Failed to perform submit transaction [Set] using arguments [key_0_1_17005,value_17005],  with error: EndorseError: 2 UNKNOWN: too many requests for /gateway.Gateway, exceeding concurrency limit (500)
Details:
2026.09.04-19:12:37.437[31m error[39m [caliper] [connectors/peer-gateway/PeerGateway] 	Failed to perform submit transaction [Set] using arguments [key_0_1_17006,value_17006],  with error: EndorseError: 2 UNKNOWN: too many requests for /gateway.Gateway, exceeding concurrency limit (500)
Details:
2026.09.04-19:12:37.437[31m error[39m [caliper] [connectors/peer-gateway/PeerGateway] 	Failed to perform submit transaction [Set] using arguments [key_0_1_17007,value_17007],  with error: EndorseError: 2 UNKNOWN: too many requests for /gateway.Gateway, exceeding concurrency limit (500)
Details:
2026.09.04-19:12:37.439[31m error[39m [caliper] [connectors/peer-gateway/PeerGateway] 	Failed to perform submit transaction [Set] using arguments [key_0_1_17008,value_17008],  with error: EndorseError: 2 UNKNOWN: too many requests for /gateway.Gateway, exceeding concurrency limit (500)
Details:
2026.09.04-19:12:37.443[31m error[39m [caliper] [connectors/peer-gateway/PeerGateway] 	Failed to perform submit transaction [Set] using arguments [key_0_1_17009,value_17009],  with error: EndorseError: 2 UNKNOWN: too many requests for /gateway.Gateway, exceeding concurrency limit (500)
Details:
2026.09.04-19:12:37.448[31m error[39m [caliper] [connectors/peer-gateway/PeerGateway] 	Failed to perform submit transaction [Set] using arguments [key_0_1_17011,value_17011],  with error: EndorseError: 2 UNKNOWN: too many requests for /gateway.Gateway, exceeding concurrency limit (500)
Details:
2026.09.04-19:12:37.448[31m error[39m [caliper] [connectors/peer-gateway/PeerGateway] 	Failed to perform submit transaction [Set] using arguments [key_0_1_17010,value_17010],  with error: EndorseError: 2 UNKNOWN: too many requests for /gateway.Gateway, exceeding concurrency limit (500)
Details:
2026.09.04-19:12:37.451[31m error[39m [caliper] [connectors/peer-gateway/PeerGateway] 	Failed to perform submit transaction [Set] using arguments [key_0_1_17012,value_17012],  with error: EndorseError: 2 UNKNOWN: too many requests for /gateway.Gateway, exceeding concurrency limit (500)
Details:
2026.09.04-19:12:37.455[31m error[39m [caliper] [connectors/peer-gateway/PeerGateway] 	Failed to perform submit transaction [Set] using arguments [key_0_1_17013,value_17013],  with error: EndorseError: 2 UNKNOWN: too many requests for /gateway.Gateway, exceeding concurrency limit (500)
Details:
2026.09.04-19:12:37.458[31m error[39m [caliper] [connectors/peer-gateway/PeerGateway] 	Failed to perform submit transaction [Set] using arguments [key_0_1_17014,value_17014],  with error: EndorseError: 2 UNKNOWN: too many requests for /gateway.Gateway, exceeding concurrency limit (500)
Details:
2026.09.04-19:12:37.460[31m error[39m [caliper] [connectors/peer-gateway/PeerGateway] 	Failed to perform submit transaction [Set] using arguments [key_0_1_17015,value_17015],  with error: EndorseError: 2 UNKNOWN: too many requests for /gateway.Gateway, exceeding concurrency limit (500)
Details:
2026.09.04-19:12:37.468[31m error[39m [caliper] [connectors/peer-gateway/PeerGateway] 	Failed to perform submit transaction [Set] using arguments [key_0_1_17016,value_17016],  with error: EndorseError: 2 UNKNOWN: too many requests for /gateway.Gateway, exceeding concurrency limit (500)
Details:
2026.09.04-19:12:37.468[31m error[39m [caliper] [connectors/peer-gateway/PeerGateway] 	Failed to perform submit transaction [Set] using arguments [key_0_1_17017,value_17017],  with error: EndorseError: 2 UNKNOWN: too many requests for /gateway.Gateway, exceeding concurrency limit (500)
Details:
2026.09.04-19:12:37.474[31m error[39m [caliper] [connectors/peer-gateway/PeerGateway] 	Failed to perform submit transaction [Set] using arguments [key_0_1_17018,value_17018],  with error: EndorseError: 2 UNKNOWN: too many requests for /gateway.Gateway, exceeding concurrency limit (500)
Details:
2026.09.04-19:12:37.477[31m error[39m [caliper] [connectors/peer-gateway/PeerGateway] 	Failed to perform submit transaction [Set] using arguments [key_0_1_17019,value_17019],  with error: EndorseError: 2 UNKNOWN: too many requests for /gateway.Gateway, exceeding concurrency limit (500)
Details:
2026.09.04-19:12:37.481[31m error[39m [caliper] [connectors/peer-gateway/PeerGateway] 	Failed to perform submit transaction [Set] using arguments [key_0_1_17020,value_17020],  with error: EndorseError: 2 UNKNOWN: too many requests for /gateway.Gateway, exceeding concurrency limit (500)
Details:
2026.09.04-19:12:37.484[31m error[39m [caliper] [connectors/peer-gateway/PeerGateway] 	Failed to perform submit transaction [Set] using arguments [key_0_1_17021,value_17021],  with error: EndorseError: 2 UNKNOWN: too many requests for /gateway.Gateway, exceeding concurrency limit (500)
Details:
2026.09.04-19:12:37.486[31m error[39m [caliper] [connectors/peer-gateway/PeerGateway] 	Failed to perform submit transaction [Set] using arguments [key_0_1_17022,value_17022],  with error: EndorseError: 2 UNKNOWN: too many requests for /gateway.Gateway, exceeding concurrency limit (500)
Details:
2026.09.04-19:12:37.488[31m error[39m [caliper] [connectors/peer-gateway/PeerGateway] 	Failed to perform submit transaction [Set] using arguments [key_0_1_17023,value_17023],  with error: EndorseError: 2 UNKNOWN: too many requests for /gateway.Gateway, exceeding concurrency limit (500)
Details:
2026.09.04-19:12:37.490[31m error[39m [caliper] [connectors/peer-gateway/PeerGateway] 	Failed to perform submit transaction [Set] using arguments [key_0_1_17024,value_17024],  with error: EndorseError: 2 UNKNOWN: too many requests for /gateway.Gateway, exceeding concurrency limit (500)
Details:
2026.09.04-19:12:37.497[31m error[39m [caliper] [connectors/peer-gateway/PeerGateway] 	Failed to perform submit transaction [Set] using arguments [key_0_1_17025,value_17025],  with error: EndorseError: 2 UNKNOWN: too many requests for /gateway.Gateway, exceeding concurrency limit (500)
Details:
2026.09.04-19:12:37.501[31m error[39m [caliper] [connectors/peer-gateway/PeerGateway] 	Failed to perform submit transaction [Set] using arguments [key_0_1_17026,value_17026],  with error: EndorseError: 2 UNKNOWN: too many requests for /gateway.Gateway, exceeding concurrency limit (500)
Details:
2026.09.04-19:12:37.502[31m error[39m [caliper] [connectors/peer-gateway/PeerGateway] 	Failed to perform submit transaction [Set] using arguments [key_0_1_17027,value_17027],  with error: EndorseError: 2 UNKNOWN: too many requests for /gateway.Gateway, exceeding concurrency limit (500)
Details:
2026.09.04-19:12:37.507[31m error[39m [caliper] [connectors/peer-gateway/PeerGateway] 	Failed to perform submit transaction [Set] using arguments [key_0_1_17028,value_17028],  with error: EndorseError: 2 UNKNOWN: too many requests for /gateway.Gateway, exceeding concurrency limit (500)
Details:
2026.09.04-19:12:37.510[31m error[39m [caliper] [connectors/peer-gateway/PeerGateway] 	Failed to perform submit transaction [Set] using arguments [key_0_1_17029,value_17029],  with error: EndorseError: 2 UNKNOWN: too many requests for /gateway.Gateway, exceeding concurrency limit (500)
Details:
2026.09.04-19:12:37.513[31m error[39m [caliper] [connectors/peer-gateway/PeerGateway] 	Failed to perform submit transaction [Set] using arguments [key_0_1_17030,value_17030],  with error: EndorseError: 2 UNKNOWN: too many requests for /gateway.Gateway, exceeding concurrency limit (500)
Details:
2026.09.04-19:12:37.518[31m error[39m [caliper] [connectors/peer-gateway/PeerGateway] 	Failed to perform submit transaction [Set] using arguments [key_0_1_17031,value_17031],  with error: EndorseError: 2 UNKNOWN: too many requests for /gateway.Gateway, exceeding concurrency limit (500)
Details:
2026.09.04-19:12:37.520[31m error[39m [caliper] [connectors/peer-gateway/PeerGateway] 	Failed to perform submit transaction [Set] using arguments [key_0_1_17032,value_17032],  with error: EndorseError: 2 UNKNOWN: too many requests for /gateway.Gateway, exceeding concurrency limit (500)
Details:
2026.09.04-19:12:37.521[31m error[39m [caliper] [connectors/peer-gateway/PeerGateway] 	Failed to perform submit transaction [Set] using arguments [key_0_1_17033,value_17033],  with error: EndorseError: 2 UNKNOWN: too many requests for /gateway.Gateway, exceeding concurrency limit (500)
Details:
2026.09.04-19:12:37.525[31m error[39m [caliper] [connectors/peer-gateway/PeerGateway] 	Failed to perform submit transaction [Set] using arguments [key_0_1_17034,value_17034],  with error: EndorseError: 2 UNKNOWN: too many requests for /gateway.Gateway, exceeding concurrency limit (500)
Details:
2026.09.04-19:12:37.527[31m error[39m [caliper] [connectors/peer-gateway/PeerGateway] 	Failed to perform submit transaction [Set] using arguments [key_0_1_17035,value_17035],  with error: EndorseError: 2 UNKNOWN: too many requests for /gateway.Gateway, exceeding concurrency limit (500)
Details:
2026.09.04-19:12:37.530[31m error[39m [caliper] [connectors/peer-gateway/PeerGateway] 	Failed to perform submit transaction [Set] using arguments [key_0_1_17036,value_17036],  with error: EndorseError: 2 UNKNOWN: too many requests for /gateway.Gateway, exceeding concurrency limit (500)
Details:
2026.09.04-19:12:37.535[31m error[39m [caliper] [connectors/peer-gateway/PeerGateway] 	Failed to perform submit transaction [Set] using arguments [key_0_1_17037,value_17037],  with error: EndorseError: 2 UNKNOWN: too many requests for /gateway.Gateway, exceeding concurrency limit (500)
Details:
2026.09.04-19:12:37.537[31m error[39m [caliper] [connectors/peer-gateway/PeerGateway] 	Failed to perform submit transaction [Set] using arguments [key_0_1_17038,value_17038],  with error: EndorseError: 2 UNKNOWN: too many requests for /gateway.Gateway, exceeding concurrency limit (500)
Details:
2026.09.04-19:12:37.540[31m error[39m [caliper] [connectors/peer-gateway/PeerGateway] 	Failed to perform submit transaction [Set] using arguments [key_0_1_17039,value_17039],  with error: EndorseError: 2 UNKNOWN: too many requests for /gateway.Gateway, exceeding concurrency limit (500)
Details:
2026.09.04-19:12:37.545[31m error[39m [caliper] [connectors/peer-gateway/PeerGateway] 	Failed to perform submit transaction [Set] using arguments [key_0_1_17040,value_17040],  with error: EndorseError: 2 UNKNOWN: too many requests for /gateway.Gateway, exceeding concurrency limit (500)
Details:
2026.09.04-19:12:37.548[31m error[39m [caliper] [connectors/peer-gateway/PeerGateway] 	Failed to perform submit transaction [Set] using arguments [key_0_1_17041,value_17041],  with error: EndorseError: 2 UNKNOWN: too many requests for /gateway.Gateway, exceeding concurrency limit (500)
Details:
2026.09.04-19:12:37.550[31m error[39m [caliper] [connectors/peer-gateway/PeerGateway] 	Failed to perform submit transaction [Set] using arguments [key_0_1_17042,value_17042],  with error: EndorseError: 2 UNKNOWN: too many requests for /gateway.Gateway, exceeding concurrency limit (500)
Details:
2026.09.04-19:12:37.553[31m error[39m [caliper] [connectors/peer-gateway/PeerGateway] 	Failed to perform submit transaction [Set] using arguments [key_0_1_17043,value_17043],  with error: EndorseError: 2 UNKNOWN: too many requests for /gateway.Gateway, exceeding concurrency limit (500)
Details:
2026.09.04-19:12:37.556[31m error[39m [caliper] [connectors/peer-gateway/PeerGateway] 	Failed to perform submit transaction [Set] using arguments [key_0_1_17044,value_17044],  with error: EndorseError: 2 UNKNOWN: too many requests for /gateway.Gateway, exceeding concurrency limit (500)
Details:
2026.09.04-19:12:37.560[31m error[39m [caliper] [connectors/peer-gateway/PeerGateway] 	Failed to perform submit transaction [Set] using arguments [key_0_1_17045,value_17045],  with error: EndorseError: 2 UNKNOWN: too many requests for /gateway.Gateway, exceeding concurrency limit (500)
Details:
2026.09.04-19:12:37.564[31m error[39m [caliper] [connectors/peer-gateway/PeerGateway] 	Failed to perform submit transaction [Set] using arguments [key_0_1_17046,value_17046],  with error: EndorseError: 2 UNKNOWN: too many requests for /gateway.Gateway, exceeding concurrency limit (500)
Details:
2026.09.04-19:12:37.567[31m error[39m [caliper] [connectors/peer-gateway/PeerGateway] 	Failed to perform submit transaction [Set] using arguments [key_0_1_17047,value_17047],  with error: EndorseError: 2 UNKNOWN: too many requests for /gateway.Gateway, exceeding concurrency limit (500)
Details:
2026.09.04-19:12:37.570[31m error[39m [caliper] [connectors/peer-gateway/PeerGateway] 	Failed to perform submit transaction [Set] using arguments [key_0_1_17048,value_17048],  with error: EndorseError: 2 UNKNOWN: too many requests for /gateway.Gateway, exceeding concurrency limit (500)
Details:
2026.09.04-19:12:37.574[31m error[39m [caliper] [connectors/peer-gateway/PeerGateway] 	Failed to perform submit transaction [Set] using arguments [key_0_1_17049,value_17049],  with error: EndorseError: 2 UNKNOWN: too many requests for /gateway.Gateway, exceeding concurrency limit (500)
Details:
2026.09.04-19:12:39.239[31m error[39m [caliper] [connectors/peer-gateway/PeerGateway] 	Failed to perform submit transaction [Set] using arguments [key_0_1_17547,value_17547],  with error: SubmitError: 2 UNKNOWN: too many requests for /gateway.Gateway, exceeding concurrency limit (500)
Details:
2026.09.04-19:12:39.239[31m error[39m [caliper] [connectors/peer-gateway/PeerGateway] 	Failed to perform submit transaction [Set] using arguments [key_0_1_17549,value_17549],  with error: EndorseError: 2 UNKNOWN: too many requests for /gateway.Gateway, exceeding concurrency limit (500)
Details:
2026.09.04-19:12:39.245[31m error[39m [caliper] [connectors/peer-gateway/PeerGateway] 	Failed to perform submit transaction [Set] using arguments [key_0_1_17548,value_17548],  with error: CommitStatusError: 2 UNKNOWN: too many requests for /gateway.Gateway, exceeding concurrency limit (500)
Details:
2026.09.04-19:12:39.247[31m error[39m [caliper] [connectors/peer-gateway/PeerGateway] 	Failed to perform submit transaction [Set] using arguments [key_0_1_17551,value_17551],  with error: EndorseError: 2 UNKNOWN: too many requests for /gateway.Gateway, exceeding concurrency limit (500)
Details:
2026.09.04-19:12:39.251[31m error[39m [caliper] [connectors/peer-gateway/PeerGateway] 	Failed to perform submit transaction [Set] using arguments [key_0_1_17550,value_17550],  with error: SubmitError: 2 UNKNOWN: too many requests for /gateway.Gateway, exceeding concurrency limit (500)
Details:
2026.09.04-19:12:39.255[31m error[39m [caliper] [connectors/peer-gateway/PeerGateway] 	Failed to perform submit transaction [Set] using arguments [key_0_1_17553,value_17553],  with error: EndorseError: 2 UNKNOWN: too many requests for /gateway.Gateway, exceeding concurrency limit (500)
Details:
2026.09.04-19:12:39.262[31m error[39m [caliper] [connectors/peer-gateway/PeerGateway] 	Failed to perform submit transaction [Set] using arguments [key_0_1_17555,value_17555],  with error: EndorseError: 2 UNKNOWN: too many requests for /gateway.Gateway, exceeding concurrency limit (500)
Details:
2026.09.04-19:12:39.263[31m error[39m [caliper] [connectors/peer-gateway/PeerGateway] 	Failed to perform submit transaction [Set] using arguments [key_0_1_17552,value_17552],  with error: CommitStatusError: 2 UNKNOWN: too many requests for /gateway.Gateway, exceeding concurrency limit (500)
Details:
2026.09.04-19:12:39.270[31m error[39m [caliper] [connectors/peer-gateway/PeerGateway] 	Failed to perform submit transaction [Set] using arguments [key_0_1_17554,value_17554],  with error: SubmitError: 2 UNKNOWN: too many requests for /gateway.Gateway, exceeding concurrency limit (500)
Details:
2026.09.04-19:12:39.272[31m error[39m [caliper] [connectors/peer-gateway/PeerGateway] 	Failed to perform submit transaction [Set] using arguments [key_0_1_17557,value_17557],  with error: EndorseError: 2 UNKNOWN: too many requests for /gateway.Gateway, exceeding concurrency limit (500)
Details:
2026.09.04-19:12:39.282[31m error[39m [caliper] [connectors/peer-gateway/PeerGateway] 	Failed to perform submit transaction [Set] using arguments [key_0_1_17556,value_17556],  with error: SubmitError: 2 UNKNOWN: too many requests for /gateway.Gateway, exceeding concurrency limit (500)
Details:
2026.09.04-19:12:39.283[31m error[39m [caliper] [connectors/peer-gateway/PeerGateway] 	Failed to perform submit transaction [Set] using arguments [key_0_1_17559,value_17559],  with error: EndorseError: 2 UNKNOWN: too many requests for /gateway.Gateway, exceeding concurrency limit (500)
Details:
2026.09.04-19:12:39.285[31m error[39m [caliper] [connectors/peer-gateway/PeerGateway] 	Failed to perform submit transaction [Set] using arguments [key_0_1_17560,value_17560],  with error: EndorseError: 2 UNKNOWN: too many requests for /gateway.Gateway, exceeding concurrency limit (500)
Details:
2026.09.04-19:12:39.288[31m error[39m [caliper] [connectors/peer-gateway/PeerGateway] 	Failed to perform submit transaction [Set] using arguments [key_0_1_17561,value_17561],  with error: EndorseError: 2 UNKNOWN: too many requests for /gateway.Gateway, exceeding concurrency limit (500)
Details:
2026.09.04-19:12:39.291[31m error[39m [caliper] [connectors/peer-gateway/PeerGateway] 	Failed to perform submit transaction [Set] using arguments [key_0_1_17562,value_17562],  with error: EndorseError: 2 UNKNOWN: too many requests for /gateway.Gateway, exceeding concurrency limit (500)
Details:
2026.09.04-19:12:39.293[31m error[39m [caliper] [connectors/peer-gateway/PeerGateway] 	Failed to perform submit transaction [Set] using arguments [key_0_1_17564,value_17564],  with error: EndorseError: 2 UNKNOWN: too many requests for /gateway.Gateway, exceeding concurrency limit (500)
Details:
2026.09.04-19:12:39.297[31m error[39m [caliper] [connectors/peer-gateway/PeerGateway] 	Failed to perform submit transaction [Set] using arguments [key_0_1_17563,value_17563],  with error: EndorseError: 2 UNKNOWN: too many requests for /gateway.Gateway, exceeding concurrency limit (500)
Details:
2026.09.04-19:12:39.300[31m error[39m [caliper] [connectors/peer-gateway/PeerGateway] 	Failed to perform submit transaction [Set] using arguments [key_0_1_17565,value_17565],  with error: EndorseError: 2 UNKNOWN: too many requests for /gateway.Gateway, exceeding concurrency limit (500)
Details:
2026.09.04-19:12:39.305[31m error[39m [caliper] [connectors/peer-gateway/PeerGateway] 	Failed to perform submit transaction [Set] using arguments [key_0_1_17566,value_17566],  with error: EndorseError: 2 UNKNOWN: too many requests for /gateway.Gateway, exceeding concurrency limit (500)
Details:
2026.09.04-19:12:39.307[31m error[39m [caliper] [connectors/peer-gateway/PeerGateway] 	Failed to perform submit transaction [Set] using arguments [key_0_1_17567,value_17567],  with error: EndorseError: 2 UNKNOWN: too many requests for /gateway.Gateway, exceeding concurrency limit (500)
Details:
2026.09.04-19:12:39.315[31m error[39m [caliper] [connectors/peer-gateway/PeerGateway] 	Failed to perform submit transaction [Set] using arguments [key_0_1_17569,value_17569],  with error: EndorseError: 2 UNKNOWN: too many requests for /gateway.Gateway, exceeding concurrency limit (500)
Details:
2026.09.04-19:12:39.315[31m error[39m [caliper] [connectors/peer-gateway/PeerGateway] 	Failed to perform submit transaction [Set] using arguments [key_0_1_17558,value_17558],  with error: CommitStatusError: 2 UNKNOWN: too many requests for /gateway.Gateway, exceeding concurrency limit (500)
Details:
2026.09.04-19:12:39.316[31m error[39m [caliper] [connectors/peer-gateway/PeerGateway] 	Failed to perform submit transaction [Set] using arguments [key_0_1_17570,value_17570],  with error: EndorseError: 2 UNKNOWN: too many requests for /gateway.Gateway, exceeding concurrency limit (500)
Details:
2026.09.04-19:12:39.322[31m error[39m [caliper] [connectors/peer-gateway/PeerGateway] 	Failed to perform submit transaction [Set] using arguments [key_0_1_17571,value_17571],  with error: EndorseError: 2 UNKNOWN: too many requests for /gateway.Gateway, exceeding concurrency limit (500)
Details:
2026.09.04-19:12:39.323[31m error[39m [caliper] [connectors/peer-gateway/PeerGateway] 	Failed to perform submit transaction [Set] using arguments [key_0_1_17573,value_17573],  with error: EndorseError: 2 UNKNOWN: too many requests for /gateway.Gateway, exceeding concurrency limit (500)
Details:
2026.09.04-19:12:39.336[31m error[39m [caliper] [connectors/peer-gateway/PeerGateway] 	Failed to perform submit transaction [Set] using arguments [key_0_1_17572,value_17572],  with error: EndorseError: 2 UNKNOWN: too many requests for /gateway.Gateway, exceeding concurrency limit (500)
Details:
2026.09.04-19:12:39.339[31m error[39m [caliper] [connectors/peer-gateway/PeerGateway] 	Failed to perform submit transaction [Set] using arguments [key_0_1_17577,value_17577],  with error: EndorseError: 2 UNKNOWN: too many requests for /gateway.Gateway, exceeding concurrency limit (500)
Details:
2026.09.04-19:12:39.340[31m error[39m [caliper] [connectors/peer-gateway/PeerGateway] 	Failed to perform submit transaction [Set] using arguments [key_0_1_17574,value_17574],  with error: EndorseError: 2 UNKNOWN: too many requests for /gateway.Gateway, exceeding concurrency limit (500)
Details:
2026.09.04-19:12:39.340[31m error[39m [caliper] [connectors/peer-gateway/PeerGateway] 	Failed to perform submit transaction [Set] using arguments [key_0_1_17575,value_17575],  with error: EndorseError: 2 UNKNOWN: too many requests for /gateway.Gateway, exceeding concurrency limit (500)
Details:
2026.09.04-19:12:39.341[31m error[39m [caliper] [connectors/peer-gateway/PeerGateway] 	Failed to perform submit transaction [Set] using arguments [key_0_1_17576,value_17576],  with error: EndorseError: 2 UNKNOWN: too many requests for /gateway.Gateway, exceeding concurrency limit (500)
Details:
2026.09.04-19:12:39.341[31m error[39m [caliper] [connectors/peer-gateway/PeerGateway] 	Failed to perform submit transaction [Set] using arguments [key_0_1_17578,value_17578],  with error: EndorseError: 2 UNKNOWN: too many requests for /gateway.Gateway, exceeding concurrency limit (500)
Details:
2026.09.04-19:12:39.345[31m error[39m [caliper] [connectors/peer-gateway/PeerGateway] 	Failed to perform submit transaction [Set] using arguments [key_0_1_17579,value_17579],  with error: EndorseError: 2 UNKNOWN: too many requests for /gateway.Gateway, exceeding concurrency limit (500)
Details:
2026.09.04-19:12:39.374[31m error[39m [caliper] [connectors/peer-gateway/PeerGateway] 	Failed to perform submit transaction [Set] using arguments [key_0_1_17580,value_17580],  with error: EndorseError: 2 UNKNOWN: too many requests for /gateway.Gateway, exceeding concurrency limit (500)
Details:
2026.09.04-19:12:39.374[31m error[39m [caliper] [connectors/peer-gateway/PeerGateway] 	Failed to perform submit transaction [Set] using arguments [key_0_1_17581,value_17581],  with error: EndorseError: 2 UNKNOWN: too many requests for /gateway.Gateway, exceeding concurrency limit (500)
Details:
2026.09.04-19:12:39.380[31m error[39m [caliper] [connectors/peer-gateway/PeerGateway] 	Failed to perform submit transaction [Set] using arguments [key_0_1_17586,value_17586],  with error: EndorseError: 2 UNKNOWN: too many requests for /gateway.Gateway, exceeding concurrency limit (500)
Details:
2026.09.04-19:12:39.380[31m error[39m [caliper] [connectors/peer-gateway/PeerGateway] 	Failed to perform submit transaction [Set] using arguments [key_0_1_17584,value_17584],  with error: EndorseError: 2 UNKNOWN: too many requests for /gateway.Gateway, exceeding concurrency limit (500)
Details:
2026.09.04-19:12:39.384[31m error[39m [caliper] [connectors/peer-gateway/PeerGateway] 	Failed to perform submit transaction [Set] using arguments [key_0_1_17585,value_17585],  with error: EndorseError: 2 UNKNOWN: too many requests for /gateway.Gateway, exceeding concurrency limit (500)
Details:
2026.09.04-19:12:39.385[31m error[39m [caliper] [connectors/peer-gateway/PeerGateway] 	Failed to perform submit transaction [Set] using arguments [key_0_1_17588,value_17588],  with error: EndorseError: 2 UNKNOWN: too many requests for /gateway.Gateway, exceeding concurrency limit (500)
Details:
2026.09.04-19:12:39.385[31m error[39m [caliper] [connectors/peer-gateway/PeerGateway] 	Failed to perform submit transaction [Set] using arguments [key_0_1_17587,value_17587],  with error: EndorseError: 2 UNKNOWN: too many requests for /gateway.Gateway, exceeding concurrency limit (500)
Details:
2026.09.04-19:12:39.385[31m error[39m [caliper] [connectors/peer-gateway/PeerGateway] 	Failed to perform submit transaction [Set] using arguments [key_0_1_17568,value_17568],  with error: SubmitError: 2 UNKNOWN: too many requests for /gateway.Gateway, exceeding concurrency limit (500)
Details:
2026.09.04-19:12:39.386[31m error[39m [caliper] [connectors/peer-gateway/PeerGateway] 	Failed to perform submit transaction [Set] using arguments [key_0_1_17583,value_17583],  with error: EndorseError: 2 UNKNOWN: too many requests for /gateway.Gateway, exceeding concurrency limit (500)
Details:
2026.09.04-19:12:39.386[31m error[39m [caliper] [connectors/peer-gateway/PeerGateway] 	Failed to perform submit transaction [Set] using arguments [key_0_1_17589,value_17589],  with error: EndorseError: 2 UNKNOWN: too many requests for /gateway.Gateway, exceeding concurrency limit (500)
Details:
2026.09.04-19:12:39.386[31m error[39m [caliper] [connectors/peer-gateway/PeerGateway] 	Failed to perform submit transaction [Set] using arguments [key_0_1_17591,value_17591],  with error: EndorseError: 2 UNKNOWN: too many requests for /gateway.Gateway, exceeding concurrency limit (500)
Details:
2026.09.04-19:12:39.393[31m error[39m [caliper] [connectors/peer-gateway/PeerGateway] 	Failed to perform submit transaction [Set] using arguments [key_0_1_17592,value_17592],  with error: EndorseError: 2 UNKNOWN: too many requests for /gateway.Gateway, exceeding concurrency limit (500)
Details:
2026.09.04-19:12:39.393[31m error[39m [caliper] [connectors/peer-gateway/PeerGateway] 	Failed to perform submit transaction [Set] using arguments [key_0_1_17590,value_17590],  with error: EndorseError: 2 UNKNOWN: too many requests for /gateway.Gateway, exceeding concurrency limit (500)
Details:
2026.09.04-19:12:39.401[31m error[39m [caliper] [connectors/peer-gateway/PeerGateway] 	Failed to perform submit transaction [Set] using arguments [key_0_1_17595,value_17595],  with error: EndorseError: 2 UNKNOWN: too many requests for /gateway.Gateway, exceeding concurrency limit (500)
Details:
2026.09.04-19:12:39.402[31m error[39m [caliper] [connectors/peer-gateway/PeerGateway] 	Failed to perform submit transaction [Set] using arguments [key_0_1_17593,value_17593],  with error: EndorseError: 2 UNKNOWN: too many requests for /gateway.Gateway, exceeding concurrency limit (500)
Details:
2026.09.04-19:12:39.402[31m error[39m [caliper] [connectors/peer-gateway/PeerGateway] 	Failed to perform submit transaction [Set] using arguments [key_0_1_17594,value_17594],  with error: EndorseError: 2 UNKNOWN: too many requests for /gateway.Gateway, exceeding concurrency limit (500)
Details:
2026.09.04-19:12:39.403[31m error[39m [caliper] [connectors/peer-gateway/PeerGateway] 	Failed to perform submit transaction [Set] using arguments [key_0_1_17596,value_17596],  with error: EndorseError: 2 UNKNOWN: too many requests for /gateway.Gateway, exceeding concurrency limit (500)
Details:
2026.09.04-19:12:39.410[31m error[39m [caliper] [connectors/peer-gateway/PeerGateway] 	Failed to perform submit transaction [Set] using arguments [key_0_1_17598,value_17598],  with error: EndorseError: 2 UNKNOWN: too many requests for /gateway.Gateway, exceeding concurrency limit (500)
Details:
2026.09.04-19:12:39.410[31m error[39m [caliper] [connectors/peer-gateway/PeerGateway] 	Failed to perform submit transaction [Set] using arguments [key_0_1_17597,value_17597],  with error: EndorseError: 2 UNKNOWN: too many requests for /gateway.Gateway, exceeding concurrency limit (500)
Details:
2026.09.04-19:12:39.413[31m error[39m [caliper] [connectors/peer-gateway/PeerGateway] 	Failed to perform submit transaction [Set] using arguments [key_0_1_17599,value_17599],  with error: EndorseError: 2 UNKNOWN: too many requests for /gateway.Gateway, exceeding concurrency limit (500)
Details:
2026.09.04-19:12:39.415[31m error[39m [caliper] [connectors/peer-gateway/PeerGateway] 	Failed to perform submit transaction [Set] using arguments [key_0_1_17600,value_17600],  with error: EndorseError: 2 UNKNOWN: too many requests for /gateway.Gateway, exceeding concurrency limit (500)
Details:
2026.09.04-19:12:39.419[31m error[39m [caliper] [connectors/peer-gateway/PeerGateway] 	Failed to perform submit transaction [Set] using arguments [key_0_1_17582,value_17582],  with error: SubmitError: 2 UNKNOWN: too many requests for /gateway.Gateway, exceeding concurrency limit (500)
Details:
2026.09.04-19:12:39.420[31m error[39m [caliper] [connectors/peer-gateway/PeerGateway] 	Failed to perform submit transaction [Set] using arguments [key_0_1_17602,value_17602],  with error: EndorseError: 2 UNKNOWN: too many requests for /gateway.Gateway, exceeding concurrency limit (500)
Details:
2026.09.04-19:12:39.422[31m error[39m [caliper] [connectors/peer-gateway/PeerGateway] 	Failed to perform submit transaction [Set] using arguments [key_0_1_17603,value_17603],  with error: EndorseError: 2 UNKNOWN: too many requests for /gateway.Gateway, exceeding concurrency limit (500)
Details:
2026.09.04-19:12:39.431[31m error[39m [caliper] [connectors/peer-gateway/PeerGateway] 	Failed to perform submit transaction [Set] using arguments [key_0_1_17606,value_17606],  with error: EndorseError: 2 UNKNOWN: too many requests for /gateway.Gateway, exceeding concurrency limit (500)
Details:
2026.09.04-19:12:39.431[31m error[39m [caliper] [connectors/peer-gateway/PeerGateway] 	Failed to perform submit transaction [Set] using arguments [key_0_1_17605,value_17605],  with error: EndorseError: 2 UNKNOWN: too many requests for /gateway.Gateway, exceeding concurrency limit (500)
Details:
2026.09.04-19:12:39.432[31m error[39m [caliper] [connectors/peer-gateway/PeerGateway] 	Failed to perform submit transaction [Set] using arguments [key_0_1_17604,value_17604],  with error: EndorseError: 2 UNKNOWN: too many requests for /gateway.Gateway, exceeding concurrency limit (500)
Details:
2026.09.04-19:12:39.437[31m error[39m [caliper] [connectors/peer-gateway/PeerGateway] 	Failed to perform submit transaction [Set] using arguments [key_0_1_17607,value_17607],  with error: EndorseError: 2 UNKNOWN: too many requests for /gateway.Gateway, exceeding concurrency limit (500)
Details:
2026.09.04-19:12:39.437[31m error[39m [caliper] [connectors/peer-gateway/PeerGateway] 	Failed to perform submit transaction [Set] using arguments [key_0_1_17608,value_17608],  with error: EndorseError: 2 UNKNOWN: too many requests for /gateway.Gateway, exceeding concurrency limit (500)
Details:
2026.09.04-19:12:39.440[31m error[39m [caliper] [connectors/peer-gateway/PeerGateway] 	Failed to perform submit transaction [Set] using arguments [key_0_1_17609,value_17609],  with error: EndorseError: 2 UNKNOWN: too many requests for /gateway.Gateway, exceeding concurrency limit (500)
Details:
2026.09.04-19:12:39.446[31m error[39m [caliper] [connectors/peer-gateway/PeerGateway] 	Failed to perform submit transaction [Set] using arguments [key_0_1_17610,value_17610],  with error: EndorseError: 2 UNKNOWN: too many requests for /gateway.Gateway, exceeding concurrency limit (500)
Details:
2026.09.04-19:12:39.447[31m error[39m [caliper] [connectors/peer-gateway/PeerGateway] 	Failed to perform submit transaction [Set] using arguments [key_0_1_17611,value_17611],  with error: EndorseError: 2 UNKNOWN: too many requests for /gateway.Gateway, exceeding concurrency limit (500)
Details:
2026.09.04-19:12:39.451[31m error[39m [caliper] [connectors/peer-gateway/PeerGateway] 	Failed to perform submit transaction [Set] using arguments [key_0_1_17612,value_17612],  with error: EndorseError: 2 UNKNOWN: too many requests for /gateway.Gateway, exceeding concurrency limit (500)
Details:
2026.09.04-19:12:39.455[31m error[39m [caliper] [connectors/peer-gateway/PeerGateway] 	Failed to perform submit transaction [Set] using arguments [key_0_1_17613,value_17613],  with error: EndorseError: 2 UNKNOWN: too many requests for /gateway.Gateway, exceeding concurrency limit (500)
Details:
2026.09.04-19:12:39.457[31m error[39m [caliper] [connectors/peer-gateway/PeerGateway] 	Failed to perform submit transaction [Set] using arguments [key_0_1_17614,value_17614],  with error: EndorseError: 2 UNKNOWN: too many requests for /gateway.Gateway, exceeding concurrency limit (500)
Details:
2026.09.04-19:12:39.461[31m error[39m [caliper] [connectors/peer-gateway/PeerGateway] 	Failed to perform submit transaction [Set] using arguments [key_0_1_17615,value_17615],  with error: EndorseError: 2 UNKNOWN: too many requests for /gateway.Gateway, exceeding concurrency limit (500)
Details:
2026.09.04-19:12:39.464[31m error[39m [caliper] [connectors/peer-gateway/PeerGateway] 	Failed to perform submit transaction [Set] using arguments [key_0_1_17616,value_17616],  with error: EndorseError: 2 UNKNOWN: too many requests for /gateway.Gateway, exceeding concurrency limit (500)
Details:
2026.09.04-19:12:39.468[31m error[39m [caliper] [connectors/peer-gateway/PeerGateway] 	Failed to perform submit transaction [Set] using arguments [key_0_1_17617,value_17617],  with error: EndorseError: 2 UNKNOWN: too many requests for /gateway.Gateway, exceeding concurrency limit (500)
Details:
2026.09.04-19:12:39.471[31m error[39m [caliper] [connectors/peer-gateway/PeerGateway] 	Failed to perform submit transaction [Set] using arguments [key_0_1_17618,value_17618],  with error: EndorseError: 2 UNKNOWN: too many requests for /gateway.Gateway, exceeding concurrency limit (500)
Details:
2026.09.04-19:12:39.473[31m error[39m [caliper] [connectors/peer-gateway/PeerGateway] 	Failed to perform submit transaction [Set] using arguments [key_0_1_17619,value_17619],  with error: EndorseError: 2 UNKNOWN: too many requests for /gateway.Gateway, exceeding concurrency limit (500)
Details:
2026.09.04-19:12:40.745[32m info [39m [caliper] [default-observer] 	[blockutil-300-tps Round 1 Transaction Info] - Submitted: 17716 Succ: 15404 Fail:2214 Unfinished:98
2026.09.04-19:12:42.564[32m info [39m [caliper] [connectors/peer-gateway/PeerGateway] 	disconnecting gateway for user User1
2026.09.04-19:12:42.564[32m info [39m [caliper] [connectors/peer-gateway/PeerGateway] 	disconnecting gateway for user _Org2MSP_User1Org2
2026.09.04-19:12:42.564[32m info [39m [caliper] [connectors/peer-gateway/PeerGateway] 	disconnecting gRpc client at peer peer0.org1.example.com
2026.09.04-19:12:42.564[32m info [39m [caliper] [connectors/peer-gateway/PeerGateway] 	disconnecting gRpc client at peer peer0.org2.example.com
2026.09.04-19:12:42.565[32m info [39m [caliper] [worker-message-handler] 	Worker#0 finished Round#1
2026.09.04-19:12:47.568[32m info [39m [caliper] [default-observer] 	Resetting txCount indicator count
2026.09.04-19:12:47.568[32m info [39m [caliper] [report-builder] 	### Test result ###
2026.09.04-19:12:47.569[32m info [39m [caliper] [report-builder] 	
+-------------------+-------+------+-----------------+-----------------+-----------------+-----------------+------------------+
| Name              | Succ  | Fail | Send Rate (TPS) | Max Latency (s) | Min Latency (s) | Avg Latency (s) | Throughput (TPS) |
|-------------------|-------|------|-----------------|-----------------|-----------------|-----------------|------------------|
| blockutil-300-tps | 15787 | 2214 | 300.0           | 2.17            | 0.24            | 1.10            | 296.7            |
+-------------------+-------+------+-----------------+-----------------+-----------------+-----------------+------------------+

2026.09.04-19:12:47.569[32m info [39m [caliper] [round-orchestrator] 	Finished round 2 (blockutil-300-tps) in 60.702 seconds
2026.09.04-19:12:47.569[32m info [39m [caliper] [monitor.js] 	Stopping all monitors
2026.09.04-19:12:47.569[32m info [39m [caliper] [report-builder] 	### All test results ###
2026.09.04-19:12:47.570[32m info [39m [caliper] [report-builder] 	
+-------------------+-------+------+-----------------+-----------------+-----------------+-----------------+------------------+
| Name              | Succ  | Fail | Send Rate (TPS) | Max Latency (s) | Min Latency (s) | Avg Latency (s) | Throughput (TPS) |
|-------------------|-------|------|-----------------|-----------------|-----------------|-----------------|------------------|
| warmup            | 1001  | 0    | 50.1            | 2.16            | 0.06            | 1.09            | 49.2             |
|-------------------|-------|------|-----------------|-----------------|-----------------|-----------------|------------------|
| blockutil-300-tps | 15787 | 2214 | 300.0           | 2.17            | 0.24            | 1.10            | 296.7            |
+-------------------+-------+------+-----------------+-----------------+-----------------+-----------------+------------------+

2026.09.04-19:12:47.578[32m info [39m [caliper] [report-builder] 	Generated report with path /home/user/projects/pqc-energy-trading/env/caliper/e1/report.html
2026.09.04-19:12:47.579[32m info [39m [caliper] [monitor.js] 	Stopping all monitors
2026.09.04-19:12:47.579[32m info [39m [caliper] [worker-orchestrator] 	Sending exit message to connected workers
2026.09.04-19:12:47.579[32m info [39m [caliper] [round-orchestrator] 	Benchmark finished in 98.626 seconds. Total rounds: 2. Successful rounds: 2. Failed rounds: 0.
2026.09.04-19:12:47.579[32m info [39m [caliper] [caliper-engine] 	Network configuration attribute "caliper.command.end" is not present, skipping end command
2026.09.04-19:12:47.579[32m info [39m [caliper] [cli-launch-manager] 	Benchmark successfully finished!
2026.09.04-19:12:47.579[32m info [39m [caliper] [worker-message-handler] 	Worker#0 is exiting
[E1] Benchmark finished.
[E1] finished_at=2026-09-04T19:12:47+03:30
[E1] Raw timing files:
blockutil-300_ecdsa_block_heights.csv	101 bytes
blockutil-300_ecdsa_commit_blockutil-300-tps_worker0_1788536562561.csv	180770 bytes
blockutil-300_ecdsa_endorse_blockutil-300-tps_worker0_1788536562557.csv	143212 bytes
[E1] Block-height markers:
marker,height
before_warmup,7
after_warmup,17
before_blockutil-300-tps,17
after_blockutil-300-tps,49
[E1] Run completed successfully for namespace: blockutil-300_ecdsa
