start_offset_ms,latency_ms,status,tx_id
0.000000,2959.328144,success,2cb8f8ffae22f0dad2bc06d7811b7cf3be6cce778cd3aaa4a12220545411fdb9
16.893758,2942.231193,success,bb434a64feb46dea995a35191094710bdad07e43457a632c4d0a2bcbf88bb49f
36.545110,2922.976199,success,25f392dc5152d0319f46c0356c87bf919768b8b7b56b86beccafd3788a4378c0
53.151336,2906.564280,success,c9a3efd322a2ed7561e48c32ae1f59be71acfa573d9a5441ea980dcb987d099a
72.132543,2887.776217,success,b4d5057a8c54f779c2a1bf7c5452a648ed20d443cfcd39071bdd246f7b5932ac
91.012689,2863.537039,success,3b766616c1919961a15fd617e81f3057134ae6ec7994121fcfa2ceab8e6ca30b
109.892555,2845.281110,success,152b0e08853ef9a667ad0c9667ad1c04e2d8c3b41975b73241ef772521f26b28
128.540112,2826.438114,success,0fa07b012436ba1f648bbc59f8c4ac7e2fe686f3ce8f67f5b71e86dd6890dd98
147.606340,2807.785377,success,68a4b1ffe027f6ebf82b890dd625e19bb6372e1c0021d409f1eaa01a8f40f88f
164.102398,2792.230535,success,66f7c6b71a8bd257737fc0adbd915485a7f64cb2a10ab87b2cb6484782d2c488
183.036386,2771.733728,success,65073a2a9eb9fb19e0b13c1e30efb19f4ad9bbeccf6fd2c0c9265d3e5767f82f
201.047432,2756.802163,success,ffbfe45590bea01c4f53e3d4a4a661386369710e1bef7f00e7510d2dfd857965
221.663604,2734.918369,success,ee319b82bff981dee097b8368e900c5b2083bb4341dc47d1445c47dbcee649e7
239.560285,2717.485072,success,b126b7b2dde7400705175d1dde602dd288a9c6c6d5954916b651e682dd10ff64
258.422357,2699.620823,success,d3604811c434cef96b68e2636a4e00c177ca36feb82555ac2715aea2f51cb0cf
276.622741,2681.614715,success,7182c84256b2bec12e50684566e82865e25fe85ecf6fd3ec8d1cb795c34e5d66
295.582458,2661.245198,success,7cf9770ea10710e116eb2d9de4a9e8f38f1b024bdc76b8bad2f1b7d3fa76fc1d
312.804084,2644.442803,success,953b8fbb31f65a6e2d9ca92f21117de1300c170c1c63e83ba0530122ab391d65
331.828032,5680.484072,success,62d9b30811cc4bd2ed6349867d31ac81d3d9440abf615c24c8c3ee15b30e161c
349.722369,5661.392126,success,a0fb1b2349ccd115c594aba286e36a16da69adc9c7f48d0ea849b8a9690b0927
367.794039,5644.320132,success,636b9581cf1471533548541797835bfce4e6bcd8b02d89a67647f28b3a0baba1
386.775297,2571.674260,success,8d08c6eef9d5ecea49a25a0699636c31ac7f522166a7cf0aa3f6a444bfc8295a
406.611307,2546.996814,success,4882d9d43bd3f3facf84f8fd1f32847f3aba670894544997846c87a4f22d2d6f
422.959375,5600.638966,success,0f5709f89b41244af89cc9a89b8fb084b220d73beb015b33e9c75439c5158b76
442.745992,5567.416987,success,0ca1dc743afa6e77d6cfca6ef19da44d6a3ff90250e7a25d81b08ddda3bdc4ad
461.650294,5560.973057,success,d501fe2412053fd451cef04a3168594f3f6f33b7bcca408722192b85e94b5949
478.754008,5532.567537,success,97ad309452fe73ec3541e9734b5f0530c4c015e819b096a95ccd9c48520dfc03
498.910102,5530.371272,success,65b63c971250c56699e507d4106e23fcff3d6ff454bfe23375affc1a12926078
516.805881,2442.040665,success,a162098cd9a657b6fd1bbc4a1f5b56df42899d38788d89a6cdd2ef4d6a4a81c9
536.564796,5474.347728,success,57c8563486ac1befc85790be7d47cbdc09d2376d24260c78355c4d2d13d69626
554.484029,5474.350202,success,1dce34e548472cf20ab7d0c646687361bc898052b5e4cf254eeb7f54f7b40082
573.252715,2385.396448,success,c133fcdfa890ae500160cd92163e964c36f13c415c30287b0491c0c218680141
592.081425,7399.255125,success,5501f2d32b252e2a06eab14f68d9c18a4d0e93fe4d0ce162d74a873bcfda11a8
608.784533,7382.503716,success,e4561ea0598fa6eeb0464aab9ec3de16e90df2aebe2a6758f6cc5956d1c5b486
627.772904,7363.521437,success,483644f9098b77ddf0e505667708769c565b06f83e138812656ae1a1d200a5ee
646.787634,7340.865646,success,09f3a3312c92b3c0ffaf42ecd95d8704f95de6274a6c2b16bf08e2b40f0892bd
664.845108,7322.178124,success,541463343ac74a0712a5dc55c8d9b52936c6b160332d4d0cd5df430d1925f3cb
683.750132,5339.109004,success,d461a111515e37312fade0844c1f4fee5a37710c2685d5ab7b40b4c6a1a1e80c
701.850707,7289.467359,success,20f28171f0a3d2aa44c3da095d8a2bee11c089fe14921412674367ef03655ead
720.776680,7270.519695,success,93ba3fa74841fd7cff2a0a4fdcc202406c8c6de02e53e3bebf1514435bee2638
739.759660,2217.695731,success,47d17f3ac7189b2bca53d93e32f19b8018aeebdc89f9be296a8ba78c2a015787
758.701763,2198.954587,success,cf97b915208a3f0cc2aca71f87eb1a45ec960f40681dd95753e7e98bcc83db9c
775.789398,5257.482166,success,a825f4e0fd19d8f89cf87c7f22f67ff560ec0d79d01b21b621c16556da6d4132
794.810340,5228.274342,success,029b919734393984f77f5d12dfef3bdb975d12c83209cbe367f2d79e4e50f368
812.744040,7174.704424,success,b84372f4ecf08f1738a0b4d2aeeb8a25596a5f1cdf19af13f312009974f1bb2b
832.638480,5180.053151,success,ba02e341053fff0818a421ee604e12f8f6523ccbeec393a7ac76a4ad48ecc204
852.208489,7139.138962,success,f5289eb803381a8276d8925b342ead51afc070c2830a0bab780d3684c91aa549
867.778339,10203.375005,success,ecb2086f5116927b9d32e103a881e13508b236c8a082a682e8038f161924c6ed
888.418847,5123.106042,success,ed233539074bab912c6b42bf7af1f01910dce1bbaf806bea3a07b6375d89bc6b
905.812138,7085.479748,success,b1aaaa7e6ded8d4987e06308418c1abd438dcd55ce7a5187bbda8cedfd760466
923.849754,7067.480214,success,a1da84ae99a929232eb89b6b8e187154b74c351a5bcbe17606516f4cb1db1869
942.870947,5090.932420,success,75b7e15768c3ef712b8a24b533a5c3e92f896c45b873c1f3c32a0166a47d6214
960.766826,5072.509607,success,3ef060faecebbdc8ed3201f29c10a25f84743538d14b64cf733e0e59229090a4
980.615299,7005.877421,success,44889266f06c2121931d894a98c5f82f2c9e44a4db382776afbc6f75d60ac149
998.877630,10073.052439,success,c9f572da06a5d3cb188f461effbd22c488fcda1babefe650809cc380f5138630
1016.741599,6974.569794,success,b3e6fc61260969412b340aaac9c4deb7ec2cbc75aadbda7cbc44b41a1358746a
1035.751330,10036.372054,success,b02b4cc467de58f0f4733b7c42855411a780c90c3d6923244def1fff47e14e25
1053.822820,6937.140015,success,286c0fd9c35b33fb7e61b44c89ba8b06df8bc4741f08ad814fe4467f1438205e
1072.774211,10038.266897,success,ca366639b750fdc2c44791c769d7e908a9b295c58637f4f98dc4c0c2e58ca8a1
1090.750151,6900.565750,success,a3242e35333cb006942011953de8718ac668177245f0415b6e331edeeab257bc
1110.623101,9962.254396,success,e4d7d87f467da841be554d06e98bc244f5a4bba179d26e08ebaa86d8e06aba69
1127.753505,6863.552969,success,668e15ed4f552b292c0f2597844ac1fecbbbe28b16aa055ee8629c7630b8412b
1146.718211,4877.092751,success,c67ee02f16d06006302d1d216d572c7139295da4a05e2f29f0aad18565baa359
1164.869652,9945.057434,success,0c97f6853828d3e32dbaad6bfccb229d2412aa83f90ca19403cea6c76581e835
1183.814671,4845.239044,success,d4d3135afcf59856600f0bf88fc8b7eaf9362328643064d0605a8c5fa46017dd
1202.298620,4809.608390,success,d0f353fe6394046beb58653d249b2deb352461e8e0b96e8940ff90d1ca870e23
1220.079742,9851.663274,success,e8ccd8a0d8b25d9a579df3d5f71f14424e07f0b940ff5f07f18ad3e38b0b6344
1237.802244,4772.686811,success,2c4257cf7a5353fcd9f5f4b766c0ef50ec58069c9ad8e3851e2bfece91208481
1263.609662,4748.110616,success,1555087ece00ae3ce3e0f1b0796c2f414658c6c65bd4cddccd9fbd92133497b7
1275.809102,12968.534958,success,754472222e0aa8d66a4c81f41904f7fb2829ec350e176817d5a3312ea8e94ee3
1294.796280,4717.707256,success,88fc1db33e01ea952435abd965582bc21a2e7533b2d91bc149272a3f0432bfe8
1313.694590,12216.577414,failure,6018d0f51d1551099d509f3ca88bd76f3a5be1f05483ffb2e1c3d56731818a52
1332.608851,4678.100179,success,a95a7824c276a2c434c5fc3909b77717dd770364e737c1784a5f574a68053a42
1349.764573,12183.568507,failure,95fc7c859b56fc0ddbd091cc4c8308ea325f5dbeaf834f766590dedc1cf4e2d6
1369.631371,12893.566604,success,d31cdad67453350bfecb2563bc3e5b283f7239f497de656085a6387ef5fd3f64
1387.446939,6603.854385,success,6bafc12c9e1cc11df537bedac33bcf8d6df24542b4cca79427b0f8a7da439133
1405.723316,12839.706312,success,f5cdb4c07db173fdaba567ca8531091627ffe2a3e9279ebd0f980fec29474944
1423.710748,9647.648434,success,e0246cacd8d7e1c1e1d515ea41cea61d66407dfd272a0d1a1be7f09d22216196
1442.729395,12087.159286,failure,2719962dde9f5f4c6e78100323a10c3aee5967eaf9fb9edfc0a9b443d3f8476f
1461.601336,14622.097160,success,eb0a8c6f3e89aca55e4a0771284bfa7f8e830f821ffc943cd0141bdb742fe9db
1479.766363,11885.886535,failure,5dcaf376d4f08e70405c0184d7cb849cfcefce8ced3a9c9ee04549e1978592e2
1498.755294,12764.994021,success,5285d69e155a78207db505eb9b896ef369e040d0a2a648a6c19a5cdea3014489
1516.779856,9554.169763,success,15b596a1f0ada02ed77c75e339869a4646696e9436185d62c9f26cb244c19b51
1541.625790,6449.683289,success,9a5c98a0bea8dc948e082fff028228a7260a56511fcacf2246f8522cd0baadc4
1554.221397,10291.714329,failure,995aef7a94c38a5282b5f990c98ccd81f515116386803595109278636972bc06
1573.461022,10196.465533,failure,423af97d086ad289856bb75c414d1546751310e8ff3d890d2d8a43b18024d786
1590.783759,6400.539055,success,0acd928b27c4b744ba32958167d6ef2aa059b91bdcebbc79adb48f66567fd8f4
1609.908918,12655.927265,success,cf06f7e88b9355a9a49f94d14ad7662fc3d9858da369163bd78b37ea16aa166c
1626.784011,12636.784833,success,c6456496612cbdcf8db2f79d50d21d47840860171076e6796a4d3b3510b35f10
1646.766718,9423.931717,success,5afc92eb65093e90ae69dc1c12c9c0789884416c75b6b691609fd76011bf47a6
1664.762004,9407.930193,success,1eebbc6dd36f682940dabd4e6e85502e36956cf04067bb08a2367221e103435a
1682.770676,11847.554048,failure,a2752c0ac9f3e696340fbf81097c995fde8960b02c8e5bcc027f2d416edd576c
1702.623227,9407.681932,success,67bfea031fe73cd9d9db757bd65abf31afb852352b728573b7cba98e131a3c91
1721.407703,11820.523561,failure,31d7ecddfbe6edf7f8117153159bd4d6faa1ec0260ef866ded8e14f0aa4e6f74
1738.184340,12507.784425,success,f0d7931b5beddd0276e4672041cbe2592cee4455c929ab65443269085a35a367
1757.063665,11488.648930,failure,9179869983e611d9e2aa460cfa044a2f8cdbb9aa97b9efbea32080daeaaa97ee
1774.706606,12471.772663,success,47b0c436bdaa7b4a4473770ab730e9e1189c8195d6bf3a476131536f4e6e98c7
1794.719761,11735.020229,failure,dad6654034d0ff55603623d6713bac98bd8f5633ac956b5fbb0b8ef897cc82f2
1812.710599,13816.852225,success,1e7182c7b405a2db55ec88236c06e0a3396da8e0bee670c27d8cf02ad53be677
1832.434577,6158.899499,success,4e626a7c9c77915662bee1c50a141ce62588bf9c770cb297ad2462d9e94b9bbc
1849.113921,13656.791539,failure,045e82f1084e46dd984763dd411aaad1e3485bd4718d20d7da83ab96f7f3e0a0
1867.973328,11497.358694,failure,e38331441cc0ad668605752123736e44712926da1bbbb3d63b6de8349942cbaf
1886.710524,12359.095073,success,fc53a881b64e5e0e305f932b694180097760ea8bd1e280c711a604bf2df41509
1906.419875,15405.170935,failure,b3f7c95f3aa01473bd9d14a1906cc5accb78d8d9de03d24f5513ce13744b0927
1922.703913,13707.241894,success,c676706b5c30e9fa8c6cb14ce145ab0ceb23350480526f4104a7ce25fa1f6aaf
1942.714993,16450.962558,success,1af08194c80cfa4757ced55b14165cbb975bbe720b9e7584ce80465b938c8bd4
1961.000487,14121.960838,success,e096248901d88505ca46003717e9f6ed3d9bb7ee62bc22ae193d36e9c384c51d
1979.696476,15231.529050,failure,9cb30f174a4012e42060cf8e2c684a81e097d6cce3d5d12b2a74eafdb15a0963
2002.353138,12260.662843,success,446a19a3ad3caec791c440cb15d67a0f8e51c6628109468f7dcdc06367a89d42
2015.989500,14067.542151,success,706b359f7dea1dc8f5f7cb5b47551c3aeb915f6f227e9893680b413b2e92ad30
2034.803792,13729.133839,failure,fd2c81ca5cdb6e5cc0807159dbd389e547c1cfb838840c27825c3ddd35dedc94
2053.763558,5937.562102,success,14983a3f644bb48c1559c42ca5fd57b8eef418f91fdf1e07b1613767357e16a1
2072.846146,11516.661358,failure,b6eb616d7f7d66e8e15a02c5e0936a50847b19a34b83b5979e31421f357d7994
2091.283096,16047.947193,failure,e0f91ce94cb7bbb6d0114b7d721fdd693caaf3f95664e81c7db87a950f56c890
2108.799409,13521.503281,success,e45b269ee7160be741b8a25080b63a9971713ac1112f60bd04f712fff2fd3627
2127.760077,15093.883797,failure,af92b1a811ab4f5fcb0e50663ed5a7a9475018c8f3401de80ff64709269c2b7a
2146.748768,15917.192453,failure,7d6b3461d06c42c55bed20ea3687c6e6f2c979387f4acc1fcd4fe737f47933b9
2167.199177,14801.279031,failure,af483a706c9d8922d1623f3f0278ebc2142c42071cbef7006e5918d0a2bdad70
2182.741996,15031.151163,failure,77f1418f6e2c459572df0b30f480909b3d86e3fb36817ef058eb5e5e4a060096
2201.769420,8910.186183,success,6d944abee462baebcd225bb6a6061da4c29f806467e872751b7e5433f803e099
2220.718957,14747.467701,failure,2026b3399743bb9b1080a56efb9886cebc822785f06bb970be127dd3f57cfb17
2238.771081,8871.342096,success,0f46c63bec00979e62e28ee7401a5920731508dada95385f8198582190565bf4
2257.792012,14798.794864,failure,8c32a7ee604dedd4f983af2523a3e79b02decdf58a7fb0506cea2a7a6d22fd00
2275.720412,9940.832668,failure,7a00dab1557a519b93b75c26a5d8e4c4a16c5f82bdf6e58aed77fbd7fc9429e4
2295.515906,3691.962860,success,3bc344f014591908a8a1824f22acd46908cbdb0c7a1c424ceb43c4ca47a857f4
2312.730990,19291.088363,success,a2d3c1ce6d2f44f4aa0c7fa56891dcaebe66ef998a9cc885cef7eeb679eec972
2331.713129,12682.471621,failure,36bfbedc9fc2c5bb846028f36428cfa84a2de3e089eca2db8684ea857d9671b1
2349.729625,15752.970608,failure,a76b64cc0a8208a20284ff7d329c2ed60ed7a87d67fd91a6a6d49dd3fdaf2b04
2368.730870,3654.576732,success,bab39d34cc370c097e79f39cc71460dd31fb70f44f70e048adaf15f40556f524
2386.729613,3637.331912,success,f30c15be8cf75f26beef30d6fe61ad8e65e6cb73ba2406bd7ea99d9a161af88f
2405.718414,15755.299846,failure,cf5fda419e9979f8178c3a1980145998ff6bf022605c88700c13beb57363a70e
2423.811214,12844.411501,failure,8a94be7f436db0a3a56cf7096884ab106fc676947f592fb34b0ee7edfd3ae9cf
2442.935591,15718.458057,failure,2cbedf96bb5afd8c5e4338143b5caa6d7378f05c22e7e6bd0814815bd5054e3e
2460.739186,11081.492034,failure,7fa9c71995b252ea5d71271861d673f05863d225cc12989ab9724e3592392d1b
2479.756531,14558.127165,failure,dbf68718450b6aee60be0bbbe0dbf2a55283e5a4da7b360b1d7e50f3a7ca23f8
2498.737597,5488.066421,success,81cb7596005ff98c8d08ee46933d3daf865c4f63b2803dd90f087d95d27b5fdd
2517.733222,5469.496840,success,92ca0385489ca3fab1ca0c4378c6550c2a525101c21d85c6cd28199bdd87b6be
2536.943521,12964.778124,failure,a7e1e49c393059561a17cb9971e92a3309ee56932b5f35c8eba4d2a5d56ac1a0
2553.104285,8519.216151,success,d1a02949501517d3ca3f38ec365a6d952c9766e0f21955e7745358a03d95872f
2572.468044,8500.042491,success,122820ca2dcbc3ed3f7a2b7ef13db7ffb7df0ccc52f867455a2a5560398f0893
2591.004021,18376.533493,failure,fd8b82cc653c3bccd87185f09c561405fbe9aa915c5457acaa10c328075ee8be
2608.988527,17736.040372,failure,117d4cd14a1f9f69caffdaad2881943a50818d257cd4646940b92458ebf77c11
2626.927477,18975.875368,success,cbe3adf9826feae76cad27ceeafaf22c8ca3460397d43790597d4879d2df52cf
2646.824161,11616.564483,success,b18a09c7778eea0b35ca3871da69ca78a16cabf42168cb393ad0e3928bd657df
2664.689402,9558.361659,failure,b821854168084e1f89fb0387eb687d50ec2f8f0b4f769fdb1b671a2a527c44f0
2684.365050,15519.529300,failure,2a5a8c2253242b703e754466c54505bf1b8fc943434e6968e9add11a732102ef
2701.021670,15692.475030,success,181c9d6e63feecb5e79e6601309dc5be04a8719e964fe1efeab070a348eda4f7
2719.896326,15666.649849,success,87499b5a21c24b277ae2a23dae8e91c6e8613decac6a9d6923f462baf4fc6daf
2738.847205,18864.482324,success,5a5022de251b22a81db78888f69c9c179642559bbf7fcf98aad253496c77bb38
2757.813975,18844.784404,success,b73fcc0fa1b81371349c14cfd17703194136aa4e954608ab505db8c68b9de2a9
2776.603049,5214.710738,success,ecc4efaaad91c2e93790f265bf2c9049303d4f9701773f512796016c7614effc
2795.434844,5195.896987,success,dcdf5dc32fd114d85e290de469cbc823a6ce9382a1c600a1a00a96567edfd3db
2812.231759,15296.155504,failure,9c0aa74290b08bee296a76c0a112c763990f652b00b14c1f3188024702fdf0e8
2830.886580,8280.873975,success,9d82b9072f65d2cfa3b1757ffe9d6b7c66558df131225e183d437e1f55137d8b
2850.618043,5140.680726,success,1a00ef4fe92805dbc6761b816e40000b4789bc18e6594d6057a8e49a18843b80
2868.755908,16886.286607,failure,d13fab375470984b6d04153acb6ae233591abb588c4411bac92d3dc7836b84b0
2886.699056,7989.159646,failure,eefbcae0ca4267e380a3624dbe23d34aec7b28175d20d3af5ac310e1d5f77fc1
2906.439225,8204.230262,success,cc1ee6dd28d74ad317972d60d9bee14a7fa2d53415f147720333d5d7dd3595b8
2923.204040,12706.911066,success,966966dfc4f6b4a3309ff1c63e2744a12b7f1d7737b7d1b3a56808cae69cd982
2941.706894,12254.038957,failure,138f57ea14a9a44dba6110c3b200e64dd0dd57f5688ec87536fd85092a9df09a
2961.393983,14259.672561,failure,f7904a02d1e6fd03edefbc43b68020cc0b9d059646926aa70d3efe3531f2d7f8
2980.408563,11282.416388,success,d47fe4fc5bcfa4b3914138e672d8078a2361778e469fbdbe335889c2aa369e1b
2998.349957,9224.354540,failure,dd285313adc460f3a9719c11c37d4f1e761a2698207d3a773d5e5f5f8a5e0fdf
3016.381091,13066.395455,success,5052b88b7f669e445c45ec1b912da875ba36611465241e5119afa0381abcdf54
3035.184843,12578.453073,success,bac9eded970d4f4f823b4e8294d431c8566dd5a9b6aeb996ac6a4de3c55dfda6
3052.904439,11955.006232,failure,9fd3837b4050d7269d03f03c6e28b719250863e8c588c69ba5f083af834acc1b
3072.673923,11941.212664,failure,629debf99cd5786fccb13ee4698da6d4f8799be99d66d1655b817b5891ed47b4
3095.642494,11170.552876,success,112b2c66eb9478bb19d9aa0fda80c11ec24d1210abd71f7e98821aba7ddcf4e8
3110.207848,12400.167115,failure,241fd247b4e66c74f127efa10b6932946ebb471de7f72a45266c6d1a4fb5da17
3126.743370,9209.843821,failure,f9b6242226c18080b2225a57fc16ccd6be750e3ae9d55eaea9053866519dd523
3146.735374,12241.301935,failure,452fd91359e2df0dd0789aebfcbbc985d703d44a042c266f8b8796fa10f18d8a
3164.717405,11079.032634,success,6f7a697a6e24522b86b5853fa7d6b1f1103028a5a5fa3dffe901cc9596979363
3184.641461,4806.679119,success,cc5f2aeafa5d7e8f5e42604667719301817245535dbbf16aa7afec15e7d4e052
3201.757518,7871.300460,success,4fb4520f8ae6a8ac092f5ed85132f564f24ab4a91afa7eb32034b5a531f2f601
3220.754294,9240.833258,failure,ced843ccb80879ed2378d988596cdcf2dacf921930f5cfc803356611dab571f4
3238.762325,11006.485029,success,c439ba3a9752b59fc27e3aa95408c5dd6ad39f8304e4f13f9e429be7f692d832
3257.757057,4733.546872,success,fffc11578b104f84c9c3f6cc51819a554b41c158ea05d0ef10dd3c7863a35a10
3275.750790,7835.103505,success,c1bd5be993b4badb5533ab76e45ca65419bcf887d7bd20f1f605280cc503854e
3294.730003,13761.240851,failure,0b8d22b871a2faa4c7c4a5825aea30f2ee5a67b121866a89bc6b6412e0692ed9
3313.609458,10589.960704,success,e010c90b3766204fab56218c09e46f2104e7b6e89edeb09df26526aa929e436c
3331.746572,10192.065623,failure,2292512acdccf2706352ab7dec34ed3c8318f727869c86308a983b4855229fcb
3352.287562,11839.130904,failure,b2e8bd9e8b7673335dd128b8b02c8dc77de2b7a770adcc9bad47a94cc2a63f7e
3367.725061,12143.116342,failure,75be0df988b9cc0551c59181743f36af898a2de24008f707628b4264afd2a44b
3386.780338,4604.562725,success,492cb0c306898190f2f584ce871e07baaa8c643914c4ac9b3dfe9173be9e4fe4
3405.861593,14980.626573,success,742abbc96216783a35875b436251f1e5189c2062bb79cf9909fd055a79732eb1
3422.970106,12263.493252,failure,e1aef5aa419cb2b06440219dda7b9bdeae8531d6a9d57f4aa4b0f9300fb88505
3445.405361,17230.803717,failure,1c8fffe338b29415ea29144403deb34953d9c6794c3136baa07fde7318ca88d6
3461.612533,7611.625414,success,912a80d96b9edcf26bbb0bd9ce0d17ddeb84002bbcb25e31b2660db3f816251c
3485.530956,7390.783106,failure,1fa18ceb2d4127ceb783962b10f971c20dff7612119f6460d58baa7b4ae2f32e
3498.820523,14661.650935,failure,6523a6eb91032dcdee544a8afd592282d8cfaf6f70d8852210eac545c8b98ebe
3516.716341,11989.909448,failure,f1dfe68ee35132956cb4d08bfdddce6f07e13af053060a6d84c49499044b2e3a
3537.735724,13682.411566,failure,4996d9fce77c2f5f58f64b42001082154b044f8c72cb003b50d0a63ce0b78da0
3553.722069,13653.957356,failure,6eaf65f31056a5fefe329a43d88c3192215e06bf2cf2efc56259c8426b7bd103
3574.350745,13727.465432,failure,52cb68f54438f3077dc91a9fe52d0ffb8cbd7b433f2270bbb1f1acb7d3dd451b
3589.717321,23982.557931,success,b4f24b3b933aa128999e53eb0208c16f0a3d777fa78d60e64d6d8cd9f6a55140
3609.704375,23962.007885,success,2714ad8c4e64eed1378c5ef7e7713eeb502e51e987e9a4e5e3526621776baf4c
3627.705342,14758.837727,success,7c78548bb61d4fdc81b2ad4a6c50dff01bcef24a1206abe536f919aa372c3d43
3646.687070,15562.690937,failure,a95cbdc3009064d41ef2020af88058b97fb29b8b825d9153783cda66cc0219c1
3664.680202,13546.243845,failure,98753f60e7fff6371858fb80b26e0ccd27c3f1c7089122911509738e637dd533
3683.674424,10561.032120,success,37628f9da63c8d248851695e59b77f82231f53fe8c9a797f0406044768298cee
3701.588236,13354.693685,failure,63b3eb33601363933c16bd4f31c19483a763ce87b97b819f48e62d9f983df2e9
3720.721650,10525.413359,success,89b0280773c1da9e068ba93212a203b760681332a2e7166d6eb4047aa94a1388
3738.731023,7371.758414,success,58ccafff0867404da6cbac630e68f6e3a032f01ecd872a8bb48ea42d8bc4d8e8
3757.719463,4233.621616,success,5ca8fdf18192bde55551ce8317feda30019013d46b5260f8dc6ed9b316d77de1
3775.708798,7333.828362,success,097e5d5c3ac4c5ea1488e5f69b8260ca2194ae100abb78a74a024743139241e1
3795.852769,12286.716747,success,47951ba3555b83c0b64752d62fdbb783d06a310abe00fc32524893400106241b
3812.748981,10432.320417,success,0435cd575901ee42d9120e16a30123f558a8d67f9adf6a39a54c39406e49616f
3832.482408,9697.357160,failure,aeb727259849aef3d575a51aafd9852149c7b4ac15322ddecae9a504582a5571
3849.854378,13372.093199,failure,80755e05165c6c9e098ffe16eeaffea228a8650e028f57fe18fb7729eaa80309
3868.728372,16476.651649,failure,58930a6521a5fc48039ee57ee95d089accc906e7e522d31f4cf8349efbc50b19
3886.722196,15486.821875,failure,8107699633682db1e653df733c646b40b352bf7c7ff6a5934e1481268cbb656f
3905.780458,13149.366200,failure,83021793632481a9aef86365af8a0afab9869ddce60b571458dc6cc909e933b5
3923.769502,14746.474546,failure,2c83e7d107d29ebc2a2b81a63ea9dd65e0e3787754145c6564d2e0e2b65eaab6
3943.554215,19579.249328,success,88e8f0c9124d9e05856b826e49da112806a392b9a0de970f40b8879fdf44fea1
3961.295812,24877.214214,failure,6b33e8a4b38136d1700160db9bf1c67dbc7382df2ca7e725b39bb022f2185bf4
3978.695515,9544.815502,failure,f1dc6ba741ee2b19a5fd6fa6271060bd4465bdbf711de2ca52e6f432277c5e4d
3999.428698,14103.386452,failure,9c838b55e29c693c5a96570ad282276f4b28130cc41af7575e3dde0c3fd8807c
4015.708417,15195.673160,failure,5ca849c8dd38a783c458b777bf3f03e67183b8407a4b8ab2c6ffd3e5a8b5dcfa
4035.690542,19487.267383,success,f3d9c5afabd36d41e8f5f7f56888a36c0566c187c818fdf2d66226de0e5f37d9
4053.703762,10208.902877,success,5c85b8298e4f6a136652187e3320769ec16b78c9a1d550dec5f4316aae05ecfc
4072.701259,14087.147564,failure,26a8902743c756f323388c354d56ac7ca3be91b202df67edabd8b6433e83fd85
4090.681317,10154.210777,success,e7983feb7ec4f675f0329ca0807035f9ea39062b05b6a7f011c2b0cfcd67b667
4110.275229,11400.910223,failure,78fd1fdd898ac2c22127c9e4b1c334978ebeb68ec88e3677e90adce380079e1c
4126.824327,10117.141289,success,cab3cbd1b5dadbcd0c8737530e475cc8d5b9cb64da121a4c49ed17f655d15a68
4146.734676,13074.010863,failure,4a745e9bf17f14994a342b4eeb3428d303fe9799d778ea8af3e5d685e5ca55e5
4164.699335,15979.893596,failure,c43061a2f4e91534f446dcff6a96ee29b6b9d95ea2e24d567ef9a12591eee984
4183.701942,10823.874449,failure,2386a26aa149154f1de80106920d8dcccd68acbb70e99fad27346be75a8846ac
4202.146746,19266.804369,failure,d889dcaea36ccdd7dcc6ef8f17109b8e1dd243aa01093ab1374aa5ed6fef1fa7
4220.533040,15008.045445,failure,ad8ee2453b84d747a0324bef0383b1fd2f35d2a66bffb1c266818fe9123e658c
4238.777376,19214.705363,failure,68db5daa3c64e857548eaa9862dd5d52cdff8e6a00155219a322c8bf76ad5ba4
4257.729668,16697.416636,failure,6b841f35fbd9dba3f8eba09e6d682d78d8ac06b71f51d88e27d7a6ea1517b574
4275.710507,9990.307328,success,133514e166c850db85111455fe586b6987fb71ea2a1eeae0e213a8e46dd51423
4294.691152,17508.007661,failure,18aec4459a4ee73373239804c63e47d0a637c704ad6c9b41d8f8fb38712613e1
4312.686338,9931.467232,success,1d60f42a28f6adf84a23ef604e5246832017842e2f9b17d5fda77841b1cac28f
4332.428671,10936.467384,failure,5a369d8e1da5fe0a4c517bd907b662a13922c51045a309cb3915b556fc696803
4349.245534,16606.217107,failure,11c4881ef6ac6dfcc294105d01f02086930739080e75e6b8d0ee3e690bb12ee7
4368.544700,21333.346577,failure,dd5b0b9d03f57bf2233698b1a4267a50357efa3391647238d411dade28519ce4
4387.357088,16545.700579,failure,4bc253a7cf063f37aa9cc665fd284cc368681bf62a818a493eaf32b4a19a5ae4
4405.043091,21480.284031,failure,47396c50235e47e69bf19558ff9b50f80d83404cc90b81f44daa8aa403ea2a35
4422.895848,19469.880722,failure,af4256102208ff2663ee9987cb796079dbfc61a990aeb1af752b59cf5b9d388c
4442.642168,20334.423447,failure,7dc4d15cae35d181f704c7fc7b1b973ad6ff462322cabdc9ce30e99524a290ae
4461.369726,16610.244402,failure,330e8b7016e14bcf422348c21f06ab8338a4366118173b65efd319737f7f8137
4478.946332,23259.057994,failure,842926f2468cb3a0f7e73217f66e56db0fe2e96ff58dc28f06c44060d0af9954
4498.683685,19944.924724,failure,ab6cdee568fa2e2d7f93048af6eecd3f77c5504262b20948a35f201ca5246a45
4517.367290,18502.515010,failure,38d18c44642e2188f43fec1321b82650474f73ab632af6d6149cee0f0f341f68
4534.991016,13850.929218,success,36e711c5d78bc0c93a9417a62a1f93260b4ddf8a9d502715199f2eb1eb2bc505
4553.817540,23018.048550,success,11f222038c2fd3d8e4e316f747a35379c5452f979ab7668006e3b0b40e978788
4572.986351,20801.122520,failure,d17dbf6785e3d3ca3eb04f3f379d9efc94078fdcb66c9aee560b748cd87f0e83
4590.337321,26167.452241,failure,6840340582398e6892b8e426befc0d48149a0edcc8d4dfaabd3b9e915942eb68
4609.787232,3381.551673,success,339d598646cd9e4c88251e14add7e619afe914827c5ba95448fa424f8c02e4be
4628.006661,19727.691058,failure,0d2faadb29409dd595d0d79e95f3688e6bf6e321f1177340418757e4d2c0712d
4646.505417,22453.716127,failure,f83759f7475adeb91409d8f2c72ea0bbb528e5958419451c3decc9cb0f21a4c0
4665.407494,21218.083023,failure,d40b10c6da7a53c2473860805836868069df86e19bed90688ce876288a401d22
4683.167998,13702.468952,success,31697184ecb8b606c1481fcd1df3bbfcd77eae91de57cb4d685e7b1e620e0f51
4700.860112,19174.500167,failure,5b046874c3818b2ccdd93f710b227d7c170ef0c455b691afe5088c3132339d3e
4721.596771,13440.890811,failure,fbbba2eb9a32243e6c151b67e11e41033721e3603a145a99e9c0ff5d9fcccd05
4739.548895,13351.524570,failure,16290322155ad30a07fa7f5f2599f2289c71cde08b1160f7d22078c3f4b009c8
4758.287815,8606.369384,failure,e4b43ec2aa85421d2d221a9b3370d097f58c30d9f2e6210faabb74467250532b
4775.562341,18742.462556,success,9e815d7a982ec7f78d6c5db864cb13556ce614b9f8dcc951c3de7f8f384b1b7a
4795.330923,3195.996961,success,a0c187a87296b58eaad890b026abec2a84112bc71a84d83e56354249c1b75d37
4812.115715,12483.414030,failure,18f4776985e7d4f0ed0acb278fe105b623b3b2c879acb349898e30f8c5b5965d
4832.747135,19426.206568,failure,87dd25f78a41485511b1f024ad0938703bfa3350e5a7257c281b741941d65672
4850.527977,12187.017240,failure,c2d7aeb49075ea13569911f10555e9f5b2921d3ae6ee7fac4ff049fbe137108c
4869.746171,18653.581511,success,59209fa3f633790abcc7f5f6529952c75300ed46cf1a957d1f71c3753e4736b4
4887.482909,10742.273110,success,65b573a4b3f12b080c0d66926804df5909d4136eb6de8227a25f6fa425242a78
4906.150724,16696.998755,success,8bda48bb753f9f47ab4d0b5145a4287f4c2647ff8296580186822878c988ffb8
4922.821732,22650.108135,success,47f2fd89cf1010c56c639a2b7e620c5e570e61e908afb36e10a0ca4b26d19e3e
4942.865623,22629.269084,success,8b55de21b2c9a914968bdfc8a2c1b1692eada5e0c5cd166a8d7023040b6d8d14
4963.123459,13372.437285,failure,5221180eef236cd0fe4bd52a72db6eb2350501e980642a719789c6fc143ff387
4978.887254,5986.808081,failure,8999747c3f10bea81f4966ec8a309fed672e8f4b2fc791d6e3fa8646dcd949a8
4999.698764,16603.282077,success,5e182a09079c69f3d41e3ac2161afb1a466023c0829799db10d4aaaa1215a821
5017.623507,22555.043995,success,2c7082124412d4cd7ac1261a4b1519457349c97d8c1792d848fac682c4d374ae
5036.403835,12177.806042,failure,f30e7980634ef0bc912844bda63cb7e14d6c6fe82b2b8680198ad06b13551c29
5053.091604,6644.592607,failure,8453140349683ac1a370b15383856b86f0048d026b6786bc6ee05520c10cf798
5071.707090,13019.833106,failure,142849290db6410e559065e1b59ef369b4d868f6d35810cd9bfd039895327d14
5091.483747,20792.263224,failure,fe53c1f697e05ce50de2e4f853feac32233fcfb0dde361f2d4b4e19b019bc415
5110.650554,18407.543242,success,7c1462dab60282bbf18c8457866433a5c7a4f0bfa73b7c8822117d94d0749206
5128.405206,18394.709555,success,0869056a71228b451d93aedad435456445de74f32fe8c674f0d2c933be48183d
5145.868849,8219.146346,failure,1d86e35aaa6ac92cd6ee76c231553fdcbf1c4c2185b2b21fdef2ad87a28dffe0
5164.718026,14738.921126,failure,e60f1488803c35822424f63b8d4d1cacc810a34b78ead37162180d90d336c90e
5184.341234,10321.942990,failure,55df120175df0d257dfb8a76935f88f5da6d8784e6634ce45d64ba361ca4e241
5200.978527,5695.681495,failure,e5b5dcb1deea9be3d82f5602fdf9b9042e07d23ec9ad0da2cdcde45a4f857d37
5220.699650,17394.893803,failure,69577f3051296cf05bbe8f99332cad8ba42dd52f08ccdb97f7a1ede952b47f7a
5239.465590,18222.888718,failure,10c48ae3ea0be9a9bbee661d96b226fc91495b662e74db8c8547b509810da8ee
5256.716311,20502.617108,failure,35ff1ede640bb95d32e003690093a9b0932c5e2e52278be4ac758d35acb249cd
5275.699912,12026.467808,failure,0f870dad034a6f813ddd634664386d6ce6b5f6091877545cbd80a60f50a30f7c
5295.123343,8970.328935,success,8afee573bffd365df5084f1a3fc7f9e51f3f7c9cf4732c3dc8eb0e0995091ef5
5315.328148,12792.873756,failure,9e23329b4386670fc9e8ef474bda023d56b1cbe3790de3cc7f8eb2725b731a5b
5330.734940,18930.050318,failure,3fa6b6de3513a49a7582dcae57fdafd81455396537f51ba558af33e863c6f310
5349.726155,11619.045617,failure,981a8f055d574fd095be295bcfed7054aca4fc349327f3113b33ba3ed59c66ce
5369.632707,17649.981417,failure,18fe96fb5738442e85c4ff0746353eff684da5afcb7512f0cbd1814dcde92787
5386.840417,20143.520429,failure,5caf36b8d80846e8310b7098d908d2797043a9e7fe445625864ce213ff8022ea
5405.714692,14349.232904,failure,1beefada59f24a4df814c731a32f72d0c46023b5a5222e1f20126a6d47351df8
5424.397806,17571.675010,failure,b028fa45d049dbcf726958bfb4cd1b94ca055079a4053397ec51f5b6d9d52bf3
5441.693732,22243.346623,failure,030a951651e878da4f4f75d2d001f2fcfc3958d30d7e66ae59f550ef619e7699
5460.677453,23355.544791,success,fc9e28554ee0c9857eac020cc894c3154c9006a54b99eef389c8059cf02caa4d
5480.311752,22256.229253,failure,3424d3f3ee013ad5df4bf904daec52cee8d9686ae6f7ccb84f1ab64c430611fd
5498.005419,21629.280349,failure,b7466a2d21869a1484e2fb6cbc33b95153118c2bbf7db0cd112860abc29bc326
5516.649389,23559.954945,failure,8d71d95b56b0c83d39ce1bd408ee3b18b89f55527b597d126dfda86ef7accdbb
5535.090797,25332.483872,failure,45227371fa70aea5a4bb1b126c56d7567dd9819743e282394a9a2a42a8c65eab
5552.661892,21556.960268,failure,9b0fb61ab93feb554a1c15aef1d7920af1bd9d693dcf4881950e3797b3cc5d3d
5573.286570,26579.471262,success,057f966f9b222c14936a4a323b157f060b480a791d7ad3defb362eb8d8bdc3e5
5589.846297,24123.109109,failure,e55d32b1993260ab2e563a33d33bb1605be996e17ccc75107ff0fc5aa0c71b2c
5609.984106,20092.184525,failure,339e77cdb5ba4befcdf03f3b4872a04218d02b69a1c8e232af339d4cb1ef8d2a
5627.627127,13583.436580,failure,cc0190fa8049ca562d6ed78ea267aa321c2614c3005c74885c607497c8209123
5650.374831,23477.986306,failure,dc627349dfdb92086f6a2d91185819a034edb40c307160d396bf63ea3a00a52b
5664.082156,18794.236668,failure,43a9b2e1f75dbc234523480588de2a66331b4dc588a12697286d7c07d71f30ce
5682.697331,23446.972655,failure,653fa619144dd7640b7720757f9723165986fb5fc5d477463fa40ab9238b2a0f
5702.354924,5408.863238,success,859b60fde7dbf58d6936ad6afedc99b7c87f191550b25dd56a96be82af5ccbbd
5719.737694,21381.543288,failure,9cfaa910c39d068a4b31ee8f30dcfe1f2029116ca236ca0320c542e270a72b5e
5739.406228,21998.337857,failure,67688c267a8e1a7ba95a2b07f2789d41a7eed9620f76bd36a3443ee222f18810
5760.749762,7769.188432,failure,652a190905f088c334e1ce2641c5d2cc8deae788c22d2a7d1b4755e7572d1db5
5775.835437,12314.836110,failure,ef952ef33c733895b83f573b38c0f076f20390a1feabfbbb4d2b8b6027cce857
5795.581387,21942.678902,failure,5a82b2d8883334692029e44c9765dd18803c3580d32d24f2f64addd263a2ddba
5813.367228,21904.201530,failure,0bdb9d8d57b75e4231f503c57cc6afec2572f1316cb0113fb2b8d7423badf389
5831.014226,25031.033946,failure,14e217f657a156ac37fcd0174d3470c898ea48f8dfa0ae142d1b436ae79e3bb5
5853.563576,18405.308052,failure,bc73354e5141fec6d8bfc6b45c404071ee667dd7904fa27e054910f967c9684a
5870.306819,5241.281501,success,a0e206094f7f2f211166fce7b2e442edebba8de4c7e8297caa1be29ff34b67ec
5885.804282,28212.900234,failure,bcbf724815765c28b9dc7a81212846232696af97e50b6798ba9226e40aa475cf
5906.673811,14337.977492,failure,d4106bc5834fc91ddfdd6550b3c4c8c65da5d2f1c99941a808453752fd606d95
5924.414467,24828.189721,failure,49e2c734a56e765007f6839953a71d6d1d44725214290b59306a33762cb00b4f
5942.131528,25052.175554,failure,fa40915b9c310ba32b2336962fbdb27b42198b7775838c65046adc1f1018e239
5959.664882,22023.071348,failure,ec2ff0aa53fa695ad64469be28ac3b05fa63e03f5807a56863bc613d43faa233
5979.668558,5091.886253,success,0c1d9a931677bf4ca17b874b5d20bd0319b6df7f7541b26a80e3d10cd49f22dc
5998.949420,7359.765597,failure,9817248c1c8565134ca56fe5c2674d2ca916d8d6357b21c41cd5177a08cb1cd6
6017.196170,21961.464139,failure,3a2678a56e1f9c442637be4e938ca7292367713e960299ecdc991878f5a9849d
6035.435377,26117.310192,success,bdc714fd367b0bc3c3552a6cf966497f884baa20e559915b92f7d1430ebefdd8
6053.136067,19684.857247,failure,b3b2e1ca7b8196ccf11ffa7d891b7c3ac368409972d16befa92dcd12e088e10e
6072.080794,12079.785988,failure,67200ffdfe42d77d7c897cfdfa2f99920513cb856501a459b7d9b02387c2478f
6089.771445,7826.799829,success,5aa6c2656699d12eeb7cd72822fc1bd33d9f1ef38eee91f3b756606e2d8d3fa0
6112.716731,22725.497006,failure,1201abe956b2d3559ad91cf0f7f752486df3461e125a4c5c3c80de704b3ac361
6128.702135,9326.730760,failure,d5a2bbbd4c0605f595c5634358a06ea10fb3d7689d393dd6aee0b8afd99a34ce
6147.507499,11960.930801,failure,ba513648afc149a80b5c6623e7a9059bf2ccf33771eee99d84c36843fc8899b4
6165.186007,21519.810004,failure,31972c439866b66637aa2e1a39620cdf2acae1abfb9c14f990ef54f1270b8ba9
6183.328010,10784.569041,failure,a367b213ddc4d4ea96625b671f3c28b3558d824c2b35666cfe364855c62e7ecf
6201.419187,25951.315802,success,2bd5a133636b0a706881fd8e36d51907a044dee38ead0c1f5d662b6603f4aa64
6219.689982,27895.254885,failure,693f118cb2ab1856216ced0d1db6c2c7919749c170ba477f66992dcac8bb56c2
6239.523327,21333.014952,success,7465dbd05b63c8d58a92c82e599e6a68e0dfdca656bfc71e5ac83f304aeb72c2
6257.873262,18465.718809,failure,0281430b626e076e772a5cd3be71cc40c2c71e350b9eeb5bb67708a7becc6f02
6276.252913,19425.315555,failure,6e810c29cb9d731c41049783b378a0ea2659c5fc422a5c8e647bed1ab78950f1
6293.700585,12935.212161,failure,0eca8790977dd18188674ec2cf9bf4918061e6ef73f82231a4b77eac56bc4462
6313.441846,27812.291756,success,d9ebccb6afc39708174207c623efcf31cdbe4ab91f056b650d3a4dec29da7f81
6330.761998,24535.768040,failure,8e22febb7e198ca02bc6ff829fb2bf57bc1d08b04933f1d8616911e8a0903f8a
6349.694452,8468.957122,failure,bfeea3f69aa49c9263c8425b7d46962859fa9e2e246ef97216cf32a1f2262239
6369.434039,25783.308014,success,65c23376e7106ac9e7c89d34dcc4229f66ae56bdddd6953b38a784128544dd87
6385.655187,24592.192320,failure,43152876e82e6114f41395c211fba009c7ee0c42dbf79fab33ccd02506dfd86b
6405.741599,4703.997642,success,0778f0e0b0ad00a4a63366062b6a61bcb3755a294c9f17145daf361df68e1307
6423.687171,21171.870841,failure,9cb39c126901f96c7ebf4822648652efe9d804fc2567d6d2c390400aabdd292a
6443.581200,21129.213873,success,8635c600fac87378477f0f787837bd29f98c269ee6a215df5b3ae390f4142b59
6460.775134,22053.028757,failure,c00b029b0739b2d7c2c7f0e61b125c1002d1d6e815f403ecacb80daada74a999
6479.745319,21205.173266,failure,a5913efcfccc5302c4bed30548c1d88672630021c0d6f32d1f28958c34d0ec58
6498.686390,20601.928355,failure,792e079440866a6f0194d1779c5f4e57de56f47fd0b33f1979cd906815577de1
6517.611580,19365.603608,failure,3d70f74cca93173a1c8c675147d586dbd59abed64cfd80321f89c7d7af82679a
6535.720981,16987.917578,success,e7fc8dd12fde23569000010dc92f0efd7df735027adad91a30539d7a5ed24aa1
6553.793263,7690.729574,success,60c5271e2d2f1e96c3e8829bbdea3381f2099d39fbdc56bcc19db7d08909dbec
6572.719796,24404.958291,failure,f432f33a488fd1efc56af925b64071907cbea6662203a2e97df5230fe814264a
6590.681839,27390.959070,failure,e3cc6eb5055eb6f9f234ccc131f0e5a730fc1604e0866973593913f2c96bd884
6609.708270,18920.571032,failure,40a986c5dc7405f6a53b08dc2dc921e80b14b777b6e6f0ff68c74edf260821a9
6628.605789,17249.492446,failure,836d4cd8ff33dc6d02085780db0a2c7d97c55af43264f2185c2a9010699e0da5
6646.911330,24351.635982,failure,3be4d539833f1a9d4376c0a4c762910be3ca6c85260ab5dff681869236513a92
6663.933710,11722.616132,success,b46e23f03cc3487522d4a84e8b7093d23477e8b8eb8b5d61f6b15dd17a895eee
6683.592685,22455.931013,failure,430441afdf64739101ade149a1a8090a48e2f3646f078d1da953c414d112d0fc
6702.052097,23808.534935,failure,286e9b22dcd9835a5cbec00cb3ad87e134521a2470fc9e1b317e0a5d824ccc4c
6719.332383,26464.237521,failure,cd8cd8e1428ba027f9fefdd3df1b4d396360283720ecbad12b9fc9ca714e9cee
6737.967657,24327.071849,failure,3be8f9d7b7d4905af167ba794616d4d52896125889f3cbdba0bfea43b04e6be7
6758.280286,29704.204737,success,197dce0f777ebbdc77640e78528641fe111c2d6fa1e43cf7a687faa522edf0d2
6774.888063,22097.005921,failure,513369a7f4bf843368d112c6dc79b1450f7fb448d4ac4a22268425c6d2c1bd5f
6796.444198,4314.964083,success,2d854a2809e0fc51f0f4669b64d6f1db6eb33d7b541cf9f0d6ceb9cf76dea16e
6814.006818,13590.887516,failure,a63cfc14c8e7e928d6747b0324bc6e8300c714b51139038a79fed5900373b197
6829.819194,23860.645432,failure,b54bf73e4992d74a5bcdfd979d1ed443288c72f1a37268c8a7eb6b8dbb5e7557
6849.690851,25720.900474,failure,732561b9eb0af20d4ab0c174ba6e0c54bda9a5479e544304d45b89d600ef6ddf
6869.507894,17484.610796,failure,b970338ad7ba7948edd119494bb691c5c4ac4fc32bdfe6f1e5956ad2a6edb2f3
6891.232467,23983.310099,failure,cf6776644e6927a45de6d0db8e9b1c04f943d157fa9a936adc417cadc8b6a9b1
6906.619071,20688.853580,failure,7382b282dd5bfb0af186d0e79f656d9678919e2a3af619827ee45304998f2718
6924.398098,24822.627953,failure,21e3fa296d1382bdf97611093a5322af36deeb6217a6eda37b2e88c3739e3104
6942.096354,20185.581894,failure,40976664fd17013d82b1374e082d5bae763d08de07de1ea1163b33118636ed21
6958.922373,23902.522781,failure,20722e992b6df26f51f394022c6085302350bdc185fe8a4c63b6fd1c8516f4b0
6978.865494,21837.045423,success,1669b4394a6ec8ef20290642ca324c27dd78d20af0b3287f2cccb5e0fff17b55
6998.879159,16518.951632,success,f7c0d71db086f29b6b0f6d9770b313199bf4f7bfec3400ea6a90f9fe9d1e20a6
7015.461248,23851.342336,failure,69a4d05d179fe1894b7cbc70941c710d007328633f525b691cabcf16b61c732b
7036.479378,23830.578646,failure,606c22c1e0038283cfbefe1e35bfc970e1d4cdc634d2329c6afaccc91169de24
7054.207319,23919.423321,failure,3e9e7ff9b67b321d1a445dc152555e3b13cc22517155c3c6d0606d791258bfcf
7072.314656,26893.596976,failure,f3cd03daef395ac6141201700cba66b53cb0277faead98f1d5e35ccf4c0da491
7092.486599,9963.133112,failure,6dc8ef94a8d4903d48ffa281f55176ee742f81eb077a097d92b36fd6f26e0911
7112.090109,21703.977563,success,ffd8d1cba77e483c8b9c8d2e9bac88e2abe4cf8e11a4b74a638c12a6679a1123
7126.816597,23872.014560,failure,1d63b8f239856feaf7061f900f75e46a7a797f5d37660dfd7bb2be02fc9432ed
7150.623930,26949.518038,failure,dc0633603480171734a9cd993ce4139aeeb3f434c3bc25a56c2408c82c651312
7165.811928,5050.387104,failure,df8c98cc79581c625d2fecd77c9aef5ab507d242d616b4a5cac3d40a44be5981
7183.852790,8318.612769,failure,e63035552bfba927990b0c3aa73a4e852f6e7aedf325b0a7c839668f43b137e2
7200.996870,26899.458068,failure,c0c0467d1c3008ac7d0621c78d7950cd030bd8da92899c7350504a8b3c372745
7219.690703,24581.874359,failure,54a64ca1af9a8a80da8a3e596ba7ad21cefce0c97a1b57ed1ff4d16ef4e26622
7239.386538,18134.287994,failure,40bd5d9a0d355fd153f7d13502ad38fe9fb475c30d578c87f7cd16b7ce0d3179
7256.985937,20421.680221,failure,7ea0f0f2a9a52e5a4578064d96d5fd5ceff87eb819bd54ad42649a63fd4023b9
7277.245184,26689.030895,failure,97a261bb2e4b46663cda9d4b3cdf76985e6256e049744484f4dd0a3f276eb717
7293.709181,21209.136565,failure,91f4c8ffbee19c051de69fda9121c30c9bb6671b77b8f2d1d4dfad969ec47ed1
7313.715040,21525.067731,failure,1ae8a3a774f250a3fbefdb22a27d4ba5312ce5cd151b58edd2d5b77c7dbedb7d
7332.467585,21483.089073,success,9f513e2ccc0b27fc027db95b5d9556a0507415f046c39e3281db0b7fc2ace0f9
7349.712705,23338.415613,failure,5ae07b0c19ec3055cd6619370c9531d4e0378742ca8d24e43308f7d2f4a63822
7369.736879,19829.558144,failure,9979ccac5f15650d79b526c2863bda4094408aabf2dec549a70063c85838f47f
7386.699056,14586.343184,failure,01bf5eac59e55e69d65d1695421356dfb397106e9f8c4bfebb0ec9c4ea8a0491
7406.921724,23281.313796,failure,5a51b6542802dab577fde3c788ccebad888fb4c6d4d350669b011b76e6205589
7424.736469,10726.790883,failure,5c3ebf09ee2bed36aba5a3fdbe2a03dd1a404c631c6f6e0c5d032cc05318ded0
7442.661252,20275.227340,failure,5629ff703a76e819bdf8dbc6674ac3eb33109ca2402fb87a1aa45321b536ee49
7460.670194,15554.447767,failure,e13a4e7d982508b8aae432546142e4ab2c7aba39fd467597d0ecc879de092126
7481.548890,18277.172123,failure,c653069b01b64b821f3e2422b888d10f26b54f35bb9463a01d774b06fefe9a22
7499.320894,27600.496945,failure,4b302e9b32c52c719f59a072fd0152c349999c757cedcc04091222627f6f1332
7515.915808,24230.861814,failure,51399b0a53a9df6a1f307978bd7734205a0c487e92452714d051e4340e7aa998
7536.569339,7458.492989,failure,c4a3bdb71ddd3061e0ff13fdd5da0385db2bdbd2a84823333c00d034f24e5eef
7554.221908,24194.640327,failure,c7a6405236cfa23784dde517cc45153c0432a9b70f815d90e2f044b66576e401
7571.876652,27993.098888,failure,49913b29e3d61fc4de7177eb251cb6d214aa99c9d86de2b475fad8a272c2fc62
7591.554222,24843.914482,failure,8e5465eea6026dc21d71e805f79d30fb3994131e20ad272e98ead019fdb2b3ed
7610.182352,23192.754421,failure,4da6c45d143b7aea80f418319b5e16f0e4ff0a80e3092c9bac16fba8f4c33df3
7626.718544,23240.604911,failure,3d6ac9452ecffe36948b60c5d2c26138b6fcbac1f2d85c1dda4497fb648b4b0d
7647.343983,40022.175800,success,f3e18ef880e0d9d1fc7b799d0c4cb97c3958641ec03e02b6166c8c9a57e1cc64
7664.963129,21172.948798,failure,6a43dfeffa8a69386834f21b0fbf7b8e02b112586aeb802fae4cfeb185d252a1
7687.175923,34736.965326,failure,2af59edd4983392e92db17c284105732189d0fc09c0a4b5de0fe7ca7186c87f9
7700.823084,21114.922411,success,ccf0bbe97a73f973db067630dbb689663a5cdd1dd435fc80dd2b08b4e6a877f4
7721.544614,27384.533717,failure,0c3a592a00b5d7762237a8a6fc3662e0e68651bf0bdcaf84bec0bd8433e87444
7739.355071,34991.682098,success,16b2aa94ec01e2f15d2c660c8ddb98485b241a19a8f6f138fd387d892677fb9f
7757.384871,27600.066199,failure,0cfc3b47325b9c111eaa69707ee7a9f17e35f7e55014b189aaa89b5ed3a543e3
7776.870369,6468.766410,success,a43cc45905cac514d2117470680b561f8147f0082226b9df7090848e17202706
7794.641272,22963.435672,failure,e81f2ef7abd48468409056053189aa8786bc618204c49b2e8077e5512fb1121c
7813.332300,34014.283122,failure,0c917f1cfbfa287ee715797d8bea396fc9a83923e12f935a84d8a1d2ea25d4f0
7830.930967,28617.566545,success,99796ea4c8880d2507e786d2f2556d8099157691535249c046298e390d33cb08
7850.573031,30336.543290,failure,8fc3c19d984b96447d3eec913757bb86b389b4d817a1e0670228dd92230db3db
7869.220928,6394.706443,success,4e5f43ac43c2839592249ff76f2d00dd7f60a1f2d54ad4e24fd8baa0f7a1452c
7885.849945,27681.756819,failure,802c758f33c1a3e082133b8285d745b26ec8c2490da6446602d4c49091dfe5f1
7906.909122,26151.372266,failure,b2ec462da49392cee12f9673f425d5159e8cf3b49a5e7534389befa8fd0a46ff
7924.559948,32560.004202,failure,484dffb27f4a976f993517819ecd6d708075a1ddf90358a1b3c054fa6446083d
7943.192526,29316.733935,failure,c132ae32b0948df38b1f9bfa81172498435c8d08e204c642d2b470e5f4d210a3
7959.750159,28489.243810,success,e7788203ae78dfe35a89dc973f11fa8970cc0fc758eb07ac222710da2776741a
7985.047844,23013.001098,failure,479a346ba1857906b2599827f232ef2e48ddec6c0188bdc97c64f9e2605efec1
7998.638619,13813.861617,failure,b1049ec4c1b55fc35418877651bf8210dbf04713f6adf05d1007e086bc0cf370
8016.783196,20852.875280,failure,97cd068743c1f55393ff88c6f8b82b24155251192c87be533366c9f210f768a7
8035.684201,30160.945999,success,792eda7d7d3f201b1d33799c0a65593bbab10eff20fa76650f299ccc535f50df
8054.556311,25267.989563,failure,33b6b3547e87571f8a6ac8ba41c6ed1ac0241b5d3ed0dc7a598eda3a79ec249a
8072.681091,36810.264291,success,16bce8194164a0f502725eb53e3cfb667ab6ef64677384410843574380645fef
8091.145792,28502.422627,failure,a41e52644bf41c44eb8b4d6fcaedd2f3e4f200273da15515e70c763b09138495
8108.682613,25250.224645,failure,47067dd809bb6be54b776eeaea73f9cc3fe7a4a295166cef2c214b6067d6302a
8127.767685,31322.485035,failure,7b742c39c88a56f306a211a02a68d271f10cda51c19fab15ecd4b16f94b3fc0a
8146.703114,19590.473009,failure,dad5425043cafea8ad507252f3fc3a4298484c55e6d8e8f7ee81ccd5d7294cdb
8165.386148,28471.144748,failure,2d4fe199da9fd215d4cf3113ca6470a2c13801940ce167c68d7ad547ef529b9a
8182.980767,27946.397670,failure,fb26ace59305de97dfba016bc2c38675335fe39cf55ced50930c5e5ea8057fa1
8201.637411,25129.059181,failure,8a272a18cd12ce0b2f4d0596d8507e84c6cfb644e74703c05f950ea45ddebf05
8221.247273,8971.469550,failure,bebec71d11308ebb9111143a767130d04e92526e9b861af0663a1d4dbefb6192
8237.816959,23509.952384,failure,dd19dd5f5437e8a1cffc4014600cba65d3fd2802ae5eee97cd09a76ff4f2fe2a
8258.480389,34074.064077,failure,f99168170229e8f495c39888da245cdf25e9729f5cc46208b6376f0b8c992981
8276.097761,34655.829511,failure,11e9f8523d073180883b5dfd677b8452a90fd25763fce1b087363d0e7ddf5018
8293.706037,22603.150680,failure,ba27bd6ffa952c6c81ea2c310f6d1efd3ebbc4f6dc79cad4038f5b622486ed7c
8313.351686,34019.488849,failure,3e8e4373fe73523f17fdb3d370cdc66e1c2ba9d29f200109ed4a92fc8d409310
8330.897905,5915.413577,success,ac5cd1387f77a4e3f9d68b71ee15feacad00e8adec16ffa11a1c3a9e15710b18
8350.504330,30393.482555,failure,8db5f38d34116a5ca2ef51287d3e7ce283a5413d74bb4c8b35888b7152649931
8369.269148,16033.336747,failure,2badce7f3e7e943771404fd720486bbd82ed67152c19ec2d31a52deaad7099ae
8385.896502,18724.017870,failure,e3e28c7263539369dca1a0a74c0bf0f9782bef27d77f9826bb19d3852a0ce336
8406.553981,28900.529231,failure,e5185a8dc5a1b5a46c41db1ed12938f6588bf467936d6e73e218300518cc4328
8424.193976,31862.917303,failure,9baf7559f8c5ec7c09dab7d1c14bb489d53cc339545952a742ca9ae12bb2957d
8441.806360,22551.923332,failure,a4855692dff08ea971e23351b163d90b4406f8900970fe82eea4e02735b2221f
8461.476275,22435.084954,failure,00fdf2c8de21eecf5cfb5e9cef76c5f3248e401b414ece7face078f9d9b6caec
8480.118592,22584.118069,failure,9bdd9945ee9b28517eab14d704a101f96d4b508c396cc0b4b7e832ddaf32ff75
8497.678406,34605.737958,failure,b8f8306acd74d43baf9c6438db1db42411da6476e753ef9c86a0f956f96c3678
8517.410709,8702.419422,failure,809df59002ccabe19a67d61c6bc04fd589db419d0e8f1393b34d0fe92a97ba2d
8540.137813,20276.403273,success,71963b20153e72eb7c8755b72792e905945d1abc097d01fb5acfcba838923ab2
8553.120811,25547.639724,failure,61e99370a501d09c69dfb367c7ff5086a94672b9fe577fa851fd49b9611978aa
8572.892408,29623.559706,success,3b7dccabed607b62b2b8f32cefda3e798bbae39bdbca027f49f65aaae1e645fe
8590.886892,23978.631248,failure,34c3aa89f34a333425c4891ecdd0f00461a174a1573dc27fcb89db489cda49e7
8610.175448,27838.486134,success,f98b56b252e715c25668b53afbac1241550211f42fabca8ca495d0b1498ba640
8626.798074,32260.007617,failure,500b8c5220bbe32073ab61c3cb13049fba1e90cfee30132b618c129b339bc937
8647.471392,25452.343108,failure,74ac633932929335c0072a3444914aa32f261f5ed12abbfa2eef785ee133f92b
8665.251612,25441.238483,failure,3560e7cb8b8194bcc12f1afdcf5e527dd5b4b750301174d5451ffeeb3a155f3f
8682.921684,22294.835713,failure,751608c4970aa9036314a3ec4f52e9dd8ccde437d324cf8b31bccfc3d9e7c8dc
8701.805386,25560.799314,failure,5da28035acb46a47d8d4701ea657083b32d3efa6b692455b85e81552108db2e9
8720.788516,36161.719721,success,5114280f297bb7feaa2d33fd9386439dc162c749e0d49ada4e19ec153d6af83d
8739.643944,29651.942429,failure,25357646bafd789ebc98ee1e28e946a6e9d95130922a40726c0c4bf1afb167ba
8758.322249,12845.172622,success,32631b9dd2f290882e31fb17f6774b0f1a67b412f053cc4eca26e418877ff6c2
8774.681427,23378.079301,success,8f4a2131e3227a86ec3623c73528d955ad39d112d1326bf28ddc9386ec66926c
8795.347362,34400.291584,failure,51702504cdee660c528a9fd49edfab962915433b4e81435990c11fdcc3275726
8811.921726,28271.710640,failure,afb1e9ef24ed95e5e41039880f7567c31d8b46ef85d890b82eed2924552553e8
8832.364390,22969.523932,failure,87999caf516e14946becd6a8881f059cae7ad6ba820bd2391696bc21824f0e88
8848.982427,33744.898845,failure,2d5407dfcee3c86c07f22aa522d4f903d4f6906569bd891b248eb80a3f82cc60
8869.203893,24461.783748,failure,fe8e60e16369731f7091efa6de981284c7654a3071a9f377971c5e4898bc2715
8886.689236,14177.261853,failure,f05c92aac9d82e97a2b1c025f4baec9aff222e978ba7d8897c0b42c73c8b1d90
8906.141080,20202.422884,failure,5a7611b28f37a04cfc175269553383cbb039f456952953339fe4c80e9074f0a0
8926.497401,29407.335870,failure,cd1eda480a037c217cf0d04f92b44c264cfd719e29978b385b88d08dd6499340
8943.311979,24251.412039,failure,a7cdb3dc98b3b408b86493d62fd3265c9a773b1e8fb0f439fa0d2dd64eac1120
8960.064439,34052.802519,failure,629a97b78553f250bd95cfc8f55df5500f48fd511c5018d103576af134678f6b
8978.830269,26150.485304,failure,fc7696d8697aad13e6ea5e9a97e7c3c9c8b6477e2ab282ec01dfd0a4bd658677
8999.595020,9658.291231,failure,6831211c26fe9fe05bd463bb77a50078a9f62f6376a78155b1f4330a97130c3a
9017.565088,26081.859008,failure,c66054211c93e59aabb654dd17559905a1a34efd5822b465fbdf9d1ea0950551
9035.757386,4850.886038,success,991bba98447c078de58c049b41664e7da799e4e416236c057c6fc7a15b38a0d0
9053.726181,5211.922418,success,08de17162d17ae79125889f8714c71f2942edb744b7f954d926e587580b3b9d2
9072.711264,24257.539477,failure,5e4d9a54a8005453e11d0b7fc8db9954c97000b2f5636817adf507efa2686595
9091.384539,28443.859454,failure,c2e046130f8238dd8f84f93f68eb16f6128c292fdcc8c1a71b0ad5ba44a134c1
9114.829878,42755.085044,failure,18cc9d0ead38528d62dc3a549008da49b53a10d7772490ca90a8e1f385f148d2
9128.532634,14383.979972,success,e4e7bceb3cf11a8b47824f42fee53fc839729e0bfb07e8f60e51eb5cf16a3eab
9147.146447,24975.080389,failure,1ede4b4db15f1a4e2bccfdb9a5dae5da3cc2ff9a3b05518b0c2c47d625514f57
9163.699511,10210.203687,failure,a09e7664db3496e462444c653758e15b1797787fd3cfe7a7bd35de0d3a3dd31c
9184.357450,27264.924282,success,c8cdc15f542ace801aaf9592f295457b227b4a48df6e85c831e35b2f0f2dfeb4
9200.875017,44648.662056,success,319b600b721a10b6639c4fdd3579eb8fb3494b3841815056600c728f33d9e1ad
9221.460050,26399.125620,failure,651d99c401b9f2ec925e8f1dadbc5b251ab43048a3d7c33f606be629a1175a0f
9239.015866,28816.167087,failure,7f477d01aa3d22caff81e97e5ff35443d04c77030b89463ab54c0a082cd34ba9
9257.548405,21168.034495,failure,3b45ae51eadb5a84ad85c1a50201b165501d6635d7498bf4b4b879d99508e088
9276.072839,41659.804564,success,23029a6ab9586d7c134a3c119f1f5814114910fee42992d985353885db85aa3f
9294.550865,5937.319177,failure,a3171c24fb62ce37af1770e104526d46d278bdc003ff4e1352c6c30d00417f42
9313.066973,1726.919102,failure,eee3f220ece14a614295621027fdd3f4760b48e712652682ce02f5ad36c7059f
9330.604114,19750.966180,failure,87aeef4b7384d231aa54736ed552c914558b25ec8848cb6602c4214708daca73
9350.137372,33347.758140,success,2ba595eeb574f7b5158717c751b6d75bda40dbf282350ceecf7f8a9981a5e95f
9367.635088,25727.992435,failure,818aec9a56310716d262e1c007fcade8c6bb714f713362a0b76a1fd3ff6e4916
9387.290066,13608.417230,failure,e67bbf82c910d2583902495d0fb7b580d32d560ef7fab4945a431ac2969eec7b
9404.935080,21589.063700,failure,3a63fa3f410fbd3673620be219b387f50d2f8bc066889a0bb61c4cb2c16b8cf6
9424.891967,21327.079327,failure,130a199bb350ddb1256b759efc0d62cc71ad574960041d95ef4c2ad9489db2d4
9443.595278,30816.994644,failure,ddce03e484c444357ac25e5b1a2acfd7e3a643cf1d8b0931bfa81adb177c614c
9461.347986,23722.291369,failure,3de884460a2d88aa24fb5727f13f182aa1a24bbee525943e1239b3d98facd6d9
9479.012948,35383.960795,success,7d4a2ae283e37bef08fd48f858cb2841bd4a63d62e1be392d9da4a56bc91fecd
9498.699736,32962.670662,failure,9d4f82c46c838f06d9c05fec52087fce2190c7ccb791047e3f28ac77f68c3fea
9517.407105,26609.175487,failure,decb3e72569d984a66b977c39f6fbab817b585af99c6f2823ee8fa0596ffe558
9535.027052,12068.631588,success,f54a38ce87a13620b5d5bedaa806475991e75cf8442fede4cdb8b3b92e5f0c43
9553.627710,15172.820640,failure,e46485f76b93177dc1584e4cdac419447377eef5aa25a139ac180ba417b24100
9573.283749,22579.468373,success,8e805cb53b0fd16d984576428da5cd4a120e9b5da7907e877c4a336720c3cc31
9589.905382,33140.977686,success,7adc159a67f45ac8ccf0a80484b7a53834b149d6b4d52af68ca5e626a2170e5c
9610.557681,15763.958218,failure,0d79e8304fe5b2d0ee22f82988eee2fee18781a0e205a8054dc378e338390847
9628.186135,38043.267687,success,c5d4f4f73fbca1cd83fee65de7b5947b6d6a53176d4115580ce6753b995dde2f
9645.766788,24435.169664,failure,1f12db17f796ea04f1151da4ee0c97d7d2d852ab09c126c1f0d6c40e68add824
9665.405865,18072.055106,failure,ab0e7e06e90ea3b34bcb604cc7273657cc0924653ead5f0fad5b5a4ace820951
9691.536200,6391.623680,success,7d3799f1907ca9942d63c9f5531b10256aa93b51379616a49c46af4178d4d10d
9705.650402,29890.669261,failure,b3f086bdb37703c370df8718303fa4ddc8a6fdfbf3e1292c08499bf64097ad5b
9720.635198,41215.183605,success,1232ffc80fbbd5c0b89ce02ec56df772f345c66003391896760ed39dd2ef6b11
9738.823667,20606.088667,failure,85c2ed83b2476dc791c18d5a5ffdfa46b3be0549eaa615c2ae6f207fbb86df38
9757.255667,26689.285875,success,4f5e5adc3fe2fbba99d5f2f4e661e5cd7e3dbfafb054ef2df4fea506049789e4
9775.605662,35640.965143,failure,6bb4ae159766ff4f336021c48431d2c1471549712505ada591ccfb247bd8a4d7
9795.322115,31085.754166,failure,d498fa5dc42dc2562285e37fa6c7be1de404ce3e371721e088c2d80b6ecba7b5
9811.854771,10089.168605,failure,2f4bc20f6ff1be3e273d1ce39ad598f64153fbe663850614f1fd26a9298a1cdf
9832.436356,37856.435197,success,0905898d2316f534ec585f2e9b2fe8886173d4e222d2a2199c28671c3cb2a17c
9848.982577,26613.837197,success,6b394590350f1703dfbe09a91c43bbd790ce5de26a0edb27552fed307b0992ac
9869.533074,24641.785691,failure,5630088459a6b3fc1cb4286548a31407a865a41dca6b57da8d36ac6acf3983ce
9887.111343,20987.735707,failure,1fe83d1f6c616916df7c94382624c3a93866c1be0b8d9e1704dc529e6de7232c
9904.615822,12240.614444,failure,bd5af4317c052e6858ea4e04e961b91fc24d2f6e89ce626d05c8c2489252c681
9924.252264,28262.535797,failure,7e89661338991111465154c773230f0bfac33b2a7dd60308a935dafef7fb03fa
9941.850270,23348.736205,failure,f14f798077f481d729d6249240e52b1f1242ac220095ecd672e267e9fe4a739a
9960.775330,28782.788677,failure,32b4e1547187936978cb3aea8f688d0a1d2542e322ab3b926c75bbabca34053d
9980.432722,33409.941814,failure,bbce3dbdcf20d454d5c906a46cded6ee84e21cb8a08718ab4785318f46fe209b
9997.783892,31830.165831,failure,f5c74855b81000581230eabba0ea9dec3db326b03c6e0ee915e3952a9bbcab83
10016.769115,27599.137414,failure,6af3a9779497d2c441c555c930e2143efec5ea7fd35978f739aa53f9cd350dfb
10036.397803,15848.624514,failure,b628f2d4ef5aba948c518e40874a6402cda7600b068948bb0de6452e029254c6
10053.258387,18763.132886,success,14722140550496a2df9323fe88fe81bfa5ca6115a0391e5b5441e6c6d8d0f8bc
10079.381519,34520.277370,failure,64d35e5d90e2870730622b46a835e86f6475cde941ce4e528f48cddaa916693e
10089.897391,31271.664250,failure,a4021eb4c2eb4e3c79ca02aaeaa27bf64ecb4e215405c608a2ea70b6ebca3d5b
10110.114018,38889.737273,failure,65fd05ca78172f60f132e363ce7c6a827e91af7a313ff7b2f3c7f2453b6c8de7
10126.664737,23068.364608,failure,36bda7a129646a540182b9d68f24393e93266f110cd00b7c1df30323d85d4d6d
10148.943074,1531.680054,failure,19a6d7012f1674de51ba77b6d222b2857505bcc6ed2ac862731c54cd7d165cd5
10171.413805,37497.679524,success,c1c7b1fd741f31edd4de2bb6c988f9399c3eb99a8adf2997a9bfdf3780a2cff4
10183.734853,37504.811326,success,bafd302fd6d8422e0ebc24e912f553e1c1b1da1529b36be1f68d615f03dfd0db
10202.438735,17385.614517,failure,887cbd9024d9eb2e66b1b50fd994a902b55e86cdaa0aedac7332e5f0cf8ce4f0
10220.092887,35532.201599,failure,d3cb2f5a7d3274668f116fe87c7cff154e4841f90fdeed6179cefa05e7a796ab
10237.678980,35179.194686,failure,c0f29cbd1542ca807ab9f431253b53a22a47edf0823fd9f3c339aab987866920
10258.337170,41658.545581,failure,7dfae3b30096bcbe6f26886f537042de37077df8d68b6638ac9b6dfc9a5114a6
10274.923718,24232.989592,failure,88ae0c44b322ed43f0c59c8257aedf559eb0998e7623b24b9316b651940c656f
10295.566659,20461.827186,failure,050087775a1c4f0eef26c438c763d0d2fd7421a8de6a225112d74a7e106d1055
10313.295361,29967.415102,failure,25ba601c3d01c463458e879f41aa0678d1920ade95112b2283c9b6f13ae99a6b
10330.991502,18798.364672,failure,3b147d11eede85ac246ba5086e52656fd25fac0ea4803356b8d2c83f877188ce
10350.018835,21802.583855,success,3a685255aaa7c85849dad90b77b084b39bd1c064887d760b2877cdbb835ac1ac
10368.623890,38499.057796,failure,25ae0047fbc3e0b155f4c8428aef1333f1581ce490f89960f3a2067e804e8482
10387.221663,17185.836356,success,ff259abc316e800a3f93e04dd3931ce2f3cba482feb15bf9e9dfd3e7d2dd35bd
10404.809048,34478.680841,success,d842dfbd08fe79edf32fda678345da81bb158384b7c6560a94bfd64a5a39eb45
10423.708419,28358.867091,failure,217b369162e50b02f637b89d46568a394775df76e813a564cf1fde2a6742a502
10442.683674,33487.636806,failure,c976b1b49f36edf336fcb9bf87979a6d3c38b32a39dc40c2ed9b5799497c832f
10461.333685,25667.754465,failure,138b8af3d3da25f660f1957d32f696a55da5c8580b73245e84dfe184097126a0
10478.929316,33335.828516,failure,370a038deab9d70376e12510f2d67808c3fcf08603657f4e0da97a89b53fea57
10498.639116,7604.249282,failure,8850442ea9978661be746ae72687190e5147133b976e332b7b01d1c01a2c8214
10516.850810,35926.357372,failure,3b9ed0f4947eebf2ff327953bda55092f2d4d5e7f6bb9ad0a46987dfbc89b9e1
10539.567564,26243.969100,success,23eadc365c29657eee8c104b092ab93e7622099c69f665e096954400546d56ef
10553.884980,12009.914658,failure,b7869d09bc4f4bf752e075fc352341ba99a2189f5b34b03e32a06861c110d5ab
10582.715350,21987.567944,failure,53c72a48820a14c9c732cab4ab9166b76a4c6fe33ab23ff49e1dcd6ca32e5fc2
10591.419273,16517.901348,failure,094e6dd006509e32c19ad764a5f75eff34c23cfa39aa34f1f38fafa8ba020635
10608.956915,25519.422708,failure,105db7ea0f063852af9b515c8350a225cee3573e5f4f1ab97b00c6e4a4ef1ef1
10627.695944,17110.834965,failure,5698b7d1e58587589faf75f7a6db3df8ecdf3bfae187fecfdb6d6ef5fe54a60d
10647.343156,35104.544573,failure,c36e9036d8ba79cbb689a178203355ae9961ac50c477dac1a2546bb4816450ad
10665.231830,25783.902544,success,00f976f60b9170b35735a73aa7cfcd26faa713a89e80c752aa08df766ebddb9e
10683.854830,33552.047707,failure,f802ea6943dcab9b6a59b9fda2c171ab748d50701277e89cd017ff53a0268e8a
10702.522614,17807.812242,failure,6ac8b47766b427b6d56da8a3034781e25fb0ea73eba48b06f2bb3b6ca6a246d4
10721.114716,128.513031,failure,4e1e44d09e0278eb2ade38e6e01938d5540d90da81abc0758b9d3b3d1900c599
10737.650497,20154.885418,failure,5ab41d24286085a6ae2a73121eb4bcf147a30dcb74cc5113e6528f64652dd669
10758.280524,91.885028,failure,fe366649f5d2c74a593f6e5baa16ce19d73ac590210cdbc3005a7fa9b7b3801e
10774.834129,75.728081,failure,e5ea34fdc728bc447b505478e19c117dee0990fa0d25e8ca5d281dcc80677f35
10795.436213,25653.410428,success,f23c984a51fc255afcc16fa06f1ca053401846073ab9a65ff73f72a0a5fec459
10812.040283,20008.862147,failure,d9341714133d53e5c2d78575eaf315c2d78d53e6204a505d4d04cda30e150031
10830.621284,36838.180885,success,6ef1dc8a292ba40cc65b0c4ff53cf68461567926cb0bd2651b6a0350a07e12bf
10851.037046,7239.162159,failure,1fe47e625c90135429c407e977af3608158eefa500c4d85a77ab51d256252394
10868.561964,25240.138430,failure,8cbd5aff940e8e02d183a4091562fde6548e5f2515f86478d95f41cebc288b80
10889.130345,19986.320905,failure,e113f95124b46a876b9e45619395174fd55c0f1465ce6b22b31878424509b934
10905.307219,5.298908,failure,cb3751bba5dbbfc90b7e3cc77eee2f7611b6dda18d8d38e9931e7208dfe9bbb1
10923.709402,24314.476138,failure,ad2f2004c23738968a14d1c5833a99191a5c438415687da3f70a1901c665ec74
10962.225799,2.913066,failure,9a8703e3df935d9db02900d0d514cece787c72ffada8dabf549826ae9949a23e
10963.726791,3.849904,failure,ddb0dc88c682020926f68b2e99dd52fb0bb3db68c3d14a589e396b0fe6cf0a33
10980.191708,3.419663,failure,5369d7393af7c8b7d49dc5d943aecac3dc078ea0f84de2bf28c08084cde1e18b
10998.482431,40.196728,failure,dd189bb02ec410aba1b9c34ad46c1935e2b216d4e5154f4e22964356f75ec54b
11017.821653,26019.109292,failure,e696a5ec5e2036f92e4b9c8c108fc94557728f8d135d0f93ed9ef83bf8928504
11036.138074,3.186943,failure,046a502fe25def0edf40965dd5078a42820840099e57912667dfe09a6794e583
11053.916390,36615.893540,success,8455deb6dbfcec656c861b1267f3cc5676be0634d94ed35b5b2a9ce0130d1947
11073.684460,28411.148533,failure,f88aa5c8012f40047a561631affb0447c86944ce305366c40514ce553f9153a7
11091.542195,12785.848956,failure,fa08ab2df34256e3699def2fd01ae2ab33c50ab61eba664b5f45f2788e414bcf
11112.385545,21456.770392,failure,1f2d90c598c64128bf48b1db8809aa410af27bd91b5952c68bb20e868eeb447b
11126.830701,35040.349596,failure,61467f3d49e417bbdaadc12753753ff09aa41f0b3167a3ee74b4db4401ff32b2
11147.583319,33294.281968,failure,89282ddbf3633f31c50bdc591b8ad4e9610e910a1a73b87d8cf92b7155f8b837
11164.635805,33635.554206,failure,9d534c2977443fb250ea25881e832c07e43e951829bc8350868333b411916191
11183.814834,35337.676239,failure,cabff648a6bebb43de55453256bcec22944c553c5a5d9d402a6d3af10823a325
11201.719178,31990.196624,failure,e75f8c37b9df78cc31b118c15bdbd074e0bca6efc86bdf95b3354c30881ab339
11221.470566,34975.104839,failure,d74c462ae6e62414ca252a006d567c20b7174c468c464993089ce533c3cd18ab
11239.020461,32563.702446,failure,f8d00f5b80d6128084908a30583b33e255d1b2b5a392572d446a198170df7ea1
11257.214371,19359.422881,failure,a15a88395edc76fb7413f96b1c56c8e9dec1ae20dd396d46d0ef20cd263c1408
11274.917625,25501.820291,failure,37c89c745a66cbd6e9c001120160b3b54458166328178c70bd250e4e69b8137a
11294.728777,19165.652268,failure,56c96cfbfc7497559ff3ea471468516f408ec7745cc8abfba3d7fe7e491f3925
11313.485319,35052.834683,failure,1aaa22454b57a4a6e38b052576b9f1f16b47d8761e73c8fee029a14f33478d06
11332.307224,36323.223497,failure,b809460cb5e22c8a4c680bde3791b757c4c9871072fcf5b1058296e9eeeb2c58
11348.718540,33534.636856,success,7e0a1cf44932cfa495af3922fac111d623aaf4accdf7f9596755e5c99a37cb3a
11368.695935,7860.522056,failure,445b6cde6c26b58f58b916dbb1b8c21c0f09ae6056eda0e1216d7e22cd5687fa
11388.142779,36281.087207,success,3007245807710c1bfa7b9e4806cf4aa6226013fd75a3244348066a7b629e72e0
11404.753231,24429.007340,failure,5c503d552e8b638d5393f6465ac28d4dab6a734fd9a03edc248e867ab79597e2
11424.399562,30956.160313,failure,fb33345da9ded193657b2d17d1d9510fdb23173a750aa09bf53112f44ac98982
11441.969665,26842.560356,failure,0ac8dfb0d431879b99f2659f125d43859204a11af8544d3c701454922b169ef1
11461.608581,26073.315048,failure,008b6bc4b00f31586d5e0e4090f845b87e63fea5b332a49291b4b52ad0a71542
11480.325398,31250.214042,success,a3328ecd389c27b7319c04f78aa939d9676f4f2963e6a27a865a968a12611aa3
11497.953661,31898.699470,failure,3dc3be6eae709c3e4584d9007dd5792f269f7e29bea5beb15e15793d01226adf
11516.788320,33367.299608,success,2eac6af0b31d7e6c47afb0bcdc4e163cce7c91129246014181e6bbe7c73d84d5
11536.253318,22856.829628,failure,94203e1c2875f095842b23020827a6ce2000604de0ead0812b94d4874b5a474a
11552.695893,16043.465187,failure,b48e31a16bf88a4263839e386bcd5e21f9f2f6517fe1dade1512fcb5a84188df
11572.711982,2.662433,failure,41379f8c5f7fa9fd18a7443693374fbb4284011a6319ae31810f548c65410b3c
11590.977306,11.598095,failure,727ff7c3faf5416099091f573a72c4f438b3593d29f2cf898f7f3a7d889bbc3f
11610.147699,5.407704,failure,1909f47973d57ef162845458a279007f758de6693f9cbf2006812a72dc60a64d
11627.124422,5.429946,failure,91393bde585285083f27a6340fb1a9e1d79d076327f0fb85609ca81b0c7e7dbf
11646.195217,3.358407,failure,561fe73722859dc86769cddebdcdc44392444cb745c3446f7a3daef6868f6e1d
11664.127062,21667.152981,failure,750fe1ee73c36dfe6c4433f07faedb67207bc6b53cb785eeccd656c94cfcad93
11682.929480,40062.049527,failure,95a2b345c579faac789015dd6464ca762ec3f89895bc7c518a399419bd59b47c
11702.325078,17.304702,failure,1c27c29c06c549ebddce4a541c863e7aa7cad7eb3e2398cdd1e4e08bf41095dc
11721.303839,13.292862,failure,1700e7e9a295989224995478bf6efe9ba34622fdf208dd6cdc39d2073963d195
11738.243753,39974.061902,failure,75055d4593d4a5f9a922455cb57da798df79b22a58f7283c8a321791a1c39184
11756.728261,12.838905,failure,7a5cb77c1342ff4edbaeb7212e01cc24bda2c1ca95d81ffe7fe153eb19f4f2e4
11776.583475,5.986807,failure,f11a6ebcd9ef2d1ff81022edd08b2f59186d7f6b7dab4d972a455ccc51c0ff3c
11795.230450,3.339091,failure,47774232464997c0e95ca430352625b8b802e145fb92123bf4c4d5e7f5ec5feb
11812.609142,40104.136310,failure,637c1116e75936b0b3b245d1a9865f261b0c5b5d1dc16fca09f744fc9c03089b
11833.403499,12.155666,failure,2690d2eb085702ea6d2211bff2e17e96a4c7e68af0f509306c75deb33b0f077e
11849.578990,23.135685,failure,ba551a5b88e54a38b3f5f1f5a19e5fb1c534e73f6912ccf64d3b8aed5948e264
11869.448452,2.887158,failure,7b96f219ba6e2771305f4ceefb608ad0ac26c69056e846d854b0827fc631d545
11887.443957,59.511482,failure,9690a7bf9ff9281a032119dd668484c3679589fb45f319db2c4b478f01ee648a
11906.468374,40.825404,failure,8005d1b2e374c41ee22e36685353183744c2303a5e0fbd96c47bce8e7220063b
11924.220591,23.382190,failure,ecf85a971f6d9ceb4b570dde0e9ec19c7e11ab649405492c9e5673fbadd6bcb7
11941.904368,4.692905,failure,fd1928090ac3184dc8e30316881a05ca2605f36e15a495f753b5201303f102ed
11961.171113,4.378942,failure,c7511adcf0ffdabd4683d6695e026e30cd720a9b84979bbb33754beb26e0ab2a
11979.130661,3211.915402,failure,ea1212343c934df827d2da3885ca9edbf40a6c92c1116c0225d71384d97fe34f
11997.901419,198.989461,failure,ebb40d2f96f355e84e2d743c75eea9030e3602790f13837d3cd63518a1cef9c3
12016.837509,180.739505,failure,ad52c32c3f9e62ee6f6b5805f3c295e21425e8c7e8f3fa5aadd3240b734986be
12036.522433,161.976290,failure,3690b6eb63911ff87bc5568bf0aa06ea27ed10a06c42d3c97546031ab1cfcc01
12054.176524,1476.041148,failure,8ae3507664a77c73ad5f94a7fd09e07f0ba1630571e6ddecd330922562cf2085
12071.804806,4012.055435,success,c554a5b550b42ac242a7adfafd90d712dd7b228c2279311e2fc37aec669f4fa2
12091.508285,107.273152,failure,63c95b2853fd7112498901ac8a6eb48abea8161b907ed3b48fff243eda21e2e0
12110.169186,87.072075,failure,089a2137af1c228d779f88772db930e02d979e4917eaf264692f8600f5f4b820
12126.736346,71.153579,failure,0dbe0fda4e31ba606de07c98169deaad6b0ebd0f959d28857cce61811bf5e0eb
12147.389686,50.790166,failure,cf6802b3e75dd16d1b44bd9160770ecac8824d660eab5880485acdcff8796705
12163.958119,35.113235,failure,82e91a9f26d5c95d3c67083fd64e453dde7d1133a4465c215a838468d6bbedee
12184.555735,3898.803230,success,718ef823b743caeecf87628395352466eceec2e22974e3a7f6ae88662a6d1716
12204.482705,18.873772,failure,2ad9c2a2a3c1768789be9c6b336bb20e25767a11d589e38defdd59d500a9b1b7
12221.307210,11.301084,failure,c157b8bfc470a0d31acd07182f5021e183d608692ba96bcbaaeb560009953d4e
12238.338907,3.207002,failure,4317796f8025189d8c419e7f2e9840bd2d59600deeb56a06d686681022b6f6c3
12257.114144,8.431349,failure,c8c59ff01cc89c8f83895c38e48b196b1d6047f56620b1349fb7acf858b39fae
12275.132613,6.415485,failure,6625c93890468e20a05c881fe3b368feabca086f9fdb7e48beaa32f2ae2d13b0
12294.124288,3.434190,failure,16848e0ac57f9fa6285575d788972f5db2baa7c02c2b17aa6f022ec78a4584b9
12312.567588,27.020485,failure,007e7fb7d5165c7ddb521947390296c57578275566421a5fc9144eec8667a218
12332.427361,2936.161374,failure,29e3e8312da97030c9c0e465ff9e0d797db647cdf8a19868a47bb2b89ef44962
12349.338341,2.862581,failure,493f86ea90701d1f2df7742b499ecfa08b658c59a3acee77d5b0cb7ad6d0ca3c
12368.810031,4.749933,failure,3a2f2943796d5a48bdb83f0bb84c3299405c5c022fa3f9e81c5c39ad2099cd6c
12387.142373,16.436463,failure,d2117ef81949b7959c0f857e9706555d7e935a23a1e56fb3188054325813a5d0
12405.248226,52.082093,failure,5890b246c48925976bc6b06f9dfe961d6a1cdc1a05073faddd746b619cc12f2b
12423.028496,34.744198,failure,f4fc4d8761fe685eab554c397cba3e93fdfbb3ecbd23dcebee190e02aaf24caf
12441.740303,2573.715896,failure,3f469744798b7045207f2db8c7f49a057d16fa71616fce32fcebcaa51d82fedf
12462.175131,188.841031,failure,8793a936b5a2ddfc79eeac69473c470a5dc483d5038710798ab480f43b85be9b
12479.065110,172.325619,failure,876c075a9f3ed3f9ba0d7054b98b9ebaedb325f0a99e1647a45e1d110d35e7cb
12497.812785,153.922053,failure,78540f4069c8122663ff5009a2f279c431a6480276a85b68fbcb19088df5b591
12517.504591,4450.073368,failure,8a831ed7507478108dc5edccb0b2bdddcae000c21396530d650e633f6999ad42
12536.127551,116.438586,failure,92de6763ff798c9774259389bc14f4bd369a84c955fba86eb5fe7a60a6f249a0
12552.685514,100.175930,failure,61d16eb0f5556e59e05c7690529a859c0cf5e38cba497834b9c60e2ccfff7c0b
12571.861076,80.370981,failure,beaf855ec8f82c08ec1fb993e85ee38f818c1eae06086521268dea8034cfd0b0
12591.497738,61.661328,failure,a3deae9650b1bd419affc9ebb9468c3d18b6a917e81bbfaf91a7e65045dd8a3b
12610.118764,43.474511,failure,c2b26bac7115a0ac546c1fccc180769e1208b8ffb91e77b41269386d0e8957c8
12626.687717,2286.518509,failure,a72e6a0060d005f1790a921fe05fd41e951cd6be78da9cd23bf0d845d70f7915
12654.114198,592.083532,failure,3eb9207e6224b43acc0b0ec13461d0dd23703341cf0a56790c8c35d1347a64a7
12663.951951,582.642157,failure,cf654cd3148a7d5fb8ce69329eaf5067d4d029ec6e5c2de50c21ae3a153c252a
12683.659156,2818.447526,failure,49e3d1a5deac4220bd449d5e7713a5063d92b9415f29c718470f7a6a47d3ec22
12702.405037,39012.411445,failure,c2c5483357a8e479fcb5b589cdda46311c0ae86ef1bd0c1df27261e14bdda8a9
12719.986321,34025.781401,failure,a465a5cbdbd882b3ccb74ce77072750f7e9515e3c4f0c8723603cb2b87237ab3
12738.630000,5369.693303,failure,a480fbb22a0ed10cb5deade6dc436bee5ba6ba944920284970801f29f3d33b80
12758.288413,4279.912782,failure,c52c1ed4773ff9892b60fdc7f9e0493ede2a2412be4ef3122aa8031dfe713242
12781.899955,10447.018485,failure,b6b6eb81f63d8036c35eafbc99ab23bb096bede72b73efae6146bc562eb3e29e
12795.334745,729.058947,failure,595be56e5707a5ba34e801381da3f5417cb5a28b4d44b9cc90aa9f48c44541ee
12811.906614,712.771455,failure,c0e130b621f7d30af80bced77394f0885a7d6e0ac021d0d77929ee00fe4dc44e
12832.508478,41123.315916,failure,0543870a586a1da2a487a8e2f5193fe34b328056b9211d42ef285be24aaca008
12850.097286,672.122835,failure,92901cf6a6755c6bd9c85e3c12990a2e86fe569d7cb556edcba62bf07ab0731a
12867.621883,654.930485,failure,97961241bf8b15f53132cbb25987bd09a69e2a438f2aa84c809d6ecdd936a0fb
12887.186769,635.664794,failure,cad0819a4dd4b1fdb25adc81936933457d01b5e458e8672c78ccd9f67e6c1e53
12905.300989,617.844488,failure,1463ae27ce371b2f42b61b0e4bb07aa0756938b6e11ddd1a82d19ba8a14f9dde
12922.906188,38012.960425,success,c1d4d5ce8addd3a1f1fe6b50a22c74662e5fa15e72b3cd966b3650242b45daa3
12943.552816,33656.084130,failure,04b35d4423c36cc9ce58b93738ed03fd7d51cf132040eca7ff8d3748bb1dd6e3
12961.153045,37974.710061,success,ffddda269b9f3b70bac66eeef4a1fd47c614956a6e8ea68b0a8c3a21d159bc7b
12979.101883,387.141810,failure,0b65a104958f6b57d5148c45df5ec427c9f34f4d7ed9bf4d9424fe864ddb16e4
12997.638149,532.394163,failure,cb4bd75946940d32c4cd8c0aed4ed3b4540b68e4336fa65568a40b1df0cf24d3
13017.418662,20342.145586,failure,6c56631638c858064d088c8c92e0e8bb317666f916a9027210ab92fac64d3675
13034.942758,427.808362,failure,73fc881a6767f6e3499d18a0e153550d3a00d66dcb9252b287b0c714d7d325a4
13054.514167,408.343434,failure,5343a418aacfbcd4028425630be66577803c4711b6c738cd85797c50b6d69fe1
13073.092843,389.828969,failure,775a65943a3cbd83ced9faad8cbc0963580cff9df32abe53a1866cd7bf93cdfb
13090.556174,372.419049,failure,8b7ebff88d1fa1b9c2dec72e4fc16622cb8c93bed1fb676239acfbb0d3adbbf0
13110.146899,352.877998,failure,8cf6784552dcfdda5995aca98711c00500629e7bbd371c08781e3b13b960a9b5
13126.660248,30875.942524,failure,8f70db6b847873167c8fabf2e12daeed6dd5ee39ab0526669311e0843b7b2865
13147.236242,372.384354,failure,362ea32921de2b5fad275de5d01511ede0b1a18664424c642ccb908e272fe49a
13163.734162,356.262975,failure,79473bc6adc9e92e59b6654daea73ab7b046696d5aacb61f206a70b0c6d0309f
13184.307962,15653.270977,failure,691c5b2f5f62827e57bdb490e722ae2a71eeea509071b2483f1adc0dac4b4a7e
13200.870534,320.979809,failure,c84067cdb1db3d4c013059bcb0673d6081e6223fd1f578830917c5f319032d2c
13221.606810,40351.100159,success,8f4d31af22cb25114ad56a592151978c41f1a68daa4506e9a57fde5fad900005
13239.393943,1951.225675,failure,a1223abe63a1ee115d070130187eb42f7c2f5fff18168d7524a97727a49cbd73
13258.948149,107.007480,failure,a3b950e77de2df32076d7dfd66e66315772ee4fbc285246a16f827895cf2077a
13276.761130,247.337696,failure,d8c2edc8c38db166bbfde635dc8bc669d50b75fc075017712dc6149d1b5ca9fa
13294.870921,35656.511407,failure,931b0151ae890155ee936201efcc82299a96907f63342a2afb5ee2c64cdc877e
13312.940877,216.533783,failure,83728fe2e8da3ee66051dd47168d1ef3fd4eb64eb9e48202e8741541b07280db
13331.817785,197.752024,failure,439fb51f2173135bab4639f658f5294f25352047f2d7bf64287414d1ad0d3127
13350.572273,179.059974,failure,6bd336cc40603459719af35f685a1217035335722edf2d32886cde769e5b8ff2
13373.744395,156.044407,failure,b8583909fe8673251f16cc2da4a5159178463aafc40bff7c1309ff2b9796a5fc
13391.080507,138.606483,failure,bb077e2237a951f0054a8531217a9419bbb0825a89d36ba8cee90a55d9bbb007
13405.963118,124.022355,failure,cc71e180fe536c7eeecc959d4419dc2cde2cd939ec3cb9ae18fd54a42a5e9a56
13423.660691,106.418149,failure,23cf2e9dd18dd43bd05886d081adbd42a7b194f757f4d896aa831f440574e3cf
13442.689426,87.435751,failure,2ccc3d1ecb54b1ffafbe317df8dbb278bc1ff3d7fbf1b5327ca2edf1859e622d
13467.418447,62.967282,failure,0bd2ef380670b024b2cbd063101f8423bb38131f44ec93cace3d27bfffd8ea36
13479.063951,53.908699,failure,aad209715a880416200a5f1c10dfa71574a85983b2bc327b81bca7e156755230
13497.686609,32.484595,failure,ed8ba4900a59775b19d0edc6dbeb708bdcff08a2763670c5b88edc84636190c5
13517.401770,15.142662,failure,d675dd99fc6f347d95a9b3cf5c5dc5c2ef611d27dc1d8b1b3fc2679c5bbb7509
13535.102348,6.476060,failure,1d781eddf5b0f5e17d7910ff02e64e93c8523cf57eae4684a8168c12d840ba32
13553.588680,2.618160,failure,6755306d2637b049a5a47074776721baa4af127c8623975bf7f08f4bde676233
13572.791924,39999.907100,success,42c7bbd7de63423edec0477a118dab8058200e3cebb35c68e93c4b125d140dd9
13591.131098,2.418734,failure,71b848024347475cbde762f004a949e9dce65bc4c0e33c4ccfcc9ec64595f444
13609.188881,24.388979,failure,b56923043b2a265c3f70bbba6305223b280d6bc9385bd36e590bdd31c8b8ff75
13626.752892,60.875595,failure,c7806d418d230de54add90d81a6753cf459c24985d4ebccfa2d6d44b0a3d3baa
13647.152974,26771.391728,success,783e1e820cd17687446111b8226f21fa41647d1fe416380877314c0439012421
13663.906566,25.479337,failure,6fa7efa34f8c7e156db8ba3153b57c49bb434e4323d1a918947d838b0702d86c
13684.601635,5.216754,failure,17c0a5442787b5ac66f7dcca64ede20548c5cdbf2fa3ec5ad66e7ccf19b5bf41
13702.475802,1211.031472,failure,0639705294af873fbeeeb0d65ca9f7b71f51c542c4f385bde9b634252a5d3212
13721.282808,10170.627628,failure,e327919db66d8ab674e79537b1e73b9a67c52986e2d49fe39a5e575a4fcd76b8
13737.940610,20392.517977,failure,b85a594ec636c0ac6250e6e1baa4803f9b01468d80bdcb1726d4359e6776333c
13758.634296,32045.834945,failure,a4433f369097adf046d5ada9cf85db0a4a05cdabd98f15034b3d538982ed708b
13776.297635,22686.360374,success,75ab2d66e8db6b4a69fc939dca57c245e319257898a3c276ee7f13c8e31fd694
13793.996300,32005.201827,failure,797261ba68a44eed59a2ed1ac9dc78c36fe80086c05cfa3ed13d0456bdba89b6
13812.650969,33856.726706,success,40286d414bacd4d6d1636ae1fbed00e3d33fd2230332c1d682c38f5dfc21932d
13832.293592,16926.064843,failure,2d89b688afe79faa52356207e4bfdbd46fa3d3ee12e3f4a916d4bab3d8304450
13848.824634,32061.524184,failure,bad26a8c2ae5cdc7d693a3771204e2d8cbee9448c789852501428bf810777276
13869.490148,30117.385662,failure,03045c2d3848a71dd9b2df8398507058c3361a435cbd668a7ac69bb3d363d0bb
13886.957607,30912.636731,failure,0488db7eb6808d987f10448c08fbfa8986fc173c05a7fa8fe1929a3b73109265
13905.984849,33762.969527,success,24e712cad370af410aea44d9dfca354abe96395ef5c6a472b77e5f503a902bb1
13923.986646,9968.507351,failure,7ad978f7af7ed1497a6224d639cf763eb5a64563262fb75ae0409bda26b31a3d
13943.470339,18627.416473,failure,9ef35896b3193a19463793f789af2310f89a16385f0cf7b4cbec1292d9191061
13961.100535,30922.646079,success,71d93e77501a2552a5809595a78bd338a55e492f6991c01799c136b237ab7a0d
13978.633618,33691.309374,success,2e1f1f9dee7ac12151dbc1d27e20b31a0a5ca11edb8afde11f71a0793bd23038
13999.209252,29259.515926,failure,e45f9a566afcc183061cb86807032f6a81d264d9d3cb547a0e4a7022d65078c0
14015.957804,32157.570419,failure,be6e5ba070f5f1c1e2bae16fa7f6a28a28dc4a6ba11309a41aecc6e560f0e0d2
14036.481851,32021.156761,failure,ddc9de84742cc9f2c11f75cb339d4cb87268b42c9ed9dd0502aed7d9c1835617
14054.140310,8960.389361,failure,455913e5512103574a31cbf093d1fc4a4c8f393888ad4d3ecdc7a929dcea0b8e
14071.625652,38120.613035,failure,cf8f796ec9e2d6ad221e2f380df0a5546e724cfa4423255e6dc16fd5aa8cd32c
14091.207250,30125.680213,failure,4194771b81e1508c32e3fcd1bf8fa644e60097732cabf3ad6acbac9e49589ea8
14108.708443,24087.272763,success,8026fd3e1bff9a2a28e256dadce8226e480f5313ac44cd07edd606c7066d38a6
14128.228865,9394.402954,success,9e83071a3277d4e8afc9ce88aac0177ae4ec1a2bbec1e0d6b1344fa4926f1bec
14145.682478,28200.168954,failure,7a2ea5e707e31f86d43d10dca3222757fda031cde71a4e95d0b8a04cbf6087a1
14165.199925,29764.750737,failure,c73e8710745a6c56e4ca747b354740f9373cba9d998887e5b5a82fa7e77d4b30
14182.653778,17970.085089,success,35027b25a6423a3b35ca909a4009757e0e3014ba63af8400974894e9065e8ab2
14202.135638,26216.585828,success,a7cb2c43ec560ba37fc40b51e228191db1083135221ca6b31a1ff035cebc38f7
14219.654464,693.242689,failure,d0bd3641b569bafb24d4c37d8b980182e5ff9b6d3e50d9941ca38392608b5b9b
14239.363853,9229.222323,failure,6fb72c7a3332139b7f5151589d6d0d94b9d6f16bded5bb10ff951c90f5fa235f
14256.947431,36678.885518,success,3c4c33688d511ad2d7b4709529deeeaae30bae09e8ae394f7ac50c7b67abb171
14276.456893,36659.370135,success,2e182bdd4cdd964a80a00070871bf4026a1d11a5f05cd3f0b2f5bd8ada2db6a9
14294.133055,16704.957672,failure,17d9207d1e10fdd63d1826e098f062747c403d37bbd1f2169403b6b2be41e4f3
14311.695694,599.892049,failure,4a11706f35c97989ed51a5cac58f3cab813d1c14a516f4b4303f6e824a071940
14332.301464,579.690100,failure,606b293e0a62f1c627dfc38bc4be9e939df6a1255dc0bd369848ffbcd6bab67d
14348.790206,563.528977,failure,53c993e6f1072ed6168a859ad3d9da8cd15b0d3c2fb417653a6696e503e35be6
14369.346834,543.266844,failure,91c083a21db8fccd8f709951ac4c80bb60816f2a9583873466a9712975f2982b
14385.841597,30979.793129,failure,fbc5ba10f364e565d31db84d88915de66e57b43fa397cc632c9b832bdf30e5ef
14406.184702,507.606368,failure,194556bb99730e360764588f52b16769542464083810a5294c622c63115e1d6e
14422.688212,5478.689323,failure,d4e4083fbcdca9f2fadf80412b0749a3fe1939b4a78fa05e3633b4c1a886db8a
14443.029524,39406.516857,success,2ee3abae677c0b675a6d2a160d388c69ccf293c8cea6eddc91b67499b671ae46
14461.305127,734.078601,failure,bf5f994dab66a494f1c1978807cb71c0f6554818c91df0a30055aa0043bc2c06
14478.917940,717.126544,failure,5f3b90bd3c9d7979cde9c1a301d6be823069ed21ed4474e33f08175361f9836f
14498.688595,697.657248,failure,3fb14ef47d0accc6a0e797411a537150999a9ef9219a2083d6a1a6d17dfac006
14516.692135,681.513006,failure,88c3486a46f91bfd6b4f7cf595cff0aa6471a9f564d50470d8848a34a5e630a3
14536.344226,662.215995,failure,8a1306ca08aab4244bb30dca5bd3e6fc4e1c6d0d53cab103d1e322c61b6e08b4
14552.893934,8004.456155,failure,13748d8dec214f89bbc5f485f9877169d8076fefe80d4aef5a41abd53b74513e
14573.522427,625.598071,failure,8a8ca19cfec89991b346f0d6cad3d34af20c38d2e3f2a2a5bb91a6d93b2518cf
14590.687245,608.717650,failure,81a3644386ba85297b17196f3f07feffe5e4a8ae38ce3955c396a524e3d1ac92
14610.316853,588.530300,failure,ef074f3920993758a142ce05e54a41faedcaef02dd67b9bc0e2aa5651596c922
14626.699215,16248.426010,failure,6abdf181940e033d3de9a9dba7993743782734d2d2e7557db0953ade3da3dcd9
14646.694173,29783.816182,failure,558f8a86284edba1ff96f50f45513171b3e730bc61d3ad982491dfbb2e17a9c1
14665.400058,33004.274457,success,b84f02fc4888efb30bd7cd3a5b7a321a943a31df3ed3eaa5bc72c7b4911930e0
14684.125781,520.638987,failure,4d71bcb2fc3cdef3b6d85d24243f4b84ea94a19cf2d203c33afdb7b29c155259
14700.708090,22381.844179,failure,a02889d53b8165b07e187caecafe7def36d855112c5de564cbe50f9cff5e42fe
14720.679734,484.406671,failure,9cb6a3d89411e1313bbdf5b95873308c31e583e30050b0bdc622f8c913d45939
14738.666553,32929.901945,success,194b479f867962dfc9b3d729ba3481bfb50c5cd70f02902d03887740e9aa8eab
14758.249533,31773.376321,failure,2123cdf49034379b3add12a38d22c9359fb7194dfe185e363d2e997aaa7415f3
14774.781256,8240.065082,failure,0c2e0f9d223faef727db6a67d32e0b938a2fc87002a6234573ba3eb92fb425c0
14795.352572,205.848830,failure,f7691210e134f0e633170d2cffe78cfbf0fa882747086dfa4ca2d796f9020ef4
14811.855571,189.655275,failure,50cac443aecf70730201a169ec9026b78154be659735312a3a2127341380b8e4
14832.183727,169.615924,failure,1639d165dee06d8fb25f2f669198282dc99f79c8befcdf6336f2289a302aa0dd
14848.812664,153.269269,failure,9c6db1f08232712053c2a059fa3c62e6cd950ad8f915d2b0724f44ceafb82d7c
14869.442650,131.405876,failure,ad35be453fe4918b84803d1140ee5686c255af6ee8c64d6af759c772b07342b5
14886.026862,128.793066,failure,47a6e205f29744031c4f18eddbc8ccf9280e8d2ef199255b24566478208c34de
14906.527645,108.581259,failure,d1fa09b0109d20f6cc4b90c30481b6590b06f1c27f69ee80e890130cc7c5d728
14924.387294,90.143619,failure,e38a98df785f8c205505211401cc2257e9f613bd548aeac3e3b96813d92fce26
14941.807213,8564.112324,failure,4ee3b5603158dc578e91c2974c9a0d9aaa44e653a9024fdbf5d0b0b06068c552
14961.280707,28230.972872,failure,fcea02b6bd445a64baf1a354f40c6d334b299741bf485553f07f36018ae84bde
14978.864605,3160.046312,failure,de1c867531899248881520c5aa1af18182c91913f34dc3ef79783ee13cb30168
15003.106286,10.441251,failure,04361d11360984d0d7cc5d43ec0ddeedea9c1531c5f2f2042aea234161ea8102
15015.920064,2.596509,failure,690e51024c3143feb6d80a3eb580fb483629cd4460d566c749e02e590c93f504
15035.757505,29.185178,failure,b975208e297517e4c1bc9f9b1cf65fd61fa875311f747bc6e2ac30bfc232abc1
15054.575692,10.013664,failure,dd6bbe964a1dbaabfa3d731b5f36cf9aeca442488689083b76bd10a65733abfb
15073.565984,4.969026,failure,880bbaa621c8275f522560ee220fa45268968f524ea283df67695b87880c494f
15091.120968,3.415965,failure,793350e185460a4944bf04398cb8730e9c7ddeea7cd2e6673e4e1a2bae703fb6
15109.134828,34.463448,failure,8dc68bfa37d91746c72d2b1ad6824eb47e4295f953fd5b40302eeedea0b3a58c
15126.875973,12445.531158,success,d9669a318fb7a0e7648b1924c9ecdc021a3f53e446e1fe58dd0124d62d57d6f5
15150.953243,22283.976166,failure,1dd3402a33ef308be6c7c32f72b3a41883fcf1f61e332e304bbe53c3d3809f5c
15167.422198,24.344926,failure,1c4ec3269006e1a35527ca24e94430b1ce2880bd9785ea2b8eec8fd977ab0545
15182.881468,33027.801509,failure,d31fddd3813ad74552a6c0c648df1325155dd720881b87d4cb0e9cce1d00b53d
15201.644631,25452.058339,failure,f82c546bf102430c966a9137703964e04ddedeb91b4c39b17f72fcb39005e095
15220.776931,23038.781907,failure,d4c6e1921a3f9afab50a3d57823841dd0e792203dfb7b4edefa94d933797cafc
15239.659971,29.520271,failure,126a6cbb11e7b0ed0815ac746761f91c4401e70fd5dc35f00cc9b204751a2fc1
15258.381636,6.722705,failure,429187154603869c5819beaa7579404c5571eb7270333ace6ea4c25b34cc1d9d
15279.511736,25815.833201,failure,5c7fee4f8d441727fd1cb9eb91c83b7a4dac0a6b1c36aad029801ab01da1118f
15297.654178,28919.521238,failure,e293423587dcaf30d5bd7a0cee04757ad2b6d6f8d14d216b9da6b898b38da2f6
15313.285051,38259.419353,success,d5d16b7f0e93e679ec95ef9e31bac3df1e40b8860f800433df112f8bff15bd03
15330.818535,38518.715322,success,3b913e0d8caf214091b908989b7303ca592a52c194c8b8fac457f90acf06d3ca
15350.711390,16395.798838,failure,8140b670b9bc1b8e782d2be90a1ea6a19e70bfd0eccaf7cdb102f16f84f5c616
15369.109014,86.720059,failure,232bddfdd7227935c5d57dc4da811685473ed2d52f53a076318a59d6d90d6c8f
15386.161058,70.026661,failure,6f38304562c1513b0a199885cd562d635e8bff840fbd914a18e7cf086368ca91
15404.860852,53.706076,failure,5f2125d4893df65a10627f8ed4b6442c2bcb0638ff9c5b8783a4ac76866284bf
15423.713034,13446.811065,failure,2cf56b240da34ef6caedf4a5981b876dff40bc97fd980a40bb7eb12f728c1488
15443.614726,36473.235424,failure,53f39d9eb8752fd7e4030004344c0eb1d8424e7356ec54d08e9fc007570fac3f
15475.238766,31.674335,failure,842e236b375c419cbf52e68411617f50b7e720c729a2dc31df718daabc750c7e
15478.883052,31360.023740,failure,eb813cfb3bd6d5b8303413382ce27d63c7236168c23e08ac4716d696f1099bd0
15498.886626,9.759315,failure,d389a9c8acbb48c7069b567de7b410835b2dd3ce659257673e9556cf2d73982c
15516.832057,8.718310,failure,173de4768e94e9cd63eeb51e36d2e23f4c7fc100199732350d67c48d5e4eada8
15536.120872,26.743101,failure,1b0ca22fe0bffdc00d32d956919b77d7b10cb56b08dbd690bdb6564f1254e250
15552.735271,21531.415393,failure,cb7d5f5086735d492266bee55746c7d3d1b6a12aec0c3d2d42d2e2e5e9574884
15572.871455,7656.660032,failure,3aec981d56cb8d69b8300f28a598920f6661d72c3723faaa06f8d02e91d86cf5
15591.622967,37981.086386,success,ce31037b9f3bb416fc69403c16db0904522676d12cea5dc49dc7a497092d799a
15610.281914,36106.201092,failure,2787cc7f4a7ef6331a758dc5885def11b9403b3496a963f1516b6163d74b7cf5
15627.062386,23973.825185,failure,6924c8bca5db0e23a1b9c25af7fcdfa8f0f9423cb142f9c771a90c5686b240db
15645.731022,32.996970,failure,2af1dfef4d93df156ea38bfc6346c544b1a8f78083c691d0ae5cc845d01ce099
15665.008786,31319.604281,failure,e29837ed08988b335ac468cc2190af95163706c4d9b24ed0c02625c287e1f50b
15682.859037,29201.376018,success,9d0333e02dbc07859fbeded12a56cd1483e74ac359afc41d31a3fee2bf6a126e
15702.091015,3.466581,failure,5e42acecbc7ca541d9e6f6f6d0572e68360bc20209757c0d9562b0ee673ee54a
15720.160039,3.389676,failure,c175fd40970df2e7be3a0a9a6734ac0faebbb02cd64c085bf184507a53cbfa8e
15738.633917,27519.765847,failure,481920c3b613a425f7841354ba16a300e19283f7f6e09e368d77dff4494d3050
15758.310604,5.253472,failure,d445e58f082675722d13fd23ce409e9640ec7086bcdb592fdf1e2b54664e4a78
15775.579117,3.973738,failure,ab34c817d75206382a7efb51dfccb4a69661b244046a4e1b108c407793dc8a9f
15795.177126,2.371505,failure,d3165a7c1e0f9b0b753c52aa21eb037c4fe5147bc275ff12df2a960cdf4a8386
15812.116909,3.426155,failure,ce8af9830bcc03c8e036d22952801fca37e862f874f2a097ec25dc13cecafe4e
15831.095449,5.449442,failure,f03c7ad4c7751dcfec11558152802a2f874a643c63ce83be398401eda7f9bb99
15849.118967,29.782505,failure,162700f472139f3cffc6858170d0435cac0a95aaa491cc8cafad8077fee50006
15867.760110,10.807583,failure,9bdb953cc23bfd734b0b0470a7aa9f0cffdf07646d30cf07b8520292c513cd4f
15887.489597,4.042508,failure,4c3cbb012c78e651ff330637b7ea0ae80766edbc0ed5b8bcc6fe29c8470b2058
15906.105823,4.436191,failure,e8eb568081fd3686706457b55380b88880e47773ef2922ae1a9090f68cb5abfb
15923.112513,2.490829,failure,47d7f6a4f06eb555876d5a324b0f2e8f3aed52b057ae8e23552492366a1d2f56
15942.183527,4.418026,failure,3f11fb36adca0195aaf7df9f4d41a06f259bf4c1cc5e780d1497003dec891a82
15960.160297,5.386543,failure,120b1291ed328fdd250653c7d75e8aefbed4b44d6298f2d03a8eb55ff21192c6
15979.172240,3.400736,failure,4b3329977cb915dee00ef7249ab6b75d126c32e737de3cc19e5636fac2093bc6
15998.241170,3.308282,failure,24e1ed2ca624a5d1d19692295e42c4780272bc3932fe49b387b641cec43675d4
16015.719369,3.746409,failure,213bee107dfe86b9fb50e5961d3546fe4ba401e967f4cdd9735efeaabdbc3169
16036.111015,4.477499,failure,6e46526fa08855e267238b5739e5129bc257d23d4ecd03436973e476a9bb1ab4
16053.226740,3.324132,failure,42216390dbf89a22e00632c22eda98422947112bf8320ac9b0f3fc67c108f5bf
16073.282102,3.294987,failure,407c4f7fab5281ef3ba0f308a37dc5ac7fef09b98469efad83151af6723eae80
16090.320751,37482.380717,success,ef858c49abd07eafd4ea32b3d84b11f37b9e63492632909a6fbf850231250f23
16108.754854,14752.109284,failure,541f7b77fb32bfe11dd861dd08251e1888320c9b6dfe4de688b1040620419c6d
16127.702084,35788.952527,failure,70cb5e80f6fb46e0daa6bf9da6971642d02227982c9eb087c1065ab03ba0494c
16146.720970,22049.445656,success,ad5039fde44fbad61ab10ae7d97cd9d89f8d7c3cc4628485a0a2bb1eefe5a3ef
16164.698892,24115.897666,failure,361cffd60bab62fde2d88c3172bf41e722ea9116bf7f0dbf6956a9595f12c6ae
16183.678514,29874.346066,failure,8323a83f78a50cb532aa5273d97ea2169abc8f36bed2394e03a177241d373437
16201.718262,28569.864387,failure,4a0b32be29a64a57b966c11f20e9dcfd15827b323670d40421ce08d4f25d3056
16221.391222,9812.559101,failure,be8b7f59fd9e05a4a09ace30713d0cb05a0303760fbe37ece41921c8edf7991c
16237.679396,11.317584,failure,9795c174d95f928e0cb48910f0db42d0a9b637741b8f37430c7d8a33469e1aa4
16261.968786,13.611243,failure,4095866979c03970d2554fdb8ffae621e160069b789baadd04bec7de256149e1
16276.087096,4.476125,failure,a9a6476e6b4e55bbe17a00fc17e83122955024c7c6f3455ab639db20d63ba101
16294.152432,5.406171,failure,98d63663b3e3cc6a11a7b38699b97c4900178eb6d59fa98be1cdcf39dce47268
16312.143950,3.405054,failure,320189ed64d2c91c2ce017a1abb63e716e7e3630301f025178f932b81a622ff3
16334.523907,28549.432032,success,be210eba3c438980577888c700cb345bcba8766462b2e4731d426d27a77cffaf
16349.138313,40719.598984,success,6942b73017981b019595d234aad646bbf86123f8c2ebad63e8b319fb09a50252
16367.949447,17765.623396,failure,0f392ad32b0d5aef7e803a8e1d7d7d3cd671cee128d4d16c72f62d0eb40ae36a
16386.860930,35328.236903,failure,a499c93c6400c5c2da895518a6e181e1f97c42cc15926c5b17d291c6cc263409
16406.498944,34529.360155,success,d629fc63235599fb909abf6fed2c229697b57a8933101b89d9b466ba8abd04ab
16424.111957,28459.094959,success,1a316819e849315154e876b4a75c98d9e739c9a99c569781857232da2e0c58d3
16441.619171,30758.564418,failure,de474fcd17cc7b82fbba4f27e637a97d089559671e86db70e70fc8ee402ce554
16460.757893,18645.628249,failure,4d3fcfd2447556a9562e62ff371921e850deea8274a9240f91728817d9b38745
16480.477781,15672.277527,success,263e0e2154ab899559869cf483456c7036607624140e0b3374defeb81e8fa42d
16499.110258,37348.460526,success,083d5f875bc5a53c752f728d010f32f2be5e40ea7fb6bfd6fd63576966fa81c8
16515.680504,29543.370011,failure,95dc70ab22f202df0fae155feeaa4a549b9e0e445bb6296d8b0123f93dfeccb0
16536.313816,40520.626135,success,d556fc6739a4947fb4ee9691146ecb8a542742a29fefe8cae12293342a534ebf
16552.883961,26643.071883,failure,257948c255ddcc5bc2755118355b869ad145a7460c57e4d59aa2fc9e8efdcd2b
16573.516472,16718.202901,failure,f1857ca2c23ba8769d53c1da7ca64165b2686a8d241fe516ae33ee294779eff6
16591.096202,24351.496842,failure,dba61190b30314a357688e399cb7c610779a98df2b22d0d243cab506557b0a61
16608.625788,35108.176190,failure,cf805c42de8323f485a67c732f9a233d77a0de85d085d30e811730ca2f37f743
16628.244245,35177.274216,failure,29ebeac9a13b836d10e68638a718e346a2e598be9693375bb51441de3acb1d8f
16645.919987,29468.984665,failure,103fa9f7efdb185a94e05c261c762984ccd7d32d7adde1ee9724f6672db67bc4
16665.259608,24331.656005,failure,a8b3b461ff6e3b6ce5f744191ed5ddc7dcfc2d17fcd5c4b4221683c0a8f6f756
16682.844278,22767.083319,failure,b368ab50c87f1507fe637be43cf2760d232a4052a2cfbe2850847313e21a352c
16702.460982,237.337061,failure,07ed1b9da2337cfd257dea24ff72959818aeebd2ae26cbd0d9da784413fd50fb
16720.076850,241.771057,failure,893980c7474c14a05af8b1d0663ad9c67777ba9e78d7c85e49980aee24281bb5
16737.620673,20572.874807,failure,368c79f0d2fb85169fde66c97bf33813202e69f9cf88d92b5cf5bc12f9cb655b
16758.208960,34955.995558,failure,3b0c603a77453a45dcda9b22a8ff014fb2b1e9e3de1480b97e8c40a703ae1ca2
16774.757234,30867.587620,failure,8700b0801dc72b2a326579c0f14b89ded09f9a0078bcfb38bd9bb23c90db172d
16795.356622,34140.255952,success,898eab681d2208d2383beeb7235c6eaa6fe98d5027910bff325af90d8b2228f4
16811.931567,157.133408,failure,53fabf38346479e91d03d275e158ccfcbe3344819b9a20dffadd94dc9acf57a6
16832.580599,128.936815,failure,a75a29e52d76590eb5dc95e8a49d5ce474bb6a9e1c00574126ca1dfb018537b3
16850.210965,104.343250,failure,d47097e76b49587f6f35012ff3b8c198b24e5d77053416f20d82e8520323d3b6
16867.781357,94.369131,failure,10ee71a389f69e6de18e54d31a63a8c56f41275c0d8cfa604098c8cc5659b477
16887.057188,75.389419,failure,555bc54647098eefdfb1dbd4383c12ca99d18b5926eb297d854e080c25695672
16904.651536,29005.537301,failure,5c166412ee464e6c20dbf3455976ab4af9557902a48f968f238ac4c81c2da1aa
16923.816377,25350.916588,failure,a33f419aaa88950451840a085cd2c3b2d90dc9c08ef67c4a2f223df58a4fd178
16945.144561,262.923808,failure,41da24f415cc8efb7556c1378f2558cc758f3f35d7e3d163a3417bac1922655b
16960.106081,248.317247,failure,9ae4ae8fa7c17c4fb96da278904dc03357c60a6be008f47da66682d8931cbf5e
16979.612056,229.159790,failure,6e9122ce5703221e73999a50cc726ead5261c2176a2da5ab16fd49cf2a0db8ab
16999.283844,209.798768,failure,a7afe89aaf27dcb539337e3a8ae728d22f65c5e0bf82ad5a494e277f66e4beb8
17016.044509,194.505933,failure,ec107d28ad400e9cfc5ced3038e4cc0699393ee41ebb582cb14ec757ede1c91c
17040.368995,171.158631,failure,48c1afe9d51f91b4159dd3c83e6f60f7aa5fe874665bb7a09295d7092569806d
17057.010435,163.449415,failure,b8090ada24a816e4450756a88f8c10eb59407eb2288ef86104fdd4436203da95
17072.864359,149.362725,failure,c6fdb2bd852ead863c8f358cfa91f353bd49d28ff9a46528c4585fc7d990de9f
17091.405884,136.273337,failure,5c61d24a334b7aa66b2ea8a94ac8daad26e2d42a1ed679602290694b6c56921c
17108.901596,119.093712,failure,c48cb87be8fdbd3e39547e000ef4e5764bc038c6bc20078068423dbff2de8b21
17129.724766,102.584351,failure,d12a84b74e7e2854346ca67ab9776cc431e4d404c4d5709be512a94950e7fa45
17150.399206,82.236818,failure,b6fc77d15b30e1bd95e526e3a5f5ca563a8fccc23e4691ab35da56af5634cfbd
17165.502453,55.863005,failure,c0bfdf47e34ca63ee8252b2ce4337dae812abf836c412db29964a3c2aab4aa3c
17183.685732,49.248876,failure,042acf25af81e61372b313c2d3e03f52f0f789d57d9616c9cb6951833672b8e0
17202.323078,34515.765217,failure,a9307a9a3474e173fe5d6af93c6fd317d001b9c166a94743bdf4dfabd49c845b
17241.734882,70.872436,failure,fad909fdd2ac68b5b8e2b3bdec1c3e293086205845a4f0038a753e442241f80a
17244.408216,67.907451,failure,0a119de8aab775d54d16cbe569464915146555ebc2bc8e5d6dac48cb2b10fbb5
17257.042866,36592.500058,success,2c1870bf0e82d1486d043cd37e8ae61d3d4bb5821b18e251232be23d95ddaf54
17274.630962,37.363720,failure,4216bb71166f152d5213dfadde09741e4d055ba4a7a7974335b4b4fde8a209c5
17300.465298,14852.283347,success,c4196c7ef07ec1f5bde03361f3413ccc38704e733bdc672c4e23713b24cbcfb4
17313.096270,5.429896,failure,2cbea45465c68505e72c830c732adc38ed855b055da60f96506624926d9c79f1
17331.104700,6.423700,failure,49e107a369c01c359a43871fb751f984a0017fdcbb288d561aba97da2cfc5fce
17349.078033,3.441423,failure,dfb23205f3f42e74efe4cce56f6ca0492ed5bec3ad23e02f862b8b4526d719ff
17367.989846,20.755944,failure,df4bccd034008184551869319d4a998e642d49ef39c1b909b3d477272cde00c3
17386.859791,121.414310,failure,1ec3fee452a9361d7cd231da05fe8f6e2e536f91105c17438da7463b8e9a145b
17406.942013,101.699772,failure,fba228bb1a3c98e3776415b84e76e214e1ead2e64775bada46f00601d1e2dcd4
17423.106633,10313.725281,failure,5a45ebbc4b963f2f47df15bf7f96ccd74236091144b397147bcec5fc557a978c
17442.162539,34713.809418,failure,3df1a1c49e872f192674d8541e0d9f9584920dda57b85137b65747a3f17d1648
17460.377969,1451.632353,failure,e0c7b039cecc64b8abcca074a956261d852edbe0a21d2ed6888b0de5545f0eca
17479.520307,25716.714133,failure,ec679cbca830041ff9833c19ae73e033a69f90823ff8991a3788a61e7fd4e6d3
17499.336447,14830.998457,failure,4c1118133b1117db1477fd093b4910683327adcf9de601fc8f96648a3ecb72c8
17516.106670,28598.165198,failure,afae2c2dfc4c3b508db75fc9b34f2452df84928b03cd4eb438a2eb1a59aadf17
17534.655138,31002.290995,failure,4fe990cd838f6193ef526ac8558954d2734b11a7b2547adcaa5c83432d51763e
17554.184087,25177.001983,success,a0481f9cc3e7dd8aa39d2ab4bebd3efb890e745c9cf875e4b470610c460a460d
17571.807119,30084.261286,failure,ce7bb61cdb0649ef7f6d1fbdee865c6f219df40f9b0617bd2268b8b7c7946fa4
17591.449661,23405.152491,failure,f87004422ea788a277c63952fecd01aeef0a2e6aff9923b7b9ccbed6850d8efe
17608.695071,34198.274107,failure,8dc8069ef02f66773b699f9ac464cd84d730f6b3bca0902e2ec55465b1834d34
17628.209191,1013.367246,failure,235f5263d6670b96cfe7ea3014aa361a8863032bc569b557bb4d5f0a3ac28335
17645.634550,415.550641,failure,dce055583cc9f65bde4a98e3dd056f7bd4e8e0e1c446627df94baf6f7e821d9d
17664.663525,384.281260,failure,c7dabdd56db69e46edff305d8bfd7b954cf1e3d7399556520a55fddd89f514e3
17684.184147,376.360515,failure,91303cea452d599f82d01f844fd527e27e6955091921ddca3f687b6ef2e9284a
17700.633795,22623.292362,failure,4d1f7b64f8ca529c8f2fe454bfdfec611a272852536bfad00b9dd8f3d7c90675
17721.164283,339.721533,failure,891e4d5d36c2c018e11a78372337d4add8c67f181dfef539efe940b7b459f355
17737.602048,13067.143819,failure,11e9427b46f2b734dca228cd222f8e2792eba0fba778188511530d097192ad28
17760.538596,284.877491,failure,9389046c08463425002fde9e13947ac087b7bc99249d7742f133416eb429bfec
17776.064561,269.468366,failure,c0c7c35b08d312889a3a9174bfadf4f9cf46e74f346aa9d8b11c2a45b0cb7543
17793.617872,251.978295,failure,44c1b66a9528a679a2a1730156bc2dbb35296c3e75bce683bc4f65f87fc29175
17813.057021,232.589881,failure,dd0f86ccc93fa683a59b78900190ef985c5cc666f93e35bb15ee5ace113464a1
17830.669052,33884.721093,failure,52890ce330026c269f3b99c1222b3086ec6be07c540c44b502b749ddb852b4c7
17850.343304,195.396544,failure,5fe2afd2a380242543e249c9f04b9897efc7511c0b37b1815e9f9db71854588a
17867.853694,177.839776,failure,57d72411c278f9e5b0e5690ee057e6ce0dfcf3ab50f350e6dacf48700d75923b
17888.497165,23579.046440,failure,31026a0a49e1e1e79aeb0a8fc01c20d4c7bc14c3fd59ff2a5af75bf8445e49ac
17905.787960,39161.355420,success,e4c82e4c74f6bc3153464665d7f40793dfba0b07f87766caefeceac2cdf5c737
17923.960238,23933.640918,failure,c86ec8bd2bf827b92831c1b34edb29047f2dbf2dc2135ac2c162007d2764d856
17943.552586,21666.010333,failure,82313bb4b6bf12bf4b17c264901cf343d30fc4845898af8bfb2a4feea24ade1c
17961.143257,34194.281808,failure,6145094ea286b3b4c6fb186c8ba98c1d10a883150f51e18f0f5167f996f98d54
17978.662172,82.821301,failure,49676fd9cb2fe702b441297bf4ff1153ffd9418e5cc599b8aced0b07de8a6985
17999.219611,62.537679,failure,feac8014b2c46df9d212f7c2ecb83988efce18551df251b3271c935a0dc783c7
18015.938597,35556.484085,success,b047593b6749b1f46bc9c36283cfab02f5cab300d3d50507f038039a7f74ab23
18036.678951,20.464203,failure,aa0bc6c8a00bdca582dee36573e147f22ec27e72f37126620be5e4bebf5586ca
18062.600191,30246.979316,failure,720b71255a98f9478cab5492cf111d60239942263ba2f1ee19816f4dcb778698
18097.751075,62.421189,failure,5f44645aee2e6fee29fb82587f603195b65c2be11438aa4706ebcaaf90aff328
18110.350548,29.195187,failure,8358aba310ceb79b3f1b44ed951533fcb1cc3c84d401427ffee93f864cc1ee41
18111.879312,27.959926,failure,04fb00b539ccdd9486a47795f3b8321568a0e59e5cb16c5f33ef1783b31539bc
18128.613026,9.944073,failure,920c2141f6c63c19813fe05c9c33d161146d87e8bf54df4a85ce928098bba58f
18147.568713,13.175540,failure,ca48330b68e2758e37b61a113dbeb23cb78e5b26c46b9505c01fec73f04b07c3
18165.026052,14.557768,failure,3c611948a0bec9f8539497f893f9cf23630052235dedc2243493dc12b13efbb9
18186.509508,33968.957516,failure,2350726dba2b6d7d890b21dc8145d24f12e1ff3c19d161917e545fa1aaf47b18
18202.507513,9.075254,failure,50d562f12f11b75e6174cb2dcc21c3dcb3e9ad922ca83569401fedc22f7625b7
18221.116305,3.413090,failure,a048a88d5b9a21f352f571e75c7e2dc8d93910f54f11e9b846e8d2bba555c65a
18238.175613,2.380332,failure,d923d8a15e3b6aeb1a9ea18bf6a39e523770cd23c836fd74ed0ce4a6cee8b295
18257.105922,6.448557,failure,4b1714af14b4b74756e261b5013d54d9392ca50debcb92f5314f2b21cbdb5b4f
18275.120352,7.421123,failure,7e35c1f34a5a931da21c65af9764a41b0bff047d5fe43bdce5619bbacdd5a90c
18294.077311,3.458305,failure,74991b1148d0eea3eaa7fab375841cddd527f06fc8600995ca690065e39f0c58
18312.106109,4.437512,failure,20b2e39d2d940e244b4bff7d1e2eac34d684d67129e5d826b6b0964c52c724ac
18331.256693,33475.433418,failure,67972a10b2fce542bbd7163c4bbbc0fc14802cd41124167ace68957efc4c04b1
18349.279178,28.859834,failure,f6a0bc28c6786eb05713210474c1521aea93d21c02e45b76fffb889f6a4a2aac
18368.505926,33349.255272,failure,02ebbd568e3bcc05a075c72ee64c2cf192937d55fbe2575c8104f4401c5a2701
18386.965376,2017.575862,failure,24c98706545162d43aac8dd6fc5ecd91d587e0f68294bc60840a25c6486c161d
18405.732296,18901.696267,failure,d398d0d0e5c082b6489482e77c67447eb63934d4cda1586c565a4079b874a85a
18423.689739,29265.329663,success,e2efed1509a1402f3a458c80561f99f6ad82863d82c80c3065f6a8521cda46cf
18442.662618,25038.017754,failure,845d5740de85c2eaafa6056dad22fa805f5e80abd48c557fe8080c65607668ce
18461.335992,33694.494237,failure,7c64a6e742b140fdb37906f18a8ee59b03a88b1fc4fb2d523938404f7d107f9f
18478.884613,24251.832542,success,2b7e58cf3edac4acf94258d2545841e747b8b6f5424fdc5e0fdcfa7c2ba0d55c
18499.191008,23348.362401,failure,4d6058972b4e9c8692316e07edb13631077f92f6cd814f08578481b51958888f
18515.667787,71.266499,failure,84e0e39369bd9dfc6df8b50f7a7141a96a946d916d86c2825ad9dbf10dad63ee
18536.290539,50.959543,failure,7a5be4d1e132da256ff1ca877bc005990c3377a184bd1b493ea0beb9a7cd9cff
18552.795962,34.751090,failure,5fdb55249fbb81cf88b1488e036da36321fcc2a706eb8d07a4dc5d57c40223ce
18573.401902,13.188324,failure,627d3d4a5058771a3290a38a5ee49eea7d2a6880a2cda4a8182116e18dbd4661
18590.120367,29065.692687,failure,60feeb42636d5a949f1b915ab97dd611dcb6256b9083fb8c2fd67118d648bf97
18608.816153,48.389133,failure,446ae6bee458d792f5856958a60090f1e921393bfc2341977759823e091ee4e2
18628.464547,29.092723,failure,9c993babec58150a53480dd63a13c6170d5366a86a6efadcfb05efa632e815ec
18647.062528,11863.879413,failure,35a902acde4530f232cbff2554a3fd63c52f3acf9d6e906027f1022ee67ff057
18664.495892,5.362939,failure,8237afb93a0de25f3ae1fc4a12ab2bb7a89a2bea73793c5ab8991a87d77c4da3
18683.775840,10.772887,failure,fb3809b9cba2001599e7d17136a155684d02d07e86eaf8087c2940cb59d4b259
18702.092631,3.471100,failure,c41c5b6534eeb8f31a04cdd3ff30c46892a23c8dbca718863d05145969400e0a
18720.103395,5.438641,failure,cc7e33d0171184bba6079f1f2d1a4331d642945640b6fe1ec364341e1d40ce72
18738.074503,2.462416,failure,c9fffeda3a791671eb6b9ffe76f8e7bbbdfcd3f60bdee31ab03b4c075bbfad3c
18757.060336,7.513748,failure,abdc32648c5244c33c3575358a331bad855b35de41bbd9cf4e6c3957a22e73f7
18775.859948,2.687461,failure,71c839df98346d9c517f440f23190e829e30dcae08a157620e175abcb500d1b9
18795.594164,2.527799,failure,a8c598d14cfff68c0ac92fe73050d752773882389918e3e109cc928e533430b8
18812.675463,38255.704229,success,85553a0d6cc8a248288bc6ef95ab8b64386c36371939054a43dcfde5ad56250d
18831.915877,80.489391,failure,43ef32d292154db5fadd8c182f4b5bfa9fd1d2ecc58e8b263767f79897c473a9
18850.565015,62.136371,failure,f91949e9dd2b031380d3a9891a104073d1d89e031c4a3fd0886a3f64e01f7ec1
18869.239641,43.739149,failure,12f7af0177962225b974431171223a5936da06e5e23a5cd3155c30c7d3514ee9
18885.791762,27.458811,failure,60fcc224648aa0b4bba4d3a7b6a377e5129f1f178b4cbf01b85ae0523348dd24
18905.710315,5.899933,failure,f1f919fb1012b33a48a61e3e353578328194ce99d50d6cceab062f3cff34e133
18923.975058,22487.980951,failure,594cdaba8ce49e227c30d06ab4b8e73f700078f3dd5e734de3819e4ee75ffedb
18942.632201,23481.226585,failure,e5cbc0c7c96df338321fecff0877b24ce3f9cdfdb12a7fe54db23a00ef4df356
18961.457792,25795.935958,failure,802161faff5af6de6337b47868afe0ee38bf8823a81b7e8cf5284ad9e38da0e2
18980.091761,215.969359,failure,4c43361f8fedaac46dd4dd3ea341975d4ca5789c76fa545e6606af738aa44f5b
18997.610697,198.771759,failure,47629530b7ee34e6a0f920652d76b106c1d0ee90dbf87b21e7a0f5f5a9b8ec22
19017.356334,179.320027,failure,35cea5f4f4322acefbb005bc903fae03f0a9e96675e7ba73d434125807b76230
19034.828200,162.122478,failure,325d23d576caf63f29a36121a16f16cbeb7cf21a252681ae7d8160b28ec6df3a
19054.391503,141.328333,failure,4d73a91d94c1252e1d1fec2773387e5ea3fae0d04153155c0401beafc18b1850
19071.893647,125.621106,failure,c2de8ca1c2b9c6cbe38ea2120b8b445cb6b647cc5f50dc581147f8d744d8c3d7
19091.429908,106.351999,failure,347344f5513f1645b368d342a24ac354ac043ec47bc23418bec0109a7abb70ff
19108.887157,88.342187,failure,03a8e01de2c8999dc58c8416aaf40c55e8255bae21a5d65f9b7c562d9ac85b9f
19128.468694,69.577902,failure,a028b547c71afc4a12375d32bf18fefc44f3d74d7f2c9dd2bef19b4f766e7bcf
19145.988361,52.346389,failure,4fe9c523b323382f98f3ded5a8e9832fa886a865eb3f929b1b98d1f0a0a1e949
19164.576283,32552.543525,failure,3d1df45b40571ef6f20fb3ac34361e11ad15dff59061609324cad3c61fd00d0a
19188.859662,26924.672400,failure,9ffac38ab33b8ce0b529ad9a8febc652773882e2f8e3e9080572c15260ed31ac
19202.134750,27.380001,failure,a83d820438fb61f948ad558be03adebd437ee3f7b7ddee7c6686c3731d00d665
19220.457241,16344.168058,failure,5889ac69561a6a4fef14d96d3b4b15e46fa3277f2547fddb62d5fca44c46c8d3
19239.060783,13.504651,failure,85a6ab805ac3f3528b03d7bf789f3bd7d30d1e529f853bb6d43fa015765a03a3
19257.160294,68.709493,failure,800e27e4a2c66267d5c532f75f073c5533be699cf5cec740560d36b9e6409f60
19274.842838,51.318159,failure,5ec3fe2eb76c2ce9e50cd1f6a069bb5a0e4b633829106bbd06a45f35b24f74ed
19295.524701,30.916625,failure,eb5a0777e01916bc5e31c66fd5d57f207ea696f6734e8e7062f06c93b4b1a69e
19313.102247,12.453167,failure,ce0f719c3bcc1cafe251833f27f2f276527d6e8742aafbf29575b4ef9c5b17c4
19330.950524,920.447139,failure,d0fce044cdc665d3c252ae1f2d3d3aa71a92438fb9ba47bc36d1ac3ae5ef3a17
19349.635179,27181.345468,failure,76aa929de19fc48b7ca925103804969337c2f918afd1fecb2d9e6ad87e3e0c2b
19372.082703,5.726966,failure,8262131f5c3a224ac1f9cc8db57c3b3c68be393ab701dbc09771a821e767d467
19386.730812,9.003157,failure,f5f644dcbc35ec57ec977a71e084b46f3e12cb664d31a4be16b0a56f1036b22a
19406.694971,339.745012,failure,1c175227232ae37a08e4563a60a3e6dba5851cd3aa82c9f946cbf66331d99bda
19423.672344,323.040685,failure,41fe7280ad8f54b2a287153e4e3f4774394916649e143382f8b50ef591e3fb92
19443.411048,276.577376,failure,ec8fc4aea553cdc518ae6778124a9c83ecd7a8056af5ec3884fc76fb3472647a
19460.095609,260.542410,failure,79764461f0a9128d950a5076767195c815378304e472b4e8580df000f0af4c43
19479.332766,241.588397,failure,8e7069df7bea892d95cc0b05b94e706cd72340d28ed8d3ed38b373eebdef5470
19497.925017,246.683861,failure,1d1cb1eeb9ab419c50d46038c0041bcaf15ac61f8ccffae81576d273171a0e44
19517.500973,227.463005,failure,9b53196fc6ad8ef63d09f261be058b2d9a337d944e7400fb54c68097c55cd184
19536.093414,32175.902116,failure,82b45a784e48fbbd5373a7e8dd18bc86cff982855471f846e57188a81f4a77ac
19552.967563,32251.069162,failure,6d8ebe1ebdc24c78734c5d19469fbed202af0c8b3e1b4ddf6999f926e85a449c
19573.532325,37488.165862,success,71f0a6344e9ce09f0eb4b17a2da3167738225e1531f3e1a48494328cf0fb7383
19591.105182,128.490731,failure,e8f2dc309a82f190e40cadc1c000bed3e40b96d7bc7a4da797e8398326a349ee
19608.645378,111.694068,failure,6c7fc68968439dc86254d305525033901062819dfbd7725edfc991df40f23d85
19628.245360,117.049172,failure,5bf9968c5108e38676b72a84aa13784356df06e016861858bd629c7cd4ad3ff9
19645.752292,99.839651,failure,c214eff9e757fe8f1586067eca2f7eab3c264958561ac2bddc698ea4eef75aa6
19665.344890,80.533043,failure,1aa9a5939bca244af86bbd5dfc29c3e1ef33aef850f9aed0a89257c018201bfb
19682.896056,63.269139,failure,dc0154e819223bea46442cb8cb7eb8a12c508aaf48630bad493fcb8a11c1ffd7
19702.459069,25181.159423,success,a85cdee1fee48081a1d162c56bf3aa05f05a7aa500d87c82eabcca8f31669e62
19721.389617,33.709024,failure,f5667712469089faf48b1d4f2d08ce24236afd801760bfef6f4f956741ef7a40
19738.257745,162.362952,failure,ee3275942a5cdbdc65b329c26622072375ef695b31b570a30f48b7a4b7f5365d
19757.042749,144.625073,failure,5c002db30ae816a5c7e206f1c09e854567f3a202abe3c69578512267af39c1cb
19774.820923,124.054881,failure,8c9c49391cc77e23964970a0c3357805725b3e5a46a297863e4c2ff509a97f15
19795.579401,106.772512,failure,6e60602d66dca52fa9620c8c85cd285cf2d57a8e706119a50c7a837d4c072027
19813.308493,89.330021,failure,259ec979025d61d4496d093c1001fa86718d9962d317e724a94e446a53612f97
19830.884115,71.176148,failure,43080dfaed9b8e9d57b589dc6e1dde74abb5a0839e87d42a5d59cedafea32abe
19850.543579,52.367700,failure,35da1af8a7997a762ef4a481041e20a2f14c13079703c60c403f7fa7fecfdb3c
19869.277026,33.917156,failure,419a4e6aaaa21779884908095d4e82eed6d2468d7b000439358ed1453155089a
19886.080251,37170.295545,success,169b440ffa6c5988c28ca4ed1828f33fec95ebd4a8abd965138180f557f8100a
19905.191511,45.710157,failure,bc5ebdc61743452bb2e6c1b3e7603d076a25bdaf69594f88e360c243af80348a
19922.927847,28.266764,failure,9c541e44a2baa40e497fd0a0cf9666d8a2af83a7ec0841cffdb0dcbe720a13c5
19942.617478,7.955831,failure,12b1b71c9b1c438e80489597fcd0ef3cfff3ddb29917aa27dd034bb450bdf9fb
19960.739861,9.814990,failure,9287f4c5a368b31e404ca347a44a07c6cdea02f54a4fd5c19cb10d92888f27ec
19980.102886,10.412216,failure,07626f1c0c8243f37190ca719b43accfaa53320a7408ee28daeaf59a05be8f03
19998.038718,42.125574,failure,0d5393a12019679c944c44d93212b7cad4f6c35e3bdda5d2ee10590bc24fab07
20016.029874,24.460734,failure,127ddbf20869e17deaafdb6d77eef01d0b6954b56581caf2998d6b5ff6c07521
20034.666519,24848.411253,success,1573a3a9d49d57dbc344d9cb03901f5706e93f19227bbb9f0b1c1894d85319e0
20056.879741,86.946463,failure,db7304235a338e3a7cc4c861758f98c09503478bca976def0769a752ba3dc748
20076.013644,68.879593,failure,6bf45d870a36675ea3ba3ca17ebc16bf48d7817ee086350cb4222a1c8be41dc4
20091.658342,53.507770,failure,a562ac92bbeda05dedb060167139ef7023749632e066f3767bce785a903d5b64
20110.303893,35.150293,failure,bb3867216bc423f890644c6b8a3611b8cf9a7fc17f9af28ef0cb95e67293eb12
20126.834163,17.384832,failure,0c826f1c57d93deba054a67424f2f8d6b7a458823b7eb4ab7ad3f37b8f6911ae
20146.986617,1158.924307,failure,9d9f6545f2ac3495bdd6ef3502c4d19f9af9beb411e9fd88a3c27834db8f3425
20163.631263,2836.808623,failure,7f79c1e7d95ef776b9f167036375868ff935fcfb9416842d0bcdc492908be468
20184.224128,59.778241,failure,13caa025f33ed710f920edc744686c14a264fb2d379209eb0f5009e1a089f5da
20200.741293,43.598593,failure,2039eab29d69984363f0c1d4ba2ccf2fb319634909bc001e55bb0aeef6576307
20221.301617,1702.085573,failure,cfcef7dbda17bcc0e7da84f223f46db01b7872cd23238ac522ebd46dda7bd450
20241.112176,724.828044,failure,f8981f4aebecb7fdc9b3f94cd4e49495d243cfd534d5eed59f4f23eb10b40b2c
20257.323604,88.365180,failure,45ef57cb4221c6a3abed3fe62c11a1a51cb569374f8e28f3e7f1041bbb7cd8c2
20274.921678,71.048006,failure,fc191216e37ce3dc1afabb522a6160cb17490dceb9c2dd2992984e88e4abf300
20295.605575,50.632405,failure,11e41f10e65b83c7b94dda7225ecd41adecc70a44adf93782165eadb431bc6e2
20313.206615,33.314058,failure,497ac52a43415f64106652408ccf3e93da5f1f5067dee8d4fbc677392a4f0a46
20330.738916,1479.418199,failure,782bdbfdca4e314d7fcbf6161bf9d73747dc1e23c6332cfd1048b24ff6a6ef35
20350.349958,54.835415,failure,959879d9881fbf966f4b27551241c0c704fcf3b9b302741c76de858b7d811bec
20367.856661,37.610704,failure,3c155b038fd9e12e964f4d8990baf82b632c9fdde9b1ae700bd69ad20a6b9bf3
20387.409393,3136.079423,success,de32c5039ad8fe7c358b24e7d74fd9179e077a356796aaae56045a8508043936
20409.294486,75.623739,failure,2ca40234645ce37c6b3044196d624c5903a349dd24ff20f7e0f32e672a8a0126
20422.969238,62.257269,failure,8de5b9913f72d1512578bc7694e4ce3d465245bc4790f0f235d6d860e4c1ac14
20442.645664,42.884235,failure,cd6d82ba8a9f08ac0aa6eb0e12ded0f3ee82a1b560903b470374201d9339e32d
20461.297768,24.503123,failure,357e725f20ace287d9530f6a14f6a7c4c7b93a4729dad29662ab488fb92d466b
20478.837592,5.747214,failure,162802372f9e6a12998cb5f91626f380a7bc21c227448c0d7c762cc382091538
20499.373530,29.553833,failure,ddb4cdccbc8ba0f857dab2c6629c8101470b481b135273fd97060c72d48812cc
20516.121180,12.480879,failure,3eac9174b7b43321ed9ca02e9111a88b29d1cbcc2a17dc25ef283697f4454721
20535.078840,67.163295,failure,1305af87b66576a065bc75815509692a1f934b9b55650c1d1f90c5b3d7ed430b
20552.664521,49.954155,failure,8c52259f0440f2236356f36ffed9979bb19be0f7648463988b221fa9eda14954
20573.334151,29.698325,failure,cb2804ab1f274bb6e8078a1c0dd4d2eb21410c4d6a03f79dd6742673f4f3ec44
20589.771856,1220.664185,failure,3b7d5e7d199ad7061ce18769f07bceec2ec4d4af027c9f6dbf57540ffd8a5ade
20610.668374,65.893229,failure,a8a7e1588dc04a3d7cc4ef7fb0a912b19124f67541ed4ba491f068cd31fad1f4
20628.445005,48.415061,failure,f853e9bb6b127af649d3614c74b9eb05172057cf7746804b214f3488da5f0d6b
20647.171249,29.962764,failure,9aafea1749eb12640912b97faaf4145d95edbea17c4e72d5beb95dacbccc2103
20663.766962,2348.277068,failure,f2f4985872427a3de83f3508d5a85ebfd288488b900d9342343adaf18c4e4940
20684.477309,239.307642,failure,dc0aa0ad5ee5174cdaf90bc84fea5ad6897ac3885345ea08ef6280b91b3cd0db
20702.128584,221.763369,failure,6ef0df00970e83424627ac27ae11a2199041d467fb801029a98b241d8268e65f
20719.710267,204.236970,failure,1441660e8c3c23bd1ae0141f1ca4fb5820ecba63944eb43346c687c01b2c9279
20739.365022,184.628332,failure,40d63c9666f5a4eb32b038fc9be35e2aa9c8e044d78a52f7944fd00a7078d68f
20756.965431,167.071064,failure,8372e04b5ba636f9e6b7dfb656305ae2be1a7e3a586b64da85e84de2862f671c
20776.524245,147.552506,failure,983b7336584b46eb5d7d711afdede2ac30c6eea12be723cc299d68123a1bfaec
20795.076570,137.701679,failure,eb8e8a208c66ada3d735963cb1072c72f9600a30f2db1304c2d2e05afdcee866
20811.663597,2417.556492,failure,3c4d94f1713feaf2e09a2344988c10d1cf75e92eb5d828ad31cedd206fe70494
20832.189145,99.391795,failure,f81c4237842dd3f39df7e11a4c986cf8b84dccd92c1087952c568adc78ffa296
20848.646097,83.268162,failure,00a35161631f7414863099a25374c53e075efd61dd78812a8a91d2473e3773a4
20869.158300,63.046387,failure,aa6b566f53fb8d1ad487b0041b8fc102da9f88cfbd92a100be81cbd2bef57024
20885.629698,46.876879,failure,9f648a4f5faa7ceb4ed15338b1b829bc91924ff4f8ad08d5148596e53a8a9eaa
20906.159344,1088.702946,failure,9365bf96fc33fd53cfa9097bf52282cfdafd1083b77cfa1dcca5b04b3ab2254f
20926.261644,29.492347,failure,795592625f3b2e530fc842ad50dae324e27eef9dc9ae0e50d64dd794e83f5b6e
20942.603177,2257.625481,failure,80cfe20390b2efe221bd27d150789c2f0dae54682c43de88ce05eab4d8f6c904
20961.301959,2239.465916,failure,ee6b46da8614566b3ce4333508e5f03176799b8d0ec807e668a80424f6efd975
20979.134977,9.411768,failure,049f3e6c9807d4c716c5ad47aefcbc4e1393be6421407b98f2c63c735fb2637f
20998.167137,13.513267,failure,9f5b86c50e6dffb54d99e45ed222a1a6d6b10c6955d9d38eeb700ca16d9132f0
21016.417051,43.732736,failure,2738165e939cc4ca001db93de3d5fee26aa93cbef22ae9f2ac7495b654c5cc72
21035.218687,25.358777,failure,8fc1975a3c14330bda74c0af59dfc9625dc65cf9d59ff6ace0516af35cf840d5
21052.931017,835.438951,failure,c1bb0c73de53ad203f8eeb8bb691586bb8853691aee5e873c905e08403c03dbc
21073.226140,71.667744,failure,cf8aeef5f63004758c5f3fb993bbe12adf2bf7ac46b7c49504763e99fe2fdcc9
21089.959132,55.223607,failure,0f4e3e2bd944db6c4672cedaaf283b4dc2f9676dd1f481df6587864adb5c079f
21109.692856,35.814596,failure,2c58539f614a4f61a7ecfefb25c52452d899c85d522977ef3e5546cd5da40d75
21128.313580,16.257565,failure,978cd2acdb65b4cc7e48281cd8ffa0c14a9a6fe7065208687e5853f058159438
21147.473201,65.720593,failure,358043adbc4e1796809bd9df9a6bc4818d806445b85e7a3ffe307150898c5f5a
21165.125277,48.166071,failure,bf9273095be62d07085520c6d3ddfa0873c7897fa95920152d74aae865e2969e
21182.665883,30.683013,failure,06dec199a775aa7f9f9ce3971d119a4a6ddbacdec6c932c2521b10cecc2d83e6
21202.274110,6369.728137,success,a3848def7176219f46297a0ad926c76a1280cd845a28ce2ee0f5e912d0404bef
21220.293800,85.925486,failure,13c2ec4a392339caece0806e486247681efa9010c11655fca591d945007a54d0
21237.909357,68.597201,failure,62d7b2d3d5fc49962c62c2e4dac48e4211f71ef0b01e525704e0d2d7c4aa8eb0
21261.362629,45.409901,failure,9d7502f8d39e867a4db85eed203ed7162b03b622a1e05bc3ed0c4748d35e1ff7
21274.962309,32.079168,failure,2b349d9c5f42d4a35f463c3a89725905f8002f0ce026653f1b67c744d2175cac
21295.526470,10.047678,failure,d54abf8bd7ed0de73238a3bea54d2ec2b8b0852f7dfdaa06b46b820ea8842ae0
21313.563703,3.980040,failure,cc95ee21a0f4f2746b7a5bd5b759ff9fc90ed38b996ad33a3ec40d18c3058bcc
21331.645530,2.551364,failure,d952803d32f6036af61976a38e300d1c60a6f99baac4f8615e241cc093c8f760
21350.474688,5.068343,failure,9b144ff8df3e50103aaa4dbc52866c9a94ea7e327c73b8dc659e4fa1b453f3f3
21371.620566,132.333660,failure,4bb10f67100cbeabe73138dca3405f342ab106e7ca5e00bb4848d21a0d5fe3cb
21387.427892,116.886283,failure,45be17c789332d80e6d70724ca372a2be225de63414ae20f9c83d01f195d318a
21405.137887,99.502603,failure,5499eff03dd5dd776585ce73a30dc7d20b8ebdb6eec20edcfdccd24634603b60
21422.774685,82.138540,failure,5e2cbd1ac3e88d9694ba3a29ca619aa1d10be471bef18548b9daab1d18a2c192
21443.361368,61.827116,failure,e5d76b10f615d08f1bcee665ff7259577e30b5fefc830741c47837cfe13e1081
21459.855088,45.619626,failure,bc44445f4f7cb63f4d46f0fe3a2b6598f8c281b589974edc710ec5cef2db5f83
21480.479263,25.260451,failure,44f4d8f265be532a1fd6f8df50fd2c47dfd8eaa701c1c937e18f89c115c78aa6
21499.031147,4.578539,failure,795bc7d6f21e65f2cb3e9ffd953882d2055dee3d97ce3b81f148c68b08d9b41f
21517.516145,25092.334892,failure,59370059961aac6dfde99f1413c1bd2ffc4377062e56702bbc5c6f78be2a4eee
21536.241766,22699.922796,failure,99b497daf8b3456a36463e895bcc70dd62314ed234b9256c522eaa90a99f372d
21552.856185,25345.110361,failure,7bebc47ab841531bad46f541bbca12599317c38a166ae2f9731ada9f5370dfbf
21573.484587,30230.855631,failure,28c7e2ee9f00713e958ca4892b5a91ec6b7660ef736b8fa3141feb5dc5694cd0
21591.062724,22730.015360,failure,1dcdb381d6c0e3fbee63e96e8dc804348a2bcaa15d753fe9b85f339e557cdcb2
21609.172313,18676.707232,failure,b3132028a875f519406770b01548d5d2466918440ead25f8af0db46ecbf140af
21626.674977,23256.134108,success,6ed7b2cc84126f8a550c32f7db8694346df7cdc84738019647e5fc4422e7aa4f
21666.408908,10097.122595,failure,6d1f687fff4a0dd504440b177d6a3ab44485394b0f6f6ca33c49d6853a15f5b3
21667.929457,25436.608825,failure,f1ad25765944e51dac27bde12bc690c681fed539c6fdf26d5e51b5c680051be4
21685.385734,117.663620,failure,91d6cda226ead905b2d365bfa1ca776b86e3f64505918573a7ab6e18c2f67461
21700.660505,107.362754,failure,e386ed87938c764990edc48478fd1a6d6456e1d9b1220704228e2f22f3cb4621
21721.237019,25184.393616,failure,387b2d734b58fb57475507d60662bb29e51e6ce47fe6dc5be170c8551af457ec
21737.741249,71.766190,failure,b82972c0793d7ab32e99469a93f9ca6cf43b72f513f99013e011a218040ef37a
21758.304799,51.543974,failure,c2c3c13614782f296ed2b3ebf5c581f29e5de139ddb17224ffcf114e97100405
21774.886546,29936.729749,failure,caa91c5c4781b9a09449ca886e047e9345cb1050a18a42ad3c007a184bd78abe
21795.508436,25294.092094,failure,5d8fdcb72a5737dcf69f75e48cbd9c125cbc83b24de37f4e03c632d48dd9d571
21813.002484,3.515333,failure,4f4ec1482dbfeeaac4b223dd7a1c0fb4ba1313c3ffc1c6c62e8794c5af572478
21831.312632,41.635258,failure,726a1dfbf05d47cda84d6f13528ceef75712b52e713299547ef86e7f8feb7477
21849.000375,23.607052,failure,916316c842987f3a48bff9e58770e7e143d73378415d3a72ce3ab8a85a30a20b
21868.648718,13506.900669,failure,9e0b1e65051c750e06873e5e4dceb6a019625a2fbfb733d56d39c9ce3829667c
21886.948536,31685.747362,success,4d53cc1fe10362755e205d1ed35cb72dc8e0c551c9a5d6519e5d0dae2c0b3ef7
21906.434333,17.284102,failure,3e483ac7fa7e57799bc8146048c56e64311f698fc388ef8360d2e177440460a4
21928.067971,35123.727725,success,0f9bf8c4cbc0fb8a77e0ee2bbc133ffc63a2852fc7fbf2216e950d4c9497d408
21943.741665,29.645005,failure,b85afe7552b4a586da1b53d99e3e90cea03a8f76eeeb1da3a622f9d6c0c415fd
21961.379494,20971.138021,failure,ebe9b046ca8305e4858a1a2c9612c555a7be34ea89974216a97a5ca7c44db203
21979.006984,15.539029,failure,eb0a7b0e1ae97108344b40861bdf74a3d2233816afeeef99f68395e30e6fea02
21999.419088,9.114117,failure,9e9fbee96e78d9cb4390bff3e57a36cb364ef5ef63c43ca9b7bbf5d195181cc7
22016.056249,7.463643,failure,9d7b42566f2a12e2780a3a616a8faf69da0d3df9e3d5ddb86a0f234f58a7e591
22035.018307,19.965251,failure,8d552820ec0a923d204baba334236eba764467199ac298d6b5ac1a8ef3609b05
22053.608343,85.584752,failure,a0ae4881c4aee03484b5e8387226174b5a3b57b545bad9c70a83803bebf1021a
22073.609221,65.930438,failure,dc4a0b76f445d374b81b50ab79d1a4db3bdc375cfc8f4c8e7e6e0e0ae0637f67
22091.567485,48.289804,failure,145a9c4037082ce2f667df9cb12640a4cdda6e0b2c8016aa1c58364db98016e5
22110.234015,34.574916,failure,73010fe291e4506f85ab262b28c214c3d0be97a41385a6977239c4894df4671b
22126.747202,31828.470086,failure,a8472e90b8af03b2d6e990f8ea055792f44bb14dd78e13a7d29af872f520c475
22147.678636,13.085520,failure,c6c36d4ba6823167663f4ccb891f0ac3ed58721cd8348f37733c035313d9fcd3
22165.435871,6.098867,failure,6852137eaf49b888139fc8c1cb02c66b3c8aee0977d134666c2d2c26ffde6441
22184.063427,3.463225,failure,3f72997e959b199a12b262885d03a376f8fc212c3eb0ebb297ada75220c048cb
22201.025892,2.500268,failure,5df675bb6a6b30e2540d0cde64a92641f66fc40a93f984810e3198e3bd0c0304
22220.018748,2.506720,failure,bd36b3cf5e46d2be244e460fddd4b887a85fe9bcdf6cf6b4ad307c817c8e2ff4
22238.125623,31748.859278,failure,40973384420c607a9c01eae42cdb213245d49dd1f686d8467110337ffd45b80b
22257.077782,313.846909,failure,2669590960a10e32fd88709cd0e70a78a704e21cc86a96b4479289214f8002d7
22275.376548,295.818524,failure,3d6fef9835a4dd4dff40e7281b5c711aeee2102b898df4e956f389d066511d6d
22295.424845,276.037050,failure,7820b39b7d874e015b5284135bb64a4856a05371306578c69b66cced4a770c1c
22312.151345,259.604936,failure,1b22d7a79533ed14bd75860c7113d171132dec70646e2774530a840e201a68a4
22330.746270,241.266835,failure,ed783b4174c5654c970a59f8450e6cf70d32ba049f2348c7e10f11aa4e461f7f
22350.415362,221.861030,failure,c77954db7c2e2e9fbdd06f50d20b09133099bbb9e09824609dedd421d57dcd42
22368.083639,204.456651,failure,0fa6069521e986dc2bb3fe33958d8f061b75436af619ebe070a5470a4cfa932b
22385.621740,184.971576,failure,66cfbbf4a467c3af5a8f28693e95136953297c2113f1acf7d057f8622b14d9b7
22406.224203,166.923282,failure,b9b51cecd7c3af97e83fd58057bbc6d7a6314f3d5cc8f6a874c19e3e079d81de
22422.744764,150.689392,failure,dc26a2ac5f9ec9d5ff66c68019e8315dd3b3f31f9fcd0faf210ce5f97f938fba
22443.279770,130.421160,failure,f8e6ab0262009fbe6495c43d0a2474c8ebad77e4872800480482d5b5a1bfa950
22459.777347,113.112142,failure,3df3fc9c1388f227188d6b251acd05368b4b44c7f3f88b1083e24df4e4cd015c
22480.312824,93.902146,failure,94dfeb7dbe49edd2b99f21476f0164a5942fdd374282be5431056358a5687379
22497.796953,76.170279,failure,f109da2b6e743ea00b78989f37243a6ecafb57f6c32da6303d4590fc62394d3f
22517.343023,57.142367,failure,8f6991797b6f6fe845baeee71794393960ba73a1f376e71ea553edb0cdde7229
22534.775294,29621.229004,failure,5f62356b1253dd3d9e84b7656c44b7ac101fd0de27743a19eecec6ccc8f4df32
22554.769570,31287.299805,success,98392876b07d572b890615b260934670acce442b6c409fb1a01b47b48d6037fd
22577.413414,29138.264073,failure,006b35e87911d7c9e552447f94504abc3e04e8ff1597cd42b80069a3f4abf71c
22591.574764,29337.801157,failure,2a4642d29e88c888ec56a8e57bb4c4b1ed139d0516c87739121be5b2a15e1bc8
22610.278655,23448.130821,failure,c3b528ba76e0bd515aa6778711328dd9742749bfcfcd53fed2c948a219d61ef2
22627.153585,29180.674533,failure,d3c3f81129396e6ba6b0c649de232c0e8c9e4bd2c718f0f6e08cece50e2884d2
22645.845924,31274.600456,failure,b0a7ac253bce62e05f3e164cb12386ed9126d59ec0a757f954392b1d5bb6da65
22665.476293,34401.059060,success,d0592c974eb6651ceb2c5c1f0b586877a951249fb436e0d8efcf31c8a379463d
22684.088180,28251.773363,success,9704e141489d0fe7a21c86a157053368dc6ff4c7be22ca072ef254182d568b59
22700.619732,291.064994,failure,f69594eff5763f6b6068c2325e50c3958721fd2d65eef702d81569e2010dd4de
22721.151682,271.100435,failure,cb4623c52b861a3a5872077934851886e81d1718337d8c35b21a5f7bf3ec8380
22737.686159,254.840296,failure,f5f76e46e634ec243790a79e0b16f014b54b7cdb53071f935e89f34795675176
22758.272872,235.093217,failure,969f788b879f74b80a0552bd2a67df2e23a0f658c7e40700600f65f0fc0d6412
22774.904663,219.076657,failure,8112e17ba33736fa6a00978c01f5e66d95cedc54c25e53151a2a4c2649166ed0
22795.544537,198.764391,failure,5936a3f8ee4fa41f57b2fece8271b8096e175bdcdeccab8bc9867c668c1a1c58
22813.121862,181.493554,failure,64af396a442994d6afbe6f4cc01f16c610dbafc39260f7702d860229568e02ae
22830.597265,164.311685,failure,ca6fd51e90b23c84149f6b0874e93652f83037e80f01cc0fd51233ea06c6848c
22850.117446,145.084026,failure,13dc97423f9cf18bbd440bf2d48009724cad72fc990c945ed862ca04af5610c6
22867.579012,28938.523571,failure,1bfc483f04aa061fcc997037318caf6723922b86498ec07ee40c5e274dec692f
22887.099013,34179.923910,success,99f6c7a1455277eadb7ee5abee2c5aff092e39aa83f6c3acef6debb14fa9788a
22904.575037,86.773675,failure,809245bf528c9636a5a869573a70d8604e6ae633dc018e3fa68b1ade49f17dc6
22924.058278,67.917087,failure,68a7b936924ca0eb01b1388b0d6168c53a2120ff63c4b2c679317982cb81452f
22943.511903,49.281996,failure,2b903cbc70b0202dd013a74bd0ca198d902b51a9d965096d5c6e9c11d3113121
22961.009849,32.038931,failure,a7883d6facfc1b117f0199357fd558f52e30468923c6c3f7bd1cfb40af084aa4
22980.493851,13.184327,failure,39cdba8374cd8aadf1cb27a2d5d8a8dd330bb74b5da18043e4edb339afa1e5f3
22998.758874,7.322696,failure,fb42d0afdcf5a2ca2cc44fbc89cdf54ae6a2144cd5ee9a0d9529ad284cb48a58
23016.774556,2.527730,failure,9ae10458fde73b3bf052459121bd21eff4b917752e49fa03d088bfa819ab1aa6
23036.128563,27.481422,failure,22b7b69542f50c61a5bc7ba0650f475a3c93d8b52d46512f48fe69351fe3f227
23053.063727,19889.464645,failure,3f6f1a6acd05a7afba9dd8ff726ed4b65ec71789e868fca66b295419ba142779
23072.498777,30848.731061,failure,2396d5f0dd09b267f71152c326f66e3e20a4bd1217d9cad06efe3aff35fd4702
23091.162802,28711.416965,failure,0b61aa379b81a275bb0d0c6985ed199c78ea01ad4c859704e967c85f4d8ad552
23108.707686,28696.216213,failure,62a7ea55bbb065cab3a60172882c596be1484161144887cb91e84aed05b53816
23128.298229,56.921340,failure,f6b5fb77d4d0afd1ec67a191f11b1d8dfdd8eca627d1b34ee7576878cc659906
23145.796365,39.762494,failure,bdf3e9c366f77e0cfcf631b1afefaa583b71e29ef9b47f93faf6fd69cddff784
23165.332355,28751.373122,failure,3e15eb3ebf3b522c5a420d8ff3c2452272b2501e8cb0993706293330acad1d38
23185.996555,25324.679346,failure,3e73a8d216fc1e462d0b3de62eff82385f883a9e702f31f02daaddd6bf784443
23207.037875,22.765905,failure,f433bc5267f748ee0978e01142c4eb913458b8f317c73faf4c46008c0e1e0489
23219.703844,8.878732,failure,3cbc12d048317a5ff3967b401c9b8c62cedcd85056c6a7bccf56da5e7205ebb0
23239.444911,64.655663,failure,0298ca03c3c6c1a647f2b523f5bf4561380f5d91ac71a0de36520ec583e269ca
23258.121871,46.056620,failure,2344d559658d545a0523ecbc497dd22bf3f54591eca0674ee7e618fb456c70c0
23274.624869,29.601472,failure,1e5d416f1955a7360826786612a48f295e93b096179eac645ce23ea77d96c25a
23295.167529,19889.611679,failure,d5ada576ef60a30642373f01a282d0f48099cbb5d2da0d66c24d93d0fc2d816f
23312.141626,21487.760072,failure,980a98cb92580459261d7800d3594855d400972ebe844954bca5f435fed3de23
23330.747942,33726.067664,success,189bdb0938d96e2ffded17d33510da9ff48e77f79b97136964a5483cc26d44ee
23350.296186,98.524096,failure,1d9ae4cf89ed96124ae39f62185c41bf6a867d7da73a4bf297ebf5a71671ac94
23367.754156,81.402280,failure,03e951337a87c3457d7b26eb2ae02ce6decc1fd8f16a629b5bba9ab9344ef5c1
23387.279827,62.783039,failure,0e4d8d9cf0fc747166ef0cb6f1e8c6425e2a6cdb146e89344168e2305ade57e3
23404.711166,45.088243,failure,ecfabd9abb7aa95d0c59fa1a7063ecdb13bb14e0936a1df5e8a5a34974d00438
23424.218723,25.304765,failure,033affda2e211640a30f5a5846757314a3f24329d41723575e38a7956db610c1
23441.664730,28362.001306,failure,c116e7ce6903f691efa7134bbae110ccc09a426cd8c782c29683453c296312fc
23467.088250,30453.889352,failure,97cacb2a53ea569304288ac008f009f3bc1a0e4771d09952579326f458dd8409
23481.656607,11.097399,failure,6db13662974b1fcd8997e832cdadddcff7194ee1b19b377c070171711c138948
23504.305471,7.661666,failure,01235f8df2fb9b7c03cfda2e9ea1b4295f16faf29a6fae1e43e07e4bb546ef3f
23524.321908,28665.052365,failure,94a1ee5edd8dc8167d781d57fd5834ae6050f15085ddb8e00af62de663632530
23535.207658,33532.064625,success,4147a8d73e61b72cbc2d7e5fd7a3fa6b83e5bf5fffc8f0ee5ac21ff288b8b1e0
23552.653124,27383.218819,success,12030ecffd449685311f0d098abffb4c0604bade3ad4ca5837562fc1f1a5fd94
23573.446787,33483.098329,success,8e35fbb0d3d2c74b6a9540810ba559568f57e9e09a514dab369ffbb322857c55
23590.070643,33474.526634,success,b99c4c4bcd9c817dd82ddda99fc3e5c5b605c3bffb4fce1870d7f475e67bc118
23608.624531,33456.935051,success,0deacc278d48023caf8672dfa3d132ff192c2e987b870b3abb3cfa2bb1598b8b
23628.260430,33424.269922,success,6ece99c5a5bca0fa7e0e5898b86ce956d6f2dc63f70bb7b99abfab9c0ec62053
23645.819180,30339.359924,failure,d89a8cda875ee4335bf08a57273553d31cccfea3116a1bb1d1f466ca2ebde0e0
23666.736156,28140.520174,failure,c0440ac22120edce6ca460f9b65e6dc0f63b54403f4361b9a443bfb5227f2024
23684.233701,28232.316553,failure,90ccbd3b9f0403f18003f88aa47f71a035a19ee674e8d9d0a2da1e098032e0fd
23700.676395,33367.329632,success,f58dede58222ccaa05e0198ce710beef382cd5db46f99b595f3d8419f16b7e64
23721.189088,22810.094691,failure,e9e93b3c3ffda6eb5ff89d296fe391f917c2360843cbf200e8ad239601ee7fb8
23737.606424,27976.918779,failure,e62cf52ef5d656a3313ad1bcbf2311e1965a9335ac3c7a2c14d0c5d24aceb3a7
23758.072790,119.675144,failure,b26809b0bc428515e3d35f172a407665aadc09ddec62111996f858e78d69136c
23774.566892,28142.250295,failure,c741f04c936ac852ca6e654d29eee7be380852a1044344165a6247fab8761dda
23795.057483,33271.355780,success,5c1e56ba91df9c2d00b1af069c40735bf18ff979bb4e7d85dd0f209b582ae8ac
23812.553324,64.443954,failure,76b6a070a0bdb3a16e30be2a1eead28e58e9ce2aa95e5e9c5d145e0c33481388
23833.805283,30086.907810,failure,b01d1cf511c1b9e63e6c869da4894cdb8f66874fed916d77e25a7e93741adb81
23850.419711,19082.360720,failure,1eac3f71b55be2d4a4ebd839efc833e3ad6b006742e681f4da7941466a2847a0
23870.628681,21.563907,failure,a7e7432134d01395f7d5b53f58625df02a5bbf352126d53c8c9234ac099e4433
23886.964854,4.601733,failure,f30c433f872afb96614dffafa509bdf56440142188699c46c561c21022ac7c51
23905.728057,1.861172,failure,c4749a68a6bee6dfc2eb520f9a5718dc19e1626faec7f10f2d77d5084aaa0e9f
23924.123395,33141.972459,success,7885d09ca6b81e21e8e3b70f7353e61f851d9c881be731137324b9bcb335290c
23941.773087,33126.114367,success,13547061df45efe7237fa45b5462e1a11d7134f2eba344803ed48b3e0712edd4
23961.377216,27847.827289,failure,90451658bcd026a44ac04df3a4bf09a027463be350846dda1cc6e004362851fc
23979.620918,275.051106,failure,e8f8f85b66a0f3cba3587bbff27ba47ea688da917fd4787628ccd086622dd898
23999.243322,255.789503,failure,bc6db21dd0e7c732ff23c8ec5c002b9496a195a983e47fa81eb09e12b58dbf64
24015.987685,239.376064,failure,7bee47b1e4c4b37c43b1b966bf946ed2fdfa686ce98a6048f978e8d37ceaacc8
24035.576425,220.073805,failure,1910da8bf0d850f702ea6ab518478f1311c398477e54911694722c18965021c5
24054.114292,201.801649,failure,d711140c6d49ffa1dd6287fe205f4a894fd0ae0aa4576a4e0eaabe085519c91a
24071.602970,184.594212,failure,399c61cbbeb52867a38a65d615e3863c400b538c992f401fef04d518251dbd6b
24091.117781,165.345062,failure,0080b67b4613bd14ba3a698134da8df056998160138ea4b3d02c4d90cf5bb885
24108.588464,148.128128,failure,11ebacc8dc5d5d8455908122ced66d6baa3647dea6aa64e70c396a144cd00b21
24128.113624,128.855414,failure,9ef86ab2d51a81eb20166c402860eebdeaeb8a20ea71a4aa8b2c927872129643
24145.705707,360.842847,failure,b4de30ec19629a3bc0ba0ac5f99d3d2c81e63a125166e1e1bcc7e6615b6e2447
24165.318773,94.812241,failure,610b0f34b3d94ae09c4322f02d1c1cbd54ea052cc0d907946af423dfa68eecaf
24182.816608,77.023658,failure,860fa982e4f5dfc4f0ac920f1c6b9f5226d405906dbbfe2bf8c0d10ed9da800e
24202.357838,146.831411,failure,1643395b116e940745bfdbbc2edc447569d26a66e76e93399e7caaca0db3aa7b
24219.829193,27970.060843,failure,d92f3b4163ab8dcfbc86d1753b82876195232327132cdf8aa301ce6c9cd99d14
24241.666595,18.845218,failure,545449edcbdfc881a39b7d1870e9b47cbbb186477f757aafda5d9599505e6422
24263.984385,29656.181816,failure,9e031b527f71707bf27058e3fa704532ac1f1e676713c49b3943906f7d40d660
24276.592524,26659.254522,success,4dcebd2bcb98a1923927fcafd74533070526b9dbdc6bab88e0a42371da0895f0
24295.237062,29564.872868,failure,767c7e1a221ee6f6407a18ae6b74e788374fb75334da26c4666f3408e4de4d63
24311.789904,27553.808454,failure,9e6186be70a1b32a800da9310a8887c5e9e220125361dc665f386eaa1793b14a
24332.389511,16.903935,failure,783feb194eb49588912790d9fc5e2170d8ef95719540e09ad529d4df530f4830
24351.295884,17060.288193,failure,43a7a916cc8ad9bf1a1cc92cfefeebe324161e4e4c5f563f19cc1486d75c28e6
24367.686069,9.909036,failure,6529bcc5c25d6197b7c2c0ab0377ff93fdb8a971396dec1098291c1e0ab130ea
24386.869714,16.071614,failure,0daa0fdb79f82ecb55c2724b3c3b1bfaac5fffca9345deaf4de0f7405ce687fc
24406.605291,113.928620,failure,4c3d31fb3bd87d2f22c3a6290f97baaa8349a2c7477e6a41d29b04ba90954db6
24424.390799,23183.194206,failure,f3f89da6b187742e218d2cc211bf40ae20abc6d6ed3e752997dc67b6093108b9
24441.931595,32624.305295,success,6517bcfe5046f474c1adb6de6ae94428d6d3c024e222515bd906348b6a253989
24461.469629,262.459357,failure,44854132f997600cc763495b716b56bbeb03ba3726e4e77cd24a24f654a19e9a
24480.047221,244.158267,failure,d9b1183944df92c377c6520e8f3f95d80d11108f7375c571318e79918458930c
24497.585753,226.891237,failure,0ef4be7554dcf4ecc992756dfbe882575127f131d5353134e5b11d7e9e6169cf
24516.999212,207.750052,failure,c71a93019eb1423ec41317218a5051d9433535ac93bc69d05dc93d69cb9642b4
24536.008509,188.994193,failure,cd1f6ee55bf2fa23108199e33dd6c8c0a6d963a2157b633d0b5d4cad962d61fb
24553.858568,27601.494070,failure,57325b783a240b9c4adb8c1ebac6a156c0197182174ccd3dafa383ac1219c8e6
24572.986258,152.594675,failure,e004aa12210dd9302368b0a41a638dacd81cb02da57bc06d96c0f1d51ad8d12f
24590.252186,135.581003,failure,46e12f977d4562f60cbeba07cbda2d2ae07f49b8346d6a59ea68c928c97738c9
24609.377661,116.701402,failure,1c663e6fcee35e90308ec6add127a864430b8f5b20238e586ab37f5e83cb7ad5
24627.290900,98.033980,failure,5dd90c00688549a64b23ebe1938c2e3598b290badedb11b25152b73bf1c39ead
24646.002184,80.753386,failure,e119410d4e465d9962503d37c033298c9065d9d0b2dc18f5c9b83f9726e3592d
24664.652143,62.416117,failure,f1528fef3574dfa8b3641fdda112145da7ddafb8a23f9442134997fb2f6349f9
24684.257094,43.143733,failure,f33e1ff3d5bbb368c4d2272a78d8f1b3f5614c0392bf5c525a5b6fe565ce8fc9
24700.827850,32361.119708,success,4497d41f4f3324caaf9bc4b8492e1c1adf4454984bcbad34bea05f601cc322a1
24721.378644,55.821064,failure,d1a0f69cf395ae325611212dfa85629926417eeded85d39d14e560a8e76356eb
24737.919604,39.376936,failure,71d0ab565b1f871dac8b58f0513a6b4402479de2d2335f0ebe9ee3e271d2fa0b
24757.609244,27397.695023,failure,d74faf5f5429be05bb46792fc3c15fd7596dfb8d341f73adf5d39305d366d135
24778.986258,595.880042,failure,ae91fed6ccb8cebe101f2c9d3af7759a4bb62f9eb14e5dce875fa867e408a2e0
24795.557285,579.637215,failure,75e45d43f160710bbd135294654ba5a85997a6bc2bd887c2415f98a07d2b8dc4
24813.134089,29039.504796,success,107c803d0fa015dd37113a5b0f8ab3d5aef60a54f76b0f975d26cddb9e9126b7
24830.630390,26105.223338,success,9d5a628d2896453870550406fad4c9308d357e1587c4ae8c31e333b5f3458d4a
24850.122658,28722.568671,success,1854fddf40b7110d6f2b50b7b778217c38dc3abe5c2706706477bd915910c205
24867.585487,18065.458772,failure,8e7871d517cb269e04c339439d1f782fbf0bcdb9968f949d1397d21e45925b7b
24887.062146,22736.817551,failure,679dfd12cca9430422fa02b921c71e6015a53bcb50d8b4fe09e06caa2ee404c8
24905.503451,623.041098,failure,2a71ba83387255354a2f9b0f859ea67ff3dc00c1d62d1aff1f4dc7e197d0a29e
24923.949875,605.601503,failure,a29978f6e22a1183dd81d545cb277cd9ba0a57e9ee11c72189fe64fec6f458e4
24943.404041,586.218412,failure,1b33b089aa5b9de34b3f17e5236e26148f839417da5c59317d62b8e26b00ece0
24959.775301,569.918526,failure,601998cb07c4b4ce367e322b89d64dff2e54992e25d7a29953ffa22f3e3575ad
24980.172296,549.594639,failure,c5e1475d24350f1d367e2898782eb14abdf93c17d3ab80d39f5fc4f96a15eb43
24997.662256,532.174030,failure,494f87cae180b78f16e7cfea92c4cdadb0f7b774be92455a52b9b355af66b401
25017.505927,512.398257,failure,f90de4aa6d4884a30146a48a5f691af07be8d653775d04d093bb096e55942beb
25036.096122,493.889686,failure,ea4ad6f00ecd4f511d573d0acf61997b1ed482d50c9716f38644ad0d341c3ec6
25052.584332,32009.489053,success,1f09a3845b13f318730c63b1d46349beca2443ae16ebdd3e958a8adb7bde8748
25073.007246,28776.518085,success,29c7d2d7c5d054d336632ef97d794c17cabc05925552d0d12fa751fee8fb72a2
25091.502332,438.932824,failure,208070e6f59ca384f5c9ed45421fb75b100ee68026db980d794debba951b09ce
25109.921475,418.769009,failure,3ed1b32367f3a6ef41fd18bb6dd219ceac61d1ef2d73ebb56cdbe5fd8daac46a
25128.348804,400.433453,failure,825cc79333297684bb16fc1abcc9ae95daed8c3004029cffb8050b4c4db48a68
25145.698008,383.163559,failure,d0a0568577789cf5da6c046e1ee3aa79cce47e6f8f487385d45a3de8a5ea8080
25165.106398,363.843305,failure,af9ed2d110d6437c55cf7fa8b4ac7287242667ba8694f7129b4bbbb40f937f17
25183.506635,345.519783,failure,8f1c44e69a12de0c611f751ca5fae60dfa980ff64da6b0ff874fec5ebae0e6ac
25201.916631,327.183777,failure,0e9b1b9e3079417a10a7931b883ee91f31fe919032138946a08eaa2739ae738c
25221.347162,307.824039,failure,836b691ae0658817a45c619dbdfa707a0fec0cbcd2efadea87f502790bbad47a
25237.695187,291.548030,failure,b1da81336f6697e039cf7b3bc1a6ef47cfc9efdcb1382ae37184a07a381667c1
25258.172063,271.159190,failure,5554d15bf6447542326cac7d81facb0294cac57d4faab649de1b5e3af32d48ae
25274.586453,254.820333,failure,86439bf0422beb118e755ed7031bd7b44b9ad2b3f83a1b4fa4640c546782297f
25295.026269,234.453354,failure,235faf5b0ff658862130dd9247c1651c14173ffa7ac396673f0da6813daedb5d
25313.470810,216.588537,failure,0a571d174568fb14846e5e22fa80f3b7a06959f8f21beea728a1da0667e8343a
25330.903903,199.227460,failure,20687d95e207745cdf7758eb9d0ca326c07d618eadb029281f72f870ab85dc61
25350.411088,179.790808,failure,72ffdb74711ae7178a08ce5c52db11f3ec637cae39cff7dc95b0b9e1e47d5b5e
25367.990788,226.703020,failure,98dcac8b408d6f197d3222c455ac718b51a975f09b97c639ebe74547e9d757e8
25387.160467,22936.349001,failure,f951a119f68b7dcd03db38961e3883504718dc5fbffa859bfa27eed067cfb428
25405.404119,17404.156377,failure,6366c168df2a561f09e6f1a4e1515949e6faed88bf64da3993ccc9560cf5a773
25422.600304,31634.462578,success,05892aa76d36814010508230ada4daec7e9caeae767ee15890322b8be99f9e65
25443.225029,87.352806,failure,38a64963eec6563dbe43de702e9ebe5233c87128689488bebe62a32d4691d093
25459.779824,425.866911,failure,235e062c6c4adae08e23e12df872ba2bdb75b5c13ac30f10498e390a8d733207
25480.386134,402.549266,failure,a8a2aaf577ad524096c413c4329a8964b3c9b24ef39ab28ef40ee5d60de9c336
25497.906421,32.600811,failure,b987185d58f6a0ee98b607cc2a118c449c087473f0de9869f257b1496f4dcba0
25517.507654,19846.221077,failure,a4bb68a4854602dfb2f9fdf6abfde682c42e562b95503a5403617aca77a7332f
25536.299591,22376.236734,failure,9feb5dc9adc74fea6a89527e069abc60e293cd2b5cf9ecc10da706c331d7c826
25553.006093,28428.839071,failure,6b4f5c825634588b2b77b29fa49949712401d8637f157f2ec898cb1cd747d92f
25572.616523,312.156774,failure,36fd3c56c15d515a3cdf576ab496abd1fd189649954408ded307e34d963d0e3b
25591.203323,293.311907,failure,d9f9a4b365eaea6c324e56d78e63d122b0240a8dab655b7de4b15f899f33a4c0
25610.053008,273.952100,failure,e2590e0422533991091adc971cc1777a0fbeb891a8a38bfc87a134b759506535
25626.649482,257.605598,failure,73f2da1ab4219b480f07cef3da504a8f6efcb9d293c92bcb8f20477b8da59674
25646.822755,5104.760306,failure,2b730ce58035e09e9867ba5837b72c56b8791b76f3ebf6d1e1258ace48aa6a9f
25664.801878,37.644106,failure,e29fdcefc65604306a00c58633830d1b3f31a134354ffa1c3452af71ef712f61
25684.591096,53.692366,failure,bf0f15c1d36dbde3cc47260b3dd291be434e10a68adf3f8c98634374c820cee7
25703.049272,56.000461,failure,6ce1a1a1a7e856f07aafb4f697fd21abeea883d32fed13dc88807e956717e549
25720.041273,17.618753,failure,c45718c9122f15096be38ee94dc2c986eb2b42a1472ee9cf6bb1d11a4545d951
25738.752547,20.864567,failure,cb444384ffffc462ee6d55080308ea277ca099d4498b7b750c8a00b628b12a06
25760.093302,122.528095,failure,176be81e67413ce5a6120618624b82892fdc80d6f8ca396e97eb5f215d872050
25774.850697,112.879399,failure,47fd2b840198040e23649ec4c87a14938ff52b37b6ba9c345d83a8e923ad8716
25795.513072,92.096827,failure,a1799ec82e3bb4fc294e33f36326696afb568c75b3891afe704ceafd65732b95
25813.364394,77.242059,failure,3d42ab41325f6b6b7db6ea0095e0fad9f508458a056f2512610a3c7d7c22426a
25830.838293,82.693465,failure,7793e66cad87ecc3e4bc3b32aee2074489552dd614744ef0f36a694331c06b64
25850.359967,182.642037,failure,3c0bb6876ac9ded53e80d786b058959bae9b4b7cd80efc9d670f5109ff83a7fc
25867.818828,165.504963,failure,4cf77bab7b5f957e8538cc716c648f3e3040c152268173fd8a402e8ace721c99
25888.610597,145.659830,failure,4f31ad762245855eb3367f34985996a1a35095120d81689025c13d944f25e4c3
25906.143889,127.485899,failure,4e1bdd17c04e29303a1bea86a2e16e259b7bc82aae85460b7a5c3469d80e0d8f
25922.610759,28160.968335,failure,f2f43204eda359179e4b3ef71c4347a358f98849b8a89ef3eddf01e7db99f497
25943.158808,89.460594,failure,d28d63390f23dc0e6ad970ae7675dde94f1b8553fb0a67b6f5cf968621933974
25959.668389,22101.183753,failure,09b7b37c757ea899631f2abd47d8f4a05cb9464885d878c229d2b2f2df5293b7
25980.215266,28002.340359,failure,a6b7c59be81699616163402fb96c719e1292648c0f2279fb53f1c07bb43de801
25997.649080,20533.022994,failure,4af7b5ce0b5e90e509bbb3176fbdbd0b222530dd3f4fccea75e1472ff6bf9fcf
26017.370320,16914.861356,failure,53e16ced3006d123e25aa9109db872344209a67395c8fa207105463de559e851
26036.350922,31030.426007,success,275530e3879c748bf078b97702ee29a5ead56a584b6ae396489fff6167286e8b
26052.815177,22043.725567,failure,646652818f275d9785a33b30a4b123890a71c174d9745ebeb4233bd8006465b5
26073.341856,25649.321941,failure,eb1a2fbaef87b59dc051e78ea73826531174812ab618fd9ffc005437fed85da1
26089.747821,30975.256193,success,a4ef8eff68481ce72b2ce299c8154c6a5020cd455e06176fae24a543c8fe34ec
26110.214076,7888.260674,failure,260062fb498423702218155399936a8dcd690d19e068a33026a7d2ac21398a49
26126.639647,27854.088921,failure,916f6e4e845271068ba499f9d845c4bb6e2b7b486fd24a6b3f1ba6db7edf5ed8
26147.257459,24788.582283,success,7103c0a433809e74a25eb2a378b1c70d310125e64540fc636bb26e257eb1d696
26163.729398,4901.045759,failure,1d067d303c793ace2521cd6728f64111a3444eb6404814d6e6c5601aebce1ea8
26184.177198,27666.154554,success,a7548ce8f0010a8b6a766bed96fc24dc5f6e0fde4187da01e55c49d6154d4a04
26200.582942,30865.115763,success,29fccae915a7a0bfef07cad5016d5d99278cf9a9558388a0d284cc5c3f0f51f5
26221.040251,22625.509066,failure,c4b4eaa02b10e88f914315eaea51d2b6a2714e89450e63506193ae330e04f1a8
26239.495021,27717.555566,failure,50fbc10f290d4c11f593239603db66e3a7fd25f67f6a543c8ae05e2387f12953
26257.944661,22740.809630,failure,404e5b607040e5ad6c9ed295d68ecf66f3702abc09afef2b972f6a901b5879ce
26276.412115,27680.030595,failure,72fc60d757d0857ecc349f7599ec7a4584761486721d990d945e7ab3708fa410
26293.803188,20545.438085,failure,2bbbc2eca557b2a650e868ce7dca410c0a96b87cba5fad911c195b20e4db6471
26313.260921,30751.473464,success,fe24439dd08ef6b4bc4c05d51806b62c34d1534e5b1cb258f93ed18900a74b94
26330.760769,30725.926675,success,a249d713057ac5a3ad0c99ce997fddc149fd552ccbf82c42bfc65e87ff5173f3
26350.273987,22191.296360,failure,48b9a5ec175d6fa23a8f12e10ad555e0e82674538e519e1696b9502100470019
26367.691339,30684.691655,success,52d0c2dee8cc7ba9846c9b4dd974a5ea81215a0f481c52e27b0a32efa524d853
26387.171164,19727.422742,failure,5cc742de51e8df490e5ead48cf45d2f82e7dd08a305175e1c4b232e4aee5c583
26404.589638,22489.943817,failure,f9ba2cb077f50178945470ce3819812fce5fbc406f4f71920031f47325e87a4b
26424.081976,675.683717,failure,2d9b600e2a01ec3d6488b9dcc1d56cc17fa90e87e5b48b90dbb7f2da168a396f
26441.694527,659.938009,failure,445baae625d5d7505388a40a923439f6d8a24dd3931371f9ae09f3a2e4a8c335
26460.687633,641.246882,failure,fb8f65089a39694a73dce9b4b0b1fd5b9a823dc7284f46da157e2bec7386ad7d
26480.109508,622.136605,failure,7da1bed192e3043a030048d720d16e9189d6ae82765a69bf19d254ff1193206e
26498.508072,604.050290,failure,f465641b55a7252bd66c76effe4dd37b468338a67c95ee40559c4b479b4f9174
26516.917947,585.932817,failure,08c4b14e58716ff0db04c14f5ad9969e0e632590b2c2c7fa002c7c375393d803
26535.877350,567.263221,failure,639a4ca0b915b6d4006747d632da20ce12948ef3a319dbb262f3b52e170ed97f
26553.708954,549.738095,failure,1844ae572664f9f3f42f6ff4472fdaa595bfb14a4279ee8eaba5b27316b32f72
26573.322671,530.426909,failure,eb724949482d139022c571ce3d01507450d49c28c69dc400851973cb33b86ab7
26589.801232,514.266498,failure,a668451ddeb735756e4921abe0c17ed8ec0425b3b43462b1595af8e8644f7a6f
26610.315729,494.063830,failure,2e37b50a1d8266bb87623627921312facdad9af8c3e0ff05edc06939494bbcce
26626.774453,477.909049,failure,aecb6a576df08911cfd77b16f06d4d7d0f85c14fdae94b24daf3a42bdfe38b93
26647.262108,457.710039,failure,ba34a1882527b59bde5b8dc3d7b29e5edc40a7917d5432d6df0a913512d6b23d
26663.668514,441.606134,failure,7a3bfcc34eb770609c203619f34d78a5e0e7e7307cc35b077fcad8dd56c6b7b4
26684.114080,421.500779,failure,8be425abee64989d38f78ca431809907cb3ff848d8200175ebfc617bbea4027c
26700.548919,405.370695,failure,e788c783f16cbd8325737c772eacefb7816ae76355e221cb2cb211d7b721fa05
26721.054799,385.167857,failure,48f62bd7bc5a9083515d68dc9ae71f5b6e36a68bff49e70404a5300c2ac868c4
26738.100881,362.845220,failure,995af276cdd07b232d50aaded0ceb46bc7d1a6677e445e8aac2efef574fd1c2c
26756.716575,20348.370993,failure,657dd6cef93a89d1f978d123e3593d8f7171086895b86f4508ece9bf44b3c8c4
26776.385676,330.206808,failure,05b466e8b61720db0a68490e8ed7ced2b81de18b975ed79423b61b0ba8af0ef3
26793.805373,313.084843,failure,56505bae57a4fb32154ccac241d06c55430c8ef6408be24755ec9150f8079dfb
26813.280669,293.903662,failure,de2e1ef11628e0b664bbe77de68626c3d03cbb1fe3d7ab0d9ac139fce011698b
26830.688875,276.804449,failure,2a611faa6a0792ac5884058d71445af8d8409f9e8875addb0541125f5633a24d
26850.355261,30210.910430,success,7f63883374a805058b47324d2c5419ea2040f3721be2c3e207990fc9019854ed
26867.741365,240.336441,failure,66abae9f22d9b1e48089e0d814c60ba2d60e1fbd5121ff7c3e18710351cf5758
26886.574849,221.214904,failure,791b0214d21f8cfbfe0f8ba71ecf4af39c79daf356b9962d953b72978147f38f
26906.239352,202.182844,failure,e4b34a4f1bbcb40ae7d5ee3fee550df85071e3c6fe6697e0d82d01dc26e64625
26922.685252,21993.835225,failure,16997d420e4d53c473f79a8c0753596f7328953e04879bb2735df6f393d8ffb6
26942.764978,166.248203,failure,075848278c4ffcaeeaddf843c9d987eac271d72c29ff11079e5eb94df11796e5
26961.232392,147.490552,failure,bf6c1155b12e7fa105a6d869efc0e432d8ead32bafefaacfb2015915f3e503f0
26978.769731,220.387061,failure,e86b7d21dc98705060bc2c6924a8407e7ee759e607efc0a235be1aeb07e54c76
27001.606950,26984.249151,failure,1cf8dd3750fef78985650095ea53261c50a2ca83a67f7252b554cc5125269cac
27016.606240,22304.196072,failure,0f8b079bd87ad1b25bd20ac7286b6f1010ced3f85875d4e1cfed1742db9ec857
27037.784188,26822.375205,failure,7f38dfeaa016f4f3cad54703dd00991f7c0bda776ccf7feaca994982a6905b3c
27053.598136,27030.339184,failure,807ba557bc27dd6a7462f64f926c95e844db0da0e06ff98f016aa8f7949e571c
27073.064645,20786.510723,failure,b1054560112e9f0ec54d2b518cf994056bb8bd9b4c19612d563ce7d4667d3e60
27090.660885,24712.312925,failure,c1ae9b2dfa38903a9b1616e14728fd0334afcd436235e73aef6f0004bf326d7c
27110.461524,21540.085591,failure,a58128ee29b52f376327503ccde4b3b24456ead03da40fb6b76bdbce362e636d
27128.398607,18930.340691,failure,fa10aaa37e35e0b9573776120c48e22583c0b61b882ea6ffaa66b0a4b8d3893b
27146.075800,29920.822728,success,239d68446b61ae440c5b1b613ce9eeff9a8064f88e448dfcc3f58da9b4325ffa
27163.675918,26793.074423,failure,c801391fcbdb7c11b28f1bfad9cea101ba4d827bf412d05e184a3fcc641bda3c
27184.225720,26771.903689,failure,cd54cb1e611d7b535fc48bdb126e15fa8d8c954b9cd8712ff75ee7b30b5d594b
27200.819159,24955.120687,failure,d8d33c0dd2ee38c91f7b42abf04027f2bef565ee562f66852b5fe54732707b98
27221.517271,26765.820405,failure,5386c9b0b1a99837a998a928c023d9f2e1e9fde9f33ca6e7dc549fcb3ae1971a
27239.158266,24687.576342,failure,76cb565d6ea336a192af4c895f3799d5486c79b17da88688759c9b2bda57cac9
27256.722686,330.697391,failure,1e522a172b5f13763ffabfe147d1f7b983039bd618dce3c209761e4cef5d184f
27276.837127,311.756955,failure,497a02b68ab7512e0ac45f94e9de63c8779ca65e958b9924b49995b97d139c28
27295.748549,293.105754,failure,1b2bcf68571a7c6928ebc20648a617fc47e7333ecc7dbbe28622c48f3468387c
27313.413088,24492.990493,failure,81ec38cd384c57fac78998847f3046c5f4a302f7d72d1832416e2a9453404b99
27330.967419,29730.858940,success,37318d06ab6b607f55d465d2581cc7e3ca2dde305b5c0312b77898573dd2feb1
27350.478001,237.273141,failure,5d43ae6f11210441f08806def32633bbd19a7257611e8541287f0041826de0e6
27368.667491,219.666681,failure,ad6df620a728fec323d4dbfad9dd02d1d217300013526aaa4640ccb2a73ea09f
27387.250643,593.429818,failure,6af936f1ffd9a7159e4994438f0413045806f24bd168243d0b42ebda6b9cf39d
27404.840461,26444.690360,success,484440c503203da0a8829348495698f7b11fcffc844a1d597ab9ddabe30956f4
27424.294546,555.587649,failure,8b702ea8d3e1552198bf76a581c73391e58056383d19e8d45651b44cd88ec33e
27441.666403,537.950531,failure,690360ccff7dcf99c39bcc995f6f0ee53630f2f6ab9d2553b6eee8c31f28044a
27461.094018,519.065660,failure,bbe78094ffab791f1902902cf567088082048552b01bc19b1f9351c2093db927
27480.027933,500.400412,failure,d6587279177a9cd910e0e95112cc12fc12253636b162b4879b30387fc0c8a54a
27498.299767,26455.241379,failure,13d823bf3dd5ebb93e2dff9a12f5dd20c347bbb5627f51aa08442f38003fc39f
27516.100954,462.913584,failure,f14d44ab21233baadc5ada7f6c3559af9f9aa4d2077594f836a302391b20c059
27534.765330,444.564503,failure,b02929fdb7dafa19bc1023021cce85928b2ac20e748082b549f2516ab65ac154
27554.217081,26427.987932,failure,fa5cb445daaf688cb4695b29e69ac5e36bec60274669f23c4ef5450a6a53a4cd
27573.824145,19.658651,failure,862a14e007c704554ac630c1087cb2ebb835566987d5a5b50500d2c7af74fb70
27596.595900,121.577339,failure,a00cfe46b3bab4f433322b2f4747e581d43919eec4ca810ea4d0fcf9aa93403e
27610.214175,108.242930,failure,4c6426a55d711c3e6286ca4fa05f77a37165c9b313d712c170e235f80419125c
27626.723865,91.985876,failure,4b9c5f2694bc74c8189bd01c0cfd4d4f1456de94d31bcca9c0ce5d2fc18a2a7b
27647.292994,71.690945,failure,c3e74d727340314d047cd8a8900f7e6244b3ff91788b030316c0b6224fe2b958
27663.734636,55.525434,failure,665430050500a15541b6c12e3e9bba554d1e128ecabc69e09a2123174e40997f
27685.402167,3135.597166,failure,987f20c28a744ec8a9028e54489945f3a6ddb1bf7a75d03911c8eebe781cd567
27700.933502,21.423831,failure,74215d0db355dab68fcfa915c151d7a9c531ebd22a586829357b39775c4ff694
27723.011848,3267.639386,failure,12a624730cdba506001f08305c9d9420f509fc79e17a664fb2bb7bb26739a70d
27738.906538,6386.636475,success,82d6a9c5ef8119f4b57d026bcc317bdce4136d052ebeed81fb3dc35741703c4b
27758.543659,744.888192,failure,2d3041fc5a51b1df2c8974c623aad7bf7896dfb3f0073e0f828526a49ff3056f
27776.060108,727.660488,failure,8b8d1c6f735cc289aa193607e1920f56846806b4f9249704c410aa75787e5280
27794.302087,709.695041,failure,b9771ec6f6f5dbed9c0b214003475b025a745950c05b52e91c0b14b1bd19aa77
27811.765346,692.512151,failure,a882fcb8d3f97c55a41785fd6cab10fe51d632c4e04ce43c20bd2ab7f72f0ec0
27832.236932,672.304673,failure,1415ebc889a2c4b9d9e10f0b09c9c8abf625403151b82b20f1504ba41274366e
27848.663014,656.195619,failure,01fcbaa27e9edba057706f20e6070f1391270234cfeeb99b1522da3341b743c2
27869.161320,635.997610,failure,79cbe26228dd0009b9825e646356746a8911112869ef005da01d12b06df735a9
27885.582883,619.845485,failure,05ea89aa086120b5f20a561e52a3d0c153f8439a64fc5705f17b6f98b5b1ea86
27906.113139,599.569299,failure,3303c15bd636e270185ecd921f8483807b0ca8155858b132e73daca828dfa557
27922.627849,583.312014,failure,c758b44dfbd9e01ae486b8c286d3cb05b133acc115e49ab099fdc3a9b892d243
27943.225873,559.924678,failure,a7b7591c99157e3949ec7365ea3cfdb48f955c5d472f602b0147fe8cadaff8f1
27959.695156,550.580298,failure,0c1a143e271558c97ace92ac33190fa24379ed8b3f539b55973886f97251ab6c
27986.060913,3006.814037,failure,a8f42768bdcaa86d2b2b19f71d3b52af42b866126cd1e23274bdd2d671e5087c
27998.541871,2426.658828,failure,c8bf0ca3ef5c0b2d4795d4d00798ef482f92299417ab39ed32c3e27b93c881e3
28016.644547,6109.262232,success,f187eb3d635374f71bcd19a2fce53f9f21c3ec6b25cdfacc4e239e0f2cd06038
28036.174596,457.892116,failure,e83c4e3494fad30edcea7f047529a824b5ce850f90cf5cabc0ec902cad6d9737
28052.601810,441.855168,failure,4ff44fc22dba72f7f1316aeaa8bbbf681bddcf4cde6b9f515f7b165324bf2e85
28073.065320,605.516148,failure,2b250497298db0cf805b4b497c21682c2bafbe56ddf151db991a6034abfea571
28090.528479,415.932017,failure,f6ac1993465c40828bf178bed75ecc20c02281ef6844d794c625d3cee8af3073
28109.984157,396.725138,failure,23e4480544b993860d1ff851dcac4c250ca7c344cab30f4153c3a17086b997a6
28127.634549,379.328144,failure,f8bc76bc7c2574d4c12a642e33e94d8fc03213a1fc7bb2051920a721dac7bfbb
28147.053579,360.159988,failure,9a0bad6003a3754e0f482a6d7a659f204e225142026d943226b616187a2388ab
28165.482971,341.997529,failure,74d280eb239e1b576fd4d776a909f30cb4a8a01678b510464ca7c10ec4a2db96
28183.983447,323.746023,failure,707f305aaf9bba5e88ec027cbc354fd09c21d82235740d2794535e236ce6fa4b
28202.598108,305.398496,failure,afdc127553809c48374a2eb63d1307b14bc57af6de24c2e7694df63ddead467c
28221.120305,285.074760,failure,0d0b21b001a056751b6cef6c9db73b9677655ab28d1a8c141f1dc1cfb28ff807
28237.612232,270.904293,failure,85b961bf7298243d7b7f95b0fa2bbc777a369e05c309ec3c0637dcecf7623e0f
28258.100909,250.667471,failure,c10261384577082f42e4b5a0ad7d7ddca05d2eb375aa1b81a3855b3eb4e2cbad
28275.508974,233.510610,failure,f23911be7d25984dae1952a68b379e007285832275ca7a445f2f319532d8d403
28294.913907,213.340333,failure,5bfa075277920f1034d66cc87fad3ef1b59897e8683697f71c2b37e99df79a27
28312.671711,187.491994,failure,4e8aaa63d9232d8bb6d376ff1e087de93bb64f4134771d44c37687a00c0e01e6
28332.502478,177.879016,failure,c6a3f5247b1f134129c2ebed37eb801b1485383eb65ef66bf901e37f2b6718e4
28349.909030,160.510415,failure,426ee15e84e6f8b185a338381c074bbb0eae5702a694ce58b08bb0c789929483
28369.321807,2608.485704,failure,a43f720bb974c8e3eb482e882a87919336a92569ca4ec36f897406e46d6aa13f
28385.658180,126.942190,failure,d3e94f5d112daa762157d11464278dbd31819a2c888500051fbd661bed0972c8
28406.036910,106.871151,failure,e8be0035be62bedf6b14b7d7151eccf09f0af7056e3e63d32f226920e8091fe1
28424.448729,87.788356,failure,cd0463e335620bedffc66120767d4f7bdf125e56f3f316f3238784109f82992f
28441.872183,71.369918,failure,92c388519e14b92332ff075ba96d7b427e5ae47521617bfdeb5cfbd9a6133c4b
28461.673734,51.851772,failure,5b5e9edc863fec144c032ba4c20a9dc1d98414ace1ac203b6a152b9122b2ddb1
28480.113335,5645.953616,success,a187d08a3fa93adfff4873e24d800813f0e100ea230174ed1ed1e6d3cc393013
28514.377273,19328.219162,failure,c8db12c47592ded852c675c616d1317379239c8dc2b2fcff199daa0b5b08e3f4
28515.824273,20798.755059,failure,ae5f60cf281c4863d6170ad46677efb3ab535449663c0dce0ac7db495e7c2716
28536.391839,331.213232,failure,34089031d2a827806f59366054b5803940baf571eb08c0ebbe9798e3654b441c
28552.830886,315.054504,failure,b50865fb0c04825698e20cdad15409eceb8d89f14689b2905003c9b7325eb067
28573.287112,294.852578,failure,85de61cc49c3d968e819e26b22a0c88633606a569a0d2a30475d26d998ad505d
28589.663561,277.628229,failure,879b6cdcb9420cff5c64004e4349860312b7aa27aa8f459862a4ae8ad30a99bb
28610.086424,260.087294,failure,9900a82409e9d94c3b887a1e6339fbfe8af6d49734df16b29f10310794c42157
28627.509267,242.410452,failure,15334992df2d8537d8f1968c8ab32fe2ec25170b532559c4f4ef1a85c4c2537b
28646.935429,225.300750,failure,a96093fc2ac8d232d1b87fb70a2a28d57a904e92497cebd86cd5b449a8b72c9a
28665.358379,207.208524,failure,dba88a54e63327f8710933412123df277769f4af7538334afa40e8dab23f1baa
28683.045911,25303.484392,failure,44ba3513a2ee0c019f9b2918845010850c276c7e2ed954230c8f1a1b803e2db5
28700.614890,168.041525,failure,c0cb3a56815c2c558fddd6e43d932e2b381fbc20a758a407b0a8b8247e65616d
28721.109348,147.793572,failure,94c56785d3669be0ffe1b5160e3983c50a813e5344812dc7192c8eaad160079b
28738.507605,130.637482,failure,dc8bc6bf911887b347d75ed901e13716355bd1e12ada01371b1131d5a3359b9b
28758.000082,111.398744,failure,d5e1be7ce5f4036d84f0a2d40851728adfbb66331523c83b64aaaf9827e2d35d
28776.454862,91.947293,failure,53ee1b2f07b967c8205495da1ebea37fbe22ae21a40e11f1136b9b2fcef790aa
28793.880160,77.162237,failure,1d8b8204917c4b8decbb907aa1feebecfc9da71e2e31dd3c9bfd5580edbf9741
28813.288950,57.507763,failure,b72623e336e5b249d6dad61200dc23af95542f419a9b06ed2c9dfca205d6c659
28830.857698,40.685394,failure,e10ecd6384e9c25bb63a8ca9297fcba4b349f3071b578cea8f2f517019ae5f32
28850.853766,21546.704589,failure,99fb66cc321b64cce5176b3bef4e60b190fa60de668e7c44c37481a12580f9ac
28872.980424,16009.687124,success,a10724d92d5eef9bf26350f490ccbcd69926f1b0d56f25d146014d67ceb8a4fa
28886.648552,40.922301,failure,075920f8adce3e790135ec296e6e2c154075f6a1eb42289a6df3ae2ef5ecec1c
28906.311261,23020.722872,failure,d1324a37e5ac557d07458a2ebc0de99534c471f242dc4dfc334484b811f7386c
28922.678813,25031.911412,failure,4dc2147595907aba7bf6193e18cab0518ee1b63a56898c57d0fbee2450bc7b4e
28943.509045,196.333214,failure,0f9655b3ed2e2d711bb7770f73f4ffc4cb0b3c182c970b5cd23e8bbfd97e7789
28961.165088,178.986424,failure,f0ae988879b1090f6b133a8f57999708f66471e2825bdea1b141ba333443283f
28978.624770,22828.926787,failure,971495d53ae0c457939b8e78a023dd06770e782df5ff98f232ca31bc0f354c0c
28998.632830,24921.257862,failure,78e16b218f549f0bbb063d167155979bf5ca16dedf4a964fefb4b6361f2fef11
29017.356197,111.648694,failure,7edb52db508b3f36b9661faff6a871c09c2910b23b291d6ca9f8e674771a1ced
29034.848892,93.848589,failure,7f79f88547d1105f4c2f1aa72d6b14cb31332b99297b934a3d02d7d881547a41
29054.430007,75.539344,failure,adbd35438fe404de3cd0feb836815f9ef394694dc7e84d291871646522f15642
29071.598369,56.398030,failure,f3cfeae8ae2207586e62660ede024accd54cb8a5d5bd5771c0d076fd5a9b0253
29090.766505,18873.784353,failure,3419c19389a4f20fb13f5a1d09cb67d72a215ab0959fd3509748c3183bebdb34
29110.095233,23045.406937,failure,2f6299645edd36e5d9aa245b5c7bc3154c515d7159d66eec310c0250064d3387
29126.686437,27934.884470,success,713a6264d865c86e166b2ce1349a36ac1ed28f76b0a229ea38db5187e2abae12
29146.643251,23046.851396,failure,d7080cd41afd5e1ed68777a19c8d4495f1fb6719a01bdec3678dc24f8e7462ba
29165.282969,19624.208291,failure,5b3692cc03f42eb23b53327f6295ff0787007bd5194a2e5531ed52931bef8920
29182.756878,18877.805317,failure,59b3efb5677749914f7a538bba96a8d0a4fbaedb5c49a2681f4b8457fbe866c1
29202.257521,24882.015723,failure,363b25ea660fcb18c1b91f4f6684896ee924cbeb6a199a24c6066eb879210ff4
29219.678972,27832.276195,success,7150c0d92f8d9b464a25e0a714629e5e6e4ae879bc0a01ebe75cc02eddecac1a
29239.152353,20081.935478,failure,472e74dc7e8ec388a73a0559c9bbf59de63d86407159d8e36e4c5bf35d5af6b5
29256.555910,27804.879371,success,6993d0c2dcafdc662f665e87ecd770f6d540ba1cd70949356cac55577e89ab96
29276.155820,429.438938,failure,5a3b1f4e0b358b56941db56a2ea2ab07d08c04f4f7c2aedde01f8c5c81b6cab5
29293.602608,412.402594,failure,bca518ba5644c6fa0a8bdb26033f0cb329d722e7cb393fc2de798be9f9e1d6df
29313.062714,393.336582,failure,13e2e2138fa35e96b96113ee0f4be1f6c87f1e08d28e4a0374d141aeaa230628
29331.497677,376.036610,failure,46601ac17683513ce08727c1b19a2a47c6992d0b0c85219b7915e92bcdb5e5db
29349.976852,357.849216,failure,8a7ebe2eb7451a522e12883a0e3984a115bf874ab276c5cad3bf2b83385476cd
29369.488246,338.596861,failure,b42170ff8d64e92c189fec28e951e8e3cfbb5766b73f6d8826566385c4395eb5
29386.951675,321.478172,failure,992951bb71eca4d76c8e6d47010e11df4c90dc36b33a5091e70ba27f777d0dab
29406.460824,302.269580,failure,0c65e7d470684740a36ce6d45210b007f99e53848d668a02afba0c7a56df8b24
29422.940818,286.092007,failure,906dd3ac0e98cf917fb1bed4f82f6a230cefa58c96aef39c2257d26722190fa4
29443.408485,265.929115,failure,7e89d31c7e04a47dc91b885772ab390e636344af4985dce1b9c41391312cce2d
29459.796466,249.842422,failure,fa76f68a82f7c1706bc9dfa198086ed7d7db2ccb76f79e2c7ce37727e5c8faf6
29480.311673,229.658170,failure,3d3b738cff08ffa39bc6182000df50b503dca0986d044383988e3d176d6e206b
29497.742841,212.515176,failure,8f5009fe520f7c7b0e009801d3808e69ac6704d89238903f9bc4c491de7a523d
29516.797433,193.788813,failure,7c1e6bc43e85fb079d38e4cf6c000bc580fdf2991e5e3aba7d89858c9fe60947
29536.311812,174.595319,failure,5102d0c69d3b15ffbe26d608336fc558f2cc5ce7e95ecf83031efc970c7c4dba
29552.704801,158.489562,failure,4025699191aa8c2f9e221f65040f0e7d8c19d3ea4e85631d0a9f09b9e8867300
29573.206333,138.284459,failure,056fdee3788ef1070289738c5b827df2cdf38120224dd4cc31162b82eb1f030c
29589.896533,121.886501,failure,6a98e90eba256d21ae305429621e8878ddb559ef517fc156027ee11acd79aa63
29609.978493,102.093987,failure,ce8fba2c796f6b518999f5d7f99d847ad93ca001e7cefb1c5cc4124746bed198
29627.118302,85.249575,failure,d9e81d41d64ad96ecdf430f836c6dc817787de843521cf1d8f9ae4c5969811fb
29646.029913,66.628142,failure,dc6f43d096fd249abd42e6dbe211a0ef990d78fe0ef48511de8ab0c8c5c0090d
29664.150984,2083.375631,failure,a4d0ed24e64a3f024b1b972f54aff2d04fe200758dfe061e903077dbcd8a1fb9
29682.746449,18762.081371,failure,a44c1e43ccbfa341f60882b38bce127a6576b56dee2bb8d04027eb77faf2b047
29702.304951,27362.830180,success,9e3d74d6d67768762f226c4f6f0470882f2228a6b351ee1e0a0be4adf0d53c70
29719.857358,27345.012643,success,4d82afc37de3ff71c784d8f94925e67163f295d449990eff19dd45a8cc53b324
29739.723401,18480.790393,failure,af6f104b4ac18256b7cc735158d60b4962d29f1bc3c31be9887599b62e9b9f90
29758.521147,18148.542734,failure,1d041b3eb9fe79fba789167a0a78af0468a2bb6e73d3928b369f7ed062d4f26f
29776.081179,18513.537881,failure,454e62126abbad58dc78140885e2bb6a812bcbf33d6eb5d93b73a6440019e444
29793.577400,24160.344585,failure,edd9499547a6eb79f62fdb1ef5f5e71c631c896c2b8657db69052e94cfb422f8
29813.112298,27252.852258,success,09c34d721b8230d16e30b73c11e4cc4e4e3d4ef6483762540cc0cc93b0f32d98
29830.578522,4275.993247,failure,0f44df6a2529cba30057f0eae8d7264973dd26d07b268542b89d0ea876156145
29850.095656,3509.177001,failure,70cf49b3b1a62cd09b594551f728a1b5617b28a55a44de283518f90d3fb5c671
29867.556671,27200.568471,success,00d5966b530edd495d412ce9f2abadcdeb5d8bb91b3365bdae4be0f8d16e705f
29887.018581,18468.516477,failure,8cdc68e12006adcae03530adb9e82d4df0950a5ecacae1973fe903bd72f7d8c5
29906.464521,437.855837,failure,d57067e70c6ae0e777470d3b72818427c08805f230305197781c3793a5dc1222
29923.353687,421.099832,failure,cc47e6d43bca25334f0655259a084b6153a9de656f39739fa839c9cbd3cbe15a
29941.857910,402.682232,failure,0ceac48119f2cafb46afe163f0b55f167849e957fc06804c35c96d3d4ea0912a
29961.347231,383.266811,failure,5565edc695993741d57c2c52c19b954ceb90aae59f08d4fe6e1b2bbe6941a42f
29978.756569,365.940279,failure,22e19bf4da52240d7e81cacf6bcc7d460740f39f78b01bbbc2b92cf065f5d206
29999.211953,345.558624,failure,dba716d4297c362ac9202f7b91c96d58578c0f7833bd4f4397649b7e6884269d
30015.977125,18045.134497,failure,23d4f2c74a9c7aa47e8d6adef3a4544aa9b9c9fd9477bfe6de85728effffa594
30036.521036,23883.052287,failure,9276831d90960d87f10a6c73fbbbe77d6b5c065ec0bd3037b7b4858b526f7ec0
30054.046703,18079.505587,failure,7ce0acd52b5b22d8904b6ebd6c3e325d943d592e04178179069b1b04d94d2f4b
30072.078424,26995.573455,success,3bd3715106ce743c238e36fe3932ccfd1bd10814470651f1c32e6aacd554c45f
30089.593160,21958.970330,failure,3c57abb277c3061b5cf9704a831384dd15a38b08f6ac059187e86c0bd2028be4
30110.129537,16979.810633,failure,ed1bca7f513849dea5973e48ecdb402c547d2adbceeb0c9cdba63684055fed84
30126.687328,21790.094222,failure,9e3d54f6da686813ac4ba10f05e243c1944462e074b20cad81a44d79c26a9c14
30146.592734,23808.931133,failure,3532046a464d042cd942bbba6f1423db3994133674ce28894fb397ea1c2f3394
30164.689689,23816.415419,failure,012a61109a8e2d8c8256589955c20c96c4a80b0ed12ff029e25984d410f4815b
30184.044737,160.797054,failure,8b6791396fed0b8ac83d8ed57df894d1074567cfd6d6581b865ca28fc8327249
30200.684843,18032.848614,failure,d11f5d86d3d676d33cf5e6d20d8e1466a0b9a04afd5490548997a6ef06929f58
30221.347939,26847.742304,success,bee33530dbe360e8af17bcff693d9d0a283c5f99afe08f2b33312385e8519c98
30238.035164,18739.523779,failure,ad76b6a04d88a64284c33070c755fbbf04d7cc1bda4c38bb99a2426867be7915
30256.614528,88.435055,failure,d9a2704aed0c2863798ade1b597873ab4aa486e90e550c30e14edabbc2999bc4
30276.188359,68.792505,failure,e3a1298fdb0fea862f34e38d47d050568d421c4dbb6e51a12807d5117b257cc1
30293.655766,20276.232138,failure,724c6c86f43b084b373b9fce9b0f59a295c645baa7881ef03a3d386ac9885a2a
30313.159996,21491.480308,failure,58b5dd461579c3cecb3398fce9e7c6c5417c290774b4833af84937d732e59a91
30330.666005,26737.947499,success,4a53a7f6c308a78e41eeceebd1d9b2ed349859434dd4bbee50abdc9d9ad74607
30349.903532,26714.236121,success,540682c8816adf970cdb84e55a3093d38818709bf13dfa5db382331e97a72bf0
30369.287013,11867.791060,failure,9000fd5d75cbcb5a3b97cbb20383b5729e8869e8ca7c8e580f8da4aa5f4c82f5
30385.799959,23592.608792,failure,9c3615113db399df10f53f3056a5b6406a9c5e3eea91edcb9bb780a90b2d9abe
30406.321438,18593.099801,failure,c9578db31638496b64c5f1e1a8bddc7bc11fdad5aa895dba1b50af27a1328d78
30422.731159,19790.879970,failure,cdfb99cbf34386ad607e4504ecbffce6c3dcf4602e72f54829923081f9db7c7b
30442.870778,6.924064,failure,502ef2d6907b77644c52f8bed12769cc6741e88d986ce152e490905b1a3e3cd6
30461.295270,50.009015,failure,346d18b2c9668a88aac2db0826b4556fbfc222163a69791308adefbb8eba808d
30479.225330,32.408286,failure,7fbae441c6b313478f6c10a3df5a2cdc781a7714375f86c4bdba5e92ed6f815f
30497.748919,12.441194,failure,d2294d3fd08e0aac2e7c34832446aa7cae23b3a39f054ec67315a6abfe1734b2
30517.296861,19026.687009,failure,28cc79c1a6fbbd4955d75e80bbd54bf1ef6b160dad7042ad4a81b2b9ed487661
30534.842275,82.894732,failure,0ab2ef1fe1e0990125d9ef687660122d1b6a00e9cf6d8a7939ae0b7723e4c9a6
30554.428830,63.237424,failure,4cc3f04540e4801181f8901fc3a215dbcb0a34a85cefbffabdfe8646f3a79e23
30571.984083,45.796086,failure,33c75593975eeaf492f5fa741d67cbc526c99084792e67fdcd56e48fd7688126
30591.530482,23387.909354,failure,2fc87cfbec1ad4ab90bdad481c8d920d97bbfd58205d10d1f3b8b1ef97276e73
30610.107452,7.707111,failure,49fbd9056dbfce187061bdbf98971f2604750f4fff6f8ecb1334abc184eb18d0
30626.819283,21554.681947,failure,bea2a4ac8a9a145eb077a1dc1a50fc976c19c434cfb9d802d4744c084bfb462b
30660.719995,91.589647,failure,d4abef1c3d45f515ecbc76d2d7e9b0e65c84804869132e21bf43766237704cb1
30691.544844,20217.485820,failure,ea8bbeaea7cc73192889fb5a2086ce6894bf024893d653ed01b1dd086cf4d393
30700.980377,17923.902970,failure,251d06982e6b518b81ad47b71f8f4dafa09ba1730b346e75755e590ea2621207
30718.531331,26343.660818,success,9a70be02ba117bad1e20b233ce3bf8e226ce2c25e48078cff89caf3f2a21286f
30720.944073,15676.705837,failure,cf051d896b90b40888b1bdd2ed1a929f79f71b33f727f4af0cfa4cbc4147a30c
30739.355431,122.411530,failure,e2e1121ebd8cc2debbbf398d92086d4407d8cbfa1901a16fb44aeb3385fc6c76
30758.714366,109.110515,failure,2ea74cf73225dfe73fedb1d4fb597743912cb7058408f37d0c7843a513c525e5
30776.245904,91.818619,failure,6c7cd2b04484b62f79e1939d4e969464c02240184e9703b66d5d7be53d74372a
30793.767754,74.547693,failure,b99f5f65b1e1a3b9385b8c8ba84b49706916aadfba1121caadb8cbb7c5980e83
30813.431274,86.107093,failure,85d6417d89c23a8c7852eed2457434d7a31a638a8a04dc0563b819f8184f9b82
30831.594253,161.562488,failure,269d5160eb389c77c2906d21f9b6c6ca80502b5bbfbb30fb197d37ba1f907926
30850.091723,143.335288,failure,935ae05ead8eaa388effe390d8abe5a9c2f11f915f4eb4a672fce70eef9495d2
30870.294220,120.667199,failure,103eb9f0e22f046a50c2692169593dd458f5c7beb35f5436875e3c514c596c20
30885.939389,17696.655235,failure,017d46ffcfb1ee1e1c3c7480d63da6b3dbf7a293ac949cf1fc9a5ce45dd55131
30905.785373,16717.770473,failure,adc33b47c5e42a13badd683c9256920d77b695cda3612f722301f2f5900aebcb
30923.665569,71.198644,failure,fc140b5b07d8f74defcb92a67086bef3d6948aa60cf28daeb8e42814015a326c
30943.406154,51.156640,failure,438b467e18730ad446888aefc9d73148b33fbdc7a67008efa8f7d5d5c57f876b
30959.620657,18212.228818,failure,1cba74037615f756db97dc5e2d6397c392e48c95df552dd3767f673b09c540d1
30979.620852,19.733703,failure,b669267df2d30e1ee387ae71e3571869f631fcf6eb87a837cd6c128d424fc88d
31002.235000,18140.335758,failure,f09bb1b40ca9eb772187fea80009f6be8cea9b194497095e396af988d6b25620
31018.488536,45.106695,failure,412a64546d9b2b2e48010b46c3cd5bc909723aec52ad309dddb0965d7eaa20dc
31035.970069,28.540128,failure,6dc094c1aa801f477fa675d586bea53fbae1647215fcba4e0a8c3357afc915e3
31053.592168,10.295595,failure,a016a38a9faa879238cc39e4d8e51c472ff810a1d4794a869ea826a50fce98bf
31073.498526,136.472339,failure,d36e7cc94aa1eac661a1b0cf49d6f21e7a452666b27512deac301e6ad5bd9cb8
31091.104754,119.212043,failure,3359cf125cf2407f959c8f2467ddf30ae2702b2fa4f433d1e62db810097b6487
31108.572111,102.045674,failure,23196bcfefc85720a59741c2bbf891ad7521e23787eaf33ec82948088485f218
31128.062574,82.851310,failure,6184bb2216ea4d066fa202675b7faf65b837d9dd355a74f2c9902224abc2a8f7
31146.519698,299.086901,failure,59516162f5340ab57ce1caf5651a795bf38829174eebf9f1553d9dd9e1ec75ff
31164.983725,18943.619615,failure,6951aa6513a0ebd9a9c9ea090201d68f2d1ffc41b1789e85b84f0d2a892fdb15
31184.458259,25.171161,failure,ab2d0b825472f4f74199f4cf4ee794537f687e95cadb6ebd3e491bb20ad16177
31200.950826,19571.853211,failure,c7ccf5385b3d80ccc04ba4f2eaf3f660ad3df3696664e1b0e116615e934d6452
31221.594586,25843.825463,success,fe4b3c581a2ed39c5fe665c9637bbe6065c119161c48342397b053c26811fb08
31239.183091,17385.385813,failure,889921dbe5724e8f2dc107b5bba9c1271b4cb5b2a11acbb46830c104b210d489
31256.624408,25794.978744,success,8597aea7087a80250b554f5fb793e85292203351b101b92d0ab7bd89cc0886cf
31275.678208,471.600870,failure,366e092a7f11cb0662e613384fc8ff093824ce713fda6c22282963bc8c61dcf9
31294.642218,18816.143139,failure,5438961bcdc34fd511704a366f3460cdd88b8b30b4b894b77b67707ae77466dd
31312.637631,436.060044,failure,02c0c6927e764bc8eb84a1856d5556d9c20752ad0820b7624064a7a2db5acae7
31332.200210,416.616820,failure,e33c331cce24ac9f09a10b0e700997d9f45a545c78d1fa2fcf30e3a05b139ff4
31348.765014,399.998084,failure,cdee9712e07cb25f2be9cca8cdf2fad1db61dbbab499be574e8b5a2d28bd70f0
31368.618352,384.180701,failure,758d2017f6b90bbd85083cf330b1663a7d96513392c53dddb9b167f79a11a055
31386.612973,378.546691,failure,0cd897393e2624cd70833e10add03c0f83121dcd46548ae37123847296a51875
31405.606689,359.298686,failure,cabfdc8de9024b05dcb605bbb4a5925c9c5c9ad5d651c2f165a7020f4ca17685
31424.143714,342.323608,failure,0003d72508a64918ce1e3925c1edc3ee47e36c83b4fc0d8a2b523604187b13ca
31441.647620,304.101011,failure,2ab996ec2476c08689d7bdf1b8fa5b0738e3a751056b80a7de1bfe39a5b1fe01
31461.064564,16978.259713,failure,798fc57f43de119c2a152e6f16b1a588363a2d2a4ec8be3dcb985454796fa8d0
31478.601242,267.592078,failure,4d4526f14e5e982601d87aee098ff26f687df9bb510d32b470fc9a11518a993f
31498.620232,252.105910,failure,e2e14278ca85aa2f52463049f0d662b49f119d94b7be72d3d1ae53edbffae360
31516.632868,22567.959007,failure,f847e91dc97591543ce82127e9ddb44c799f9dd007bb42ff91f7f96b053feb6e
31535.608179,216.851834,failure,344e5cac28c05d036ee2e30bdcb451ce8970ac9dc4518cecbb4a5e3a1effabb1
31554.129945,212.620511,failure,04870c5554cb61e5dc7a6eaf3a4c33bb67ef080566c39c5163816cb1c6a19eb3
31571.628019,192.201255,failure,c9600db94e70e8347b41cd416f8453544e75413d7ad5db2f493b09872b1529ee
31591.190208,159.265414,failure,7e6015a23fc72f133ef95833dea4e5ed07b37ebdf0686e1803753d6dac6706ad
31608.612009,155.793953,failure,2587c08af529e3de7c770694575439cc168e3ccdc1e9775a5cbe7449964cd2f1
31628.128762,136.526761,failure,08166cd3f38494299562202c1784d96ddae1be55f8ec3f80d14b3545d009d84b
31645.608983,118.476204,failure,2e607ffb9e50c5bd12ba528da22dd2a3ffafce784347599e51038bb417042299
31664.608209,25399.849615,success,5bbb3044d8c802462cc16f48fc610c304cd6267af6cd65dcf7e55451cab9f529
31684.063446,25373.121427,success,4e4e86942b8af98f7b807e4610478ceee300fb1cabcc33b21e9f1316fd9f32d7
31701.537956,42.070116,failure,74152084679ea15e4fda04d1ce2f7fa2b3fd7952b07e86a0d9a6ad1ebdaae58b
31721.030985,17822.996568,failure,372f62225e5f1ad4e341ee00304ba34bf2aa67642a2212090a6818005a237659
31738.598250,6.842961,failure,bae17e406e311aa0d804c978a149ae4920f268444066f48d38fb184389b9c3fe
31758.397766,43.769973,failure,27215429c87f83b206d04a5be03a5072b933edd8db6817014325cf0cdfa9e777
31775.636101,20380.055006,failure,9ed92e014c1bdc516ae67defd97c093fa4eac4c381202b0dc4771d29a137b13c
31797.341513,25271.512905,success,74804a9a3f0fbe0c83e8743391b9288cab7d2ed0c9b658756f21a4b2ff07b9a3
31811.636043,25256.135732,success,e206b530f2e56a8789e3bdae1568c070c7ddf503b741c2773ea0772995dbfa4e
31832.212296,2199.811922,failure,07754eb4879ea8da2c670ca73bd2403850ea2b86fcc235c014625d766bd8127e
31848.718709,23210.195424,failure,dd22ce672d84c165bcae98726b6e0d2d0250c3b19cfb0254ed921fecda5ced61
31869.217014,20286.690090,failure,3c3fc58532eee4d2558bcc309eb3b570430f475ec983e096208261a432fb62d1
31885.749837,20269.639420,failure,c1af16661466e395db21bf50a49f6ad0ac7c9034a9379dd5ab7a3832cf3e7c85
31906.261287,18272.300577,failure,5416fbd8056142ff88a96351e3b5fa56f6d91c44623c0afdae296f35793ab8f3
31922.752462,22483.688527,failure,8ddcfea0cadf9f326daed6ec7f00d3b11fbc2894cbd4b1160fd02339e0c9d822
31943.333273,18167.211850,failure,1cd60bf5d01e36890a35ae2ec7ccaaeba1cddd061a9ff9f37952c149bc16619a
31959.808066,22302.793358,failure,0ba405c930f3c881de39a0cfacc0dcaeb30e1931c3e17f71f06301a05fc7cc65
31980.383848,17191.167525,failure,ded2a55218efd77e7282b5d8c7710c3f5491fbcc3545f226272d41599931c086
31997.859890,20157.800569,failure,7691894ec5a51f4d350c7c9effacd5650eb9f803b36446892090a995ff6d698b
32017.535794,20172.094161,failure,19c4537e90d227029d08b27519fc87295de2f8f635675b6201b9e6ed1b2f017c
32036.074111,17027.459694,failure,e59cc232e3a66c0ddf32af588fba8022b1810ce705677f51fa2818ffc3e6a563
32052.564574,21797.762830,success,a3c6eed5504b9cb5b372adb6f5a39ec330f7e1c011b82ad465504e6f9e8e3928
32073.080342,257.633637,failure,2ccd06e54f97cb085e48a13ba0975973d85de90cda1cd5224423622c99702221
32089.571266,22095.524698,failure,ddd21c1c91c8918dd40df2a2911cc4617fcec6c3f58cdb21b4f6a45dd813107d
32109.991474,221.007643,failure,bd0207814c190b7c37d94c5aba5d57a7c2e372d9dc87ec33aecc22cc402bc1ea
32128.425674,15572.121596,failure,7460de7951299b30726444a63482848dfa1d81a8ac75a217c87e3d91e8d722da
32145.799334,24920.857819,success,1ffd5c64436f3f3752fbffc440912aec25e25868e02af952b4fd1ba13788620e
32164.789393,14580.260254,failure,3c9add66401eb9d5a84f7306264c942e220a15d382d90f44fc7172b5313719cd
32184.326895,21801.202390,failure,79861622f6495be6bf347ff5c74cb1a81351248e34142978c381e1f9076a42d7
32200.762214,16669.264757,failure,e48c478cfe1b0bd5299f88daac067506b55c3e49fca94b044ad89340d3d91cd5
32221.324971,17322.578297,failure,43a0c70e6aed8686384daaa74843f6bd10ad8f3a63224dc2670dd9e58e285d41
32237.916214,941.713846,failure,cc658301a80e865f6b1e29c08176b691b5e9d12d483a677cd7b293e4a544344a
32259.418413,24804.891802,success,f86ff3d7883e9850aa492892b658a5e1b3a86772ecd96e6ce03469fb32e43e58
32275.105220,908.666715,failure,505204242883da22103e0ca602122092b41868715b5429992711d502e3bab867
32293.643757,15578.890650,failure,d6dfc3cec6ae10cb60a986ade7573cf20c5623c4e3d3d73a3b8afa34787472a4
32313.212779,16620.323540,failure,d53449e59bc251bbf69c67af2b22520951e355dc7f73dc580dab09f9efa0127d
32331.552621,862.046195,failure,9155d0cadba39be060d60d19b05cd83a53f3ef8b77828f9f3997428e00c0ac66
32350.302958,843.744985,failure,319b06eb6cbc79861cca931e3cb4a0fe783f68e67492ae9b42fe7a86bd055185
32368.184216,201.655651,failure,f26d86500a6be203ca99bbaf5005e0c80d6057a55b0bcc2133e580dfd9b21f8d
32390.850100,804.497665,failure,27d7bd64a1622ead57bd3a9effb3e2f7f9d4e725c4b6bf0a61450b4e875827b1
32406.639491,789.003962,failure,f26804b8e4b5d71e06acdec20e866f697e7646b896f8e0c2a5010a852cc75511
32424.311193,770.079597,failure,dcfcafd7ba371bca40863db864ffa15eb5a7c677fe2fd5001873dcad05a327bb
32442.023792,850.316031,failure,dd1d24bc60783a9ce45ef31317152165a9e06f40c536e89a1fdc835b29100366
32459.784852,832.851421,failure,a8c989256af5e338acab1accf2b063e2518114698c1fb1bb3ffc21cad7c0191d
32480.480369,811.549449,failure,93ac291fcdb3951b7ab6bc2eff5b95ccdf0ec8a674030ea7e63a90a904f6f2e0
32499.077016,794.144180,failure,0438a192688258b5e5000bd303272b19a6d6978acbfbe6d204ef393b5229bae9
32515.600872,777.324787,failure,ea50df60d697c12a9db4f15610d56ea45070c7f0ec9a1a4bceb9f6565e340e26
32536.204135,757.330422,failure,0c95acfe7c9d1f3637b7154fc6dba2e959be5f9da33072eef8dcc314bcb02886
32552.692424,16991.469682,failure,9144e4cc6eff9538c35d6c3295f715b2c4e7c6c5671abf60295473d74e636a5c
32573.620851,786.366375,failure,b5e14ec6c5d2c06bd5e5c55b3fc538182714cc6062ae4eefc4333fe1ce1ed499
32590.630554,867.983534,failure,2321b28380d1242f88f1f0824eaa16ccc5b6df317e3d65807e351780bb607f3f
32609.619731,721.939559,failure,4cce8b682f4334797796f9e063659b15fe18d3de3308f2fb488e18035bc5472f
32627.622979,465.347949,failure,efe66c38c24d7e9e4afc4c1084e085d7bb4760048176a80ef0e46e36eb56b4eb
32647.128811,446.119270,failure,a7a58b3d40de8f1fedc0561292af3758e625fbcd8921cddf29d6b1fa1a89616f
32663.588125,429.935936,failure,3cadd8380a1ffa2e21c83284bdf52214de1e19db604a2d9226ced6abe9ae5681
32684.128520,409.642638,failure,edc7f1cd4b66b37c775fc9f5861bbe2cc495c456a0ec4a4a98d4f6118887b20d
32700.622720,393.393720,failure,0cf69fedbb807f18bc0173c5b211d7153ed2f73d30848f32f4e06c476e7dea83
32721.134931,430.562859,failure,cb8088762a99b0a01884d73ec2ccc2d59a083dbc780bc5612ee574fd79f9b967
32737.557166,356.721950,failure,c37e308d78e89e921a08ae0f2f42524c60af6e355d222ab8cb5224540c0d8496
32758.035633,336.498164,failure,f03e0e40257df4e4d6bf766f8624dc5138ecb9115cbf90c9a733c885aebf6580
32776.489631,318.285561,failure,81f3bdddefb6f198acff6c353c8e896696af114ae40176a99cb4f6b0d70be802
32794.966662,300.044635,failure,785bc50f58e3610a3d2794e5295c947d020cd38e2d5dc2d34df7fad9d78228a7
32813.423165,281.823707,failure,6f27ceeb677ebfa31aabf59f73522977831e9bea99220ca60b5d6187cd88deb3
32830.821581,15159.733227,failure,c51d071d388a9a9edfd76b8cc3ddb161acd2206d195f47b8053a4af5ff261562
32850.282819,21127.723483,failure,0ab16295c9cdeac29ead7753da074b42e9fd96b994f85c2ac38d25c70dc84c73
32867.665356,16676.397463,failure,1c642ebbaf86b8558c80694d2fd632739a3e974c414868a60e86622442dce1b6
32887.094033,17886.494635,failure,830da4211ec12e1fcc661deb19fc63412993aa0b8983a36581f8b9e0d41b38fe
32904.550128,14807.995509,failure,c480a023b79853a601e323fcf47a2abe403f5195a8c19941b96d472a80c5b02e
32924.016826,15542.650467,failure,c5c8344559e7baebc0297ea6132a8b9120d786bb30cdbfb4f484fdad6752030a
32943.512740,21044.197539,failure,18b62fb581c83e42b9f2e7f6b8169015632595379d95ff34a585514103119ba9
32960.985356,16213.305335,failure,f6aa9e31e7ccd87d1e9e15c6414d40146ee983d7c9023ec02ad9274c9d3077f3
32980.490838,17129.509738,failure,160ba5adeb69d50f80786b4c79e69388b1392302ec4a14c3fee2c2b73fd5e3d4
32998.978469,184.727952,failure,cfec55c8a2c6d14877ecee1cd13b819985894d08d3a5ecbc051c3895c336c259
33016.632207,76.029908,failure,9970dcfb0cab288c9f372513d9b14128f037499ca8c01f36bf6d3119f5930eb4
33036.649575,143.359641,failure,b985ff323eb1a5f75640caf6b52663e30aa58796aa8ff4ea6faaf6098a662ff0
33054.325524,128.934936,failure,dcafa30b813232a39cc99463e1269ac560c3dd9257b1545354dae0769730a66b
33071.777812,111.636077,failure,1f30405e7a3c096da587218cc12be3649519799a16d82c352fd50856818592b6
33091.270850,92.227539,failure,80668a2980cc21d07c5fa103c0a47e8d9e963af25de2aa50ca05ae15a17b28db
33109.495535,181.537072,failure,0039e11d96f1ac891dbca83b1c2bafd69731cd83d65a0bb5dffa3e03cf34c6dd
33127.993546,163.395624,failure,3dcaaef006ddc65391c84dec9310586f24c2df22323f846552a57c5b4311c91f
33147.580582,165.756397,failure,5e2f8a0265dcf74f96a2d7a2a0fa327307f8fa01630b4397504938098ac45c9f
33165.467209,166.500000,failure,8736d6735077fb4ba2d9fc9e508eb1426f27e2a736d9e8400cab313e178db989
33184.243545,16925.260194,failure,e284fdf20413dffcd69d0a3d5df1aad99970d75f64109283ce68752ca8a67157
33201.504281,16028.043469,failure,d6b32e880534d97470de966b87f5afee2ecba7b180174d3f0702193547493a0d
33221.302415,17551.852144,failure,04958a934fb8f7037fcf0c6e12124da05baba6f6debc5d3f4a1126e4a7f29598
33237.646963,726.212507,failure,789e73d14206b2b6c73e09e5daf2050833304a8ca978524c0db8738272545f99
33258.241469,705.229498,failure,b75487bceb9d9ee00c948d325b30335db437973ecf77c835366b7cdaa96c0c04
33274.777318,707.187963,failure,00127d6d0c55d2bfff9745d6f459e6d4eca98bce3415e00b49ff327f1a705d90
33295.066538,16026.345414,failure,f4753cc0eff0f9e1dbbdbd5ba28a15a9d388574529997571fa5f7c7955ae331d
33311.987293,17.847012,failure,cf33565387e5b93af5552102ff3669f2a39180962d2b8d2be05b3025c2f2215b
33364.444085,734.676015,failure,2bf1385cc5a60e8ea29cf64ba2d34f6a8aec3dab847d694a3dd41bc5c5489887
33368.772742,730.710924,failure,c517a777e5242efe38a5337ffc919a8941e6933ec21dd5baac3a9cf01f2c9734
33379.190557,624.801653,failure,6a50c1919eb23f830a39160342959371b733993fa3f48410ade6138e2105a52f
33385.686423,620.357478,failure,edda08863ec40d8d04f2f601e434e102eaf7e5a0094d3641efa62670bf1fe799
33405.678122,600.699729,failure,7a4150cac929ca554f5224ba6d63c27570ce24846b7ed076a7c4efc3445c8aed
33423.678354,575.131668,failure,5c9b4b692bcf1a461ff6102d64964a4912589c36f07cd93b24d21749fa73a283
33442.693600,614.884662,failure,6298c4c5ff3f5b6cabbea729722027e18ecc3d4cb9685ffa4adb349f1dad6fc0
33461.214845,578.019697,failure,4a744489c6e89397cc1cb83949b8e715f505e433215c7feb77ba0a975554354e
33478.646885,560.232227,failure,f9cb1b3d1fcba09b5d405dcea5421180b98086f1fcb8505d36383fbea1c32c9d
33498.641679,17070.755158,failure,3a2a75067127f970e7b9c1324f2c40fa4540772d5569a81b665653753a32c889
33516.650317,480.963949,failure,637b718606e8c28b2abae73aaaeadcd0dd4254b512f18f98228660d97a859ce2
33536.181777,445.094464,failure,fe7edf8894f7c09622c569455d2bab171542f8ce21662a5d27d21cbdd550784f
33552.618880,529.402970,failure,d9da69d791188c6f610252ebe603e55f54899d92d44b7e2b3ee815bfd52ad438
33573.184712,20174.851922,failure,feacd9b9e3de3b02f6ccadd2b36682360a48307006a8041e29cfe44a2a77407f
33589.628637,23478.619217,success,57493b524e0b3097ff9630ad72a5b5e873c352f53a1b94b3f78c97ef067e89af
33610.162319,14545.796113,failure,8c6d0dde141695f26070c88a3661e24742ff519828b75b659c61a804f6e4affc
33626.595864,455.112956,failure,9e41a87484ac9557d55af13693f63d0086b4143a80ea3fba81c031c28625ae71
33647.069172,454.284181,failure,bbda22457110f18809e78912ced86fd08fca20a760bfaf01ae292ad44c9ff3e6
33664.498286,437.147800,failure,d0e280104292882012cab190362b8cb911f7e9f470fe1846988d2e77c8bdb76b
33683.950096,399.831534,failure,860337daeb6bb856753b8e470b576c10261da3a1fde44582361bd42a4af6cba2
33702.431125,399.799073,failure,0c4e8e3ccc12dc8390b1f7a94e8c0531833c7e562aa2f28a65ff9f91859ce6ca
33719.960218,381.984872,failure,46f82197ea1394dec8f44ffd508f2e5fa35aada1f4e71675213fc4f7ef5343db
33739.432847,363.121031,failure,c41ebed71ec6ab731b1ba96c8d9a0050dceb76ea32c727320b8139915dacb33a
33756.835091,14909.408317,failure,c58e2a8b7c10e66389e57f547145c9c99b3126db0e9b8a1bf79aa41baddd8237
33775.706877,20178.548947,failure,950a56e7a2b43745a0071f15ff96262e0b2d0e5fc80255d5104b7c7ab134be6c
33794.676397,14534.848239,failure,6f62e37706e57cafe6257409d395e67ecbe3e4a698792623a6b4f808be0297c2
33812.654707,273.104605,failure,083247d749f7069e763a173a4b9b2f3df6e89c98266d9bc90f35f8de3a5221b1
33831.644897,269.407308,failure,e78d4a0d36d43ffbfbd5b0575f0a84adf1b6d7f27fc3ab2c3112322799fe78d1
33850.230843,217.309705,failure,f8765d61c8570198f721b7d5853b32035707b452c13b0b1301d963fe57412e62
33867.695545,20113.731861,failure,ccf1572ba20ee203b40defde0320192913f26139d3e73fd03d48de7279e0b949
33886.622394,19962.917655,success,1c2ee197ada31f08bf717088d0300a4595e2a311086be92a22276f5af08b3839
33905.621781,16203.606708,failure,ffc8fa49c1b123c1f9306bfd0ce50a6e64ea548895295bc9f216372f77b2a81f
33923.625990,156.926338,failure,588ecc07222b68a8e517bfbe4fb43b739df695c61320b84dc1d1c6f116e1c20f
33942.616220,10.972211,failure,380d9605dc3021e27075a9de333585dd5caae0a875dabc0c8421d328d24b01bd
33964.526609,17.821654,failure,ad7cf5f4932905f868957262e9f37ed7c3fc83d13012ce060f8fbf445f6443c1
33979.883343,18.140897,failure,708258ba53865f27de7fbb21fffcb8dca914d0dbd3131b9a2f3479d70938ac7c
33999.287794,8.161077,failure,b162c9199d61a0565288d5c8b166938b8e958c9dfcd538ca647b1862afa3d240
34016.068464,15.574265,failure,11d615065f11049027660b41d287cf30c15c5c70a6bb09b995ced9aa8d0781dd
34041.199530,17.395630,failure,4ae19e36bfb09ab406464c29b62b831354261243e374aac9d54b86e502b25f64
34052.885498,5.051120,failure,2a04ed388d4cca637344d3aa22828479d90cc11c39f74bc30409dbb846be5dda
34072.911552,8.364591,failure,cbd5a5b3bc722d5a22a9bb58c84441c1c7421500f647fe5055e4121c37400dcc
34090.723618,15.643886,failure,8d3672c7b04d2824aff5cad21589a715b38a894271986fc64c655432200ebd18
34120.801988,15014.728026,failure,a8d6ef4303b6d5ef373f482334b98c662d18e306a9c8815f1936ca06b454ed33
34127.816462,3.057028,failure,8f1e88b699cff8d352ef80630209f31b601327f7000fe5963676604dc30b4f74
34146.805609,2.636605,failure,4bdeab2990f4eec3864d3d2d31872ae2e616d164db167241539821a60720cecd
34165.122408,3.420123,failure,dd224c6d14bc5932aec2465ab71a920d716e20a58aa2151ee83f0881dfee53d9
34183.119143,5.420216,failure,7ec10cbc58121a19b35fbc1fc4bb2e00cd83c3899f0aa9d877f05902d85ba0ed
34201.042760,2.482964,failure,05c557bb3c9e6d102cee820aa74cd12c23e3ba5095d375cff6f68d4e6c661e0a
34220.076822,3.516815,failure,8a0ab7ed0d7e3a97f8cd19fa8609246233c3c5fd7f2a3a5c1b15b34e1cd1fc48
34238.189425,3.371782,failure,ec829ae0d110f887ae8ac2ee3e66bbe4041e9797bb1499b4ade60ef0476ef5ca
34258.069363,8072.672963,failure,83861f6f4061b32d5d355044083211e9d73993fb0c926eb9493de276f28108bd
34275.177992,3.375299,failure,4e38a11fe3addfc8dbdbbd646980abb234824576d4d8e1d8f0fd14a2579ae60e
34294.075918,7.833980,failure,c2c8378fb6a783820c09733a9e498250e9ac8086e720437af29931fd8ec94861
34312.221063,2.583273,failure,217a1068eac686d3f7ea434f94107553506d4a81990bdbd56982da8d37a2ad3f
34331.342439,41.559031,failure,d446ed7d977ea4a070a1f6c5f3b3026ad4b2026113193109024cbf24a6bb7c25
34350.557753,22.621401,failure,586dd09cb5560688e586beee63a5acb626df4ba6f8f104d2e5a93435530d4d71
34369.147747,3.451983,failure,db5ca823c05f0d31171eb971c4f8a91822b3bc2426ce9143bbd778a38510c3e4
34386.389237,17769.145074,failure,d50e18822af1d42754e07609d04bc15b285d849547d41ba1588abd12bb8d6b94
34405.579755,17750.455661,failure,93d95246bebe5557d1b07d1b163c9054066ea301d6e58827c609146a27d441ae
34424.185178,81.393807,failure,f3ace96f0e13162fc850f17fe8d6fa5e09ed4ad71d546b293a8cde0e143ca261
34441.666590,64.261935,failure,67beb11aff769244fee86d425989ae38b52db05c8891e6216c0a16fbb698a02f
34461.241693,45.013158,failure,cd82553ef94204a50b1439a30f13ad71b80fc1c2f9d5b2727eb4a3dd83b808cd
34478.728746,17680.789050,failure,5717ea10356f977b6c275aa43be40bde6b88fa954d74f01c3367800aa89713ce
34502.370101,5.881337,failure,a0368e9cdd9e46c081c7533effb10fff5ea7dbced32a825120cbd8d044bb1657
34515.912873,2.510797,failure,16d5c9f1f1ebeb40270b771025bdbc9fe4e72558a920b915d00b13502d607276
34535.976217,205.103062,failure,3e0ba4c628d295e775c3aa7314298d8b240163b8623e236e1a6d8bd2c60ad3b1
34554.542306,186.892424,failure,ea21a7979c8baaf1e30d7ffee81b99318ef6eb6048ddf5ba72e2046353804c5d
34576.028704,165.719267,failure,ae9b83bb7190c669d50e070a2ac4ce8bf509ee6cd2156ea0b23b13f41a734f6c
34590.689996,151.354625,failure,423cd8935406cd7c20b640ec0fd34b1367494b406422d7870c06313d69b904aa
34610.249099,132.104054,failure,004318eda159f0b4791ef6d4394f253e2ba153df609b8ed3527e3a43873cb70c
34626.687414,115.953392,failure,0f6bd54d9ad9997de7a0791feb79a4d7d2a06217849cab53cd2f0e38644ae392
34647.165330,95.756235,failure,59a1a547d949b85f990db83d31962753ae8132172e46d1b7cb79d2c8f6981fa4
34663.558379,79.644848,failure,1f05d33cddcebf4c08648f8a1d38e3cfc1735e6811a57f249a035a8051a0b49c
34683.992843,59.520549,failure,c4adbb2aef38ff31e3064eaa4b4df1c17743201f5d8c9ee5c9357851f7e5cf5b
34702.448634,41.366918,failure,12bcdda138b569aeefdb8c0fc1457280606d8b9bc5287edbe3a2e64d829fb5a0
34719.915118,20.786449,failure,6aa1b336f56a4c8c887da5b6431d4627bef3dfd9a2f99073c67882bb741969b2
34739.355066,14804.740565,failure,60354a589542a71754cf34a206d1322b6ef78e6a64f9794dd30aaeba8eea4c56
34757.500882,18352.018062,failure,f47cda267251859d9f10d3002f71b2f0fb35aca7ca141808ef9686e7a2b4ef51
34776.027327,12912.684384,success,0a4d91640bc43199042a269c042e59a99a9b91dceec98bcc73242721b47430f1
34795.525845,14442.038910,failure,06d6e587b89f7a4316d809547176f263d840376e72d55c4eefff449739bb8f2d
34813.036282,287.430161,failure,ccffb656eb754d5b7174bee5ce354862efd7d87b97d3bcce10b087e878c06386
34832.970022,267.804793,failure,6881ba836a17a15089365601607c8b84f46f45e1ad8eee5acd8a1e301e397885
34850.498944,250.567311,failure,5345988a787ecde8b8d0a1c8d01d80a86bdb67f41ab7c760c14806e7da94f6c2
34868.981546,232.390235,failure,b1b39dd3b777fbbc83a53525d33a14edd5af1f4e253c723a597e4574f4ce82d0
34892.278220,209.386394,failure,c5f55cefe978b56d78bd03f65907672b15e0468d9677c862b664691c4bcf0fc7
34905.158522,198.388644,failure,d5cee3f9d05344168de7947f5b3296e4fe9f3a40f02bc1a2cbf6beb5611a2870
34922.824522,181.056904,failure,fe2ea3a1a065bbe434e4ff5851f624177312d7d804782ad6fa480a1b5856546e
34943.502436,160.693353,failure,bd39cf52f707139645a5a4c83bd2d5c34300f84883c7ab5b45162a4b73cd8d24
34960.999217,143.497931,failure,6f4a5602c2749211edd7a45628f180ce78b0aa144e97fb404c9f69b82c4b8fc7
34980.480163,124.309356,failure,701e62d13cfa7605114dab481b8e9c59d419700cdc17c74760ead7e75c08b539
34999.027256,106.046600,failure,7ac17e33f2854ab3823ada988472d42039c6258e2c0abdfb4093e8a4912504bc
35016.734274,88.633036,failure,803c8a456a6d4b9c7a0edb7074bdf8b5ed2b98540a37580c578f865de4375ae3
35036.390279,69.267378,failure,4c298641438f365be3de6416916c4a1f0ade9940699061432c32ca759822cb4a
35053.026477,18229.678477,failure,f64dbbaafb6c0e5addcfa93cd98f8568bdb1371365419bac571dc11b09ccacff
35072.260106,27.887696,failure,2f5972f649f80419408a6a4c32aba426637d6d6ca90caf65e6e7d6048fa327f0
35089.660846,9.228742,failure,1e05910f456031df94a644c3c213c6dba4190416573f8a5094881818ea01c9af
35109.964834,21957.432545,success,81e895116dfe9b88d30531ffc4cfdfea60f1d28ee91538ddbc51fbd2a137a73b
35127.978801,30.171746,failure,a027f38d44992b267065f028df98fa3a501f71d31c81294848bb463aa0401f0d
35146.954312,17406.881413,failure,44662e97d34192057d166be380fe22cb5b1d18971734c85b0f40f0662ff9863a
35164.740159,73.866415,failure,d0785151b57684fa3db988057898d61252261cfad3d754153f9c33b39bcf72fb
35184.328146,54.609693,failure,2e7d4925e0b0238631987204787a56cb6f812753334c15f430a84829c2daf8d6
35201.030649,38.264214,failure,d05166a709554f7b4b84657a2b03daed654fe8050a59ed8bc69e0141b36b834a
35220.195838,17.520206,failure,cee5900fb79fd228b0aefe2b44d60bb75d79aeaf26c700e1e33aff66c6369dde
35239.945521,6.597197,failure,b8b99044fbf9611a352fa4cecd63ec37c6f644dcbc167a916812cf40148c5f9f
35258.137664,8.436277,failure,231c6c70e9373ed9cce074729a29380426e42ab417f51f1f7d035bf08ba92f42
35275.171642,10892.381829,failure,5fc7b03db962a49b1c1616d613c712b0844980628e9b64ead77c6073249fd8e5
35293.983224,62.596723,failure,093a2d58a746f9e4ff969c4c3ec1ff4c41fff54325fcdf0c1fb928c854906b38
35312.626248,44.260507,failure,07cf037ef6f2ab5f4d886509d99e43cd30cefc6ba6af903586764ec26554f316
35332.234423,24.928023,failure,b40d4b5ab4c8b80c92b30c6e476bb4a6d50f4f5e3ea08023913132b2e8648084
35349.568859,4251.730860,failure,17169a86dc0214855ba46c426aea693fa71221b5972da6a88a2a934caf1015a8
35368.679004,7.172483,failure,3c18fe3a291d05554885cc4e3e0628eaf3473ab0a9dd40c70c782ad3e30575fa
35387.439119,19591.168209,failure,3c1f8df91aa0ba171428cefd058973eaea0fa0fe801b2c50e6258d155bfa7f38
35406.216567,159.474373,failure,b3dbcd624ec419cbec14afd7c1371a4411e3eb03e9c95b22cfea5ea8d4a54900
35422.806587,142.563798,failure,3a79db2e14ee43263ac1edab0c82f9e38eb8063c4ea3188749e08cf69e525b20
35443.453623,122.520601,failure,b97e08e5c65e3972adb8ffdd419020eeb587c451dc491d9461afd3659243728e
35461.056194,13327.824524,failure,023335bbcc3ace818a4e5defe1bdcca04a6863b00a979a802c2f6df2b0a92f4a
35478.584795,88.023285,failure,36cf02f64053d449afd623538c571cfbdd0021fcdc6c709614b7f281ffd34acb
35499.193107,67.152598,failure,ff929f7f8a55dba481bdf41ac97d405ec3fded118dc7abe25d9686c85af004ae
35515.804037,51.114930,failure,5518a59dd0114b1d341ef5594ca3b029ac6268db6f04234ee751ae391eb8d705
35536.369078,13486.173743,failure,926d6e003eefa4eb79ded45b2722773dcb15195e01ba6cd2ce7e6611de6e099e
35553.184023,14.027445,failure,95242cd319ee9fb1cbc0aa26db439dac2071cf178fce25d40708cc7980ac6596
35572.185703,5.360735,failure,98cd2e396856af32c5d5ae4bfa38302199889e728274edb1e1c2bdfc23c44b63
35590.113458,5.435936,failure,41f09682822938c58e5f3ec8858d298830fc527eda5f6d5d438723d81f5b3a10
35608.721817,21443.506475,success,088eaf1990d349d368aebc32f6afb8d4bed134ef654bad164e37b6f06615cb0f
35628.311427,3.275790,failure,995269618629f2071faa5b9a478c7e13306fd7aeb8c630fbc29d7552a9c928df
35646.272825,78.662934,failure,fa5b74e06557dc5556bddbc61ae081867454a172ce8dfeb092f135a9b77568a4
35663.963953,61.265731,failure,6bd4f5ea1b59368fcec17d308c3b4ba2e11eb1e50ada13ae36e40b7d78ef04e4
35684.546146,40.956022,failure,5c996164720a6a69c5d9ec9d931487b518186fddf194a8e002fd94c60a8b12ca
35702.124441,23.627819,failure,840c167e0ef90f6af4c63617889c5a6d99f57747470b97c9bcc38faa8111057f
35719.601034,5.005254,failure,5ec3109d0f568104ac0a08979af3c479ea2d893d0664bf69b3993019c2034bd2
35739.022637,93.494258,failure,f7c0c293eaca4427448aa0306f4f2f5426d32c8f262cd678819b010f23d1eca2
35757.603364,75.242882,failure,ed78561fe7f9cbb42baa7bef8c67de6d682827fbf1a1a284a03d2bb198d99ad9
35776.141570,56.997218,failure,febe582b89cf58b7a24d56e59f9c672e642dddfbf6de0d46a70352e7fa576d9a
35793.604829,39.826461,failure,bf2d92b2e2ee3387169691548af01daadbdf70c3947ae24f28b3b5634395f582
35813.135688,13730.991793,failure,bf39d307a6dc64722f0d7380429a18c845b42efdb44de98339d6e867bbae11b1
35831.205140,21015.418104,failure,d70b9a9b944225dba1e461c8357f240e9999d73e7a01be715305c05e594a2091
35849.556994,15955.663405,failure,c532a5759b84210171bbcd08f373945cbbc46e07b4405f1fbf94ae70a4cd549f
35869.236935,15848.203518,failure,0b1314814d8521e7a3cd7a38f696de882a54c2f1f818fdb0336ed463e95b3d7b
35885.755200,206.466824,failure,74fe222463a96b2da960a9431c46a6c9fa314a769de444847b3902c53739b49b
35906.310132,186.248738,failure,6b4a840f94bf6ff898e5a746e1424636d92ca2caf639b471af644c75bdf891a8
35922.815543,170.030869,failure,15282bd8983ee21800525e16f7cdbca36768850789260ada84f3e94c720b7e0a
35943.336309,149.772869,failure,a30e8f0870b4306d61a24c256bb7d1e612b1b7c26261d35187ea87c1c8922004
35959.782158,133.585818,failure,ee26030a34c1e2ccc90fccac317517d76724f8ff91ccbdc0241ce5672db16fa0
35980.299438,113.318009,failure,afa1c834749455be5764e5d2477832a8c0d0543142995cec021bb5d336cedc64
35997.808473,96.054607,failure,4ae797b427a3d250e1303c74a5ebd93b3fb0e6f3fca5f254f11d8477d19e5801
36017.523039,76.577840,failure,a60680544cbb87d13c71c5b28f1f1467a56389ea2fd2d82fb664f70defe5e05a
36036.105719,58.245282,failure,61be13d6dfe09b2fb87f3af2b9ba50ab7bdc4a00f5380ea352fb4e5e66b48041
36052.700068,41.897398,failure,24013b7162c3f110c78c80da7221c0da640066493a8659200750d5ed70c21498
36073.249378,19453.859449,failure,7a1ce4726205c47857796ab82512ec9318bca4e41ea97d88cce9b6961d293054
36090.465500,14018.473904,failure,31abebc3360caf242c5b9a4c850537e86759de576fe9b6d4d97b8948f53febd8
36110.375003,18.338500,failure,0077546cb5d8fc9fc900dfd1d8263c2eebab75dbb6f44da6d0d7af5cae524ad7
36129.786768,17346.516026,failure,9fb4103722637a7e38bac62adf78e0c4241143faed1cbfa2b080aef418192295
36147.434805,16008.163456,failure,b74d1a05d2669cfb7e8a069bb715909173ecaacb65ed88e7d540310f14a34baa
36164.099776,14405.036510,failure,7448f4ddabd7691e928dc9775343be457eb1b7d3a011d8581e518f476a010850
36182.602085,15973.027025,failure,aed2081cfc69cdf00c7ce044d1d78f30c46e80a00d5cfb33af8254985a015d3c
36202.108618,13966.464672,failure,39cb220f4c2da08be4eb47d407682ee363562ab013e745f5b6639112a1803a94
36219.573299,13890.678902,failure,c32237413081af5e8fceac19e6ad7b750556c4b3a39c81d6357223784d9c847e
36239.061888,369.919971,failure,950b49c632764587c9bdd39119eb75a5d535edd4ef806f33cd701a602e9e684f
36257.544239,351.692161,failure,3dba716cad76ea7276bdad092139536c9fa9c3eeb62e3d60246965d2de9d66af
36276.012473,332.688777,failure,e17463fd2228521590bc1e4f3a3067f7439cfa44c4bf6f690b532c4734a1669a
36295.463131,345.057753,failure,34948c4edf4bfdbff787bb783b5aa8bf61411c07994aad275d9d49ad22794535
36311.935279,328.862217,failure,a886a95e14bfa779266d1536c5f534c2726ba90bcafc15cac279fbf56a91949c
36332.402775,16465.180933,failure,dc31f82b8755115182b614de122afedba9747867a8bfbe5e93234e039b5ddfa4
36348.772420,17637.409235,failure,14f03404a2ed600c98ee9a8992ad39ed942b175f75d169cbd7226c006d81538a
36369.205121,226.050130,failure,c5fb7a66c7442ad5ab4a5784573578135ac417342e83316a4d5d46454995b612
36385.580666,209.432809,failure,6d22b111804be0983256b87fe3a12f5842f0367fd60af1716ed514094a3affb1
36405.999721,241.858647,failure,8f7dffd1f78dbbbe9a8e8ed53d31545649f998ed33ca80baf3e17a46804065b3
36424.448018,12015.403053,failure,106bf70a86913f21b35e438a516ac120a068007b217d8dd91f083a7789783bed
36442.549901,151.941750,failure,c4ad23f8883afe2865a9343c955f4f17cb315cc0e304d739170ec10901ff6b31
36460.595958,134.140835,failure,ba9d8ca0457a8e04a5a4454df927153a757ef1c84e59b60d054388163a033b7b
36480.150893,114.073744,failure,adf6619c410c348fe29e3396dda43629473eee61d6439da8703d5d9f7f41894b
36497.603200,113.429178,failure,401c84f5c768576a2403fc1e3df3b6a5857a6a6723801d067eb1c296e5dacb05
36517.086420,95.736567,failure,76a6edbc19d07da436c294a5c3626dcd1258014bce037890ffdb9c2f8c83fddc
36535.495442,16331.088782,failure,37fa7693d0c52921584e3f592aea329f340c50ece0ae3fd3297a5a45c1d6e58e
36555.887586,15369.784167,failure,8ab9cd831b99a992e90f0cdb7fd2cab1897e82294ffa90f1bd4d0ed4385bee11
36573.537687,13791.018797,failure,f309456f4746b84ed1939eb2d9720f809e8a562404c849037b002db5c66a285e
36591.424674,2.503353,failure,ffadeaa4944721b82cc6a3e5e3c2f2f40f54f9abec2771386d871ceff271a015
36609.614673,2.892508,failure,0431491d75c283892e0d3b2c635a4cf53ef03bf2d6b160f2347b2c6cab608b0b
36628.393594,11936.184941,failure,23081c833ab54898c76fa2d31dd0edeec4022112f0e32236cbe3177c165a6a0e
36646.272606,5.279882,failure,23a3f3e2fb97f08babd5f6edc296920cd698e82861c6e88cb2ff055ce71a6287
36664.183238,18684.376904,failure,420c5ec0ebe8209533be001b86d3facb43749f4918cc5eb68b950187ff50e365
36682.725913,93.714582,failure,41001bc02d76ea89ed2efc425098d560e20109aceeda5177f60a0a645d45589d
36702.491856,74.515919,failure,d1521c6ecc01756e72c82edb2ca4b07ff05bb2f3a9632240c90f3e5c61a99799
36721.232554,56.023069,failure,67ded3bb48c280e435d3c0ffe32fd9ae54541f5ac3730446c3462e1be0900ef5
36737.839216,39.679353,failure,af4c22836731381623b5f095d916e45f8ca76ec789a97382fd578ea64e007487
36758.466474,17.640963,failure,2a88a623c0988574f082aa887b8a3f83d0ff0f487aeae25b4b0b0113a9a2caac
36778.790048,4.986448,failure,9ea95e4b32c246b4a41ce72741b88cef4f77a49adc19a56ddd2dd03f760620c8
36795.314285,13.237936,failure,2ad38e59c6ecd52628a530021ff5f03f991c035ef252e203bea7772e3711d416
36812.068635,3.492680,failure,640f912fc63725154a081b702a89aa72362d42648ac758015ac7ec6e0198afc2
36831.037845,37.190217,failure,69158861f2ef69d436e4bda18460e8fa18020658fb98c392a7a7a035e67cc3be
36848.741055,16627.470326,failure,5865474f32bb3f51ffea6ad78a8600b6f450513a38bcac197462a01d52aedf1c
36868.690234,17183.893986,failure,e6b974c8cbfa729951269dc64f9028a0a475c06500ca16a9497e6bf47a19b83d
36887.603558,195.243998,failure,b1d674f2b1cc807353a94ff6616de81c85dcf9a5408c15bba6d827f4be6f8e5f
36906.143457,176.971143,failure,36f5b7292c6eb0875a7178853755066a743861e826805b4590f0d97cb5fea41f
36922.784223,16424.780735,failure,6aee6f246d2900b9a3530e42d537aefa359f3373198204aff929e7ef89146108
36946.638189,97.251014,failure,80777068fe7ef72013694a2551f36e9e1bd539bc49dcc67e47bc862cfcc25239
36965.947289,78.296012,failure,b9c74aaef05939585885f41be76d25fe53c1887597d11a4c9ac23a80773a6a8e
36979.659781,66.324645,failure,644ba7058e5caca8ec9244a696a55c09d2046ea64d246d9c05198f4c31275a7d
37002.644607,80.730244,failure,8bcfe358fb2fdc48870e605bcb055b713a300496b958f58e4f6fbdcc494113a8
37017.831029,17994.740355,failure,39e8d17117c79ab3b70a2887293b661a650ee5408b5cf3e002fe15d66f21ec41
37046.478518,21.413912,failure,97c2bd87bdd5dcc587803709e40c968a714cbc58ae4cb98dc90b697593625fc2
37054.322658,13.273162,failure,68cc9c4b2d48d7091b2489ff419ea2be5d7d22e5fb12b16b2cd8b46428e6fa24
37072.254089,11.653146,failure,6a2190539d5e56057739187143e5adcb38a82bb76fb2d290e13975f6233e7ec2
37089.695185,2.672873,failure,6997c1e9336778fe55be870ee42a257b5c3e29334366ed51cf0cf6c6acb7f1c2
37109.888334,2.581069,failure,38df4be0e3a9c19a9ed445a506399678f4fb1399132bb18f1b6afe149ebedcfd
37128.024471,4.545997,failure,bd702308ae6fff636cd166c9d20e359596da8fd0d380640a97a61cf5292e4070
37146.111847,20080.892450,failure,27f5c7dc8d44bd2384eabeac29cf3589139272b8570abddccdd4aa4c0eb885e0
37163.785702,9686.650762,failure,18aeb0cd194dcb383b0f9a72a8b1562e816990bb25d5a46fe725581415ddfb62
37184.385137,74.579880,failure,a908a98db41e0a082e4ec5a6dbd3e4ac61bd77ab512e0377da0512bcf82a69b3
37200.881501,58.399953,failure,bcbd5de4010a62d55c0935db7b475a475ea4d569fff8d1a417984b726d498939
37221.379895,38.175085,failure,1d3ad2c4f9995698a6d594dc309e731886500b4789760787b6a252e2c23f7460
37237.806808,17064.727523,failure,28cb5a954f2f3927081ac133e62458350af31742bfece9e1b9133fd5846f37db
37260.285749,47.437410,failure,687b08148679afaf06c88e74410e2fc0c9538d3a23610085e5b3f2da6333c7d5
37274.788321,33.194578,failure,4d675b35f2e42e4d03dd61e96f7944875c4f280140f3bab0518c193248926a77
37295.270274,17613.648400,failure,a04e5878d68cb7d4e88504368d1497193ed3c6c1ac09919bdeff5dfb263a69a7
37312.002493,46.859850,failure,27533b639f92f8a2f147ff0935377821ca1b5e05b29eb3ac2468a419615b25b3
37331.621618,26.948544,failure,729e2094f7827d0f930a99892bc1b412673a6fe26b8233cc2fff4080cfafe304
37350.140007,9.044424,failure,47be45a8939adc241ed59e29cf2fc2791d98a2397ac0a470bb67920f20b13285
37367.691271,14435.653068,failure,76367136e90fa6d0b7a63d3e60abc74ced9a5e767b0b9e03c7d169757c1af8b8
37386.818729,48.417800,failure,a109d93c49283291d4317d78d4446a89ceebb124710d17e3a1d6b604814a33ed
37406.627302,27.964470,failure,e307883ccbd3c22c57faad2bde005371d4a0fb553a180c7256a13b91d4f415bc
37423.741922,14732.125888,failure,6712a34590bfa21ec14a15d2c573280eb1596cc071e3f0280fa330db8c7582d5
37442.809697,123.721706,failure,855f7f4de9f9bab3dae0de0d80d0f65ab2490e9a65d509a7848d04eedee0eac3
37461.449805,80.707802,failure,9e385195c971ccf430f9d196d965543ca6397c5141313a876dc2852df16d0cc0
37478.976363,62.923618,failure,b79a8c067b3e2aae76bd8475bb66bf428b9c663d2f24a0f1a76186d16f941d3d
37499.538317,46.941214,failure,ccb61592a6406a1f81429c6894587ffdee62bab0163863ecff5b8ff127e06318
37517.058863,18157.884014,failure,2d0a658e0e4b516c1bc753ce1b5020a79ce08cb711af8dafba0c0587e1f032e3
37535.625483,5.932192,failure,b238b6ef78608eb1b3341eadd68ef47aae68daa9805006be405af5b6274473a3
37553.945668,55.646849,failure,d849284084eb239963cbd439937e1f6584e0ea17481aca2f207cd8c341c9afc5
37572.992173,36.999877,failure,c143fa8cc34ff05b9663f1cd81303c8e47db926a0765a020e7b01a1a05460a55
37591.633684,10255.967343,failure,954cf804402df4f926957d4062b4a6e34e1ae400e27e569217fc3b4501ae80f8
37610.420829,5.157040,failure,21e26013852ec951192a42cdd4691253a5c4a3f9be7ba89a6020983274c1b0b0
37627.493360,564.908292,failure,6940109ef3098f7a716ebbe14e5af3ab6f3ff59aef333a19c7a1368b5817b8cf
37647.222984,19420.305753,success,a8a8446b870c6ec8c7ace32e4a698c7f8340dbcc9f6b1d569c084ccc9e3b591f
37663.781695,385.870964,failure,4726b1e5b81946ff87ff05ffa821e1a8c2a75b3665714aa07dcf87dff18b599c
37684.438509,365.555774,failure,01d13b72ab85af6b09bbacc48a5762ff7df45f5be443cbfa7daf529991643369
37701.108350,349.189556,failure,b1c60c906ac5ed78c5d7e87f8fcf04e6dc9c15f82be18cfdcb7a6b7d5dcdcfdf
37719.688695,330.884991,failure,0f1fa47b393fe6c1d38976c98e30be5b9c59f8a07ae3cd04acb0febe8b382242
37739.189618,311.640081,failure,cb4bcf5ec79e2bfdd62e8a2ad505c8f092eff059adcb15f028f2c627c72e0cfe
37756.754237,294.329161,failure,d7aa8238827c065a3f5cfbfd2d08c88ead1d502a1dbaf8a36e94ca6810b90fce
37776.256672,275.083971,failure,87c82059501007cdc6c3e1a9364a4ed1d6a183dd94f42751ff097c12479dbb25
37793.655629,257.925468,failure,d41ac4cfb023f4f1f2832a32ba7f2d54a8e91d4e2b3715490ab0505dd26b9c8c
37813.098051,238.727106,failure,df2ed1753e778d96d9d5f1238adb63695489ee822c7256e14c0c7e353f51f26f
37830.548975,14357.995853,failure,cd27e420aa398a2b5a5b713eba993f6ef0b49b89b2056b0bda09317fefdfb1f5
37849.987630,345.112043,failure,2204137099d6f42752b0af98ead280ced20a1edd6f56af8d847976579a885060
37869.446383,316.918400,failure,edd95b7105e44c0af71427c256cd0a934b2ed3c0c89c11f1af2b4e6ce14e5f48
37885.837549,17445.698556,failure,d44d8738e0cf618d36f184c639f27f4593656cabc58e3c7281b69b93fac4ab7a
37906.348647,281.060897,failure,48272d59014aa0b6f6f0379378bc7f620052eadd6a4517ad2c48a9ce8eb9b6dc
37922.812229,134.318188,failure,abce673d7f8cf0d4ddd370785eb496f600991afb191b8a03fc610694cc7f85d1
37943.292018,244.626416,failure,adb6cef53c2dab92600a37038802c4f2ce35e60332bdb307e5934ef62ad73ef6
37959.692671,228.477378,failure,006a8cc4d00f7e273a62c63a58ab44807aa997908e9559a3e27c1240628e1e2c
37980.138095,207.529345,failure,8f6299387a787ab963ebc3370bcca30432a509b9864934cfa0b0db4b4d9ca3f6
37997.565305,194.018404,failure,c9903eec9f6a10fbb60cd9a70d4dbe2b68d7fc0e1fa3fa417d1c6d6d2c97e70d
38017.504896,174.383408,failure,0d17156e6f566789a00f56a6be3cf3bae84dd1ed193035cd560a73497481ebe3
38035.999068,18231.010335,failure,9eb238eb1b628446ef6ffd21df080f0691b5c6d1a7c2dd878a385054e3d6867c
38055.863687,136.277955,failure,29750225af14de70c1405e0fae448350ed31c8f0b40b92ccd65f2bca6c2272d2
38072.864021,119.783976,failure,f036a65885daaf15985b3098a17e52671f23584651caabedc70e341b7f68ae8e
38090.790704,103.519139,failure,29be49fbbc3e70b29b0e1724b0079e87a0d75fc5135afafc4627d6d47ef47e85
38109.721801,85.130385,failure,ef60544a26d81655e8c05fbe1157907ce4174d99a6581abe5e7c1b766981cf17
38128.426681,66.169682,failure,537a5de1609baea80ccd64b96297f19c6c4c801cc5b4a13d1708cb85fb652bbb
38145.936747,49.444387,failure,39a6cd97661604763dcda2d6532515c74ceeeea6eedb148c202ebe76120ea95c
38163.661489,31.986098,failure,234f7abdaf20efa1795209d9c508e5159e3f96f3e99cbdf827e649cd77c32b1d
38183.689405,16724.875071,failure,b18c4346b9b715d29985e5a7e86e1a70f9314f9f33e6856fcc87ee0b5d5a7401
38202.101363,18407.195198,failure,d3732972bc6f556f11e17809055a570fb3f957a19109c6a7aaabc8988e87300b
38219.935210,19020.104990,failure,17e87fceb54992b1179b863d198ffeb4bb9a92f1ddc7a2b78ea210ef86e3629b
38238.622196,16105.926568,failure,d5ddc42c6008ddca86766d9bbc4de39af2c321ed01a4edb08631f8ebddf50fec
38257.919925,33.645629,failure,5168579e499e9663720a496f884ba3f934c2b0d707f9d0c6b7cfcf92fb6af7c8
38276.223689,12323.215426,failure,d4d58f5276c3795999cd65d6a768f49f157b7e8ecf55f0658155ff04eca75164
38294.094957,13861.472226,failure,4a7ab667c76561088061336acd2f28a0d1fd28925e6e4d568f64691557de4c30
38312.129422,21.043884,failure,3f65c0474187cc58ca83c250189da14298a477a20923eb96601c0cb7acc04789
38330.674140,2.812337,failure,75c2fe0b4cfe25d317d83e34f3692782f2d904c0e2c0b1a26422bf0bf1f0db79
38350.318133,8.264202,failure,cca0e60a48b787f73c2a66771d19228986595213c5ad101b9a96571c0396c326
38367.979665,23.958312,failure,8ce135d68dffa4d47b9c79a941c69d531da60fe6abda156e6307fafbf6d7231b
38387.514751,16291.084677,failure,627ea8d82422ca24f1d75ed0f9da03ac78a430b5c9148e3aa84ec437d70828dd
38406.463442,2.643587,failure,966a0e970f62897c243cc64a78b11e0aef0569ec41a3035a67a117273836a152
38423.674474,3.876143,failure,91ce673aecdcbbbfbf6e1eefbdae5e9e00ae2b69ab9bda80473b3332f7109ef1
38443.104342,137.795708,failure,3a35ec6476479d7c4215d0c7ce4b0bc6fe4605252dca96aac78fba113a702746
38459.747743,121.434239,failure,67d67bd5dd2c9f723f9fa04286a1a816a0438bc20874512463aff8e958ea3ad8
38480.292915,101.160039,failure,2fece3e82754f36d444ab92ccdb73e5a4a0c6f23200a981c237c243c0786ec21
38497.757015,83.996746,failure,5885d7b49cc152d0d80e3952decaef455c9078e59c32db071e44952e876cff9d
38517.383113,64.658952,failure,11a1e61c18f052da92511bbe7892aa9c300a483637ff34a4b328c21131cd92d4
38534.815894,47.523622,failure,03e31fe835fd99340f2b7a705f4adcea2edd48d9468ab6bae5798bed483bccff
38554.324991,28.315854,failure,c43bc050e19de1bc7a168722bf9f254e1ceda3fd74cffed65c9b814180b8f80d
38571.803989,8.778522,failure,53e1fd3e0fd88a79117dc00ddde3f0734d59c9cff727fef5e0d81639920eba9f
38591.209782,6.309584,failure,46894d18387027900df03681773cdc1fd52fc3336c6577790a31f0a33c70e2be
38609.058607,3.453105,failure,1a7fc65fd07e28320f5a976cf5556e207009742d6a90d0a892c19ef0a3787f2e
38627.040083,8.573525,failure,0865abc030b4653205a3e931331e7796faf035c30538b731d459b51f5cc471cf
38646.189251,4.354486,failure,f20bf225514610c8318ba8b51376a675b93679e10ef6873637b03b22c3a90e16
38664.171278,31.811328,failure,f287df785f62a9acb8cc227868881059395114c502bc45a1a46fbd1a6033cab5
38683.577982,12.034165,failure,49c5e41c89c16869e9f2560fe8c59c53765bce78640e21a4c2efe640c7e2e494
38701.907605,11974.877162,failure,8d51b9a13bd1b42c851feeb8ba3752f741c5ae6b6721d8dc025ede2fd21e7006
38721.387557,14848.413399,failure,a2935bfc7e128ba3ae6d7b403680186aec93ef1b4230c91a0f42c604ab8cd82e
38737.621977,35.932153,failure,3d9b6ccdba8962a09070f4136db9eced15d5eee0d76321996898ed630b58d084
38758.516138,15.389485,failure,c4c530a93c8b9fd6d8c701a385ed329a589efdc965dd64cb562bf5e2617bf26c
38775.854590,16553.675590,failure,eb880210727b13b451136f4ec29126fb25d1cdff02464cdade689824c98df54b
38795.189199,7.454203,failure,a9068b6b9caac6d73d182591cab43a8390e480e42f5c5419da1080633da54d31
38812.237644,5.304357,failure,9df317fec4e62a7e7f89f57fc06bb286ed9e72386b86d128be84bb710c776d33
38831.126952,4.409660,failure,3ef7cf8b84cc8dfcd03f19b8bea53285b4f188bb8b8e0e393e88e1a5979154e0
38849.103348,60.882777,failure,3148607ec8446860dbb7210517a892cbaaa35261407db1590c019fb4740a6320
38867.687591,42.638255,failure,fcf64e549009727fa00455e4f7032ec9b91183996d68f0b9964d0a11db99ebf8
38887.303781,23.332691,failure,c3da29dcae2cb96ae6cf215b70b8d90dabe9330616862960be9b831899062ff5
38904.805942,4.807680,failure,e71562722f7a4645e1c47cdcf947446a304c0011f9e41ec62227da8bb485f088
38924.199812,2.356656,failure,b42bc9d13ae73c94c97534092d8a09a888e348a453acedd907211b8cd39bf484
38942.308207,95.696460,failure,7f30f0b345499b8b440f9c3c2d714227e9e40efd94061a6745e0ec1218921b76
38959.935775,78.427018,failure,8f68d061a79ce47e2eff73a6190bdd4b16d2b800ab1fc519f654b70c01c0485f
38980.532785,58.181521,failure,1aeb47f8ea2df4bd049b2909738b337d99e021b9ed0b3921b758e5a0ac0edfb7
38999.065170,39.984569,failure,2926d9ef6a33b46e42bf5514279935a1894557f7059765c237eb93b5dd412408
39016.716663,20.911925,failure,f9f168d7f8b48a32af55ed17ed1f23f21df7a391643a5cf79d0ba415617bd9ad
39036.245919,22.603295,failure,a4a776e025fa27c75c1870041c57bee7fb7438a5055edc1fb005d94f8a1232ef
39052.703750,5.817686,failure,520336b9b6a012387af8cb8ee26d481ec7a207eb1c58e5285f5b5904dbe3a08a
39073.404215,22.472058,failure,b906528592093d326b0ce13a45c04aa79e1b64a01fdee63b9377edd92a9e2643
39089.922540,5.611267,failure,d1e0d0c60a3251dfa464a9b3c76bf3304f0f78f9ed2c4d50183a118595741ea2
39110.419672,15.121259,failure,68e256fde0afe47774f3fe3d51931701e411d1f2dc5d82060c19d6fba59c8f77
39127.073031,6.446142,failure,f9c710fe0024f75f40a4ca0188dcec912afed2d49efceae9628725f135a2d850
39146.052189,5.483145,failure,de78e8c6a1a1e83a73089c5808f5eadc1291cad90b90acf66c6e8ef41a3d0909
39164.073029,23.475150,failure,ff1a4a86f5aef5268468ffbdadb4b3a43d07b0e9a4c3bbf23ba7bdad2b00fcdf
39182.605313,5.341889,failure,ca9efd47bc9032b663e878c44e5c76f5dccbcbd835ce0749303dc2e15f1f5738
39202.450345,17078.688715,failure,71fb30a4880f8a69bf96e157d6bac155d83fa34e5df7d28637abbb674eca65d4
39221.041220,226.593802,failure,bf6c3572e3ccc11088f0c72c0d4cd7c43c50b2e28a26f23da61c29a778eb42d3
39237.584071,210.440726,failure,b4e17a62584ec4b037d54e433934160c9140286a1d05f7cc90342a143b5ba4eb
39258.054052,190.336465,failure,c19e5eeee65a85423ebbcf552cc03805b272fcb2a0c0277f6bad9ff5f580ba2a
39276.516154,172.198545,failure,d40e7742f5ffcff97a0d994e275ca0550f4a238011ea2513983a52451f1d1f35
39294.956625,154.061366,failure,902cc7132bfc2e81ad9fc1e46320dd0442b5feb18096ff3703a5f271a2b7e867
39313.006950,136.318912,failure,fa8e250f1e49d27108423c63e1a6d9ca786c36b2d537c027e8f504a370c84f33
39332.521288,117.100552,failure,a37cff525810cdbd6a40ce09289252ebb83d508e034700ba6316d9baf8e9ac31
39349.666766,100.893986,failure,4556087ecad18e2313dce7bec04945ab86394b73d546c74c9aba3789d6183bc3
39369.133353,81.715081,failure,3dbc4a337ebfba1131c2d5409651e71e4e55322b87241dbfb91fe9f96a96dbab
39385.610390,65.524875,failure,2d22f4c0f3bd5232cfff417143f075ab28b8b516888793afad96010dce7151cf
39406.121819,199.399034,failure,56958e82a54ff6f06d7aafc2086a7ea863c66f55c162fcbce591a8a90d96f466
39422.614686,18288.981604,failure,c0ebe90b6980ef8ab7d8ea4b5d4217bc63624bfb7836d439f93e970bc1bdf73a
39443.174726,166.811011,failure,dca39b3991f2362fc9a029b5f45a308086e060f48c73b17d37bc47e795f45ae1
39459.793100,12957.250092,failure,a9751642452ea1ecb40947899d11d9d7e31fb68188f33408d1c3ffb70067bbfc
39479.721639,17885.897574,failure,365a3bb1211fe0db281ba2e01b7f0cf60bfc20014a799c6efc43daf52ce6d822
39499.534770,85.021870,failure,06e336c845b5f8828cae538d2bcbffc9ee372af84245e6e9f9bf3c8a8369196b
39517.225647,17450.560770,failure,9891df17f9ee6b809714af8a059128c11005f3cc8dd34966fa5a664129597bb0
39534.711868,60.874331,failure,c77db8fa5102a5e56b4313f2b08ecae2c73ab31a733cc5f8fabd5259791a1b44
39554.215015,10555.534618,failure,a22df25134621a08d5ac701cd653ae688753e79cc7bf84a042b68cf5e33ccc61
39571.858703,24.103005,failure,cd74a46f9a51636f25cc9c39efb3ddb8cfa65067750fefdd3590a00de87bf77e
39591.599357,14814.243554,failure,abbac0536bb09f09a8bc2e21aacb9e805cd72936ccdc3f3b6dcab024eaa2621e
39610.459641,18.997903,failure,61c08328a578f5c0884f732780c7c1672531bef594d59b9170e90f804375ebd6
39628.131522,15.443667,failure,82ae9a2c32391612ce1ec241e9130fc30add43c1867fc67c9e70c7b569db4148
39646.294680,3.237058,failure,33e4907d78d79444e38b09f3e18e4e8b51f7a30d595ce2c40ba73e119500f8c2
39664.107267,4.428545,failure,43b7c0144b96f1a1bac34942aa5bf985a5eeb6f9eefc375933a76cbc19819515
39683.101203,2.430185,failure,b1ecced6413aaf578ae8dae100110a2bd69c33ac134b6e130c62189d13d06537
39701.085053,6.451191,failure,22baf52ab7e6a4aa93c136ad9abcd976d98168d57a226485ee3b6b376a68b02b
39720.080030,13383.756393,failure,efc4c8db6a4e56d62ee92edaece1e1a5c0a7c9521bfb685cfd7dbedcd90baebb
39737.603261,522.204525,failure,8caf00755d8d09e53a08058c6cb9b621ab3ef8f09420a9bf1a804085f9f43f03
39758.129508,15159.445728,failure,ae6d168b8ae87ff5bfe7d851d982dcfda5db90ca31473e5188213b828aeb95ab
39776.152231,13506.881724,failure,754c55d19ad2f696c71c65e546444408a98fa7c02ebb1ec22f601f126c57bed7
39793.670683,14612.476933,failure,2f62e4ae477fcdfeb424ac5a78d20619e8ba36f80c9e6a968bfc3522e1bb8823
39813.185662,451.640783,failure,df1d1e55bffed958d273ca9fff1b318e68de1376c9ebbc7d2b8a950b7aa21ac2
39830.586882,434.543386,failure,61242466a74b4e847f42cde44f3a047635abde033cd4911c2896fd85338d3a87
39850.063058,453.479782,failure,5feb38f7396d379fb6dddbf079ef444a81ff21b325923ea2035cd4dea9ff6cab
39868.530680,396.915204,failure,5715df7d46e8c8d79d1059309c1b686e0380acf307948e0c29ca0cca0942055c
39887.038739,381.001018,failure,79e3d13880ae031a41029242f323763ebc3121fbe33b960ecb8b8e6ea62f8227
39906.499686,15620.266064,failure,8eee48c8e112f8dca64482939b6463f821ceb48e1ab4a029eb7f10073ea876db
39923.989454,342.044860,failure,3f9c8ee455f641bb15856a82bc2b50ae71bd21adbc33d0ffc90686361fc69db3
39943.443848,322.883148,failure,a170a26675f7ad1ea57b22ae7a5299dc9b6cab32129a5cce51f39bcbd895dd88
39960.512511,306.102418,failure,339e36a94b21cab0782e67628bcd3eb8bf38d80cf617f1f25653f0ce476e526e
39980.042077,285.704023,failure,be2af76bf61b95b61b7a0d007a367f2ee2e74e14a1ca596791a7048d7233673d
39998.505131,268.672109,failure,604c95ada448ed4d9e91d441bf5cb50eafb532b0985db3eb7ec6ea6ed7d7ad1f
40017.278571,249.618470,failure,1db98a03ae29b798f1a426c918921afdf8c7100e78253f23171d64c0ab198a46
40034.768299,232.698096,failure,6e797ccb90dcf13332a662de84d2880b366c309e5fccfa541f755054abd96834
40054.297334,213.461403,failure,abfc77a3b36282d2db428197c31cb1ca4af3ba0e342dcf12e375b0529cf52add
40072.147311,188.059989,failure,a49ebc5b30d8828225fdbe05205336af25834c5eb8af059a756cdf53fe6e2136
40090.112045,174.365191,failure,610ab9a449b66ea16ff7cda582788bb889bada8de75799a7cd572c1a322606dd
40108.899270,155.219379,failure,1d691bf704cd55bdee1bf06bfa371074621aa72e6cfc193b8f77c97746b1cad4
40128.603325,152.351409,failure,31d276712ab4b0f755d9e95772dc1bbb3888ae73845ddec7c6039eaf39bc6962
40147.204931,299.363453,failure,c49b2bbdd02347c4963ad65a1a172bf62434d6334cf197e9b5716311cf181421
40163.695513,123.713929,failure,f3dbfb69d5a149bee52345a76b479df118bf8690d50307f9002803667e382ff7
40184.232279,96.557073,failure,eebe7bbf93cd8b449ce63fe34165316e96bbd0aebed9a85fca72a2c4db45f05c
40200.713304,84.821090,failure,c2a03f5a77d986f05a87736f2f2a1a7b1aa78ce335825a495447f138936e3f14
40221.286860,65.515837,failure,46a55dc0dd7786f21a88c3c8de5d95b2b5a7e919bee02eeb69de731f85116b12
40237.770649,48.724267,failure,6277f755fd6cc0cdc4c7dc835b5dea66022510679e119a5affa43c9969b43a83
40258.330469,22.532782,failure,0702ec7e76d9f6435c5243244b07e7c531047310bf76be8f62612811128c4bf9
40277.197826,8.983599,failure,ff28a80da61ba6fa97da5fcb699f7e0f8e46e8ad1c29b1fe202b8c77caa6058e
40296.358025,18100.256631,failure,401182724ba58e7e736d0aabcd839ce6d03035c685cb17931934642eca1366fa
40312.484430,11.070336,failure,6b3e346892681649a983a6cef3ad9018782269efd8d22808e12f7581d0d3be14
40332.535169,8.000385,failure,c34c6524485e5ce524d82bdead1bafbaef46fac9747738523e45e1e7f7fc89ae
40350.154301,5.388687,failure,bbb576852eae7d030d75c99e3c45cf410e146e9132ec461f0347e0e07d2c940f
40368.133242,20.201904,failure,07e99db8643046725e3cd900569b8b5f55358f5c9382107351a4019ab8287c05
40385.750880,3.004569,failure,a93c0b9ba33a94005f117462254de36b7ac07df1a883baaa7e0f83d85d93c93a
40406.326861,8.245707,failure,bc00457eb4ccfcdc0a38d13d359b095e7e59e093a72d8d0f13e5a8eec4520e4e
40423.197200,15275.379344,failure,a94f7fbfde7d1131ec22e6901a8937a4c0c76a8f97ca75c32977e478ed345929
40441.700249,27.870783,failure,a236557c8430dc3671cf1d1a3b0d3b1705e9ef3536bf53f7247789a9a9b504e3
40461.052701,15986.870448,failure,6b8eb49f71acd024cd5a50ff0a98a003b1902336d5bfd5babc372dd7c1d19ccf
40478.786549,11677.001971,failure,fac4f1ab3b81028367f310f7600b47441a5dfdcbbf12e767f1a9abf8adeb5b31
40499.118369,2.436036,failure,557f40ed2b632c66ce97f0d1a737c4d595c91704c546c4bd1a0831118cdce871
40516.068578,2.477465,failure,ed4b931d2244afde3838f677c58643e9f485603d9a276696ce2b7f7b11a07b27
40535.052395,14.487984,failure,353a3e8b4e09929e403606c5af59b2dd5554416d9612774d462cc740af8ad448
40554.055668,2.615945,failure,d3ee53fdce86547de9833588aeb2c6c381e608b8d5cb7ba4832210f3e2209920
40572.160977,8.380110,failure,3de4acfadbcfe40b93ddf9ca5d190d0a77c3cd07b03919c86b101ef0dd012dbf
40590.037805,5.530724,failure,03c504dddaca974b5ca17ccddf7ba53c29ba48ce7fd71320f2915279bd3a79bd
40610.010417,6.527525,failure,3fa420f3def44a7ffab5a36a8f2e17e2d0914abcb26e4b199d73f528a1570c9f
40628.063577,3.510433,failure,376b32ded5ad4605950c569d1907dcc06a316cb8439c29f40e3317d8b42988ab
40646.106038,16320.499401,failure,730d51794dccf7d0558fd675e48f1bd3d41cfaf95b5cdcb6629a28f66f0afbb5
40664.223489,8.326951,failure,fb37c2d4e15943b584e0016a7220c9e0b77f76fa800ac09e0cd0ad0cfc419bb1
40682.878746,2.667803,failure,c7eec82ef6daf54de628b26cb150ce279dc3d578dd7270526be391eadaaae1bd
40702.083609,4.476045,failure,a5a7f91322b46ffb98cbb77eb851b15330dbfac25d8128d6eb9cb460459d4a84
40720.076286,2.464329,failure,c196fea36ba3bc688504fc87d4f025bb11d86fa04a8603db6c8bcce670e9deb0
40738.075775,4.482607,failure,fb1a7d3a62ef35967e65fd0123b63c9de12d9aa2a1c295f72923e63c554a78bb
40757.124614,5.418743,failure,649ed9e2f29f3c4221c0220cda7fbd249c891d2ef4940aeca390e2b58e85ab53
40775.142628,2.410228,failure,677a671ba7b749a11da2a9e8873c3f3af36beb8529637216eb4e068583f0b41e
40794.066261,2.477735,failure,7f9baa5e6b0bd04c54b777dce875a927188124596c1c413e7ac4f579fda1c3bc
40811.717804,16416.135896,failure,75e9a6a63890320f5b3db151d099c517c72a1010a2eadfaba16e803af60df6bf
40831.965084,49.461759,failure,92ade3aa58d681cd745825471f4c485fedae1b0b6a0b9d2391f28788ca6946ae
40850.570316,35.887969,failure,a6371e1dd5da44760740e6f124ddbe39edd6e8de3157ba0ef9fefff8cfbd4edb
40869.097281,16669.391170,failure,f44a7bde5593cee28506e4a5b1cf14445cf35a7db555bf52169d2b3bd375a0d9
40888.584036,54.385608,failure,1c771da9c394b907b7408758b6918a00419cf394ce2723d1d3f53af1b9e7b352
40906.121814,37.162304,failure,016d58371c2658aa5e6841eeb49bf6cab56a28b7eccbb44fa0c0d78275a3f543
40922.648114,11746.919881,failure,c039fd46b0a1d5e64acd2d84dfa2e4f46e0450b138f1a8c8f5b8939619348f8b
40943.652382,16283.619370,failure,d316f2e617289f6e394e028f335d0b6e1884fc3fe344de7be4f9757f35e8aad3
40961.234945,65.322372,failure,5cf578121703ea091a0e4aa161cea1305c7fa2dc1d19f52c77432c56fb5be99b
40978.711979,17810.899938,failure,9392612ae809dd63b99dd2b4b7835c0c402cd4d448f72c1450add2be57419e46
40999.412163,5.117024,failure,c0c59268473d3cc9c9896194bf1b286d6c49b31b3557076689335a667fbf5ce2
41017.269635,32.319927,failure,61a4a6f32e7280445580882b8438d72e1a30a670df8ebbaa570fd2dd33e8901c
41035.024643,14.863652,failure,0b5edc1753fb0d1f0dc049b29e5e9ff987a1b5367b9c3ad9e69ac59c4266ac7a
41053.056032,42.608699,failure,6203b23307ad40a5a75cf769a208e42ed05503abaa589ab01c7f5433fa2fb035
41071.596011,16644.024400,failure,e40d515d6b0a56599828b2467f7c1194f2fb95bdbd5b368ab543b9c8fd45b084
41093.928475,56.061760,failure,db3a002630e824c45802c2e43a1b6b3c1ceb4bff59ea70fd3fabbb9526b1bb24
41113.704636,36.572380,failure,5f574e414b1902272084956b9c181d7c55b3268e9a31acb1de968ca3b87b10bf
41138.928585,11.610075,failure,f1037b8b6871426b193c0fd068a3559b8a89f058132f57c5a59a2b129babe393
41146.775290,2.889541,failure,c6171888f369cbb0f3ec2d6789d1bda89d975c81ec1fc0484be4d020d7231093
41165.234977,7.298510,failure,257f9db96e4d0c5b082160215f8ed9b940d7bf6a412e31beab1532b66183da0e
41183.091777,13.467178,failure,29cc3139571de11aeaef85be912a01d0142f245d1c137284952ca804f10e05ad
41201.093260,17.455613,failure,e406507ee98e84dc0773ab977f73b600f52e541a24e0d3d2b99a1dab82507376
41220.056036,39.143281,failure,96e2d9ac224bfbfc228cf886ee11a1dbf471b8dde8392d4f1f55bd2d9852ee34
41237.644580,14605.929332,failure,b107acba6e5b8d830a9f45f7ea991f5f2fa680967f484f6b3df5381643f6dd38
41259.595124,102.046809,failure,f8365fc9a1fcb95e356aae31176fb1c9bccbf35c7dd96e161f9caf9d966b8b73
41276.351588,85.334077,failure,e649c9ef0f60ec44281be914ed7fee1113f91ca91e02bc12dbb4c6513691f5e0
41293.835765,67.886279,failure,01ca3bfbab6600f5680215f7b7fdea5b962896b04d25184270724ff4ebb7b875
41313.444400,48.309364,failure,becbdc0b45511ddcce7fcdc47c20cec1a93d9264e794e797bf5261de5be367cc
41330.952712,30.831980,failure,44e42674f5e24dc53a4502339501dfa7a710f99d36947f1f0af532d4158ee65e
41350.428056,10566.521211,failure,a8b14c37e9203d78fd94ed5b869efdc5d4c0be393212b285ab04ddb403538fff
41367.645119,44.600246,failure,24da94b909c69acedcf6cd15c7be1f7af3c0a2d8e3ce86239a213702a90d6c73
41387.170647,25.409229,failure,5c743a66a3bde30daffde4517462ac1c625fe3130f0670df0ffaf3d430e34d40
41404.672307,14876.768342,failure,3e17f3979ec840fa67bea9aa0719711f3979fa2036848eb8d7666c31cd8d9875
41424.050437,37.398529,failure,b447f39fd2ebe9c3286bce1b4cc56622e3d9373b76e3d308c977735e83cb4dc9
41441.607752,17.994430,failure,c99595db27899f4cdeddd2b2b8b5f928286c551e33a5fc98042b8fb33e2bc88e
41463.784072,10691.937402,failure,927967ee8fc64be904efdafeeb9908f900560ef1001c8ee997e6abcd98c5e61c
41480.075067,93.843302,failure,b1733fcc8319dbbe0755b0de8b103f6dbf4e6700e1598f047247855084a4df2e
41497.608868,76.595901,failure,8831ee95d98e75f497fc8b18f09f49362da0c34011db99ae1c8d384dc495438b
41517.113847,57.361813,failure,f0a6a9bf8466da6e29943596795b7d7026f9eba3ce1cf5dead089b964abb5892
41534.569961,40.156092,failure,5fa2298bab5da2256acf7cc32d92e126b715f650676aebfd2848e7ed9d66437e
41554.040205,19.556347,failure,2320ce5307ea3293435df08095e0948822ed88184db93f10eb2cfeda0fb62942
41575.169489,30.378525,failure,837bb1f4e31b7ef4228b0fa0890a4137f688940faf09cff1b43b9827e1b4bb6b
41589.921632,15.912602,failure,be6c09e8289dcc32f67cfd9f28222fc0f9d8b5bd543b6674663d7c70b9a02c88
41610.342149,7.176650,failure,839f76c3385795516175d4d1b7ff5e8895ed10030f397a0e25ffa8b88bb78a94
41627.004465,99.915047,failure,e23dc2d04f793c1e1c99897ff8a85315cfde2031ddd57cbea56f7c8788d9eafd
41647.541552,79.670161,failure,9993627e042ab7a5b4e6575b44df065c772c31e285a5ce36507525a4048cdbaf
41665.061065,62.427471,failure,6349811537e3ee3c4debce32738e936c5e59d3902244a4a41fefb4e92cd6fdb6
41683.526864,44.219418,failure,35f756857640c7904f41d43e7861e6f297cd0b5565fb6629cb5e36b5c956b7e4
41702.046795,25.965930,failure,2dc3331bf11ea804e19be596a36ee52af47a12447455721f5ba8b6cc3b8a49b6
41721.521889,5.062942,failure,ac367933a6801f0ad1d252175fa5afa229e26ff4700d057ada4c9298a87a404b
41739.536777,50.387344,failure,1bc4224ad78767e95c0a725b74bde414c6cf9837d3cf2f7011161408705b9f5f
41758.161175,32.038716,failure,464756f5e4da783b08181b574173a70c45c2937baf8d8915ff0e75ab72140dfc
41774.773788,14.840709,failure,d4cf0acdef810a674bd7419642f2ff7a7ae1ae32cb2b8e6cf0a045c741492877
41795.258816,16691.936064,failure,7d37309c23fb19fa0a7e5bad748917df322afce304ac0cc8c9fd3beff31b9482
41812.529310,15725.627135,failure,a37b12180f9c3e9a2c0eb83d406e34720be18b1430a0812be46ec510a2fa5f23
41832.527029,14528.053052,failure,c717144d7d90f7727a494d0a0c0f89c0d743dc6777ae0de55d72e51b295a07c9
41850.659890,10338.449323,failure,d3319ab03c15051668d5f12f6ae2fa1ea0b13d959d98ceca99e4f793cbdf6817
41869.148822,3.406968,failure,be229f85abaf8f497727699293d7cfbdb1cc7ff5c1b37c40dd2572c9d96dbae3
41886.164345,4.388840,failure,8fcd82246965c18957b8fb00c8e350928d11fe9ae439680769ac6e303ebe5265
41905.065836,2.508813,failure,e40ff620a5971fb73132dee3ef64a40c2573f38fe761c5213567c0f236017f77
41923.066477,3.481198,failure,2647d2d34cbdcb4a1c75a26a0c1bef8c361c38e7137edce5022341b72f0e8d45
41942.086452,2.455973,failure,7cdde0f2d61e1153793b32739659a8d6735249ce0005ac0c06e930f6e7d0113f
41960.064551,188.875605,failure,64a68618738fcfbebbbbf300773af3743413365d5f2dadd1ac6b65b8dafd2cad
41978.619498,170.608812,failure,b8e468cdd8199a6f931770c487b6b14fe2c036de39c9f815e49b8511d37f130a
41999.167746,150.344870,failure,88c72600749fc544c7925835af5eaba625d9afc63c667a4efaaad4e8eeb99a3d
42015.840021,133.920573,failure,3de05b1e4034d9b7beba468e7bb2d63fdfd052b17845115d6f06a97bfe7f4113
42036.370004,113.636133,failure,248c407f4fe752fd29fc5ca0d785821a47e5aff20b498df79f6ab715e6c28759
42052.818727,97.428104,failure,0489b3d2dbaddccfd452679e58bb1210130396d7245f6f127cd2378bfc7fa7b7
42073.289609,77.306001,failure,b52ba5b167469f1991f02d58ceeb65bd4c168baabd4861043a55640455a2be4c
42089.716511,24031.659587,success,1b6acfda497666a810442baed38cb182396120f70b49cf8c00e2638f3641dcd4
42110.227949,17499.553898,failure,ba6ce4de19fac739450eb979266ea7ebf3c6936b26f3080fed594faf460af52b
42126.685710,21.928992,failure,5ebc5465a9b40b608fe20979b65762abcbc2740f2c249b8053f4330fa9615c19
42147.200093,17371.359189,failure,1cf351eecaf8e2f48f414b5aa0822c0657584565cf444a1fa917b3de6275d53f
42163.739768,157.846564,failure,808fea83647d19dcb52bd50cd293337f1f4be44f7d217aea729594699f83068a
42184.259582,23934.355287,success,614df7d779ff594e2c59cb1f50a5f43852f571e4287ce7ffc32a57660b0d4199
42201.603034,119.524252,failure,d88e6bb49d72820952e8c49ae2ca9564a1f8f3165d0be72cd389972a8980739b
42221.152377,15739.478061,failure,b63e8fc41044d650678dcdb3f3d0fddef19d9649baf0c9b7b22b1271ffd5daad
42237.946281,52.640415,failure,01555e4295ed42c8cf6ffb4df18edfba327cb1ba38eb7f3a3a3b92b68d75fdf9
42257.951865,12212.640922,failure,922b8c913b20382af2d83a07cfb308d7392cf8f2793e30a293e8626caed62f4a
42278.603989,52.037687,failure,9ce3fde20ad6d88227cc3642c69a265b646dadc0896c566b9c17b7001dbf810d
42295.131420,35.662534,failure,a990c7e716b727bbc587b4a21fcd929191b65ccfcae33d42483780b7ea0be815
42319.513982,9835.707318,failure,948a3cabc4c64be217d74022e45237805ab61e5d2123add836c3d47eeae8b294
42333.314770,12.230234,failure,dfc4bef808abf9ed8f2a9549f5c6438934ef344e7caafaf4b9f5931139320d24
42349.381512,15399.226653,failure,176705051921ffdda2405629ab61a3d1213c646bbb71ab6761f8e559cce21415
42367.980442,46.482126,failure,7469d330d19026e43f789c71c1d0c6ca298596d63e452c6b9ebd681f5648f8d1
42387.030363,36.519139,failure,58adcfdd8ade4198a4c30349599dfc0dbe8a34f11b04addd861f7cb0de464a3e
42406.590506,16381.227767,failure,e06e4ca2c9ca237a316e4e73ffde7b0bfced60e462c8f5d67015579c62ff1edc
42424.595796,4.910916,failure,ab7ed3d77e03fd2af64c70b31c6b36248dc9a844dd4b6d17a229b3dec3d9a9f5
42443.479584,14608.616508,success,d66ea55fd08355f70e368ec5a8e2a339db6090ca44f75d16027fbddfc64bbbe2
42461.822661,4.701049,failure,486abb985cd29972c42cda9989a0db58ba224e7ea712ee32595a14b4659baba9
42481.343761,83.777721,failure,a2736e5eac39e6684d008b5fc31227188c062e8652d674dbfa6bd566240582bc
42497.810628,67.642239,failure,f9a5c2e6cad651734238f5ebafb1fd846092eaaa7f5a5408c33964c40fd43e4b
42517.402452,48.370308,failure,b32a9ca305dabd7d26f34f6d419aa1ceb15b9b8cadcbba92778c73183458b6c7
42534.832496,38.935649,failure,5d1d35a67f1ff410d2d73a7a6083f7702b2f30ffdbdd37ab7b820ca3590d9d8f
42554.364246,18539.693891,failure,fdd4f2d1bae20ac9bed518d84c4a0d7c7d972fdb454cfb790bccce016c63aebe
42572.418178,9.517336,failure,7b347cfe66fdf1d30d7e0ad3108310e2bacbc1639cc5f4bebd17ab07b391b851
42590.610691,2.947140,failure,99f090e17fb62bde129783f57ce32d932e6d7fa33810c90be1f25cfd93bc7df6
42609.637318,65.495859,failure,4f0031e571ff75f7228a0b1821e5c6a50759eea0c1a5c5a0e30321a327d154b7
42628.340635,47.137453,failure,311c186c361dc0f7c396d820cc7eaee6042bf824fe20458661abde3c41952e59
42645.846603,29.930118,failure,6fbe3a329ded2fc1dcafa44208a208b489d726344dd587172ccb1102d12b7fde
42665.433837,16651.174465,failure,5781d5f7095b2acfb9c69ba525a8721241a9d5f2a7cfe81879af25dbdc360ada
42683.194516,10918.970388,failure,33a336d4c8a394d028cf734daf446df6233a2b413306b8be8029f295ee6eb95b
42701.499882,14366.997763,success,ece53f844362652e9d7e13c88449345379ffe7eea2957b4c14ce7f8a6e2216d2
42721.039487,7847.842108,failure,090c94bc40e8f36641f7bc4c7dfcada91db5b2c5a43a3dea817943da0653a5ba
42738.130091,15737.540388,failure,fd26bd238044083c827853ac7a5479d926ac2db01e130898cb6d25fc09a42af4
42756.619023,16174.057990,failure,e69dc098b3ab19d608032e286ff5e6cd13ec3d5187777e7a9fb337af3a03e805
42775.683051,7641.921564,failure,dfd9e31cc9dc60dc24338897f02d1757c9f10aad8dea57ce65cf6642c925eb8e
42795.297336,12482.290652,failure,5bb60dd54947232741ba64851e81f4edde3e1802cfc29e76888563cc8369d9ba
42812.107882,9343.958813,failure,e912dd56949b79b36aa91df676776a9adc5929b04fac04372ccdef264c0e7786
42830.625920,16067.626603,failure,1741c619cc53e00eafb6b0cb3d5f0513f0ea1c11cf0bb174be431e53ac5e0e13
42850.147090,9299.636732,failure,4b02fdcd821ee221281c6ccb81ffce40fc68e0002e7763e997c30c0008566df8
42867.585861,48.347956,failure,ab94b5f49acd5f41e09f2bfc0987088fcb8cda66347641f0b1b5d90861e10420
42887.063348,14555.631052,failure,7c93d729a383d65f9133af428ee99a7bc3d06c9549dd773a1525e658d0ed80c6
42905.634426,12620.848831,failure,0062aebe2705903b244cc45be738df07755727f26d7d4d6726f7d8a975075fdc
42924.591441,7.001760,failure,a0b91381f70542980601fa29b8049964bd367b7022efc2c53506fa3ebbacb968
42942.921534,2.436206,failure,adeac77bad341c93c634e5145190a8b9628ffa87a71a1733b2fa7bc44087eed0
42960.850981,2.487393,failure,8ca806adf1f5615a303205fb6110c3b0581006f5c40a13316753db787f9c17f5
42979.832933,11880.714145,failure,5ba1bbf89488046ceb0fe15c00ec0f422b355d7e539dfd4f78211d5d37183dca
42998.799016,13.759340,failure,e9df2357458d02a519a69af834d19a2c32b257dafea4e06849ea27da62fc3f6c
43017.451928,10854.493370,failure,993415dc8f50e6721ab63db9007916d9733aef38c3daeea3698a858e2a8c4614
43036.124507,66.957646,failure,af74a18eaa671294648d887c6c29c4ff55978ee617c0b11ff42b23318b7637f2
43052.653331,15845.314755,failure,682d0f32887f1571ad9610043c3c41788f6199b6803c06d1b88898dd0cfa4c5b
43073.163046,30.552432,failure,0d560ae98c9e795d7d186027c8f487a5c660116ccb05a3dbcd06ba3531cfd9b6
43089.591711,10202.059181,failure,1d0743ff0cde1f3083271a6abfa645f9b499d733c3ce01113c988e7dc9d31fc6
43110.350286,10206.212855,failure,58d552c0e63f66eaac3ec1c5a6872829fd69f8ae1efbde9424bbd7ff0311f924
43126.962547,10827.950497,failure,4308c2520b06b0f11051216e2f259bdca4d71aaf8c4ddf75141b0035170b7197
43146.985173,17432.517284,failure,a959f94d5e2e19b3583e8f9360f32832c831208d015898eb87396320472b958b
43165.155034,19.935421,failure,c6173873a4f36b4dcaf944a390d3796b892847c2a45c5a938f58d2f5071db38d
43183.439430,8741.314180,failure,9890b1bbfd96174257270d412541e439d3d64fc36dbc51ea514ae439e323d964
43203.707288,15904.867158,failure,a581c2f38deacb7af4c9fc1e8aceafebd2fac933d44d86b44a21551dd28e5441
43221.540083,22.828529,failure,9752c8b6a95ef6f4d3182732451e5f4106287344cc73596cd9d35c9bddb36d11
43239.146200,16919.625421,failure,815b91558ceb02d02f5984b114abc172efedd51532889067380716fa7e626b89
43256.974956,3.545069,failure,0a296766f306ba655554794511c91c164b2caeb51a78debba52ebbc5badcfa41
43275.782069,25.859678,failure,b87d9b46a5f3662f4c50ea3ff9bb8d611eb4800cb6df75441c908949190a6b19
43295.360757,5.963852,failure,31a10e1fbf13fbc1614bd7671c54989b79dd7f93d8233878787fe766e631a953
43312.943310,2.537637,failure,3e3cde56a5d07a6f791d07c5023a2ff96525de9d06bc3ceddaaa8edd0b4c4516
43332.040610,35.180183,failure,231a858244673d72f6b1a145b7cd75955c087012f1af48ab0b99df2a16d43bd8
43348.695432,14653.940973,failure,df2bbf35052c76a14b65d969adc6e7dab4a99600c0a466ebd22369490bd28ced
43368.793840,21.899818,failure,348bd9b92601225c5d2d1758a239547e5c360576bf448c71a9ee34d24037b536
43387.444568,13216.140077,failure,02f2d838579536e50a4238580d0b6deaf590d86a9e8697ba789a3d756020a44f
43405.259158,1.951752,failure,1d26d849b95c6faadf6fd76f8436c1c1a8219b290da689e3d3aa87d613d3b56e
43422.761469,5.780536,failure,2b23f947001f91728ed05019f9d4badea718f27d75bab75df586fecaf0cd5f4f
43443.064584,15.482160,failure,d5ce30ce8e83dd944aaf66dad99c3c6fc4e45bccd9ea6ba21dc3a6d22794ea3a
43460.073013,17942.673014,failure,48ea997932c3a223d01b0c46e43a02a50bc66e6eb9ea1812a9ea0e23018a9be0
43479.357767,8.219026,failure,f6f6cdce81a2903ef20f2d6ae084064220e0fcbff4969801828481919764ef35
43497.999668,2.551033,failure,daa89e1733d84e679197f1e136e3276d821371c7609b1508182a855c8971df63
43516.901900,2.647765,failure,01d3854a30bce8a8d0ef4d8855fbd0339fdb4c252f6c866d65ce15d627ac6249
43536.229765,2.480690,failure,e8c48b2e6784bd0f734091259387541dea8243ace902b4a487d70fb191ba9b67
43553.636666,2.676109,failure,d4f9fe29ddf140e136b1292b748b0bc85046a852ed01cc7828e958091453660e
43572.897665,17.673985,failure,0134bfc397192abff7865ecbc2655b94f64911269f604c5fe0a968a7cabbf32e
43591.013573,20.093700,failure,2255377125d6b96dcce1b5a2cec1aac559c58559dd2b90dee7ebccf36dddf089
43609.746296,30.109957,failure,cd4eb6e74f931fd04790d94edf13a9f6714aa757bdd4dccb4259d25b75bedca4
43627.699387,11.860717,failure,cbcca1d523f53a5b957dd7badae8c55d8ba6de8610e1003c7d9b24602fc60d57
43647.425704,39.436563,failure,d66e877b4648087c772e07170edb1c95e9b4d037bcc83dff7c57ef3c6e41d3b4
43664.015794,22.552699,failure,d3a7f4294b890c7c47da6ada6f66206b365d71e8de222c90692884d0a5111a9f
43684.544063,13.978563,failure,06900fd47e318d812eff73ccb472d1234521c1678bd9cd50c61a6f3593402840
43702.001520,29.531295,failure,fb4d5d3f72b90dba501c82c986f2ebbbfec93fd637a617b9cff8f7cfd7682ca3
43720.588126,11.222784,failure,e53ac2cba749c9544f8d734b10b59f2558e601d666ec11ed9dc68220999c124a
43739.320588,5.194460,failure,549bc1b72b9b3a17c3636eefd6362f1773cf99794e6bd6ab1b4ed939a2294b2a
43757.006225,8.533440,failure,9a32d17e3c28bdaea4d76dd1a40a138e59d8bf8fcd3a5e23be4b6d0d50f870db
43776.250392,22343.835552,success,5294a295ea828c83c06258b1e5a677e085e3c77066af2f9062e4d87a4b0d52bc
43793.701536,13173.528090,failure,85d2ab8a5cff68bde41ab891e0d7305bee393ef111ce45ef5602d76f68ce8b6c
43813.401884,30.485246,failure,29f8e8151557a7a91469c6c73a2491d2c0073e4abd617037ef87bd2e45469bc0
43831.362710,12.234843,failure,4d576bd0817b01024a3ae59c2366f63ede80b7566c80bb3acc6ca83e47aee91e
43853.674295,9.009838,failure,2c7e0ff8ea7076af7f230b1e5c07c4a36129d2e1d9952887684ac99dbdfc7dbe
43869.620560,14332.081383,failure,b9c737aec9c30d6175ba28d8d9144c76ba50dd7ba11da66b1e88b96cc45fdaa0
43886.668594,43.947433,failure,085661a766b23b7455407bd6f8f0d0f7f7ef6e7745ea02ae64c38085a9ac8fa0
43908.327176,17224.200344,failure,2224ef6ccb9d6c677e198ac83750eff6f6a5c889398136eef8219c49a6d529c8
43923.555116,6.050124,failure,fbadcee7269fd0bee83a34cb92ac6a7b4e59a1b6c1c0f1af53e0557064e219af
43943.082628,14954.543393,failure,4abe5968c32f0ac2be72f27d5fc11d998d48086fb4099666d08650056ffcab79
43959.668249,26.901534,failure,aacbfdd4a1aca8d5dc7ef928c241d9b3850be84f7e6bbfbf827cc2645399b623
43982.614501,4.581253,failure,d97510ea4645ccc74063799a61111434e15b0359e124244ec77d24418ae71a0b
43999.258362,11766.368177,failure,8fe7bbd4d3f7c0798258127d35d78a1835954e83d5b4dee29b51c2c13617ddfd
44016.403569,189.534766,failure,96ef106dc8c869a111cb65e6c700e677b0c8e145fc41cf0446435b081912c7f6
44035.014942,171.260610,failure,62e2c49bff6668d81df01543fd4722994cf47774914ade737f8b191798b12762
44052.601382,154.000575,failure,6e999e168fad8d46b9dc00ac21017a3fab754496f1d2a5b7639621aaa67e0eff
44073.182571,133.698142,failure,ca3d7b82133e0d12560dc3a956b5d271478eace95d90ac5d9561a37d0c9ed52f
44089.670729,117.476728,failure,43af9a3d279c079729947085d447ea3d055882226fa66e5dbd2f309022235426
44110.161818,97.415099,failure,c60783d5a1553a3e37a42e7c86c4b25e54909a75c11beecf82d34a2d08ddf1fd
44126.632142,12939.199824,success,27281aae34a346c9bf2ea94e3c26780974c0b31710ecd3a5c6a3ac0673ca49b3
44147.154531,6422.486758,failure,c6af7fd4017c2b14dcb1e839306e8a461b6b837b4e21633e14429e85aabfcdfe
44163.616499,12144.935016,failure,1293e18f0633b292f7c6316daf1683ba4950460cbdb9d5aef4cbc5236a391ac5
44184.112668,21936.074537,success,2c928ead1dc4adfbba8e17b333330cb0c3abdae34e210bb4135c7d6c9e491d09
44200.576139,5.036021,failure,bed2c80f80e925417d66957d86155313f29e43757388ac47ec558f341c8402a4
44220.790627,14.797207,failure,96b52da428669dd72db0d3d283626cbf4025895cbd8897c1c6d49f8bc955a3f3
44238.711918,13.808431,failure,6ce4333d0e0954d77a38d7eb78aae9840d9c512b40d653e05d63bc93fef47c62
44258.019545,3.490234,failure,c79fc4f9618c64b52608d58549ccb8ad391bcf069bff452df22d165c9c2b5a81
44276.024093,1.978513,failure,265834db6a0f0f371b49c4f31e79a26fffa659da7bab274a8c5e6e89e63c0129
44293.814437,11973.821308,failure,afe90362bc52d907f5047ab7d05dcf63f3aacc0fe89b1bb509ad12a8ad76f1b8
44313.360193,7.306274,failure,021588c402f4d64b4bbe26e319ffc458ec517ec119d65de69bcf3a60436ab08c
44330.873304,3.763210,failure,5ac7b00ca73d1dd3ea530cf04d50aa249b5770eadb149b13fb65392336f937b8
44350.410694,12714.870112,success,eeb8110c14eeee5bb700a98162a2059b5a9686241f21a9c1d2935758bb184983
44368.154521,61.441539,failure,ea075410466a108865c2d508a5ca467e6cd3d985404203beffcd93c1a37862c0
44385.743656,44.182897,failure,c93e5addda91412954c8a6cf95979b1a731f0a6360ad65232071e1b6122b6f5e
44406.336256,23.873862,failure,46fc73856b944b7eef6ba92c6934d974d826500138caffc9387fe599c288097b
44423.330649,22888.357550,success,aed1954caef17ae20e03c2167dcf35418e6de405c9e6099714a17b81c7e5068c
44442.619991,2.978189,failure,d1c58643f39eadc2207940cd96e1e20bb63ce01c01b0b5fc7721be1a7b30d0f3
44461.352373,2.252630,failure,e149dd607aa2b6ab2698cb0a9b9688777e9c2c23ed5fc4b1b06a23d2ac7fe1c3
44479.256742,4.412745,failure,ae1b6882f39d662116cf08506703376de8faed4f3b22b73336dffa3fecb8df9f
44498.378178,12.242677,failure,46e216118492f309567451211231d34c44fdbdf690aaf64f7aadb7bdd2e10743
44516.571732,83.434442,failure,9df1d9e7b83c4cbaccd7fac127ca7d0d05aeb8e32f73fd7f7f109e0a591d2680
44536.335580,63.973676,failure,4744691a44f45924e17c08351df825c0a5ad2e23055db39644ea6439b5d2e43f
44553.360560,47.220449,failure,4a8e5924977a673e91343a163a3790572d7db25aa23b32bcfce75f2303553a6c
44572.018010,13845.565304,failure,e4cd977e19fdc5218db42a9c66f0248b17c87c89f4cab26cdfcfc327f2db955d
44590.737698,22720.591594,success,9b5b3a00c7d96042b8852bf28e20524c8411fe0b4207fd8eda4fbdcce0778f53
44609.833074,15968.879563,failure,312356b49d788a8a29627bd0977ef9a3a2fb6f8c1190eb2f09f0f927985b6f05
44627.699602,12937.878636,failure,bfe2bcd924813e4b7fee2993f3aa63a8cb081f6817240cd25a121dd599be06ce
44647.169485,108.620659,failure,760e238fcd103cc671de528998c958319e2e3e70342852da476333f7b0b96e27
44663.597058,93.316316,failure,dcd0a3519cd4002a4d2af36e037f12c2a6b94a2f4d688fda81fc695bc05f1172
44684.099509,72.017181,failure,b7856d24ce9326ddc25bb412c9cfb9b2e73a06fcc46144d30c77622041e19e38
44701.473828,55.193912,failure,e6f2349df593015b03d9cd2b70ecc2a92951083872090f060675e6d6525fc8f1
44719.939086,36.466970,failure,3aeb5e857ff3111d701258d44bb3297ab439ceb81ed6f5d65df7e7ccf056ac8e
44739.425039,14362.159480,failure,0d4b6601c17572bd7501347df743a4526f56493bf8aa00ddd895bdccc8e0f7a5
44760.284804,7428.557996,failure,d51ff0e308fbd6523e44969269064d134ad043f659222c8f1d3741b14c44b997
44775.140852,24495.764575,success,7b5c7046d1f6a7e4588b3566f9344e33f6fb250738e0adb566d3ededd9681576
44793.650434,21326.650916,success,fe9d61cee31c38e5190fc5a98fe9c3e8271315fdea783cc226c0e4e5c0f8e761
44812.671029,13911.055842,failure,2f70defaa0a4410609fde2b3e36d538098079ed4456cb330ef41f7f12d14b116
44832.282168,7378.318541,failure,35e539e6a8811909d01c9e0dab374485f5b20e575f2d373224338c99bc66e225
44848.727886,11432.118772,failure,4022edb72ef6165c888ecef3f02681384f67f7c29ab4dee4abe8b9a432189ff7
44869.356144,22443.520026,success,9f374acfced3e977491beafc5514effc144fa4e491a75afdeb0a260c44a108e2
44885.651267,15695.080469,failure,5f7928b5539391107ed40a5ffc955a4ec36f215de310c9df83f23143097e395f
44906.261712,15675.340015,failure,347d9699c09144b65acc0d2d026da18dba9ae29fec59455b8256e91dd845e2c9
44922.642376,12855.657153,failure,756da1c361840404d4617f3b903c6869bf41e232e91cb38c2e5457c28a83f24d
44942.638743,16151.044807,failure,b034514cea0322496b6d48fd4fba738ac9f6e8b7f985ab71da5baead88ad4996
44960.635677,11353.913944,failure,f86562de25ea9c85740ff0bfc5626a24f9b454a26853b5e49cb02de4c927d1a9
44980.113284,14815.099257,failure,3d7745a5ff6d0c5000e2480ed224b5b1222805e311050f9ffec1d137d6b3c3e3
44997.577723,28071.006904,success,389cbce75200b64dbdb88264bcbc6a5b5cf77548bd139a0b121a94ee962d9f86
45017.407816,11950.634604,failure,fc7d48d3e56a5421d791b1dfdd66355e32e8ac29a74a03ca88317b22278ed204
45036.270663,15544.158102,failure,c5489282004eebb1b60b79e82f7120b8d032e2c04ccb3a271b7664870a8f67c2
45052.827751,21070.040362,success,94f3f551d799d940d53984b0a0b0259bb00dce383854664166ca5859d9faa4d9
45073.578209,8786.419359,failure,e81894c30e50398410c686c3015caa9b9d21e4dff143d62735989236e0c3c969
45091.238298,22219.728550,success,93af4c8c7adfb46eb38565aad279435fc053d40820c5290e5335f40924a2e76b
45108.705152,12237.881886,failure,97ada3b5b56f9782dc5df52c1cbbc38e371d3e11cbd496ab6dffe2349a4d8ab3
45128.361476,11543.255597,failure,4d7bc7207bde0d1830eceab0c8c1302355033f0d65cc39003f4b2bf0089df316
45145.807991,24124.011247,success,ae3f860219ce6010cc6707bb37986fc6b996acfb808acbb577d5c4346b5c9177
45165.377352,219.424326,failure,702ba53045e16f491e3373ce33ed9350be6a51d27d62d98af81f78554f84c492
45182.853112,202.272807,failure,4048e7df77c3cf825943d38163763f81b6d390c149144044940fe6e53793210e
45202.360436,183.037206,failure,3148415879ebeacc57f420a40f31b5ebae76d9d58ebc6c51ebbac129dae1ef24
45219.768318,165.873745,failure,b19e9a10175ba2405fa921969b0821dd56d8aa60da28e9e72ac8e3d23f460613
45239.253821,20882.665111,success,ebd1b101a70110d9992a66f094aebb459fe87c633bc5c1a7bc5b447b278964be
45256.657645,129.220013,failure,556b539c9ccbce4793e4f868b69f72a9aeea4e5c60de311da786771e9dbbe3b2
45275.687408,86.915388,failure,379db2fae88c39f77ff56d0103b617f7b2184c85e865a70aaf4e2099891b32d7
45295.153002,68.041100,failure,958b4ce0494eaba871ed72f8c1804c77be11070881a6b70731a1e4c38d819879
45311.581006,51.883386,failure,95a14d95f1358a0c36e7a00726857ae74c581adf28b3ce762acce042ae63f59c
45332.031008,30.892614,failure,df5ff47a4d50d2983db32a42c446cb7d9336230859ab91d0c44fa086832bfc9b
45350.415032,25632.232634,success,5728cbabb7e058523925658e2d2d145221aa137e8c08e36284e3596ac8298720
45373.862770,378.737373,failure,245f444bb651a526d2652fc62a770dc4f37bb805e46fe89d484e71b471df760b
45387.401062,411.200108,failure,da710a2def5b831b21f2527331690289bfd64dff2653ea240f7a9442fdd74a17
45404.873757,394.023823,failure,49c2a13d9ee3bd110bbd4999c8c4187edcad70174f9cabdd22e7bfc7e7745229
45423.721656,382.764931,failure,20ba08e85c54e6f9784a9c2f2100ea6c8562abb34e8b211460338ff1fdd27870
45443.197009,357.196222,failure,1e7e2eb1c378ce67730cd72de2e65ea3a3518dafa62d9829692cc6a60946219c
45459.579196,341.115654,failure,506bfc87d85bbea92e5c5dffbf007b52578acc8c65cb1e6bb4b00b20b86346ba
45480.011385,320.949417,failure,6d7015b05303abfd147e1781e4a98b41b2fed6d30258146d66d3f654a7a41dc6
45499.407608,301.798317,failure,d8e87a796800b48442016a239d68ee6fdabf3cdbe2ad81adc2c5ca3c8889c3f2
45515.755431,285.707198,failure,4949aee65e77a2cbeea8731b7287ec3c930a38e3cfa8ef3a6a54baa928f97701
45536.156691,265.538857,failure,e128b44f3fd1d96110a49dc7bbb9157e5e6718cb2bbc506763d134e8243bf4e4
45552.549669,249.377697,failure,6ea3e7ccbeca97a748743be9140d87a5df8a7f8edb8de9e50c2f7c5a93751ebd
45572.924479,229.235686,failure,e73f4783af413fa784baea232c69a8720464215c73a161c778ae08ebeb1b10d9
45591.312029,208.734017,failure,f4f7965bbaf3ddf51bbabe841d1726c10f2498109b0682d52e1f6d7fc92aab91
45608.625904,194.087655,failure,1e123b59ead1c82d8b71bf9173a857c16041d37324417fe0ead7264a3e3d3a08
45627.997021,175.503473,failure,1980e40415fc6467116d926573ad66297bdf54b0238b9b7caea64190f1c398ca
45647.369330,156.369273,failure,ebc2d69217606e42ec25df34e35001fc2883228d45450842812d50386c7b2875
45663.669192,140.538325,failure,fe49727229b6a58b5a1321f3f29a71174ebf8554f349032c5a64b850e26c8905
45684.033853,119.202663,failure,dbc7fb7ddcf63041e91a84c36393ee3b79770b07f2434e3ca4a887cdae06b806
45702.392619,100.613462,failure,8a3576622f146ae11eabe348c392111c8ffe2db70a60a1a021e7644fc4c45438
45719.690344,82.719802,failure,7fc55e8fbe142fc8ff51fe75b66311171721069a9f11f71bc97cd0132de0de49
45739.064155,64.901456,failure,68bb1fd33c0a50bb11232cbc315934ec5dc2e106739703acdddad03bfeb468b8
45757.509906,20363.733702,success,6d3f08b893b7e111971deadee4a638d1a1016597e3a2e794a9006042b78209dc
45776.157968,23.632877,failure,706360232a9887085de96ee46e051df873f879b0bbdf949cca4c67af34053048
45793.657273,5.884111,failure,4f7a6ddb02da83a286b900777f43508bf1989eac9f3c1e2c51912c195c695e82
45813.166630,13937.397860,failure,2ac4d86348397a6c3ded856a9ab24fd88abfab2b75366bbd26d03e8bd47aa231
45831.905023,14204.664950,failure,c004ef0d4347aa765c6d0b4e37dce53d7cfea3e97819f31c150135e152690189
45850.603731,23417.203502,success,155bffecd98ad280d756cb155cfc3efeb6a4d2c844847bdccafa5d031c0fc6e6
45870.434634,25111.751672,success,f0ee5d26c462d52c464f0e5a0a9d02995184424eee7565077dae1f4a1c2943e6
45886.602077,23385.498565,success,7058aaeeae218f62a055ffc3b32b3c2a72197a0c5c092cce7dc6b67b2811d16d
45911.968134,154.145447,failure,21fd44e52391840f79532b81bc8c80487d2d361db7d50063bb0d5fd0b0121ebe
45924.525495,20194.939227,success,2bce51340819a47b4b49ac5366c9a7b5ebacb4211a82ed70fbbe242ead4be1a7
45942.978549,8528.708562,failure,e6f2383a530b63b36f91c3658ad3777dc3498706225857502c5e25efa885b605
45961.428137,20158.142585,success,c42c4445c12b78cfa7b5ea75a4284d55a9d7733ee7e22cb4cb32ecd05f9eb970
45978.771608,23289.861483,success,a9526c9a9b06bf74475741351805e71188fb58a44c976b9ea38c970e20da1330
45999.189620,110.395095,failure,42c4e248d500504b199f656e455e96ef80c80a26d44b122d8f03598950d9c029
46015.757688,94.215590,failure,3fb71d753f1fe886ef583362f9190e4ccd2129c132b040d1da2bc85bc32659bc
46036.175238,23236.022748,success,748fa938ac422d06a7f28e5dd9c01e4f98c6e0587a2814e935fbc99b759ba39a
46052.554270,61.389329,failure,2b325b8d71608f97caac185a663456ddfa1ee20e4bc8829a970fe5c631afd94c
46072.700548,23198.396581,success,09c9b70b5ce495bf0725dc4fb1f74b9c261b4f372aa5e32ab4ea94c3234b3f86
46092.940674,20028.555460,success,85a91699bf182058ab4675fb3d7c32b7bcfdfdd821676bd4d4874212ac4ff85b
46115.354070,33.280238,failure,72f9e6b4d83151be5dc5f3ce16885e6c8375092e34214556ba3ee0b39044b84b
46127.023947,22.073244,failure,461a08a544d91516c5d74659e09ee99190368880a3ad8495d8f2c3f764246e16
46149.670342,17.116052,failure,2aa3bced4b5605071cd121657f01537c3eef2f11feac4607120ed69cbefffa3a
46165.367848,26904.053478,success,377ae348e03165569e9dc61c0e689621287fec98231331eb1ec8e928a421d83d
46183.275513,23085.553708,success,3e5c3757dcf2fffa62f7c979b136d19dcb2d9a0add2c2e0ba461801087ddf91f
46201.122123,164.710910,failure,a0f888abc09f3237f620ae3c4a860b34454e804caa57388be5efc92e09cd13ca
46219.840828,12557.886828,failure,2bffcbbdd1f244b376b74dbb46330cea153c7516d05a1b45577979703f819d42
46239.443201,5910.004347,failure,1c2275dcd703191d935c9414177f9fc19f569fddb405a04c957a1102c67f7097
46257.646204,143.015188,failure,d3b06707b697aa810998062abf5018841f8836497dbbb3239015584423cc63bf
46275.899962,22995.806747,success,95726f815bfa8ddc11ce55abe65eec10269b183a558a4b00b6423c2026aaedfd
46294.641641,107.915928,failure,3979a2e806342a6bb344238add0595d2479a92bca394d04b04d005e25fcdbd18
46312.727993,90.599679,failure,0977ddd31e7a5f58cdffbbae63ef331e28f8495bdebece7489a3c4b91fb69d43
46332.492532,70.516960,failure,73a3610ca9acfc267b973358a7832f55f128f27fcf6e7ea657c2154594f6abf4
46350.569346,26718.454961,success,35b6f72a552c0e87c4a329b9c9d8fdbacacce70487d6e2b8ce1516936b55d181
46369.101990,20940.286080,success,dfe21eb5deb1faa311923fe6670172b0517c40f02deab5a8afd7dc5facdf47b5
46386.176584,56.655819,failure,abf403e554372049e472b670e9c935a866472057dc1e5da5a6488b3c762ddc69
46405.041565,37.380424,failure,1db31e1561f8e41ab0c44fb6cf3cc3edf4d1d5be21cecbb94e2bea252d8806a6
46422.803676,22846.221294,success,efa29db1c996697b34d98a85eee752536b6f6b131ef408b23356cb2fb3f2245d
46443.794027,11888.943411,failure,985df7949f96684ea6eedebf381e75c314d28bc42eee449fa08be2bd35e3e3bd
46461.454446,50.621554,failure,0707ccab2dd13241d1e235c6b46bcc102dfccb60dca651c42fa2d900584fb9b2
46479.100958,119.794219,failure,03d499b1ab54e9fd64ecac6211e02199a500cea92350e9762cc2c7e712bb930b
46497.583148,13302.961703,failure,70390b295e0cc655bbc2c62bf3c1455ff266a87094dbc158f485e99b35ac18b1
46523.462412,75.791181,failure,e8c38ae07deaf74b191314ee4ee0ededdc2d68a12b95133e2634284c9809a1f4
46536.625256,64.996224,failure,8ed585d2907db4304f5dd03d32f59c3ec7b47f76bc5341cda42202aed7c84d5c
46553.850153,47.900020,failure,6104c0676deeb0476e26010fdf9ed128f44ce35fb9de469ec242c1b97b9b2f17
46576.851649,14347.376818,failure,0e5748ad6ba29539f5bd5790556f7d5604a6b49e4f38753f4be92e5179b35da9
46602.642396,6.881103,failure,213506c60bf3af6086152a598083822d0ff1974d39b7f41ce2745fb00b32f308
46610.253546,133.599674,failure,0bfab2274384ac5765de9711d87cd4e160133d16a551680941a5f5a7ca606571
46626.732846,117.654933,failure,655a2db9b8439d5379c7909d96b093df70b176c22b7905b3553cbefa340c22e4
46647.323223,24334.198129,success,9bb34820e41dc3ac21f0b33bd30b6ea2d7cfee68e67648b3f0e90985051ae998
46663.802033,2378.727525,failure,b1cdc015e9fae13f09084f283d17f219bd3f7624fa80d207a4edfb4bfaf8abd9
46684.356091,59.186533,failure,57a0c522de2a493252e2ad88a732abfb8873b797e74b56e05e58f7bfad407c82
46700.814522,43.306193,failure,a565912ee2ddd98a9e0d877dc1abddd64bddcb83c2b10c809932c87b3d7f4692
46721.347119,3955.139255,failure,71a81fb1d201fa7d73930aa11a1bca7aa5d20a5dcd4aa5c54320a11d53620ce7
46737.968798,7.396625,failure,3e0bafa3fbd20811c8fc8c0fbe5f03d56bebe8c03fe06d80520b1ab8e852dc8a
46758.329672,7455.862374,failure,29be6eeffe4de97785ae1ed47a2e7b8e639401279fdefc795e1aafa0579643e2
46775.311631,65.591597,failure,d3c9e76c42c2b8ada02c3d5669135c946139770e4371591f6f45f7c59ed63da8
46794.258487,47.087847,failure,a682970bf8ce4693849133878e9dcf26c15cb63c62b78f80d3d9cd002240b000
46811.674264,7064.925035,failure,e4d5645f4b2d00ac4e32a6c51aacefda1e2f76af1c1c7d9ba7be40e257304022
46835.110600,3.449708,failure,19da1d88201ebde3055a9e7b844e36eb7fdbfdb338dc818966a969e6a6f479cd
46849.028628,11.629601,failure,fb8c40a2b0e60f7d43bc908a8f0a2159045290f7dca43c2cc01b5209655be7f6
46869.349055,19249.577983,success,508ac4ff2d30f84a15012faa78d018c1c17e0a4798ca4199b10b4ea6dcb109e9
46885.972287,10183.000725,success,cbecac36ee8c1709f498c1e54fd1454e7e1832320397ef3454984d4c64bead3c
46906.085253,5.481422,failure,04e63cad895f5592f0c5dfe1e76b16f0a6aa8dfdaef3d704f10205c421659a70
46923.092259,10.438774,failure,23abb8b71cba3875debfca6f72c592f1eed8353be892b2fad9a71fca06a894d2
46942.124636,16.401995,failure,11e8095dc8f8b3838ba2194d54d53bf9e88b027ab36de245ccb241a3ac869c5c
46960.035077,20350.462085,success,d7b218dfea88c1c3c5133ff0c6f6918a4a2cf112b794264a3f0652914e6ffb43
46982.911256,2.008079,failure,ddc56bcb53cf06415793ab144814791a2b112c968ec3fbfecab6d323b3221072
46999.725949,20312.920397,success,dc574f85e97143bfcd653cd124bbefe78fe6dbf909616a125c2d697b2c0473bb
47016.877879,11315.521060,failure,55bcdde4ba978ad7dd3a04c65ec5e8486ad3fd907d12ea723a97e3061b48fec3
47036.087891,9635.929928,failure,40252a4061f9552b589f99a646c34d7472e3de46957ac45be7b6f8e2c11e258d
47053.575303,38.061238,failure,05703a9a110412d6c98bec94cfbb98ab3fc8934bf63c378ad6e8617044172bf5
47073.125898,3836.263913,failure,3f414bd6579fea08381f28a74ad5b77ebd673789e3e8feaee18f8aaa94078f8f
47092.119181,12.705411,failure,7bbb3c495bebbc68d998c32b83dee46282121c41544f09f4c534733ca82db1ec
47109.580955,2.528951,failure,41dfb2f95af09ebaee3284536cc8674d1c4ef8fd130b766c3dcf8a4e21f24a47
47128.189673,3.337968,failure,05d795d0e36ce9d3734e1112e5dba57e96d4266f67e09b3e9d4edea0f3862072
47146.047705,2.491711,failure,07978f73f58450f44382e567dbf21db7ac72a5e8d3677e3891b3c70c60cafdc5
47164.100183,2.532838,failure,de02702efb6ac2765716b31c4be8096cb3e376784b58cfa8589a19a54a6a5a2f
47183.147959,22088.852414,success,50cd0942bf1535c4c620a2f38a0b1e53ac32515148be35221d288f44035a2255
47200.588583,2.497422,failure,bb5cd8b3ac2843a8f7431e516f96bb3f82cd334d213534235c0f71e1f53c825d
47221.560209,2.438621,failure,46b7f262ad02fbf85ddf429c40dea4fc9ed3209e278cab40abd9865ce981124a
47239.572071,23.285471,failure,6e792fecc9cf691ac54a73cbee0b081c317d1ed13b021dda6d8c4eb0f357d90c
47258.133619,4.443904,failure,a809de5012e3f1f04a20674d9b9f965595a19815d9e8fea467c2092d15d450e8
47275.396017,25790.488827,success,1b92bfdcc3e736b8ba2a95cd320331557c10b58da6da81a8f461cd38bc828185
47293.860924,18827.953731,success,2a7661f0bc6c61a3b1e6382436a60022ced56e97cce2e33baf92cb56f8efbad3
47313.427358,12208.187328,failure,1ec13abe6215ade9378a486fd3966ceca4add097a1d947572b405f7889355454
47330.986005,23650.648771,success,8d0c19a94e58c46f2bc449fe9e9cea7540c5873d8b5d40db3aa3741df6fcbbc2
47350.516912,23632.676123,success,f5f75d2daef43661a0d01ec0dc139bccac2985849cee220bd4199709b85ac8dc
47369.069174,21899.261035,success,44a177554446e40d023c17e77cc160227b4dcee7c2a70a3b97a538cd6725fb12
47386.533362,8324.043742,failure,3682aca87abedf02027d8d62b8401487be67e8b2d71a63a69d53aa0e6f7e0a8a
47406.032680,21863.593324,success,c5be90c8961188e52b61176159e8ae9615413bb86017e97da3e8f5365e57f70d
47424.535328,210.977296,failure,c73ace9d063d72926eabdfe9e77dc43fb10c5cf04b368066a8349a85f1d84cdd
47443.024180,192.792939,failure,b34175cb59aea5edf1c50ef6128c96c9e08a01e7d3b5f90075490cd6d64536de
47461.497702,174.619393,failure,2245b484da5d15f92250b92275e6ee2381ff4a0ef4f0be9ac55248d6f142a499
47479.977807,156.400741,failure,548f1ab1952450398e225b88c8041d1c0ef4791343fd1d52d9e16920b84a9152
47499.453080,137.169318,failure,2fd8c54cb91d20fa07c3592079ca2c4df1600584a51d4efb7843472bc4263539
47515.836870,121.018728,failure,30756980d47c2a78a1f569807fb941ca90abcdfc66ace6229fe13bc1ff811624
47536.374667,100.813538,failure,f59ccbb7628e1f2488b3ae2c8dc2c4c907219b392351813201408be78a3d99e5
47552.896278,84.568018,failure,f6600265939c4a45051d697608e7c90d8c0b3018c0d268bc0353a222581b595c
47573.434967,64.263201,failure,e524a7840bfe30bb11b764604e8d428cce901e33234076cba2edabc108381852
47590.482178,47.665968,failure,0a315647e5d5116044e91b3abaa2963e7083fc2ec59d00907021f30d1473a1b7
47610.069142,27.852838,failure,03a0c4c6a68d1cbe9431ace4af4f20db676e42b4e2bc1cd4ac2cffa2aea80642
47627.367337,18495.399174,success,7b42ac318d5346994df9d7633b18c669c3484c90883afe8b90f39f2139312dfd
47646.618737,21622.705808,success,171679b08e45ee186a9693f086467a2399d2d97dc1beb28e76e57c8f169e264a
47664.797955,21603.635800,success,96837d7b98e027710a1c737631aa6ff6e6c4b7335a8914d94feebf319b85a73b
47683.872391,18434.634043,success,3af6ac68587e49557aaa6613683f34134aeb4abaa347464cb650e3a7dc91d623
47702.128704,7057.494081,failure,91ecbd430f2b0e2d2724fd4c03662be19dde723f7f31dbd66c82509b119344a9
47719.719542,18400.688490,success,f1ab35e058c1fcadbefcbc628297824daced999ca4686ae42c98051e097c919d
47740.875655,25321.122617,success,c9d927779e4c85c8de9d28dcd0a9181591e08f0abaee6dcdf566a7ee1515d184
47758.009000,12262.092645,failure,f6ed2532d01dbc0c9ddb68283838fb7a5504d6e7bb88172c1ab67cf6deaf604d
47776.533669,1319.277281,failure,78e196677543e7aaeb3682cd97ad6533279ede1b2ee1335aec079a651f45bbcb
47795.032429,19517.956173,success,9b7eb36e3ecbbc489df874fe832ddcc64a87ba2b55c5ae7bf500035b2fe9141c
47813.517323,25247.244978,success,0dc29319d40431634bdd2fcdbba8b88d4dd94af9635f74f249c7f56046e921b9
47832.006195,2736.575795,failure,e9192064514cfac2d7a21ff95b3abf4e7abef74d09afe14b9400ca696f4309c1
47851.028423,11771.520821,failure,9cca629fff795dc688bd5bd49dcb991a9f6f8b36b29f4bb5ee17e544c67569ae
47869.434278,12750.846489,failure,ecf3b1ff176dc72922494a76e08537d4b740342e644d02cd155480c278b89a27
47885.717699,10657.921737,failure,f32db31d35aea50e2d2ab13df082bddef60ccd02c00fe0b78ef2c2369407d12a
47905.682074,21364.932795,success,5f9b23b29f61bd438e323ae96dd8e8a7b4057f63254fec1c83a22427e891b955
47923.713513,26592.515012,success,8834a33e72dd0e87346933f5eb82e0546c6a2dc1ac45d2c3eec5a30ba876b2fd
47943.321005,21324.791794,success,f1a4b1126143ef2bd6b2a9e825b8504322959e987528a5b3654e789deebe3053
47959.631176,10768.965141,failure,9b33f2a106669dc4ba9fa8c0fcbcf2d04412e2a430c18c4fdcab8772234d52e8
47980.124069,28252.759372,success,7ec848c9c7386f9179e89042bf2ecfbde759b2a7c29bd17231485e6ef0c6d3a6
47998.115652,25063.561485,success,87dad77497fc4f8399411da8ed9e0c8e0b8538cf0124c8ac4b64ce0c861bd0ed
48015.838539,12002.766733,failure,27d27105db72c5ef807d23fd387c14921312ddfd9d161f127d2e2854b0ea2d68
48036.373551,4144.463927,failure,0225a060ae5b54ae468327300eefea71e8d1c86ed22363aaefb52529536a3802
48052.843082,22928.323721,success,73cd9d2abc4aa430d988481bd3a172690b0c983e133455196efc045696e791f7
48073.564596,18048.657518,success,4116827543b0b911faca2ae67183f2ab5f460c990629335bfa0b9233b95d891e
48091.246395,12487.912704,failure,c4f0de8ac012b3ac96ca26f0ff80b111b3b3e98822cee6f6a7803ff3307d6b78
48108.704572,18010.013411,success,0dc5832b52fb91d6803f0222ce1a43fb61e7b57b318fea0080e70370ee2f6b6f
48127.660795,17991.686726,success,da6c1d7bae69b919477e158d76d962c68c94e800f326bf3af16586c6e5525f22
48147.448888,24914.008745,success,522e4be9b82217b3cdff3aa191ddf75a7139e313992845c55baf38561f441c13
48164.771629,46.280033,failure,2e8c23d38ec313a81b26e44a6a9bba4b0e7579b20edf538d3de92508fc9aef88
48184.404640,17937.717145,success,8d0d67a750dd4dec33be22920120881a3b3eded899cfa6820582540f0e39e71b
48201.258727,19109.940900,success,ac2724b227246c4abaa79d8aee3645c1dfee95713307c4c5e1f765a683e87634
48222.441881,12357.382764,failure,b79a2a70fffa38383ecf88141b3064a507911bdcaf2f01ff9c910705997f656c
48238.006666,21032.007049,success,2cdaa08dbae77b007cd924514a4c30750ea1b5a6673eb74f6ef9fce10caab50b
48258.540105,11669.021088,failure,1592b2d2a969ef9ca937ca2d8fd23fb4d33704f575cdd77377cb8d62db319060
48276.066311,22706.009687,success,d30d3ab6bb190971f2c98007971f0bc0fd2cabd5c46ff819ac4286fe12c3c14d
48295.057580,14.811985,failure,fc5cc48c56d3849cbb89272f13e9323a93753f576de6080db891049325db92b0
48312.398205,6.119035,failure,0a93dc077cb78bdadf4c982852da17c20f062fb4090f8be8a1108b3fd55af9d8
48330.985493,8520.566740,failure,f0353dc2d4377fffe60ec349f4f0efea58052b8bbfd99480b91105a5e58b3628
48349.681304,4356.882146,failure,157c28a73a4ba8be01e052527eb8751e49fc2d733fac8097e635aa3749417298
48369.010441,9011.537927,failure,51c64d23372668b8188d991847d254f0ec6ad925c3f5184df37c51fa94bf60f9
48387.057199,12538.318752,failure,6f229e77592f105d666623980d5fc68cb38156026f2bc5531ed002a6cecb6749
48405.533657,24655.456033,success,998a5e785201fe493e7ddf60c10c31af559e0af9b8b567c2982e97ee672b6d77
48424.034531,3731.718192,failure,dd1460b866231e2b137cf20872b6622ed78624377e6640ad393e7de453b09ea4
48443.389316,6027.513436,failure,6fa71dfd21026f5c2384fec3c12ab6ae5fec7fe5108b74ae6fdbbbfa1cbbd84d
48460.792109,18852.311250,success,1d01306ae990a1ab779b7e611e55688fd57fc888e0060dfc99eebee10066c74a
48479.797575,52.224027,failure,ba3ae8a33fed516d5340cba01f1eb9b167a456d427e924823e1a134e6c9cc22e
48499.709000,8468.609520,failure,9569e054c87f8e92cef982da2ac45d2f2cfbcc12d89f21f2b6399d0a1d07c312
48517.344843,302.248529,failure,0cd794def8e41ead13125d97e96b761afa0e6ca2e14bc7b4aa8e94c74024c145
48535.443197,131.097963,failure,fc4a732c42735aa5c6abef17d85c6a5dde8f1fc4b72647bcc03972b95294c312
48553.146437,7727.379165,failure,833e5224a35d4c18e616148fa52cdbc91bdf2b3a1969f544d1df756bdc1c5ccc
48572.126325,22408.695317,success,e968effb404dcb38a5a648d57b4402143a301fcd3eb7389a26352f66cb965340
48590.169124,17527.880879,success,e51565a09985f4f56896b1feb846acf2aa5b2b002fe8aca98968d811e7da6b57
48608.758315,18703.291967,success,81c3c0657b37e91da3db328cff9f22b128217ca69813f18e9e13097fb68ee131
48628.430830,7386.339647,failure,fda229d1de53071ac4adcf39bc5da4cf9333ea10c555f214d1c95d7c3c5fbd37
48647.163702,24423.601659,success,acb402187579ff801f748d051a2d8b462bc4f7aa340cb90d1f70f180dd637a6e
48663.753761,2110.149430,failure,f6b6051a9a45bdfd7416d4ce2294c77ccac8ecff041d929bfb21a31466a10085
48683.761648,20586.950745,success,da024098284c32fdf42909085e1c3cb46c4ba10d571bebb26f2192f04787dac8
48702.639103,10480.017803,failure,1f6f44290756dcdefe270dbbf5ddbf4b012b14c4481b3ed1f5444c17d1cbec74
48721.405228,74.294225,failure,3b9191633c4f0d9a12691d0a727c229828c92090b356e0dd3d48cb9ef11450d1
48737.968346,58.023979,failure,d1ffeadc345784c2706fec92cf0a43167a09b73ab1c012bcd693a37f06115145
48758.565094,22224.192510,success,9c0b1f67413c8c0a395c91a410ef825f9b79186b5a9b14e9c0a132caea262406
48776.130564,24290.359252,success,788e4fc40e4adb79db4937d643356d950206b24d9828ac9f48b828d3e17f2391
48794.325441,18516.521491,success,a5ee48232c05c621180c8f791de247b6e720142461e0f4311b2ab94071491911
48812.149849,55.887218,failure,f051f6879d2e36922759eec577a1d483c05d09f7b2fd328827ca51819c5909f3
48830.706568,12098.290645,failure,84c2112d7276867ad40abd4be5eda228ac8518e1a2eb968a0dc80e6878674d49
48850.028121,18459.865412,success,ba594ea51f79056f0d80ab797eae67b3caa9fc0f35e0ad4d2b1cad8322c818a9
48868.591463,11296.472108,failure,6884d43af1fa771b03c9e11691218ce73f136241fae7e1aed632d3a218596138
48886.667766,17235.792567,success,860927b2f3fa24cdfc232b916588c5412049b54edb7063378f9793889bd6d934
48905.988216,7820.616836,failure,cce9674e638b9711edf5e80829b714df4cca7cc04504d39da36416b368c4a2b8
48923.961866,17198.703384,success,aba87a3a416c9ae42f1943921276740db826d622a5ed0f6cfb7b6a5945235447
48947.492078,24119.713728,success,63d571f96b93da410913e846730e8a1c32a5cc7266f4bb6597d6682657ff6762
48960.935521,38.125519,failure,69e290c4ab4a15e05da9cca965ec7031a9bb68b6880fa1ab62f79f3ffb388998
48980.079328,27244.000706,success,c066cf80560f452a8d1c1206cd94282a1c6ec7ca0930237f57b5c1dd689523d7
49004.816077,4.757957,failure,6603ba1ab38638b0e7d29a48c2ecca9a90af72c174b58f74243b6ab6be08e509
49018.419752,17099.742623,success,8b3f741fb0c49a186da2ce400e596965a02980225eac795f33dff8efeb27f555
49035.073421,2.458158,failure,a567414e9fa3c1ca5c2369f065af57db4e82394f99eb55cfd5788da098626c0b
49053.412831,18260.046529,success,77e47ba20b79189025396838cddaaf96d9351c976ad9d21298c2a669e1d87880
49072.242094,7931.348540,failure,47c1589c11bab6158d2919b5c4deebb2368affdfff98b9817e588ad097aa259f
49089.653533,20180.767240,success,244bfbd4055d2018c41ccfb16c8b9461066900af31d193121d9efe06915cf936
49109.747693,8.804932,failure,37991681ecbe83643e04e42b5f54e7b24356476d5d18837a9db5740a5c9fe6c4
49128.089507,3.436864,failure,c2589e3a417713524369357d673dfc580776bdb55c7ba5d66ae81aeb80e35189
49146.078946,18166.683059,success,8cd1d138aaa01881fc37b723153d4da44df751d2fe8ce3822e0e58fa2554ee10
49163.781614,23904.422125,success,1001f92881b064e39e94143a50e260065d00220593dca5cb555876654a426e82
49183.766558,16937.273145,success,1e77fb93d7ddcb10f6980d968b7616f680fa41e793f77f756412aced1a9cf277
49202.495212,21778.554811,success,998ea3f510a1cc705a022dd9f0a04df9b75cfa643450a5d3df0dc7ce386e7ab8
49220.593216,25292.110950,success,d6ed7bb1e8e7cfe0a89cdd3f6a57d905d31ec8ac4003f17da7d0a53ea7c46042
49239.066278,18072.389923,success,4449521c2018cc8fb6acf2d7857d434bf0d915a29ecd775a4d07b94a9e0b3742
49256.651414,20011.257681,success,a6f0e501f5e3fb1d53f9b70e8770e140f9ba218f977abd34ea599cc93af4a89d
49276.202129,10768.395138,failure,9e956a29b3078148cae52752876a14a67833107b405cac121cab19565eca5e77
49293.690342,18019.653971,success,add7cd26f815ec3cbce161e0d6c4b1e46284652afab31d91cbb5d95df049e248
49313.217893,17999.998489,success,f1782bdf79e87326208f3ae6e0e005a2c368b57ae9f56205d25a0e59fa772c21
49331.086034,19939.723062,success,affd53f681cc1946f8ab493f2a64f020274ea7e04aacef3eca564032d76ffc0f
49348.731063,6276.920152,failure,3dd2aedca06ffeba6bd38725db9455116210c70d1753212704011fb6f4873aee
49369.362487,25147.465408,success,22016319259be17b101e13166c78980b6ca9a5207d26621953bab3be80733f24
49385.869459,16733.906961,success,40d53c3d08897c2916f0ee43b1fda6071c0252a8a28afe715e6ee758fed6342d
49406.480083,23663.705655,success,e17856b3af330ac4a2dd0efc5dd01154b737c1e1f10ded657a487ce5b411d7a4
49422.976035,11181.827323,failure,3500294cc4b491d38b7d4c85145be4c2ac9272cab523d084a16b1c08e673384d
49443.455051,10756.131099,failure,69ae35e7a9ea25c5250ffa7604a4f061cbab028fda378923d4eacf32f1747bc3
49459.918691,8813.007380,failure,30a7c9e4842a37686933188b8cbaedb6e9c654edb69594fb8112ff572291d22e
49480.416804,26743.874368,success,2a053aad4d19ad198a9545a816a234ba85afcd8656af08086e659b6c3cb8af84
49497.778158,17814.025519,success,2e40fcd5ac8c1a6f1acb04cf2b96123a9b2306ceefea022ea5653ae1af7bf3cb
49517.215479,10786.551242,failure,64ac546c1e495320bc2842a53f30c0ed4d5c105779f4c17e9d21bb6fc508b829
49534.597923,17776.016911,success,9e9b442627e323509321e0d33fc3fd2772f8f54028873cfa36cf60a9cbfcdfe8
49554.217617,4569.296648,failure,8f4465741b97dc0d0dfe2a026dcfa0bcb14906c3c04ab6c6edc5a679b9aa1e3a
49571.745185,21410.000540,success,86c8904cdd95c0bf286d5ba89ded74e8ca45e9a54c8f5374552549b6761b54bf
49591.243471,19676.224181,success,ec9bb732cf71fb0dcea3c9c7d87ec7601caafcb602d404ece09aec1cf98e246d
49608.654359,26616.963676,success,91a8379bc0a17ffd8a412a02c0719f077802d4127d77415a6a4023025c766e26
49628.131124,17684.164030,success,90e3f30bdaa6dddd475f40d6b34ac458322bc8c71d5091fb176f9b72bc97f201
49645.557341,24871.151580,success,a1933a2568786d34c19f18cba2dea0a2f7d181970591f559104e7fd4098b093a
49664.978481,16454.900392,success,3557aed64dabde771d46d77ed2246c8e9822c393727d4830f91d3db8cdd9370c
49684.469102,23376.408176,success,4bf87d79c70eaeebd46491b057ebe3055ffc1f91f8523ad67bd710833e02bd73
49700.949234,17609.782340,success,b276458717a180ba2bbab86261febb7c3d748ed091b9a76a3c772fe6276e11ec
49721.380680,23341.709352,success,762140bee33940f15fb598ca150888c4c0f7ef28dc3cf68444d2fb03d53a8342
49737.815426,23323.966578,success,eb401dc7fc33cd49392d1c296a83a5a9050b834f4662fc98e9a55c6c469a1642
49758.260949,16363.342348,success,181e5d605be11fed36654b88f2605a696cc809fa1850bac5f79bf35206dd1ac8
49774.631544,19494.585398,success,03022efec8b7cf65ddab2945ef4ec87b5c49bd5dda03b4667c7454f1a7c4e335
49795.050737,10788.246289,failure,a5bc184a861362eadc8b905d8d5ac3e0feed0edf4068e4429697ae5dca608416
49813.459027,19455.661353,success,440e46d9bb003436f8cc9636ac62e66b7c41caf30220f965f5987749de67e178
49830.877418,17480.204788,success,133bd246612874cb366a694e1d6c25cc75061953007c13b62398386a5a4c1824
49850.300242,19420.023668,success,d14e4857fccf41c9c9f26e92412ad3cd0387ebd3ba20e144cc781b8f97bb34dd
49867.629015,4722.906524,failure,009416f62f74aee432111cf4dcf4a11e062281442e92fc137d337afe6988913f
49887.057258,9847.515844,failure,083338c90397645972be5399f834c59b6debe059a291084928ba89e33fedac31
49906.474381,26326.104024,success,57a1596aaccc5570c7cc8dd5d8da0959ff782c97884ee9ecdcdeee5c789ce855
49922.889760,11005.526397,failure,7087946847e188182238685bf95685ed523de8edaa6302fbd896167fded4ba1e
49943.351514,23124.093794,success,3e00d465cda2f8fed10765472fc2a141c2c2ab97aa81c7e7329a37d72144f074
49959.710317,17353.874720,success,e77c1ff01f7fac57c08bd954799e7ee31a714ea94283b84f706d062165bcfc06
49980.105224,23089.762033,success,067c84321480268ee897f2f00b60f96a5138c7de52c7e0d7742ffbf461e4b682
49998.480171,26234.205847,success,d92cdb5e8f38c8d46122355342530206a6c16453a4e2048f5a253199b78c2206
50017.103205,26215.147973,success,cf019c2b39551f28334dd8a65aae0a19b3b67da7b6cc672b0f48ead1bed8d6f8
50035.519840,23027.950750,success,15811b38e6010271405b12e7b1cfa4be1cfcf7071fb95fcf9b183c7d14962b57
50054.007088,8927.612902,failure,d2f6cf69d49c699faea8212a1b5864b66bfaba0d17997066d010cf89c4ab8dfc
50073.547914,26151.057120,success,8e570c30058f476fdccdf56a8d670fc59a5069cbd6828e2841f364c3554e4c3d
50091.027111,24421.938438,success,293cd817c460e3e0fb37ee891ee111307ff7fec80293bfe2b28cdce726d668c9
50111.190521,24403.843641,success,b0ff6fc6643595cc3aee27a4c497415b7f28856ea1f17a441747abc956e33aaf
50126.804058,26458.769459,success,fd497ea2c01d7bcfb3e864fc17e4f67d95a2570551c168b4d16e8dbefdf43f5b
50146.853613,20833.848002,success,6fe28f297a27e431300b235aa4beeaae1de97d4629b670e06250a11ece622fb5
50164.836290,5442.700440,failure,d7631892b48340e09995a9e569b87ff40fed0f388fc9760549f3e93780417817
50184.066800,19084.145617,success,bc5a84912337760b0805acd47397ded3268d9b950f02a394f0100ecfceba53c7
50200.618356,20782.356938,success,fabb23ead21b42fbcb4df03f488d27826d58ca063115efd673f9e8d70e65cbe1
50221.066073,15897.216860,success,ec0bdbc73d09dffc01fe2b95f39ca122b50d829b78e51f89d8077f5e0e34b72e
50237.643468,25988.251600,success,bc83f685f9a50269df938604e851bec4e0956e87bafd4a45f28e7fba597285c0
50258.384819,17051.744649,success,bff52e553901a1a660db4bf39c6edf9e00cc55e7c286251c5cb8db59647fd4f6
50274.951905,9605.618057,failure,6dc9e413d98d1070bceb19be220ca5a159b77f8aec747fb7bbc9497acc1f5d44
50295.422365,18974.107497,success,0cd44565634bf99929b5398c5bb9d592a66aa129ae9943ff522be969133907be
50311.821183,10270.883145,failure,ce72d7b1fdee3acc42ca9925eb31917a696708ce8aff8617114c77a2f963bef6
50332.250455,8170.364636,failure,1ea45c7f118d0550fb3aa54242c1cc96cac99673e2d399432252b3ed9745de06
50348.629506,15854.913770,success,ca3ae19b2600cb7101c3b90f5949f83ddf68e1fadc57882be829ccf2f811ba23
50369.000007,18901.516106,success,003a2ed4942f416a3fc216f8f5dbfb796c603a99af5771ddb82d9fe741f7e547
50387.502574,9699.053290,failure,d312e84d98bec3f7d807bda1dc550df81cbe60b8bf08079b439265831b3b06db
50406.050787,24110.059395,success,d2eeaacafe5851ab92432a3ba04ef2b12b7b81261495d45cf7ebce3e8d499966
50423.072050,22639.708147,success,d91d97b7ec40ec80f679cbce1ed5aa6fe4a62d8a69a8f21d77fe8d86ad4fe842
50441.656752,15680.051913,success,e6fda21498cc8e4d4f3c76ee1f6193ba09b83b9f3a7b8f2bc72726d48cfc4bf9
50461.168914,25764.265004,success,1aeebc6ab64bb2f1a1776e259fee8e19260618fa500df7ddc9e1b6ed49eb7f70
50478.560946,15642.578686,success,b1e457168a25d451d080447bd8a8df82a8158f9d49633406101e6928adf76284
50498.998724,16812.934176,success,6d2dc60505d41e861b7c70b470d59323d9f22a22a37d7c5e0ac7dd60812aac8e
50517.367068,25709.414923,success,2afebd35d9b0b6d7336028d17f3f49491c1fcceb9a150085fd312e19ce4f8b4f
50534.667306,22533.428539,success,70582fd94ba897f31df0ee76cf3d6bfa9e7fc28571796779e3d7e232b403f53d
50554.099077,25670.980202,success,ef9129cb2f5b2e93ccee5e2a90a950fa41e3cfda9fa54284d543d1b58e4ee769
50572.402498,22497.677480,success,19f3b5ec9b70a57e64980cf1317bab0a861a91ebe48788cc8c5573f65168f5dc
50589.908635,25643.174513,success,eb5170334d0ae38e92b428c30b50d3cba32d1026225bc5fadf3d4689bbc8b461
50609.865797,3731.684481,failure,f19395228a4c71a387ad608d8c6f034d17e87c67cfb87429e7fc028f14016241
50628.335712,20352.250045,success,38b2d8df53330b1fe2bf8167059d98a3a573e334e15ad56c42ccc8d099897cdc
50645.674544,25586.796990,success,2f7546e523fe7cd4ba48880fb72ca709efe28775a29acefe8680984813968971
50665.093971,22405.791807,success,f4851a9ce6c270df6fdb8a6e1e52db372ed60d2d4142f128a175303d6e7a0fa2
50683.423461,15439.648777,success,76934c2e7056df2c68180cccfd8d807810eaecb1bcbc610ca2607d1b7100c2af
50701.027283,20279.911480,success,b9b868d7b2b215a6743b2baad9abd6778d0beae0a197dd64b2311dce685dae17
50721.869404,22348.559733,success,f30b1ff8c6d8093f4d2c0657d648fc912e8e1c3de805314476f8b71e0dd702d9
50738.767494,20243.200280,success,0d6ec420ee95704ffe5444e9fcf97a7ccb71f74eabf7f89254362febe17d7730
50758.465817,22302.744439,success,d5c4e321a1439b9acdc6fb9d5066ca186f5b6480a205e8ff698c0d9188263dd5
50775.446122,22294.296410,success,af513b9fb538a2c0ee19327c3081d830f897bfd7ae861bbc5f0055a2794d8d31
50794.665221,18473.868412,success,58867df331530b072c03f3f76a327768d9ce24d3db8830760a1119f448a6e8cd
50813.228082,22249.979231,success,7a4b73e02fbf39d8209a995ba973e4033d86a4f102e830d5b7d9d1ec3d1b6d67
50831.230916,16478.291076,success,1fe536fe97d55c272fa8b6d89ded5a7ef8a92d29f75854c9267cc606f98dd947
50848.679845,25387.066967,success,b24e030482408d1fee5accbb5f030f1e47504c50b855577487dd961b3f8d0565
50869.316288,8764.510591,failure,094081c744ea27a832002cce2e9754397e536ac40e0f9608da29830455f4352d
50885.805056,25700.032118,success,896c046042485478186f06963c524a0f054fea121e595731e78e03f0b6d66980
50905.679772,3308.226966,failure,e0f2d344b89ce732cd23beea04dae7e9b440ed0c40ff1521145b16c038a0a5e1
50924.134329,25302.910067,success,8c578843e25120ec78cfa1cc8fba950eb06c6419f110d9df2d05e87cd610f1f4
50943.845827,15178.503537,success,0af0e4345f8e182a91e39a74fc3b6d5e5512574f053767f466d9c2d36467c21f
50977.771862,738.372826,failure,ac7cff324be4a4def1a299fb6276032221b3d2f0bbbd9860e320b1530afd3012
50986.384400,1591.438749,failure,3fab43988b0a869e2f318bb014b9d17f649c9514eb191812cda2aa3e9cb28241
50997.820956,810.432555,failure,d4473aa9a9a208345ae3291d635a3b050489fe7e3c4a14dc250137bc77fb98b0
51025.197145,780.622204,failure,6b0f8d8693b56ceb56b6a6cf182d6fee73b0c412eb5ce8fe5940de94a9f25447
51037.182426,832.591009,failure,50a87407011624430e9b744492460fa87f608a731b1597ab7bd0a3ea6e25a660
51057.692440,22004.640003,success,d9b7e037052a9d41b642f0264704d13cd2a80485ab869973e181a15eb78be50f
51073.055154,21989.502113,success,837def99b67010c33e06eceec5a42a20a690a76bffd66a18fba0663666eaf0c2
51091.044573,825.870780,failure,e8b0ded66db71aa2c305a11c004ac17f832dc9d3e56e369da6897dfb3d640a49
51109.483159,8279.370868,failure,0de4088d98cd1ac0291114ef1cc875807f66dd4f737632bfcec868b5f1f96be4
51127.175207,798.198233,failure,6e8cf00123d7749c79e031a60be5028ef034aabd20d55fe5f8bde1f8839416b4
51145.761492,780.168117,failure,0d82c5ce48756737a712836e02260ba8d6751d3c11295371087d24785ae7fc0b
51164.722574,761.461295,failure,363ded5cca6835dbb090c32e6d7491c680c0816f55f1c558d7141e1c6525673b
51183.759228,19798.097737,success,d6480ac0ed0bfa84a1b231a7608e9c091ca382be0a8bbc49bf0d31e8e554248f
51201.609615,19781.257996,success,a6542fbc6c88a3e9b52aabc0fc13853458c35fa5685d3803cf5f33012e657843
51220.600153,18049.313914,success,d10d88da962f4db4c44a351bc43a396e52c15d5aabf9205327f324ce0bb5e797
51239.097069,7884.469921,failure,4c516e8e5a6ae81f9ad236435f8776c535e978330bf33c2242437651099e8fe0
51256.593758,8988.174710,failure,7b1584a1a19de956bcccca695118afd8171484d18ec3f02d154b1571a20e4f1d
51275.595948,9306.781553,failure,13825d93e81f67b71e991bfe94a80afcbad14e377221be0254d025fcb6bfc53b
51295.081539,24934.771185,success,5bfaa12888b95eb0c03fb2bd1d0d8d7362a320d7b58d145cdcea9c701ef3e5ce
51311.589233,19669.813104,success,4f26e239fe440b916de51dfcd7d8d47c962002ba455da420c1879c4f2aff11e6
51332.040286,17939.375334,success,df57411b5ec2c7ff3df7e30babc3aa57f26c4f5f3631944527b306facd81aa3d
51349.596598,21716.510175,success,0f555b3e8ef6cc68eca5271fc33e0dc01620b51337b00e3ec121f36a4b3cacf4
51368.594679,17899.000874,success,e86db309de4df72e4b25aef41339129235b443caa28100fa445b8e4779979f77
51386.594308,6963.908375,failure,ca5e6e0feb904c22c1e10e746b5293ff32588ad861b350bf1041f112050b09ef
51405.599102,24829.492314,success,04bb156007d09ba1c2d634fb2279357a235547b481142dca4fcef6bcb7bec3e8
51423.590745,503.726752,failure,8109611805c92dd1635ba22f0f2d811380fbf65371c7c75f484eada172c9b768
51442.603605,24788.995703,success,edfa09aa1e9ab5aad3e3c53eee0398e90d9cfa3dab155ae799c075c5c556df5a
51461.026782,21600.861643,success,65090cf8cbb691e7b606943336e7330c0404de97ac751dc2af1bf230ac84f7f2
51480.448814,7681.120830,failure,138224aefd8ee9875218d1a93086c82f9bb997c7afee9ae13834bb1bc3d69c53
51497.781534,17774.628552,success,50e104d941082181c1a25005df5183302da9ff989608b3418aa60f9815cc0b6d
51517.180632,5737.872351,failure,9a2b5229736602c62e43a8a0d01f06fa4877b3eceee10bbe4da3f57af189f6ce
51534.547196,14586.174688,success,a9021ab166639e816fba864e278230361b2179e559357b9518007dc92ba07b74
51553.942858,9048.598713,failure,794562c99c0748b0ab073941c889f8fdc52259427792c6ba9b3a525948796a29
51573.373556,134.615856,failure,1afed2106aee3139483d69720404cee72aa3ac0378a3b00a9f4db71c2134ffe2
51589.756354,5637.763927,failure,9fbab1ca4e11c75959de43c3e9e33be17490a17c6adcc42e0db1a861c5ce0e09
51610.190855,97.460470,failure,f17fedb42b57614abab1be2e4bf084ba79c6083e5473df0f6e121e0d515e187d
51626.550960,22886.982531,success,0efb3c98c9f8770a4cf2d823def2e4b9d89bba551291f68dd76a1116022d9deb
51646.966216,76.052851,failure,c46f9e74ab4707349b1efa0b58e21e8cacc81b0c6c8fad6e5d0c0bf323b08014
51665.413899,8409.150352,failure,5260772610a5eb58f2ccc9d40c6dfa3fd916189288c51af408fae5fdc30caaad
51682.762369,7299.199276,failure,c2e632aeaff847a0164e5700daeb5f7db105c6f955b9a2f3c146a3d1dafc862e
51702.206993,24529.218057,success,431043f67e7f11a1953c49ece4fb5a8f8c259996b8435bb3438d4a79b8daf83c
51723.497189,7700.235738,failure,ee1d3bf07db37ccc6300a9a4733fcf7a55f232c08c9fbf13225864e85c30c268
51739.402937,5.138344,failure,649a663199c57a0881362918f9095a024f341921699a947e40c5d0315174db4b
51757.625215,12.931096,failure,b758739c342556fa61121538a14634f6e33167e0f8e039c020bd3958bf309ce1
51776.147940,32.742913,failure,1c4abc5913f08ceb68fcf4615ea543f091e7c34cdab26e7682adedd6332f7359
51793.767702,14.786226,failure,bfb4fff7210319543f2b4447e0823b4b6e064175c7f78f73ca6da79f4b9b86f0
51812.838070,4.669580,failure,cea921d9945cd0943dc5efac0b478230f2f2d550224df71fe1a97f2b690495e0
51832.080994,37.916293,failure,41c4d1176aded38f414180bbaa758e41325791e430512e48395a0b665e9143ef
51848.648520,77.836777,failure,bcbe7e0bccef02f1ca3d2ec198b868b0b62562662dc9e60b5d938a1028633ee0
51870.783560,24361.088012,success,7e617b5d5405d7dff6f0512ce2f03207b3e5ba4a0a7c9e4a5038acd435bf31bf
51887.056811,17380.648399,success,72ec70ab3a03a5744eccb710c03dcb120d3785da0140617430e3d2d81bb264d5
51904.876039,2215.660398,failure,9ba85cce514672fdf290ad65ec596fa0ed04e5077c75dd5bdf5ac9b13edefc3b
51929.708448,5324.972974,failure,10887da7a32b8172cc4d8a98cbe0e0285910ee0e1ed08056cc3670b7d607f73e
51950.109407,333.508696,failure,5016190ffe526a604c54fbab1c2bcd7bb984766052c15c085d50d05a52fcf853
51960.194383,231.744489,failure,0447abea964276fcc6f70d3feb94087506b5ff739862cd27e083a9072fa9db8d
51978.656293,232.233441,failure,2be302f8598be9a22632f3ad4534d3d89852891b470cc8ba66610cefc0d7c621
51998.663839,151.394882,failure,85bfaf7135a6bb6b2b092c9510ec9287fcda3c546fe5ed9401e7a1c3b975ec6b
52016.632149,133.692974,failure,9c430e6d65da89cec3cad0afaa7732561378c972d5bf0cd4c3a7e17cf5294a8a
52035.641492,14085.188526,success,53a77acd9db1e6d817f0bf7c4f38651bb7dbbdb58c939ceaf67fd7e00cd8d11d
52054.017259,7273.618667,failure,e5d6ec12767ada4e44d7e65a5008daa75df515a44556a76d8d8b031c68663c8f
52071.584972,7551.249860,failure,2769436e83583e97866535264796ead9dcac2e2794207373a8375e1708d48fb6
52091.078078,17178.643686,success,661d6aa0981230d1bebf78434805558c45e5a55c35073463d0cede721a66fadc
52109.042319,22406.424799,success,834d5f0f3f919b6b7909b57d8e32e76a058396202ac5b601f4686106c6d5b350
52128.517551,8799.016622,failure,1427b65d3cd8048134c172b58c679063abeffec17a7bc3fc4cf12c73b61ce9da
52146.984030,3450.694703,failure,99c56099c5c40f20008259452eeceb217309c0bdc53f3647452f44c07f12c46b
52164.984810,20897.228628,success,76190c24770f5205c2c91421765ae4bf55f55bc0676842218d137bc4a3acc5dc
52183.992270,17084.018066,success,6850a19bbc230be63cf0bc74f89d91f25ea9e28be0bdc49b2affb8ab2f6de39d
52201.986177,17069.327180,success,01d44c2e8656d95083b43a78ee006aeb6c9c2963cd1f5badb8c9407a5e38ef9b
52221.363424,17051.142823,success,2c0eaf2ea8e6f21cdfbb5e64a79c69ab216358715503d90cd7babced396e79ad
52237.902997,20832.401505,success,a8be1246ca7d8a9d97da8c0c5763a68fe7663229b49edb332ef2b87cda638f1c
52258.405547,8667.217110,failure,6ad52cf26df0d3f833caa3c7dd9f1b4dcc0494fbe338fbc0f590611e2b613098
52274.823692,23952.304071,success,19cd4b941aa0c0de4d8ba567c233b6eedbf66290aac604c28b651ffd4d4d2ba0
52295.066642,24290.101480,success,2e54a4c20370ddf8f39d69d8386e9de78033e3b13e2d71d66d5e44718ec5edce
52311.613810,8895.954157,failure,8aedb1d546ba6a9892057138bf1769acf00812184d428498c1d6730ac02046f9
52331.841942,23900.194822,success,714a0eab3b468ff6f32e60ca090b521086362e1c521a7cff8b491cfb7324c87e
52349.660999,14959.439749,success,c24f3676fa49a1b8b9af42556774ede9ed083acd76981f33f5c5bbcdd78f0666
52369.485140,23862.871627,success,2a19deb61fe55c39275e359a8354c86249dcdfd00737271c7086f392c5de9350
52387.167709,22129.307421,success,5936fc6f2bf3a0386bb618d39ab0eec94b4e3ebbd38ffa0a697d62dd335cd716
52404.669568,3582.887259,failure,aa7c9609fef27c53dd50a57dd51c64d3747a0d9dc69ad3ab1997b3a50caac0a1
52434.658716,20633.004994,success,aa796ab285bb554f45a5dd59219dac6f38c762a1daa0fff92fd2d58e0ed6f986
52443.150046,23787.998743,success,5c560f57d01c817f5c19125d5d230fd2758cc8b17c6169b5f504d11b81d61096
52459.616762,20606.762896,success,97e562cf4d7ac672574b46eaba581206f34508a8956a9c03b4a51c5ef44cc975
52480.066071,16792.242032,success,d8072893b8692ae3e401025bebd8581e8c24715aa3927daec004d9fea76c7484
52498.472266,23727.785646,success,75f56d0fe9fb9b049a3913e131cc0873fb5be4932615fa6d9797605bcbad8455
52515.870800,20552.827191,success,1df19d193f4f37cacb6cc414331e34122c8ed800f9fc55b8116a1d86ff015411
52539.669939,13578.255630,success,ca3e92aa83312e902f0acd84af9987059b1902ef0b18612cdbc902a8c33f4cef
52554.410960,4822.172758,failure,03eaa81103bda246195b6ea77979a7eac3fe29e641fec1e8853b4c9b2be272e1
52573.255953,23655.325963,success,2d23505f3d2d5b430b3ae167cd66598a3609ded449829a364714592a1e074656
52590.303064,13526.060698,success,3b22a3cefaeae394c4cfc7d4b7712d3f5dd63d721ba9902837fd57f32d681dfb
52608.970882,20459.016418,success,6824b8299a650887992ac15559233a1874356a5c71f0e066a0b114058c3939f7
52628.476271,23595.972679,success,31d7528bc445b9baeb40146a4f3d0e295d141a49a5270d64ef4b3d26b15c545e
52646.979549,23582.093193,success,ded6b4c0f1d21669034498efaa3ed3835188db53686d6fd2fc0989dac1c6715c
52665.422814,21848.001541,success,6e6b66e93ccb804b914e45ca0ee94ce7376c9c943dce5dd4836277dad881efe6
52683.015414,7226.553466,failure,c5aacb2472e8b10e0c78e86bf026c8094fcc0a205dfbd39c15234561a558d061
52702.523608,23883.558298,success,21d6acbf076ea29905a08b6ad7d2adb026de5cdec3b3d9e55fb2c28459b9e7ff
52721.001910,6913.104116,failure,3821e5987bfedbb63d847f1d7fe5a227d3a37b6119c506483afb52555cf84011
52739.479599,5192.243002,failure,111141e61d6d5e907d16e99899e145453055e0b9677e4bd716b54274da7df225
52758.001162,23472.032864,success,6f4e993c9faafce4d807ed9b1257884013feff0db319b5da781a153f12f30cc1
52776.442003,23448.781077,success,0fdf216095bb722cec0a0d0c1b1c63d1a79b987e0dd278c4842cc792c99eabb1
52793.876184,23433.528111,success,31cd015969852773c139e356687027c52b20338c094473e3ab44c7c5a4be7c35
52813.069474,16458.533890,success,ca7abd3029764c242d0d7e1d41753121c79eb12b7571cd712117d58022db88e3
52830.599596,23394.228609,success,32637495f4544243407647f7d09eaefa2c5e5357406f02b6a7835511bbb93715
52850.058607,4688.720002,failure,46b5e7c3c77722c9765e47e6fd8369edd42485b20afbfbd3665c35c05b5c200f
52868.022919,23357.498624,success,4fab5b33e3e7f5e694755a32d4a7c87bf80940fd42962c1a09ecda47b2870c52
52887.504162,21627.001873,success,2c39b0b1b8739df4874a9131ae8e57e3b0a64600771b9674fb42def4bac1f142
52905.912201,23324.388137,success,bb92f5f065d578831f2e8de52410c27524214af48388ee7eb79f48b3eac59a1d
52924.357579,8003.762920,failure,56b94261488f8f49e4990d793561e9500093df5a50b9c88b564f1fea02815c42
52942.040630,23643.249552,success,33365067bed8dd8221d57e5266ea539f1c8f995a4f8855b6f9286abf4be3046d
52960.086936,23272.889480,success,92bea4e0e1514676dd32e8ff7c5b3745f0d08af2989f800f6228941e0587fefc
52978.959952,23249.525993,success,c90ac533d3cc6b4019733597028f9273ba8f5d69097eba10a8909f3281ca7ff8
52998.654909,20064.320837,success,dd3ec3ceb28d49cce1515c407f3167ded645900225857f5efb1a682b459925ab
53017.326394,14292.920596,success,e0d2ee05d8e29ca26d3e69342a1c775bda3bfeebe5d4a2a7d037da06223f5153
53035.022469,17947.513176,success,99b846ce5aab0e1a44103476fd8157aec483e50a175f81b10572d61c3c591935
53053.634533,23177.426630,success,fc0ead867301820c9f2ab04ba0aaf68dc5541025d3169c2ede9a02f436ee7273
53073.161241,23153.710189,success,09ea3adbdef045c7502ce5890511a6e4e6690a6e22d1abf653ea84ea4f0eabaf
53089.590597,14220.789284,success,6c5f670014b3314ceaab744d25a26f7c6bb4ddde92f8558e89373b0fbe5c0efe
53109.947542,13010.565969,success,946596e1b8bc892c46eaea34f70ce0dabf898f0baba633936e5e0a50d166b5c4
53133.397673,2407.193560,failure,d79bf0f01272ae849f2754a59d9a14eafb3e2f371154ea5efc386c036f243246
53145.876776,23084.814289,success,27d0ea10cbfe6b29eeecc4811e7adb707c44905de0b1be19a7f80226d6573d41
53165.406270,14146.758748,success,763d9bca293600dda5dd19e515a9b833b411fdacb12a6982531634f7505f6a8a
53182.962291,4368.331669,failure,a2b53ace272bc9fd49cf53e817dcc170ff9ade79dcc4706c82b7c34620fb4324
53201.828393,21313.534188,success,d3ef2e2990563241a216592db55333838a6ca216d84052e7cb1475dc8f741d8b
53220.659280,21293.091791,success,6c084f595df333b2340424e404db25be0ba5cc18e5728ef183baffd315c4b42a
53239.097966,19831.452420,success,871ee487301e97390dd79de216e71145971d2da5284241f667daa900102c1a0d
53257.549657,22968.800880,success,5ff8455de99dab659ed24c8c4c593153da7d11518bc69e73ff608625eb179376
53275.962805,6686.428076,failure,2ae0724fa5295e758d6e580b31432162d90e010f9d2156038fa4eeafb6496d89
53295.199767,19775.458252,success,a17de518c03bdf6f355d23dba44766ea69381a48989c62b1cd2e13e7c87b26e8
53311.798642,22919.720716,success,b190a8e5c3c16460e246a4cd038d63741bdbc0e59bccfd2d43d33505f9ae4e02
53332.076899,12786.745712,success,0b0c96549c3a7b16680ba0a9ec76cb33e299df7d959bf2d145ebd57bf55d9030
53349.062103,22879.913967,success,bbe10cc9f22bbb56fcb1e7c52e0376de4705d0379ded66dc04c0dc6e765e18a4
53367.794824,21148.804991,success,0320c7b4178b4542dd8f0401956a765745a621c5384b7327030a7570a251bdcb
53387.069307,22847.681587,success,47d55fac43dfa4ae897739dbe86e63f760a1e9273048f43292cf2b493cddba60
53404.712051,19662.840790,success,d878549ee9e7be0034ac3ad3dcbe06d2f73682d1319a214eea867549677719f0
53424.295187,19644.619082,success,760bfa9999c3d0df582c0bb8944ca325fe6b6a048debcfa211cd14f7706ae92e
53441.824888,19618.668205,success,fc09cf562eb59d7b4965976713bf2f62bb3551414a217b0b795e354bce149c86
53461.431037,22768.959301,success,bc3517edf53a1fecd6e6910a94aefde4509193b0d926650f9b1d35760431e5af
53481.155509,19584.470758,success,7e8b0d058a30fb79c6dadf8957824c50a87e03ab46e6f18fbcece17b29fdb3f1
53520.503873,12592.230653,success,edbc30a1fc134eb7167aaefba8797ec9140494a613fe61a76dc85640d86ec632
53525.999902,17455.287408,success,999f239045f6e8803e3b1721cc5fa84bee9f3f8cb16080d011d0610e483ad645
53541.965232,22681.983604,success,1f17c23beddbb0cd7197509c6e12347600ab33240ac5d85b07f683d57b9f217e
53553.713085,7629.857500,failure,30304482d37bf884462215a9bdcb227a851c238dba249fffd4f0cc9a884e5cdb
53575.320780,15697.281548,success,f66eb69fb6bf375f708b3a4e85a31d19983e82ad90218b056e3be1891a46d13a
53589.910334,6512.631568,failure,db0b82a0509e190bec331fd7a2f0ba0488af45ec22b100f2735ebcf35be27789
53609.816098,6970.311358,failure,65f24c661c6686d9a2d88e19841cbe73cbd671788baa189b97015b06392a5dbe
53628.551074,22599.839632,success,345e6d27cf3676cd7ea04c7813cb825d3cc46b3152d561022ff35d57fc63206e
53647.080391,3612.470007,failure,52669b0ae01d29fb994682102cce94b9daaf30a39b6131bc301dbb846164afdf
53663.585790,15608.317770,success,b0734091e5eb730ac66d4028a79b89580192059c3db40c08054c0878f197e9fe
53684.074013,7470.455876,failure,44cb53e3d1ca23483a9f6073c580c8b86f0a471150a136e6d2612130d4b40ae4
53701.591030,22528.920737,success,6e0ba6a773708443f50728dddfdd78d5693da1bfff87d4d9cc362facde5e914c
53720.702335,4358.875614,failure,940711356b948f8acb77ae9f3fe87855b50eb0503280b8d0ddcb6f6f37e75466
53775.609993,2242.952578,failure,7d16a456a16309add5b5d93ca871ed40615c15f3969418adb7cc4918afac29e5
53782.115306,13530.416104,success,2b039ea3f5a24f6699204190dca1c52f32955af2d0551f4d4ecf887d72ccda1a
53800.097361,19269.877930,success,40d1904f38d28ed28bc4560098ac273759d18a1502368f8806bd4285964c874e
53802.481639,22425.001334,success,2978205f01d4d22d5b6f9ae743936ec245306765276903912d324f2f681f8722
53812.600499,22422.384747,success,36949069b04680d49b981de2875e9a76625c4659df1c0d8aed9f574ee0b8f1a6
53832.301848,19234.296132,success,7d910de66d462d4fb61bd4bd5ac7aaadd19f655fde1bb8d1402d305a55fdc649
53870.362602,15398.369385,success,9b472beba888ad3bcf07e2c926c7520c848043afb2a8132b18fba2a3ef1256bd
53877.406511,102.371403,failure,bf75d26b958b5ad35464d6416998259fed4afcae78dda3c915cef97e182db18a
53887.054583,93.037995,failure,e9bbc09b5be40758a9baa5983ba42c95c9c31687684b218f6d821521005451f7
53905.570746,74.846574,failure,60079e6ce4656aae4a81d597b6f9283842d95869a9d5d29be3c05681d26a160e
53924.178571,54.576053,failure,40a387a8d92ca91b764bd048e81b1efefaae915489bb9eba46a9e108268a02b3
53941.664029,35.873779,failure,02493652c9cdcc610f17caf59ab0cce2ed031a0f00c2c7a8ba0310332ab2a4ba
53963.702426,21.110257,failure,2906ae115f9e3b96c8721aeceba48efefbf4efd50125b1bec92acf7f1f0a2856
53983.152962,11.060586,failure,541ed55ad86ae9e1c65948ee1a42243b1794c8e4fe72b1f9a5f8caa1d446e917
54004.708688,4359.052468,failure,6099e61ca20cf74b2fac0957d00cab286ce2e20d752008b606dd5b144dace02c
54017.194183,533.341893,failure,9c33954996b8260b51ce061ce7ff731745886c306d9ccf4c9d0e34c9cfe41607
54034.716972,16947.589591,success,45ba2825d05f5057c1bc035394df3648c66e497a9980e926e4a0ca988dc38bfc
54060.280770,22169.476654,success,411cfd4fe2998774d42268c4cd07dc9ca0e8d96d86b68ec1971f49b9de4b78de
54071.992755,3217.637430,failure,9c0b482c510d0fc7b9a98e87d05151491fb94b7169df0d166f47433b0e15cbf8
54090.742148,31.854506,failure,5613d9c4393bc7e4211bf777620e91e8e4a5c98e1d354abc4065295c3305e756
54110.185699,22120.780946,success,0cfdc0f2c63737d6dede93c339c8d10ac71e32d44fe1b1cfd000a4a06828f84e
54126.957371,16855.465361,success,f823c5f6c6a96ff2a98810bcda7dc9eac655a7c46193c475187b80132a8fcd6b
54147.532407,66.076158,failure,9db60721b8d72c55529365ae07013ce8f44e8b9232923c6196881b5dfe758505
54165.105590,6417.898834,failure,137293393ff04c77ef65201345d30a9a56ed1707549bd84e75e394468ea77378
54182.620874,22046.139489,success,2c2e6c60920780afb4a723fa59854e9e5c2bdfc625f93528d3e16a1b1d2901d2
54202.544462,4070.062707,failure,9a8e84ec15744d199dae3025e20df35b0854ce32188db12b4c3729e01bcd9399
54220.630382,3006.016611,failure,d6313a96e8dde56de0dc4f117334d101797c48115e054936d39fcd97e0f02d65
54239.161443,23.784922,failure,6d467ef81b114c5fbb5e7aec83d9e6ff0dfb0d2e4702b0cedeced5e914e0cdac
54256.565787,18812.571332,success,df714696a3ab695219e3f38506b3fa13bc7c8511d307d45a672ba36d73fb5d07
54276.429131,6.124725,failure,133705f787fc5ada5125d8b05ea68bfea9b48eaf5feda8699d9f4c2504b88563
54294.027362,2.498724,failure,c731f8f4c34a0e26aaca361514ace8ce924059b28707fe93ff017c1bc5908949
54312.970279,1954.375338,failure,46ab092cee3929d8c94f40763de99fa164c359c6088cb1d1588fab3c25277560
54331.635012,21896.567969,success,a49bf65355bc8ec73c5510d9329a3df66a53f64d6ef00ea6d3e758e2ef65b765
54349.992324,11772.027568,success,de4313429f7a2cd81131ca02028cc9271b87970527429499ec4e61df7cb619b0
54369.485941,18692.621167,success,cec528ffcded7571ada4a08826802c49fcc9922b1dc5b3c1cc1436bbe65bbce0
54387.123305,21841.183572,success,b48d94467a803a334f72689990636446b1bcb5f51545d18abc61685d95dccb0c
54404.525435,21823.303992,success,ea39a93288e5f98139b66feb85380d15152e571f8cd3cc8886dc087917d964ff
54424.014814,11696.921414,success,da8e1df48b4b6c6b0936ba87595b6a353467f9fb6259d0dd127d5e2b4c699ee6
54442.627859,28.548499,failure,06740a0658a7e85788a8e153fd9015478793fcc3c8ecae12db99bef763c3215e
54461.175921,10.261159,failure,1fe9fac7b49fb7e0c4b6752899c130a0df1a13cba78e018a368e7c3a85466541
54479.195036,20036.044874,success,3379564e3aff05d795a0f1b4386e5c5366674a3604442f7e42d5f0fb0acd11e3
54497.636998,2.494907,failure,6e43b63c9b946da61f50ae42304f6ad5c90c04d163148a3c1de06d8639828513
54516.600284,2.493724,failure,0f2cc4c001309812aef4a445003b55fb453bb04e8e551b41719c3c544b62ac82
54536.535784,2.478626,failure,268f5fd0cbc5efaad1d80d341f6b25ae82d3279e439fa3b12c67cea9247ffa57
54553.975926,12754.943439,success,a879e26df415e2d6f72ebd3f76885429036c6da2f1a461eb368d6aeebb0f4638
54572.661648,4.903461,failure,76b90a2b759ab323877662f492923f320f35be0c1f807ff4e0c903e55385f6f4
54591.030603,21635.417328,success,8ec33ed8d1a797cd26f7759f5aaaf5cbedfd03c48678e4b7e980a7648aed6cf1
54609.115040,6.525692,failure,f41a7a998155a2c2215acab529c83b6ad7eec95c82def1846f91bb08f232e10b
54627.353649,4.254997,failure,93212ed1e0227ef715cb1d6aa049e93c30cb1e62753f6add310c9f10fa11dc2e
54646.256250,5.335847,failure,8773a4f5524e918f6c18604653f82b0443f09e1200ab2cc9de4766123d47216d
54664.215722,6.368114,failure,4bfddf65873470172844cde0e28c28d18675fc096c231b8613f96f35979d7c00
54683.144964,21541.794631,success,60e4eafe8bba5d66ff8510e5779eb05aa39b36aa24291331a1638f1172719c20
54700.702918,9.907411,failure,dd5b4f84c22270b81095479806d5a57d39d34e97b7f3522d4e309ebe0c1b1fed
54721.308863,3.289296,failure,b4655ef3c990a3c984ffb14720da48d45eb8700edf8c45293a0fe17a86856d31
54738.381953,4.244117,failure,b7b33bffb499065247ad434dcc5f44cc86c5aee2c004703b3a88cb21d5ee5fce
54757.381708,19757.017746,success,5d03ceface30184f3b9d2b4f4259b75bd54019b8f7c360f5166c4c0d8a8d820f
54774.739855,5.829508,failure,392756ef273b050f677a3b90b1f314555e6ecfe3d823baa15f498acd762618e4
54795.070491,4.484981,failure,e10350346dc5977a9d534c375fe317777e068f8e36e5a9960e91e966f304d791
54812.037330,3.506225,failure,4778f25fbd6ce89719ac8c0a4e522baca28e7860319b48a146e6eb995f5d801b
54831.028939,4.115775,failure,7ca11a967ca6fea1e4b355be7a38c69ef0f97ea2ccb3cf3a918c97f85203b67d
54850.664523,3.887094,failure,5b4a8c8c2ea2259a822adf7bdfa4427c4f4db8754ad912f85e34845b110a3cf3
54869.097118,18201.919577,success,8a82016773de77f2b024f8ff6eb00d71ac9982de94981a0c8e3a26b5aae87478
54885.715309,3.845034,failure,9f92b56d28b30d981cd332f02fa1e040dfe0c131678f842f0d21998ea9df01a5
54906.038321,19607.818299,success,279795cf80f765387d71718aec3dd6f099b73bc16e4c66336d2066c0f3c0f8b4
54923.102253,12389.313999,success,bc5ea188eccc1955a4584aacf820896c08ef2b17e15b6999a548a037e03f5435
54941.655665,16041.429677,success,8f68109dbdc381c7b6ecd9f2cc80fa555bce5057763e7bf015be52b10ff06d15
54960.645101,2.476291,failure,141ec6613948dfe5798b02dd5958ecd265997832ccfbbdc3a087e6b95561d62c
54980.075828,12329.937551,success,0d1b8cdf85c4e081b0277c14b79a4ec95f8eb8e32f9574469c112729e4c988a4
54997.662016,7.883042,failure,37010509acad941337d3f598054ab16ef36ae7824373abe4060f78d224d9b8f7
55017.030196,21568.185345,success,802bd6e021b8671fab0cfc0c26471c56c7eb9d0cffe8268acf3cc7b703f9678c
55034.708157,8.870514,failure,7560c0b0aa011664b57bda8695f2b6ba270facb1e621164abab576e89f7754b9
55054.100922,4.462900,failure,07382f3ea2eb5ab428a81b1729e1499cd7c2981c4b5af72f3c0160933fa413e9
55072.384005,17994.948871,success,54ed68ad55cf74f680da3b878680874c33b28fa4be323be67d3319194dbc5954
55089.647814,83.813180,failure,d07f54eda66f10b6de956b13669fb05ec888981d3027b61327c8d588c3bb11b0
55110.445170,63.346538,failure,33f0fbd5beddb64d883de05fb534b7ce5a828948e6fdff663a380a3647a0d40c
55128.568621,46.117024,failure,66b8f4d56c9d9cce06b521da103995d0e1bbcd9e5bb173826e91da7126b61cec
55147.685817,27.337905,failure,d5e2bacbae67982b93ee99e2d1f7dc66b2ca567516f40eed8c050ba4918717fc
55165.779813,7.250489,failure,7c161c053a3ee8ba51ef49dfc51aa4a7f1c5ec474d2f5c6f2d7f2f3dfce88207
55183.893325,124.046443,failure,8480660ae8d0473e49151d6c1ccd5ab1d15cc448a4128247ef9d7e28150a45b4
55204.102402,104.130540,failure,b0d5ce85ed99e57cb5270e895da1a0882d11d09511263bb2aed88093574077a2
55220.366765,87.246868,failure,b61db4cf33fe5409c33014c00aba09f1efd43bc8c374e1c50bad3daa6c6851a4
55239.746757,69.147041,failure,36807995582642c66c984a3c1c2003549548cbedb2b327f266774f24b22f9b03
55257.990826,50.588078,failure,3965cbcacd6f26c5bc3f73645610018da94db4f442a25f1e300d462f35d483fd
55274.807642,34.346698,failure,6f53f0a4db732e9386326bdbf04249855253767749f6efbcb738f1bba8caf73c
55295.077924,19218.231815,success,80fa1451efbd358e4647db63a6e6c24564a2146cec1a0dc1e278fb7c35530b3c
55312.633624,5615.196658,failure,3952d4d28ee1c2164152460e8b302a6e033df5d3a2c934b2036778255dd8386f
55331.975253,13939.828860,success,e9155a161883976712976d757e64e2e22c61d114d7ab892fb1d9946a423bf10f
55354.093140,50.701001,failure,4bb1e386f39d1fe6d94509f3a131643e48d76b512efd048aad82cbc3471f8e32
55370.741829,34.405960,failure,bedc65e1797cde90542335427353b88b63cc4dbb3fb822b10028c9816d204f12
55387.555199,20838.612413,success,c641fac83c6dd73a12d9a18ae55a9b60d1f56564517867555a55eb8199302683
55405.651479,10.206275,failure,528c658923eb1cef87ae9b942646c8f507f2a3a99f686e94f3b5788200b686ed
55424.945639,100.119362,failure,ef8298fb9f399822ec757830aef4a0ab424bd8a493eed2e067ecb901808dec09
55442.670869,82.756847,failure,b156958797e3fd1ffd468b6b2b0d9b860d6fc3ca142aa5877ec6d195ecf4bc93
55461.303020,64.406347,failure,2feb2e25f6e0af452ee6e58944f80ebcb78b9266d1ae950abcc31555bd2cdc9a
55478.803756,47.157506,failure,afe41076ca66671cd708bea4f14a4159da65708a01c70f6c82e9e48465a99848
55499.331814,26.877657,failure,edf2065071e3b4ce775a293651a3b94cb48dbc3435d8ac17f5a0aca6611679d1
55515.815952,8.903137,failure,ce2b79feed57042ff95a8b92401adc44742032fb32c0565394debf21504817c4
55536.778019,18977.833074,success,dcf035ddf5482aec0a4c8d8ad3ab693bd203a082240cac0fddb1b1de2735836b
55554.174539,363.328757,failure,5ebebc85669c6e9f3b00a3e1f2adc41b8e3f8518bb209707a9fb9cc8fe944e31
55571.710321,20657.580072,success,8dd601c304f3a2d029358d5829f3c09731f4ba4b9c9c8aae3c5100434061da02
55591.419684,325.106228,failure,ae3a238494a90bef157a39cdf4bf8c08f7a748b8735ad01ccc8b34ab16f66090
55608.997216,20621.885511,success,ce539032899a9db6f09a94756744fb8e4db28f86bf326136de80d577a49c24ef
55628.211555,20600.453428,success,73d7820ca7c195d1de0f26fe35187d9ed3883369d1b81e308db0ac9cf9f89358
55645.682255,20585.649108,success,4eab57c82926ec99bbb6f8d731b665f0f0cb0e84eefcfec0a7e7548c103938fb
55665.371791,9.239511,failure,a96d59c58a7c8dd66b5703cd9fa82d8f3b8c4baf8579e15d3838926590651c9c
55683.473751,958.487745,failure,d08a188fa521637826d4026fe2ae46983cfb77bc53c68439e0f7b3253e427281
55702.045608,17364.770162,success,792ccc3ccc52cca54c39526a43af6ac9d37e0be449bdc28e2971e2b32ae34913
55720.128112,17343.213865,success,e810185609a89a14893ec989ee39b677cbc1e9fe3d54fd3ae48ed69d3b04e336
55738.037480,20486.700745,success,c8cf3a08ccd85d693dd756dbaab8b75ee5ae775bae619f6d72613c354acb538e
55756.666415,19.496702,failure,af28d20cc58c8240f126260f486de1c5de43e85afd75740e374d59a04bdba874
55776.595242,32.973848,failure,1354736e43e11a5ea735e31529e6cfc202796bf999bb544fe0099ad2c24ee696
55795.237432,3.366020,failure,ad0d0d281f14f5a505a037601482c76cb9b6dfb44714fe1468ce375bd4e88480
55812.066070,9.493470,failure,b4ccf52211315a03bd06c4a98b77f246adc226d968dd257d5af907b5fba57c18
55831.056327,17235.908044,success,84591f7e9bad5d4410dc0d79d4cf1ce4e521aeddf182ce9226983c0a3c8f07c3
55848.631063,24.287420,failure,34503a93bfa34f1b204c711e4f00f9422ca3fdc21589b2756b0e055ed6781653
55869.257887,3.360901,failure,82c7807d79c1c9e762b0afc8a93c4ee24894b08f6530aef29243b3831f9ec968
55886.391270,3.166334,failure,95731c8da90ad94a5eabe80fdcab549b77a8e3f4a560a304b193911e052b986b
55905.056864,3.488902,failure,0c2c48725a7bb984aeab0191cd61cf25822f433845e6e8185dccbcc7491cc8a9
55923.016296,1332.396355,failure,c7e67f4974f57b9f6441b2e7e1fd38e53f93d17075979ff72c44baff040db025
55941.722166,480.943273,failure,d1cfa4bdd6eb4b040f432af20d92f366a89b12a2a5841e27568b0a28a3ebf948
55960.695130,2.775677,failure,b997f2cc53972d6a6bbdef4e002be41adf8114a552e38fef9ffbc35ae50a3d38
55980.057268,3.511064,failure,cd846b4c7d3b138d426eed1f9554701d3f6c99e795f3c6a1cac657312ea6fe9f
55998.098544,462.616127,failure,a905cd2d41465cd2d033fb088dd37675a9dc5af48fa49e6cb8c08a3b2438a391
56016.334107,13253.879926,success,cf9d7e9f908a300920990ee7bb98be0a64cb7b406033f04d6eb40697e6a53939
56034.780017,20192.531904,success,65bc2f089e8cda1cc9313fd962647ce10a96d59a1a3092c374955cbaeccd39e8
56054.417033,212.227853,failure,cda99cc6435d2571b161a0256acd53c90b9de0eed92d05c5703fa26214440949
56071.627933,20158.975617,success,a498b11552c02f1b11f208a6b98c2361c90af16031f13d7b9a70f293573f7b62
56090.609413,13180.594477,success,5b683e43583b257f15217a3e12d7a3f8cc503b3cf0281eceb20f23637e79b825
56110.138826,157.758803,failure,09506b6253864b8b6e80c506ea95e69dd023fed223b30c67d68ea27457962c93
56126.555748,141.603905,failure,8af5d5180e4abea5a8795774973b37d9e9eab31fde09ab1e016e7c03bc1296e7
56147.005418,121.408234,failure,f6507cb36b72ce355e21167ebb94512250ff56a3330df05c14a1407870820663
56165.446929,103.204933,failure,341cfa3bc3d92f9636bf4fdcb22ae3a1ee6a5a39ddacc8a36ca1c6f4941d9c2a
56182.795548,86.094423,failure,1bcbae18e15c05b9c5e8a9023d1a3ea7c258f630a1b5b75ae337627e877a5517
56202.173115,66.951980,failure,b3b41cec6baf352b812fda34ca05f9c7a0e15b4fd7436a1ce847692050a8a986
56219.551871,49.937972,failure,767ec868e9ca05235145cfe0256eb7d8fceab935bde66391f040351a7692efb6
56238.959595,1178.603663,failure,7fb84f9a94bc933aacc16d748e0b70ed4ddee39ef1f676ec12b238afb2b68b5b
56258.462188,18254.380089,success,38e63b7a39b123194ad939899e73edc8d2e0cd2e3ea24ccac6787af701d586e6
56275.113973,16787.557820,success,a9c0425d78b58bd97d9c66f3f1ccc3c272ca05362dd5e6c3f2ad452770302bf7
56293.689878,19936.510301,success,9ba32390411f063f085e75ed0ee5303ca0a124a55400189fc5bf637b314dce02
56313.097351,18201.827825,success,8a79db55b31be1a8c593cef893501456cc5ba41b7614db5831664c0682184abf
56331.179204,386.368500,failure,231d5f7df492a5a3cd43fea0e12bbd705d5c688a7c16012e9d4425dfeb8efaf4
56348.730305,19880.120108,success,19132b50f548a0a420cb4eeca02cb31bf70998e9a61916a3299dcb47296694bb
56369.084465,16811.524912,failure,6ea18acd84cd91a1f5f18d38ba58d322436a244a353e512fd5f09105fbfbc089
56385.624799,27.797602,failure,9b772fac1187a41840f952c699ae07d2591579961228222c062864b75cb8b526
56406.172915,7.641676,failure,ab81e6e2e37e0e7a715720e8d50771d9aa3728df2bd803d099af2ff5fb9ed6a9
56423.125637,20161.917289,success,0519df31c8753aed8da55b6c17419e9f99a796a40aae6070f9e030c9886b80e8
56441.703586,5.866567,failure,8f30b2381f2cc45739ac16050d2457bd168605bb20ff1e0405236e2b921909fa
56461.249400,19765.962442,success,c6939b9063338171106917b3b21e2301297fe78129ded13d56568fe9fb364b00
56478.724208,18037.057063,success,afd3c2d07327759e1aa1c5dad91bddc3e9cc32a824a615e4b73f513045bc6fdf
56498.654778,2.544971,failure,08c617295018d6d21c759864aac515d11b0b00b33998d51a310bdae7750313aa
56516.747080,2.602019,failure,e62421ed05006c1bfdd0b4b8dae848091f9c1ce895f1512bc9e51d7366e5aa4a
56535.853426,2.638437,failure,d0535fa1e93cad4a6ab76cfba4c152aad90a1daeb8d84827e1adcaa4e0628d60
56553.940178,3.658532,failure,27d73a28379fdd49deb8ba6d144bacf6cf4180ba3540880b93aca9bc03aa8ca8
56573.058265,2.656271,failure,3539c09e619f3fb77e1d95c623abb10d31842ed4e100fbff414f6dd03cb39036
56590.188713,13.696069,failure,114586f685a57c1a27d09a83dae819de2be958c8f17c9e7517de3e5a257ff95c
56609.657442,12659.269623,success,1c81815ac003e2b294d21fc103b6b5eb7ba478af69fbafb6f80553d91c40c458
56627.656679,19599.297717,success,f84d4e3422b91b912dd90fa1cae3715058864313af065140a26e440acfbc31ba
56647.486900,19588.257638,success,1a7782b2fac7d64ab70d961393381bce516b7e7818a8974a4a181162bc64d0eb
56664.627497,2.630623,failure,6cd9bf33afed79f944bfc8ff0e65760376b21e032c8420ee5b8c7a86253e1dff
56684.504406,17830.212417,success,1fe7b7d6b3bee278b8d6522bbab8bd82b9bc6ed0f7db0a8ff27a5f744be758f7
56701.666804,1785.218563,failure,1a7afa060233aa633b66125663881cb81b8e46209b614c72178adecf22626178
56720.986883,17792.089385,success,ea0bbff2a67777ff2c0bacb0d8b1895b6385584e73f019dac57febf2b24766fb
56739.052986,4185.803786,failure,19249c40338d04320c5fa56ca8d136c61d03f604e692d6c6c2c2bb7db3b1d521
56756.692784,210.829935,failure,6164e01b91a6ce940b0ede7b0b9e40cb8128e1c9320372c34721ce18086ba607
56776.477620,75.377124,failure,3f6f8ef99235dc16ff54b0eca2a309be080b08c83f85cd35aabd5b887838275b
56794.661956,57.457096,failure,f07f68dcbd452f07d016b0a368fd26328f370a062866d210cead0f67b6aff40c
56813.276674,39.109843,failure,5c39a3b1e7fc8a43499088fe712e4ffb3b364c1c8db0f48e61c2d085762c79a3
56830.626295,136.301812,failure,ac3a687afdebf8546bd0946a0b69bfda747491bc02204afae652b57ff7689b22
56850.086678,19735.442505,success,7c41d7fef16984afc48ed5ad8f06cebacba1330b78961e04aa854344af7baccc
56867.667195,4249.870426,failure,fa36a208e574c00d5216a86abb3612dea1594fb5f5fdc87440e0170b20b5a144
56887.381507,19347.117832,success,3bf5e16ce60428bf83e6601565704b5fb0d9350d154963b47fc6ddef444ccf17
56904.696653,17610.877036,success,b800f85dda376523e5fcdf0f5c096f44f5082987f3d3bd20db3928044a261b76
56924.301119,44.271210,failure,5da840a30fdcf7d2ec8ed835a4909a0038f9f33029ca9aa04681bedaf9f88ccf
56941.628057,27.188142,failure,d05435801568f21768a8226c6c5a5afa589bcaafed2ed5c68f34370c44e9aee1
56961.154976,7.909862,failure,eed9b6672a1ed94b53ac3ddb801cab3d70666eaea909807606271ab5ac78e148
56978.829741,9140.300200,success,7da11bdefb94ebffd2d302cf81577b8c618905cd28f31d367cf80a443ce5b058
56999.654027,3925.461202,failure,050852b3a5b4098abc1209ad5278d3e99b2415f12669af0eee0a3f06533c151b
57017.098557,12253.903152,success,cbb3340308f9704c53edb1a603e25cbb774988f35679aaccf8974690e3bf50d9
57034.677862,19197.014312,success,434798149a27e42caadca8ad51f5258dd288b5870d5c7a0b2cb5a730bad9243a
57074.808962,3032.760725,failure,69f5119bbadb29812f287c57f4a02575f249900e1d92f4d8d6adb8bd2371c0b6
57077.581202,16652.924768,failure,e5afdfc9b71fb86f860c3d7d245bf1d49f6d1e3bd45e2d843245ca84c81d8597
57090.714889,9031.848960,success,af4bb28c3009fb3487cf1018e006655afacd3476a0a17b4e825de027a0398d42
57109.636165,19119.758845,success,555d1b9695700eecde9781a0806b9c14bbf789a3b16cf78ccf5b2d41da739cd8
57127.642555,15938.585126,success,980d70bfcabf6923caefd33509de12733fc701520427631cd03d9535c5e0a48f
57146.645125,19084.146119,success,5b48609bab96132b4f2d2b1600b56ac443ec9305b528a33f59168821f9bf6464
57164.652717,19068.138830,success,0c8f4d0547e5e6293890595a4308681d49a756ecdf982ec63edb8e96c494a910
57183.669974,12085.758196,success,e49d40999d48fd4365b193cff7df7f490ca28b54c363033b1acd46f352e7e538
57201.670093,10107.977126,success,f4729593e031617df710ae3949ee2b38bf61e8ee8ea61f1b92b38349d2d57cac
57221.239401,15847.567956,success,8a8c08a27d195144a571f0f086d9799b08e7ab9eb2e30759fc5cabc082f2263c
57238.339532,16089.283328,failure,90b0dc3a63cf51d5aa73d62d5ea682efb50a169d1ca7cdbd67693957e9ab83fb
57256.932048,2387.630525,failure,ed566a4080d1c9b0e58809b2bd6e98f7d12a1f7d0d8ae7827a2bee79339f3faa
57275.827135,15789.944907,success,38b5798034f767a1b7eebe6bfc51b6473c8e389cbbbccf06148b9dd71ac62572
57295.207226,15765.892101,success,583b906bb0a7feea2a4aa54bc3b08679cab251cbecd3b2d1bc4236722f3f39a8
57311.664995,18914.326455,success,048581881747c9c2b5d69edc4156f4a5d59febf13fbfb989fc35d88be63b9681
57331.644958,17183.492027,success,92c6d187cddf41dc267d4abc1872e7343df5f0d691462dca75cd84f6ed873dbd
57350.053167,16337.484115,failure,54f54acc22a7ee0ac38681d75a7186f1599736264a27ef6af1b2dd1b541ebd33
57368.084814,2930.754270,failure,78a10931550bf4ce7723b8c46e1970d82cc352689ff7f28fd13bb5b9b129eb71
57385.996927,15675.335890,success,5dd3520d00215c4983ba627ca77f4b8608414cdc5f33166fbdcdfff11942ca0a
57405.636838,15656.812666,success,77f1e22ab82087b2bd80a9915e6d4602b795e5633d9263a993ba6a08db0525f2
57423.978120,17090.307489,success,e786c117739b9bb2db7cf13eac51e958ea0c2a6ce659dcd548fc130b44c5362d
57443.111958,15625.209222,success,6a364a5762058c54d89c2fb62ff9b26cbb92488a85f373f13e1def7be061c75d
57459.811592,2704.836285,failure,0e728fd3d2eb5016c43c7a3be16c98be5aae9da94adf1ccedfad0d3daca1f4df
57480.526963,15974.955068,failure,81ce697a9965ef008304a7889ad527e649ed039c008c074b5f8e1b0dcb15c39f
57498.653049,18727.882968,success,aa53e3e4ec2978f62a2032fca27c60d362faf7f6800c153568b32092150a8ea8
57516.630815,11753.480765,success,8ba2683de9437d8ab09dcc4611dd1f0568d2f34dd26826e9abe8a993ad9b6898
57535.621352,15712.206409,failure,f935ba5bfe6383a9c40db14ad09957aa96e4ce3defc471e7fbd367a55a55f958
57553.801671,15994.767574,failure,271d720226fd758ae49f445ec8dc2e52c26ff72a2f3bd2150a3ff1a126c5c909
57573.075031,18658.882924,success,d77b07ef4a481c2061fe8105befecf0a1bc9919e781bff5558fd9df8d20393d3
57589.688643,18996.244252,success,8b9b05b4e790c27cad00d91bfb960597a717e2b3fea6b5c63b431715deef5792
57609.651635,16080.894533,failure,df24f85bddff8bcc9da8bb6a587b67629adade5d3a2cf41d94754c6cad0715af
57627.645331,16888.239846,success,0ef22c3e28bd55c7e66a160366881ca87e0b981b9d1ad09d203ee6ae99ffa47b
57647.171178,18939.073705,success,4cd8100669ff14c6c7c725c32255d145d2d29aea97e23e148975d0c57ec71a7d
57663.625981,18568.156493,success,69c3fa1468a320346a80a3fc72f5df092420b5411e31efb52161442e2bd5f297
57684.141875,18550.731389,success,87e510a2dce158136e50a4c1e6dce97769144c04216658c7bae4cd754708dc17
57700.580297,18532.626183,success,e51777e207209bba09fc504dfe7f6601619055382113940dd84b0b586bae4817
57721.155995,15348.149011,success,4de36e5e29bb22cf615ca4176920a4715e74ce489dbc3c3efb9faf244f0f0f62
57737.697311,336.966307,failure,48cd722f2b0264eb4cdfcb4a8c701efaad1eb18925eb100e0f49a0d1c9d51c30
57758.380591,15996.115355,failure,080e1ae0f0f2fdfad9980c56aa38e902ef0114bc8ed23640094e63d61f907f35
57776.523489,18450.182108,success,b655902357b57d399794980088d6ec5cc56bc98b7514dc95ebdab9ec996ab68e
57795.072172,18790.911518,success,9abad7300cbd7f863a7d0eb5ba222089d41b24d44a4d428e159af42391479783
57812.049461,16702.771468,success,4a7a022e8b453c7074c6739b505caeec68ef586a8e185558d08bd8ed33ee65a7
57830.917376,9480.654774,success,664145025d6d55e6c805cb78f9106ee694c0ab9de1e9a15d86cb29ec97971444
57848.764296,18736.670609,success,c7f084b74007a5cc2de1318f7ca609165bc6eb9d39cf7df83132426b7d558ea7
57869.449489,18360.664167,success,258892cb4196f1e0b01f88efdb8fb86a4caf9e994e8a429a09f30ed76e08676e
57886.173641,18349.567731,success,6a977d8395a29cb3dfa09fe5c59a8c8d5408afd5ead0e044da811d0f785e3d92
57904.862178,1736.657935,failure,bf2f0c9e3ff6506ce1588d282771dc61a7b553b7b440b0161254bc494e42fdfa
57923.919771,18306.030206,success,74a1c1e08c4d487c4b4d4e373ff26a033fb469eb49d2415d00f10daa81dbc59f
57942.476760,18283.326915,success,f83f8240e44c2173312e2fccec0f045262d1c6cc74cfa2b2fd5a964665cc8eb6
57961.103701,18624.287161,success,9870e7caa61963f7e0e9435cad19c94bb3ac1484182ea11cad64d7b0c31cff54
57978.709004,8140.966336,success,f86a29ea2cff829ff0f733e432987199a4d4dd461ce554f85485c5e8f9b5a321
57998.680672,18227.934003,success,6c58a9b4895c7726b3d01c6273d4e3dd78af93c358b260628da573e86aa42bd4
58017.389688,9292.380973,success,62091946434a9412afedcc6418ba902aaa1693d1121dd094694a6bc0c113da67
58036.590130,15030.486783,success,fccddaa4e6a5fdd257acf0abd74a7be0b0571883277c389479195d74da8e98eb
58053.700229,18174.326340,success,8da33ab83e4162a4ebb174292af016c52a1a7d8bf082e1b765abe71206dffa97
58072.658575,18163.084230,success,3141a44265ac1f50b735f2d9ea6e53c661d543f2720a27564293b13c8482bc72
58091.048329,18495.351697,success,e1ef18b5daaf69ff92f2daf8da16be12688de16293fb99eb62504890bfdf2e77
58108.680743,15574.880618,failure,a2f55050ba52f78175d8c6732ba3858ef8afcd053f6fa9efd49f698f2d828039
58127.650050,15474.918582,failure,5fd4776234d4c09d792606b3b63e7c9b870f1f7e23adc5748defd8a35eecf6bd
58146.633182,18083.043069,success,698ba2634ed0914db740177cb9e5352eecb9d0cc85e8479aa9b01c432b385470
58164.996977,14901.710239,success,11701c77f5c7fdbaf2aa216d89a662bb4ce5c509694ec3c6a258923b951d3976
58182.730292,472.922133,failure,686dc235cb4c11aa6deda287201ff732e8e4ba0da7921678640762ccae3fde16
58202.070788,18033.668600,success,9d614063f486b8b81a57c61b27428bc2da47335580cf3f438536677f0ae81f1f
58219.738389,15051.809769,failure,4c8c86694f4e5d93d74179ba158fb87cb997e5a7a153beeb11d9866d381408f7
58239.323718,15170.205204,failure,708b193c1dbec7443a3ea13585690f40fbfb36179e419ab87d24515b96d0fd29
58256.814786,1584.839550,failure,e986856d52bcbd5aae7e80ddd54f72c42912b123ef5fee918f86114a2005d7af
58276.395686,7843.587444,success,b8b7c3a0600636f49bb4db2dc5e9484b58ca36c14056126614a83f299b58f937
58294.509730,7824.519781,success,efbd411b4aecf6ccb0399ef8c51e14a91f0c4bafdd21f4c5a8574ffaeeceb696
58312.700017,14948.932596,failure,259bc3708ac0302aa4204c1eb901fc1520bbc684967798ffdb517f470e5f65f6
58333.079333,17894.490173,success,9cd8de5daf145e577f9bea5c499eda194ab4b4db44a911ab9e7f813da21e0e60
58348.851328,549.677135,failure,fb0dfb58676f7376cb140fe686510917c391db30f9336a88533bdae867cfdb16
58369.470367,8939.769393,success,b5c79f9d332a5f5d0feac25ce899277be2893f00492ae7b27e842f43d6475861
58386.711002,14681.167333,success,d39b20b6d0d4def4b319abd4586bb3914eabd3412970bad21103e4848b78a8a0
58406.104319,2522.605792,failure,b2dd6e0109e90aec93c4a3371125bb6c5ac592c327ebad4d19e58fa1dd83a5e0
58423.036622,14974.530815,failure,62565fc27d1add7797c0f97af775a273e05549e088403c767e54f631391d218c
58441.644958,16071.542249,success,730bd30aa5b7f9298b27e1ad552519c30ad009a88a802aa88b4976674fec6d12
58460.640725,14607.129867,success,c49eed97a989a31c11b53d14179123e2ed8fa8f3329e258ebe984d0fc6770c1a
58480.260609,15007.349390,failure,15a558a26d0d09800db9e384ffd0694570e942bcf0277fb1fc1d41fdc6f1ae02
58497.696332,15075.947615,failure,b7188884a4fd94c4592c896bd6bd00105fbc33a08c34611b484e8ccf961e927c
58517.208172,14837.403432,failure,1b4e010cbe76ae506725c70f99fd4086234f39f279c35efadb79177d8ae13f11
58534.902493,17700.793574,success,e9ee6c71d8bacc8a2fba892cbc86a2fe269c05f65afe17d9987e054024b3fa51
58553.209501,18032.588209,success,41764f01ecf4faa67a9a3e681aaf986120046588eca34fa3cc2d30e0810b22ec
58571.898989,15941.741263,success,012a244808e8478f52160c33e00d7922eb69426b14eef622d25208e6dbb15d51
58591.465282,17994.574915,success,513457ddf386633927db9fe8766d54f2a2c8240cc64cfdd7a2df912b7216c97f
58610.093415,14451.474676,success,dc7f42fe055ecb37cf3622094c4b1510875c34cfd05929c35d472b10e8be061b
58627.101191,17604.132818,success,0b0eb1257713d3894addf254940f2e0320b14c006eb72c6f14dcc1003a1a7c49
58645.599179,784.233506,failure,f66935c6c2e47b991bce102706b87e8855aaace93537dc034bd516226f8c9cc7
58665.387200,7453.013264,success,3a893e53b753bafb61fb6580b19bbb8108c9f5c8121eeb4d899e5b3d4c7eff53
58684.207465,17550.990742,success,1a4ecf2a76d8928e87a58c99c19b5bf59b026ea473e9c7ee43f57da80702edf2
58700.831187,14870.756371,failure,cb145258205d82d939a14150584b6bfcde175fd9015a09058f70bfc69453a8d8
58721.399670,14688.451540,failure,2d3bfbd07270d619e7413ab53ba26fe6aadf6beb4db5fcaa8eb60f38bdd6fd8a
58738.060562,14327.937306,success,cc1b1625144fc3354144eecf48dc12f86e433ff10731bf3821b05cfd7d6dc601
58756.596812,15759.081294,success,d7625ced407284da3d9d4ea83f47c4551affa60de3a1221edfe9e3c7072cb55c
58776.206496,635.405865,failure,425ed5ec7ca320066260e35d2b423d89cc0b3532c938e8e283104bbeb8127e03
58794.244887,14677.317669,failure,6c4084942e9d709b9622e79743d6490d22bdc476f156930a5fedc0517e392573
58811.924901,437.227191,failure,de1c5f5889e760c38731fe0a01867626234a6454d409b4cd5f595376b47d8837
58832.750911,17392.959398,success,687be6a07c7a6a1e18578645ec3bae0f59392831c0ff9dcc948aad7a4cd3d8e7
58850.481430,14219.156204,success,20fc7e10f9ec055637e5867ba3b7ba38a09543f981cde24e8db8e94855561591
58869.154859,15644.812300,success,7316b175bbe48b7ebab6f00cbe12c7e7dbdce065e07132826a7c297f96a5439b
58885.645780,14867.881679,failure,91180b3d56c43fff6741cf4ea562b760fe6c2b8a64d8f7d3af249f62b6854e53
58906.046146,14312.804872,failure,39929676b4e09edebc8cefca9fcfe96d294213aef17a2f0f06c78a15122ff511
58922.692620,14324.840765,failure,706988e67be740784ce3d801ac9bf2d5204f77f3fcf25ce1b659850b0f46a5f5
58943.397331,7179.573495,success,139e533e041a9a7ff2cbc804bd6f3caea56b7f36fdd9bebfb23fc0af9264845d
58960.372686,17267.282342,success,a8fe0452bc4064cf0437cdd81d435a1bb421e17b10049e2dad80fb7fa580159b
58978.972936,17247.100859,success,c74692a0e5cce2d8d75bd9fc3f2b9f8721080aa1540abb57e45b1a0873e34496
58999.510682,11980.937265,success,84f74a9befd0d254c7a0686f18eafe70f15fc2bb610e7a2c13fd21fbd56fb69c
59017.082201,17569.355275,success,72873d295e885132347781110eeda0fedf08c3e5d0229df31a6020cda9aa5ec5
59034.646317,15481.711752,success,927ab25dcf8bce8f3f12cdaf7af6a4a2490e29b72196c7595dae513af1663e3d
59054.146024,14190.065194,failure,7aaaa5a4db335cfc0cf027aa98c19b12ac305706b8fd17482027e0e73d1fac76
59071.630259,13999.512143,success,9a5e2fa7caba5d685a61dad42f88ef3e2e9c7ed5f70b5fd18cfd4cb1e1856025
59090.620575,14569.932042,failure,f4f1469029bd09495676ea9bb204e7b6460da2b8139aa624d7db446cfd5fa189
59109.997661,17119.176032,success,c677c4898a371e462ec34ceffa38ef486b11bfc834d0e3e9abd71971dec467bb
59128.057642,15386.014835,success,ae13a7eb193f6cdad39d4077f8c258d5b02c6305a057157074c5a2b38f80174b
59145.607230,14627.620252,failure,e8a44b7da11e102674045c340fb687c62547facb4357c6619997bb5ec762c487
59165.021857,17063.100713,success,53bd0f185f02a1632a5bd5fe029d25e7b692fd4bfee6911d0635808abb4f103b
59184.289486,17402.288265,success,2f2f5dab1a0273bf317772542cd769ec38fa36810f6917deb1fb919207e6b313
59201.184399,17028.294700,success,cca07f63f3cc93b0084a7410905ddee4c5bf65468ec67cd31589fcae5f819c93
59219.894236,17009.676556,success,82aa1d2c4d16e0fe5d25c5d76796bf79bd56f5924a209ba491776ad4f2ec2449
59239.824125,14274.746934,failure,5a97ea64669895ad6f6fcc9e214ad7739056d7ed2e99e940bdc7f08c0378939f
59258.092238,17328.410592,success,e7b7f389c8e32fc86de0abcd37ba2070e1ca3e6973327121dbfb302312040fbf
59274.781944,17310.920195,success,1bf9f0fd738794a1745905d9f83e8fcecd1b31307e135099640c21512caf98bf
59295.581433,1629.005179,failure,457c8946c4eb44e36b20bf0ddd6e4c71ccef78432c7def10d516fc69d3afc0f7
59312.666415,1896.838125,failure,5666b8da0ad63cbd7a27036f0ff983e92558eab8f1000c2fa3becbce1dd3ca26
59332.318179,14377.188998,failure,fe34b096490bf4f53f95b22d4c23cd9b8e2e8e936a4ea40c8c8f9caa9244a1d9
59349.403191,16885.232175,success,b96e28b43041d3421b322ed82e8947b42bc1f821c7d0e2cbd2ba41de203a38a0
59368.378929,15147.627256,success,a90c5bc102dc8b499bc50ac4b87c9ede7b7eb6875711b57e457addb3d0c7137f
59386.934375,889.608607,failure,ffc4a45c0bbbf39df4b387fb9262dfff3e94f253b9c2cff751ec0fc3eba78726
59404.781585,1521.371502,failure,dbaf42b2363fb0cd7067492dc120a0c5d5cb49aa7df2fde6c9236cb601baacf3
59424.172166,835.150078,failure,e73d0691612182afe28ef259ee98d430bbbfb2b7a6b833664b36773e9d38879a
59442.400064,783.167601,failure,215e7cd43a1f18b2545aed58a46dfe897e22d130d2f8d555122e52ce8fae75f7
59459.661358,352.080907,failure,ef004621145e92766a32a600798459a9da2bf4b9eda60e66401e25279c74c639
59479.646571,4.279413,failure,91503946c145c3ea4e6ee7f08b1b08e22fd4f6b425bfaf11cde3e4908043c073
59499.412480,4.141383,failure,3a34e5a8f53c6500e995b0c0ce26bf0ff8f7a763a316b975cbe91a7d2b65e37b
59516.011505,13904.523359,failure,83a4bbd5632ab74472d7923e055dc87d65d8fa0fc48fb104532b5f25ca3fc80e
59536.074705,14075.463418,failure,5757392210a8ba407c4396909b91a5bb0b2120a89498dd30a8ccdc8907c6b258
59552.582498,16.994070,failure,49058063e090d007b16b245e71a9250649764ea755953b3a788b99cdb15c4658
59573.077793,42.492154,failure,d7f7e40543906f4132e8619898eae2f416a1c9ec1a5b101c7034f6fd3ce44ee6
59589.710802,43.820720,failure,7ad47ee25940538cb92840af5476b4d8127fca2fbe33c1b97848cece0c5544ac
59610.109375,6504.587102,success,c8cf572bf3b1715288042bd40218c9a50283b1f0a04022cba41bd35ac0b6913b
59627.284707,6491.945934,success,6dd293489151ed870b40ca7dabdc612305b1a432b873589db3068d2bd08f5962
59646.112306,13423.417574,success,7029da00714fd59fba3e0e66505a1301332e66fc52f939440f1b7b76850e3c49
59663.694196,13549.872854,failure,23f0d581df8a7b89e1c08bb29a2241d78aff105fd27cda3915240db06d068864
59683.636908,13377.003874,success,2d1c095a51056f85a9600386c5b7bec75669b0e754b8100802519ccaca760870
59701.622469,13516.931288,failure,9b970996c7878f533c155ed5c995151ec9c0afa0ceb4bf1b431a8361648d1dd6
59720.615360,13684.943503,failure,12504042354a27dd01914aef1c90967e7fb84176d59e9a5bebf1430bdadd4772
59739.008219,16488.734364,success,38db5d5ffb6ea46494a80ed74c12ae091e05bb01aec25a08cb71cfd68d09da17
59757.993716,16474.150631,success,9db46091e6625ecd0ae425fab6499365ab721c005e9af1ef2ff68df53bf7b79f
59775.611954,13769.961049,failure,ae92d662915e720241b7e425d9337c47770f9a303662258bab7b9326953aeb0f
59795.539678,571.240440,failure,6973e86876eb3dd5b0b7aed412370bee02242e4bb66f96f5f8954f1fc4c81290
59813.301647,16772.361970,success,381ae653129d736cb9084ffc9ee4daabd11498173b228693a6662eb214e81b51
59830.987422,5.687850,failure,cdc76807e2798d989fa63ac7499f29c216d1bc6084809eab584d3b8316dda0db
59849.400660,13561.089015,failure,e3bbf94eeb419d08ccae7f0a6a841b00db84db758a1ee30c8a647c6c85730891
59869.177489,4.451869,failure,4576b8d95525685088bea070185df95a6194d9503b5a6a951680f2d44ce4f408
59886.122126,13344.391823,failure,82ecd402113d05f913c7eff48f89ead98e00fc7ebe363e17d7824dd25d7c04e7
59904.690587,13802.831786,failure,c2ce590723eb434bba3b90691ae40e0cc917833763f203b539f183d9be135d06
59924.163313,16662.195214,success,91b96dfdcab62dd612b5fddf2c78d4b07220fa35ee043e85847db7ba18387c2e
59941.687202,4.859368,failure,7841edaa14e9da1784950091c4cc97af5e143efe91bfe678f255fb98c2060443
59961.056453,35.676726,failure,f6bf38d27197e810b30e04f16b3d4948d7116415b3f7ae73c3372aa8f73e8840
59979.247612,13525.316389,failure,dda7f1b381aaf2d1f5fc234d0424e250f8f852c7f17fae5c38c390669d7de022
59998.549937,6122.069694,success,3b40175077d6ad3e539bd6539c251bbc7c607e263825365874888fbddcc3c987
