start_offset_ms,latency_ms,status,tx_id
0.000000,3156.692361,success,7e18b3d826338ee89c84a56896c3552d65cbb54e1f74a2ad251140b7a8ecfd0e
17.321165,3139.804114,success,ae6f0805a171a60ce66c0120d7c6966d2e9167a5834d2717830a08497c02ea24
34.911201,3121.559667,success,0cca7ad9de55175ab62b9a96979bbbc74fda2a5b826bbb89aa44709d00a46555
54.549651,3102.358793,success,b65ba1a1e1db5d3e7dd18fcbaabe019f087a58888c90700e446153b3dd5080bc
72.178901,3085.173963,success,c73b1ffd5145c64adffed64876b0887d3a1a0172646f43000faa20d8fb5ba491
90.093924,3067.470104,success,8af95690293cd56824381592813e48f46bb444d067a8de0b4c724d3dbb2f4a7d
109.181265,3041.354557,success,439d01cd4f3fa06153d818345593c0c37759675a2553e4b4b46839259f8893c8
127.154307,3030.845845,success,bcd50f119f8956e352e433af682c79120f518c31d247746e6d93fe5ae3254c72
146.091628,3005.827786,success,dfc3f3e6413decbbf61be77c2c9a17ca99278f764f98ca8fcf6ef0c888cda9fc
164.577857,2986.671907,success,5cb82720af813f54747ccfe6777fc24a8fdd4ad4b36c0128c315945555b2458f
184.586948,2973.197481,success,49c914220edb7bb5e94443b64bcdc4d5eb23cc551e1bf7037e541d5387e5d2f6
202.589965,2948.188059,success,b457e3eda30e92cd40092ae57d342906108a1cb06065281501b17659b67f00b3
220.123707,2931.567341,success,789d1f7634a820cbd429cbe1c03193c522c3684cd008f7e1ed1c17f73bc0ec61
238.383814,2913.088175,success,10408d2642c0f1a61d3cbb3013b4f17df2db744620fc6e99c26a7e5dadf8d55c
258.127310,2894.449260,success,3f056e988964784601d743d83b62b3f73fbde8aee1b4d7da60466427f94a6779
275.575171,2878.325821,success,cf86a5163e7527a07cbf66e53073e55544ca7934df1f057d883bbb2226b60fcb
294.716002,2856.296139,success,84b9c1c512b85223da15ac7df4be122c3489d8ea1ed5da3cfc3a656cec8d7a5d
313.591999,2838.767436,success,8fcb4faff9302be8967f91a6cd02cd24eabb5e66ac1316ec3a6e41db8fd11a3b
332.323305,2820.468256,success,c6ddb56e1837c934bd8ad0e1c286e52b2745db4332330e9a62195f470008e4c0
348.685290,2803.450237,success,d716084d7088ac05f29370f19f9db2391936694dac0067bdce03a920cf5a3e4d
368.683511,2786.104757,success,41804af1050b9d011265252d8760fc932d5251f4690490e4e7273ceb5606a780
386.726193,2766.505219,success,d2e39b6cb96b8db910ced719542d1e20de7e9c135fcfbafef0902d95fee858da
405.692738,5115.501749,success,1078d7a3eb5b38f093119c642a217ddd583022954c8e1ac7868ecb0ce3904dfa
423.711094,5098.791875,success,c432ee40ecb230fd49071e99ceec4144572c897450e412b1eeb9405b0cc6f283
442.663303,2711.689252,success,f1c3a0648854cd1e08427f143deb86ea45ee1b4088e66f93c463c47dd63c9567
461.513301,2692.165055,success,344562aab9127c8b938b39e1e3ab5a3cd0f6b9d5279cc7fdebbe4de9a79d1907
478.693193,2674.762187,success,b910ceaaa4d1d92a64857d9398e8f3e382a55ca06451a1aac7e56df5b3df0e65
498.980253,5022.221247,success,f3f115c12cfa1b956424ecb2d956903bd47cfbf9328a277bc2987d9d055a92b5
518.844343,5002.341779,success,d9600306978d90f7d35c1b39307e93299b310a7dc26661d494bbc0d50f4b91a4
538.400128,4983.517208,success,63aecc039102c8ab545d2ea3756e789af74f7fcc4bebfcc9162df83ae4c523c3
555.132996,4964.330752,success,5496b775fe237b3e0d5ac3362190929e831bf3265456f79971e2a8795577564f
572.434854,4950.989825,success,029769aeaf3b6f00ed9424bfc1dccf73f2adb390b54884f09b2fda2351cd1d8d
590.743071,4932.289096,success,525252df712347c60753a637d18237a2c6057a5a161a5be267857174176ac450
609.882369,4913.351865,success,87b6eb312d0f1dcb81b7ca4a573d7f72ac22bc961eb770712b1cb058d12cdb0b
627.747049,4893.445034,success,a51867b39d8491e7c09d88090406ca54845e2fb5ec151d6a3107a730b4cddd02
646.809634,2506.193282,success,282d93d0b6fbead470ef46ee89caa73f922becdbd0f4631440d5b585f8944d2a
664.785560,4856.744393,success,1b0e4876c0bd04473a23c79f410785c13a61682b7ccaa20424a17857ba958476
684.561166,4836.656635,success,89f384f2748d481937a21503d0fda61e5c900f9f3debf7b19882cbd65105ef6b
702.451754,4819.857734,success,aea6f3dc06b28ff6e32c5a15214e4448c6ee69e426c93f06f1e4d78268b713a8
720.733872,4800.486824,success,9e9029b0cfb971f76bfd86803d3e4112a6495297aa59dbfd03c68cf11b0ec37b
738.727532,6875.313579,success,aff675da5a0a9e27ffa85ec2f2092298e2b0e5383a8c858147330c49921cd602
757.764248,6911.992695,success,856c4fd3069745692b1850408c41550c641404adac5f5f3de9dab02c65d2eec2
775.717372,6829.731645,success,77a5537694daa76e74ddb92e899975c48db077c57fee6b1fe6a527c8424f21ab
795.596260,4726.510620,success,b1bafa8ef03786938c7c97b66ea1e1f03a90f158fdb8a36310532c9629cbbf43
813.235829,6800.803138,success,8af652a7783168462f89dea6a266a7b743c941ff20512f53e5bf5c9e6b43d7b5
830.780020,6839.005717,success,47cf5b6544e0c5b842372c712b58863a0c376cea1b26c22bd5af0c9af72e6ae6
849.713283,2270.856627,success,e4853d948c7bde8c93b166c70fa2ba1963be534beb3b33e2f28909f9ddcf736f
868.711057,4653.014121,success,938724c7e32e6ff08f72f98f316b9008b23833da480dda0b088e7091db858568
886.738159,6715.820745,success,30935f8a82982fb1a10af39ba60fde29b080688ef8bcae5619b83416c76c3353
905.752153,4615.462742,success,fbd9ae853c16351598e9949a053367c06dd7bfca61aeace9f8ca1cdd23d7fd7b
924.617760,8739.595674,success,6730ee97cdfa1b9eba48b30df85485fd7a53c5ae266e9371064606c5cef10841
943.257215,4603.259597,success,ad1656a081252e904c20d09037cd75c5dbdd3652db91eca239868fcd91255251
959.734615,2194.386398,success,d4094c4774f11f6c3f5ad4b1609f057b12b7f33089147f3df1fba5ae650371ab
980.594584,4540.427692,success,417322e2b6c50d0437e0992ddbc4c8106500dcac8b7c6bcb605d7cad3b4c52a0
1003.523654,2151.044763,success,fcce856fa9bc01de2da0ea3093968bbb21b8522c4291d4c045a15e29727ab0a5
1016.689544,4504.509652,success,2ad2ae9e2c32c1bd38a5186caadf5e7d1ba27153d01ac58c5d96ae51ae1f3575
1036.592567,4510.547609,success,6928502f989c47b816683730d08db686f5427a80ffbc164523e90a57ac81b9cc
1053.781134,6616.009823,success,6943a158961b7b67df31e25647e38390962238eb4819c87274f63120f135222c
1072.682438,6532.695426,success,a0cd2419c8965b4a7a96ee4283b7f975c42ab2f5de69997b250c641cf8d38c54
1090.664496,4405.194281,success,cc09429d5de6829f995fb5bb2b6640de7720ac843ec6aaa2c35030b96ae2cc42
1110.227034,6503.738055,success,e78dadd0b53afbb5fd2706b6666d0033ac9c52f30f8ebc331a769d21b1a0a25a
1127.536998,11439.204770,success,be9691dd14875ef8f2e21b32fbec8ae89417cb6369a2df7be9584b0e1a744bc6
1146.668831,8476.737012,success,056516159633ebd446e380a4dd07ca409a368e95667f4ffa8da9604ea5723f5f
1164.715250,6505.088300,success,50309579cbc3682029626edeb229913f0b3157a5862838bd1c2b574ca19e911f
1183.753499,6486.018082,success,bd20cc17ff0c0f703a8b4b884dcfb106a847e00396a3de9204b749414bc4d1a2
1201.683169,6412.353564,success,8635f2034481d1ed9a48fc5eab77574f9e3c55059c586aef9e19839b8d2506b0
1220.823679,8402.368636,success,af59ba5fb994a78bd33a752f6e6759898361f1cb8972bde231c9c44ec06502b2
1238.621363,6431.138245,success,1a7724bb21c6a745d4dfef36cbb496725efefb86590f13b1642aff9818d224df
1258.467710,11305.084817,success,e3ea003faa1e7b17e937c22ea5e48ca8fa855ed2760c8742b9909d50ecd6c8bd
1275.697605,11285.819323,success,cefe818e2f5d2ac9f8b381f5f7b4f63c7836621962ea5c1117a6cd243e70aa35
1295.528213,4225.676123,success,5f60b53738d789e464bc0f7ec9fa703e79963b131745a1a4f6f2829719243664
1313.606560,6356.161454,success,61b8b9671dcb686ce960a2e1be2c7b5f80324c88ef8ab80270d303f2e0c6d0d2
1333.421940,8285.052270,success,039317d17c3ca8e1f66f818593f83cf6adbd3a385cc8a4211b22fedbd745cbab
1349.745864,8274.041672,success,7f9fdfa56f3d09641bc65bd2c0e9c4467dcb1a1c0087acd0ee8b14112ce03b6b
1368.744869,6238.700503,success,9d9215d67f86ed120fe897bbb617f638693a6b5c1d60342bae7da8bbbc1960d0
1385.744274,8238.408984,success,6c54bebec8e253a1ec348dc7c58370997a3a9c4fc74d28dd4e706e9d318f7e9c
1405.692922,4115.503749,success,a20a73f0c0e571dac418a490803c6feaa0402932490b07ab633bc68e91d38145
1423.685099,6246.120635,success,042ccf7961d23802cd174e3bd9db2cb8c9c98d932a9fb0482b982940bcfb0856
1443.503995,4103.369864,success,238785773a11e82b3e0a4c65f6bdbd20e394da743dfce8f0c7e1fff1617e99d1
1460.689476,11104.315972,success,dd8f73f958b1545d04e6faeae55dee795720be34910653b425309b0732875670
1479.693582,11082.923830,success,9ba26e76a3c35593ad728d38bcdb1ccd4cc4f1ab3607e5536316b0175841a3c9
1499.662317,6114.371080,success,04ad49064661be3721f571fde746740778ed4fd73cc6f4cf3de7d02ad81abf43
1516.802875,11045.026877,success,8f1964cafe96fcf3b9914e7ed5f6b3f113f67c5f97b0aa5f1d982a64b5aa14d9
1534.820109,6134.976088,success,91d49b239bd67584b0aa4d9f568c3bdccdfbd76ce6d7d85aa929a82c1ff41d13
1552.759056,3968.424401,success,b47ac12d962ce457ed2d046ea1dc9c87c825b2c59f4c58b2e5607ee4aa51f59d
1573.507157,8089.981555,success,3c31bdc724c677314062ed881971b91ce29d6e2cab4a4d727f6cf103d0f37925
1590.818783,12434.013044,success,b6d9db277ae9c42bc979181e0586c898a8cbc03f07dd5f333a6a65252baf9a69
1611.514556,10376.003728,failure,a2a55ce1656e175435c2cb83199d207cddf71d21906ffa402fe00eedd99726ee
1627.673011,14005.591380,failure,8251bda491219195a982e00342c5008c795a636b164b391d75ff96350f9dd50e
1646.666136,12378.349714,success,4a0e8dec9468dfbbc5e7625e159937a0cd4b931b7c9697b76d84a3d31e20ee65
1664.648354,10899.083357,success,ebf9fd8893226b43d85819dd7534984c255db89919354b98b6824691de65c74f
1684.474524,10879.436221,success,fa59dd23d318039b1494add02fb31df97fb90c380cfc5eb406ff6dbf6b9eb614
1701.666758,3819.522570,success,023f98e0b6daeabd021a455346027c5f18e35910df3a91c8e41a2ca37225e04d
1720.676864,10842.320507,success,7035e7b0cca3aeddc09595cdd49fd01a11844d44b70126b0970b79a12bdfbdb3
1738.835943,17516.833742,success,961f055f1b2860b545530be77f1364b6555671a9370e88fa9a374ca9210e8129
1757.651546,13913.857511,failure,7c68fff154ae43e17ee28c33f4cfe0e39f4c9972003e2788927dceb728b7abbb
1775.648121,12434.406117,failure,ad502bbd2a88b6a02696bf7fc855573c107938890aa0c58c79e0e74aa817d2d4
1794.652958,5803.655193,success,bfbd3a1ea522d44affe2bf71a52d1b3577f0a09424c04bc4252207d64e1c3ccd
1814.938865,14586.984199,failure,46f70a2b59f5ae8e8140ab0b10313d2b154845774db0da843c59212ee619424c
1831.673746,5838.109286,success,3cacefd1874307de0d74cb4afbe1e644aa2b54a871a144cec860a2c552b748e4
1849.731164,12175.665016,success,c93489c1e8620e2365ba52b226a4e71af01880a9163eaaeaa53c0c808f12f910
1868.653386,11993.923027,failure,81d896fc1691703a7e0dd8762f6250df19cce719ecbdfc4e1670ebee9a75ba64
1886.653248,11255.872691,failure,449a3159a49400ee25f06b4f6bec36809956c9f5ede2699340b25f515b0d2c7d
1905.702567,10657.671457,success,c9dbcc3929f7df13d7e4bbdfb88c4b33db4dc3a64e43e8d466600f5a45aba568
1924.477605,17424.390195,failure,a4bd9b7d445b847300a310ebc85ef61e0ec59c636fae4aa5c6968dd0a78bfd8a
1942.706163,15195.387475,failure,5c3f33c8aaf77933747550a2314a98697a8f8ac9f520900dadf4b2301ff676f1
1960.741891,11380.785924,failure,cb51f7ebacb2f311c71cfab3e6a54fe34bdafacbb35710cc7cad797bac9043e6
1979.666197,7640.571033,success,173f6fe62ae394f93d40538b42cb3bb469111cec8e26d2f46af78d62fe68afe1
1998.659161,7665.953919,success,236231c29c6744f54bef94b6a74c2076247a5b8a11d0ed07459b20fa53d89998
2016.957640,10548.983324,success,2f8df23d99a498b06c26cb9125d94505733f4b0a4272cdc2b891c215f5a7b53f
2036.476365,7588.769822,success,96fa2f81d1e45a14c0ce3ae223bf5f92949e2b0945c293a825f7292a3c45377d
2054.187407,3437.345117,success,09f8bb185fd8c137ab224a827b0cc648931f0955b40bf074d6e5419aa3c44438
2071.848576,9900.944320,failure,f857b13e2818a1bfb0b31f8c7191a86e5ca4fd63a81cd7dc7b521e5e2428713b
2091.571363,5578.169781,success,c7a46ae336299639a8c8d4a02998f8d61552905c328171944e8527212281b8e5
2109.749306,5560.025581,success,4a8cf9d41f05903f462963ac424e266cc070c548ca297082e95c60d9d0880682
2127.797177,3419.108521,success,89b9c5a69b38b29de5635ac4f51f27bd93f7315e1c04c0df521f199701f51ea9
2146.653677,5523.097025,success,f78bd7d7f3d77bf7d44fb4e0a7a3d2a5fc25f80c55056b304b2f47c7caecc6ce
2164.791054,20622.962820,failure,48d2dfa33faa2d6b7be717a9f2c5bd155080d377742e754b6ba8f4acce056536
2184.566759,21181.858659,failure,1cd20328be446457f44fb65e5e2531a02c402d02d7158f5b058af69ff2f561f6
2202.320622,19638.544885,failure,48095fa05fb8979b834bcda4fbbd2f7d2af45d7560045f6516242c8f60545c64
2219.736653,20559.883725,failure,a44f411836d50bf997f3e425e271c3ddd022fa85c13538cf2c150720727857ca
2238.662783,20298.759230,failure,03d0133097202de00e424de72b95c7030c7868dd05d9bd0a4fb6ffb5285b1326
2257.757066,13413.144227,failure,2a5e7994fd4c26e8ef6a9471a841030dcbd88655ef6153e8d564bb2a95eca265
2275.674483,5394.126763,success,8efb5ae60b8e6c19339be23c967d0fa633b7b572f7bf81fd680f27bf500f2d6a
2295.597253,20228.056279,failure,e6a9064012d2fc1f7cb04730c5908209b43f5d02b39ea8468359801b95115df5
2312.662039,7312.935284,success,048e710fd16ac14f0fb00fe13d1f95f09eb5ef03ed6ec0657d495fcb24f66d58
2331.649834,7293.413743,success,4960e3d5890f1b1b1fc128647317a1f12bf9f3975bedbf5fa5c45e2d4470e29a
2349.666246,23502.044579,failure,da77f4ae919570a1ec59fbe4f4258ad555a9d68d0c6b785a1d282e2cdcb3c288
2368.827013,10973.829378,failure,192776aa3653692b2aa156e82defbe714d30ab1d4f191ca327ec030357fca93d
2387.539985,10178.226243,success,2e7eef32838a9af7dd034f945033b5812eb356b420d62054d3bba786dff7e4ff
2405.669919,10158.954708,success,618d4a26ac8dc31a6a64488785ba0271ebf7c6d2f27d4830860e7938fd30e304
2424.483348,7199.114473,success,ba7e84d7d578a05bbf716fabf3f260019275f1e3fe07cf036078ef2ebf2b18ea
2442.736111,23419.169836,failure,0887b0e91f4d6c3397c133f6f2509e6e74f21c84937b18775e907dc49a26c898
2461.557606,13653.596566,failure,60812f3488d75167fdec91015e9e6a930e903a516e3957cfc353b05d201acda6
2479.831288,7184.948443,success,1c12cd467d81ca003fb1598cc0e410cea9f37995f6b67171a8608eea4e998d0e
2498.676236,9315.892074,failure,94c12d397624c8328b5c5ec864c0b148dbe4dc36ed710bb985d60ee41ff64a1d
2516.651531,20011.936368,failure,d663d59d51ddb0493056e2603de4459a3c184dcfae9f1f7371b5b7399ada5055
2539.424269,5065.153813,success,d7e39574649f14cd499dc0f6eedbe06b50010fc536f2c206c9bf8d1ffcc0b87a
2554.915669,11812.598264,failure,9e3898942ad6dc73995138a8514b72aa5a01684ae62798f11eb1eb7d39835725
2572.989609,18866.272591,failure,3035b1b0956476b23a76c9f60142a32e00d835b64a0030d67f7bed6a07a19d56
2589.941935,21716.358435,success,ecfd6ba2cde11de9bc91cd1ea5c2b10a12751fd44185b6896d8e5e5711ba9f01
2608.986696,9953.066763,success,2cca691a2b9747300cebdb5ac9ba118ef232af29a1ea05a30d97319c756a86f0
2627.044826,5042.709052,success,57b31cf53fe9820ba97ea71662822cc956e8c86dc4165891c06d6f9b3fdc7c01
2645.766614,23084.795712,failure,992dcb95f6cb881bfa7602fb26be3452166d1ab2bb70fa8d40f0c4ce895ce7b8
2664.708774,9425.682908,failure,7ca1158cbbe31acae4c71f2ed7bbfe8c2ef89d5ce3c23ef10a5d19401e3963dc
2683.888687,9130.247106,failure,7568f35ec8c683582271bc28e9e8d7b28f5ca5270cb5872cf9197f6bf502b432
2702.471195,18157.849794,failure,d8b7a2f459a9cbb105dacede19ea83a35bb61825a58c5f1e57950cd4359f8042
2720.750037,11304.447072,success,0c0d96ec5b2022273d396640a2158e909b0d3c516efb2c886606e8b7e8621ed7
2738.653228,23272.883172,failure,d59256ef9798f51e6ef8a648f8ad19b663515904969d8819257c47ddfb5184b1
2757.828743,17549.784298,failure,b4d6be50d9357bd76c0302e78ea88418fa0ae6e2df3485e75b2a3c8862f1ce0b
2775.672372,11250.245482,success,e297d4755df9bda47faddbcdafb1102e880f35b67984b058b9327e292110e186
2794.823692,9771.306234,success,1dbc1fe8ad0e06a8e37fc634d4f160f1df47b23ebe26d5cd425f1f3ffc904dcb
2813.372827,4856.420945,success,6d670853414310fbf6bcb948a95c2d847f50e7fa1d4bd54bca865fd906059e29
2830.767128,20595.412747,failure,6b533ca98e1654c32c9d8e0e9f898ecb54c832731ffdac4c537648a14d34dd48
2850.564484,27422.031694,failure,4683a5f876475450d0f4ddac86bd723b80dc84cb9f7fd867d36f1210a9e3fa62
2870.459792,11844.369352,failure,feb1d0923a7c860cdb8426a641422d9e23e8b7bae0c1521eb41939e425219b5e
2886.622053,24839.292520,failure,c8349c43b3e00b58b7e55619cb4a34116b54dce75391d3aefd13e5fbdc9c88c5
2905.669689,6718.865151,success,f6e4e5b28ec0c92344b73ea639ce31fe48a0263af9448d0ec2f97c7ee2df8cb8
2923.735052,10877.763919,failure,e1f24c82d0b3e71a473ec51e9d055097fb5bcadee53c571fdab0c6f048667e12
2943.520926,13966.131813,failure,1ccec33791cd5c74ac55807defccc30d27b692c97c7e92dee5d2ad3e476c0795
2961.244642,13154.219288,failure,044abf8ff1c4a7b736cc908760391052a72eaaabae624e358f68bf1ce7b91eae
2979.468420,10531.429788,failure,5b82ec12eeb67b204599dddee496614ca7180e775afdc230e5b0e6133a502eb1
2999.218237,18392.910705,failure,88f6e3c2359dc1358a2283ca6ade1eaad6caddff868d51a8e22c40dafeac5edc
3016.027306,22995.557274,failure,71d1ed4232f10da0b631ee06d147c6be7d98a021bbbb003021368eae87684634
3034.659457,19548.319402,success,5b99258d53b0f8bf04d92f2bf1864eac1bed60e00703b4381c5de6dcd9023571
3054.353900,9508.440011,success,25355c7750f576be4826894cabdddcf71cb0e3405ade4fcad38aa142069fa15d
3072.570575,12582.968892,failure,df28349922ed70c842b9b50448ea4c455a75ca3db82024298c0cbca4d152b136
3093.074990,18755.260215,failure,7dfb653c9845142d5e944a3b45c899939f371b5762b712ed21f7226bd1ba3878
3109.579290,14722.794299,failure,e17a23f098f9fb43adceb589fa23b778e97d8e36cac1b2cc3284fd4b55a1ca3d
3128.025804,14703.699655,failure,b01185f4eb463d100a8f072222e8aba4ef6d25b700c7def952778e7e648a1726
3145.793792,10374.136280,failure,49e91f40422a2d94a4be6062937e808f5b7ca9153fd9c98669ce3556c7fce3f5
3164.501394,15496.408808,failure,a8a8c10cf312be44cdd030d431f8007c478ecb55cc57f45bfa2d854667e57287
3184.992204,19594.945265,failure,53fd3d09981e9c96fadd001ef57f705040fb9b03b583dca8481ee96ea76b0c8a
3201.333469,28945.366237,success,eb8fe07acee06251f3f8083c6f8c9c84c196143ad84030b0494427c209bc6d41
3220.711552,27128.831846,failure,88b89e174527e6a81a893cf5d6d28bdc44d94b3750d9124bac50c12f6d64fa05
3238.697797,4366.760517,success,222fda4d946ab95b5435926ac01f10dd10fa43285624ac068ceecca292c1bb74
3257.759881,25688.719377,failure,354f4e7c972edbe48c64e3430d3e7e961ac504ce74d2e812d5c1549b90caf30a
3275.646169,23654.374380,failure,1d01df9df6f1b5325f01791c013b3c6172d8f471735de22a35b3df44088abf10
3294.634445,28849.967006,success,21490704d0fa1c244f1385d6f6c2199929f68b24ff78cadaf7d42ee97a630d17
3312.624577,9252.764707,success,9178f4b94c74df57af77fdbdfb4550258723202f91d67907bc19628400133347
3331.701518,22077.432808,failure,490b92286ec252b58a6d1abccc47a33e3be174ee849110967499621043dcf161
3349.688996,6269.597009,success,b936d026eac4633afa4e52a64909ae582cbca549da6a053f11c84db88e85b078
3369.019059,2153.673604,success,3d6198a0944ec4ec094b1d897f81a1fa6c5196b40f95c0988daa1147fe39c45a
3386.363828,17531.132887,failure,b06753e7bcd4cc682408508e83af6ae38489ca79aa4477b26d30ccc16c60e7d0
3405.662813,13786.356290,failure,ac7a8bf374581880a783d625c1bc67e75695b98b34fabfc8a0008f3708b453f5
3423.814858,14331.504439,failure,7a8ff12debd5097eb5b54ee829ffecbf5b4be3cd6009c87e994cc69d4da1683a
3444.381298,12906.113341,failure,c6bfabd84e4fcbea4440278b820c498a212ed8562136b73508fb084d733e692b
3462.856707,15069.451316,failure,5f4854bd345093b57c3e869f2d7397e5016e68c089731482e8efe83a678abe6e
3481.177056,12885.999601,failure,677439ba76ea84fe02938c06b7e6094a0edade0531d6726a5ed1dc7e627cbdfe
3497.728734,4172.034692,success,0e2134880062842ef9e4e0665011db893493248e4ebc6a54885d346f5bd93851
3516.707702,4088.744651,success,1ca8388b5451b4c5675e8d717aee46620d76c81572d4701c469546abfa5b04d3
3537.882738,23384.448714,failure,cd6964ad9bfa9bdcc04f76c1bbbb94e089dbdd5d0d8955fb8ecdfc4a07f4c1d0
3553.653790,22387.190888,failure,54e709fb1851e1f5b283b24ecb8c4531035e144423e1ccb917fdd66276d78611
3572.716564,22337.047501,failure,6768b932f6abff031bc187790b466111b300cdabcdaa798bcc27cf1a70b46d00
3590.667183,4014.787855,success,d92aec42d47d015cb8e60d658ae147ecab1ab35c2c91449f94e99413eb204f0d
3610.403675,4059.343360,success,24edd7549e8c5193ef80bdda92319df61cb346a2f8aa52f7e676de8f467c3577
3627.642656,5997.244181,success,3ed1573216340848929c2f63096e79405b26707666add7778269502651ea7edb
3646.622836,13263.363375,failure,c20d5eea5f9d7b83118239344b0fd75994014b43277e7148c04af595644baa42
3664.626394,21437.510337,failure,22cece68d2bcea3e5dfb96cb32d089174eec345a9ed42812d9dfc56e6afb92ce
3683.623265,25965.123134,failure,b30194fff49a1a8bbfffa43131b7b10327c18417d8a415cc76cbdf441191a914
3702.060673,28664.095266,failure,0cc69bedec65b41961536d67ac7e837fc8bb1afd39508f4069e592260b7440b2
3719.634518,24411.378440,failure,36b54af8eb764ac9971294310e3f17b256744c31a9805edf65dbc75de2a771fc
3741.272188,24783.333878,failure,bd7eb65c61d4fa148bd30daedc7fa6d947e2bc18a600666c756c8beadac3ba07
3756.731427,8802.796480,success,078364774479c3ee00b484ee034774ac378cced1d81ba95d2da17d8811ad12e6
3776.791713,34383.795068,success,340d91b3e75a8c8fe168dad30f7724c726c48bf84ad0cb177649d3f3e3bfbe72
3795.741396,11859.097724,failure,f24dd1d6e70b3c5186ec08d867e0eb16208300353c38ec83501a2099c0f842f1
3812.620215,13325.685248,failure,8ff3f5a14940f8b17f810fe674cb62ea545209b3dc73357cb8508e39c5a8c6c5
3830.991719,5793.361692,success,841a04e838ec70db3b7123ac98322e58094ff10211cdc7fd9f051d9233a42054
3848.614947,9287.364726,failure,7026974d3d06b3b1bfcb81c60074026ae09377b87484d69d10cbf2f801eb8372
3869.270022,28495.703611,failure,a3e2a6812b56e8e0c1247b1334bdc8ceeffffa58f63e3e2776c77e94f1260e28
3887.430292,22220.113857,failure,610bf443444a2b623b6a7d69b682b2add5f32338ffb405747c0c3db7b519119f
3906.113508,22849.360170,success,df2c9cb5e896b4f04d596093ece464b62f09c0c679fdf1550793560aef910773
3922.712274,28230.175197,success,ad4939e2b21c48d36d02f0f619cc0669945bce7645d3c6ffaa953e844d7c7a66
3942.678985,3650.370233,success,fcd4dc2804384715fe9b6c896503a1f0d6dd45f163f0f6b064530631b242f4f5
3960.655783,15046.865545,failure,9a035283ecad1fc8106596529dabface804cdbbfdf372777c4a2f419bda87093
3980.341419,28799.449372,success,6325f83d3b7ef5d23c6ca46e25ff0fc5a38693a6521b7539a07398b2a329291b
4000.435448,8563.863191,success,2c06c276faa6747df6eb7738ccf58b6d1dfa4c979f6583b1e9575ff0fdec9b82
4017.339133,8307.340954,failure,c65ad45a4755efec97c94280144b04a9d4b21175bd458e424e922b931f5ee843
4036.393932,18743.380162,failure,f0d3fb7692a43996a5ef0b70f976d8d3bf39bb77682cc4bfd3123694c7f6e1fe
4054.118710,21954.350447,failure,7bcb6399ca2a9891c9136527fae50ea33457663f34458b7fef44c58792bca765
4071.730095,22683.749784,success,4f438a149ac0ccb1cf640c8d744b801ed5943be9d6e0fdd98affbaaeb5b5485c
4091.493367,14441.086413,failure,74ebc2e4f071061d4e6262aa4d2b13ab9cc2146bdda5248291f6279b240f9ac8
4110.121961,18669.735990,failure,378829796285ba20268a2ca80c1b24f75ef5dcf8b14ddabf020faac22b8436cc
4126.732458,15154.931692,success,75e5a3e4a8e8df9eb105287203f16fbf0400787f9f620be0d03555f75139ba4a
4146.687628,5470.846849,success,ffcfeb3dc09f48873301ea37298877114d770efa0656b380d18b6e884864ff4a
4166.039632,19337.760916,failure,7bd24f6d22cc8ac606eece582b47551a9a09fada7c980157283de399bf50ab5b
4182.656932,9159.632625,failure,529281fe73606feb68b1e2b0fb3074e992267b7832721f527a80415d60ac6747
4201.556452,10044.007268,failure,6d9eab0420b7a1a916a8efdf064b986785f1142fddbd13b96deb7e8c1f9a28d7
4221.154435,7885.257341,failure,6212689bff883dd855573f2dbf96406f4a67179e5244d4e03d88af3fefc66ca8
4237.654687,21697.789825,failure,dc16554d80f55fff69b85019ba05a223d8df2254fcc2fab4390c8c60f64f6fc7
4258.337374,22664.387763,failure,33592d81cf318a9fc05043179cff2b130087f3148d7cdd0eba2f6667e71b4e50
4274.626412,17569.419119,failure,a2267d34de42ae1249380e18958c0773d32510ae0c5bd2d798035580d1b2b931
4295.308348,10169.619853,failure,439fd223e8b36c4ba54188424a742fd6837878c9e9255843c33d735e74ecbbba
4311.620158,16601.691438,failure,42827a5adfa0878a8017cdde7d6df5c2275a6ff60fac1f8d7e5f610aace41caa
4331.621144,10864.135339,failure,951bca6b06550c9640dce87a0dcaad962609b2a7b153d8cac21a62b7c692718c
4350.504593,23526.779464,failure,5ddd827b7ebb9a0711e352728c96d99d6110594668d56d95172012b1a7721785
4368.722751,31479.106979,failure,89b90dbfa0eb36828d313ed3f2548e69290c94a63de8b777552153d5108d746c
4387.743938,5237.681454,success,5da0fa9c7d30a9972e604bfb8d1292633aea9e01005a3150abe50572c5cacb7f
4405.679889,5218.292632,success,c0cd251354135f0a85c66bda46b8231eba1c07fcd11721560017ac3e43c93cc3
4424.431392,31808.121037,success,ee9a5c4fdb28d80d4a8f3b1b77b2680f3cc8e897234f92e86f7277b79de41a88
4442.843041,21325.177898,failure,8f9ec6674ac05a93ccf8f8de64b6b421133bbc1fc1ebcdaf97db57066c268afa
4460.651344,13805.228870,failure,1e4b665052cdb8a734b1ebc90c27383108f636f60cf76d5109b8047f06bc3807
4480.021302,15833.437437,failure,3bc65190de5926a07ff1d7189dd181084ad939c716261aadbe366f8d78148f99
4498.007978,7315.452494,failure,1a2455516d61e81abf6f7f58bbd439a1333d6c5c3a6f98a94991dc0209f91187
4518.566624,5101.435067,success,d490e6301402b83f3742fc67785c3233c066579e4ff4fc6a1434f7430a3b893f
4536.230818,15782.680465,failure,2c8cd826e20b7cad6fe6ce8bc103b757c7705aa35a3251e0c41014aaca7d3ed1
4552.887933,21398.763749,failure,9af673b09a60dee119105bcf5ab2a914ca1b5fafb8a48f3e5478c4779871aa11
4574.317694,28434.224340,failure,57fdf05733005ab18ba0b328ad55112f65647ecdaa9406e844046e34c7d6922e
4590.505673,7224.474405,failure,56ffc256a4cabc37b0a46c87e32f454e54fdf1393f103fae3a24b5ffe930585d
4610.193264,21119.348077,failure,e6b22babbdb4c5d59ba0d40aa6b3178c36819d84522199e241829ab23ea8f19d
4627.348117,15647.749241,failure,59b89b102443441c18c301637813937815e46225916b3eb77f58a9631cb05691
4647.705297,18778.138360,failure,8c2a0fe695cacc76522c5bd33404f5344ac219d1cf109890ecc5ed6eb7310244
4664.743743,21068.286107,failure,9ef99d0e55e9022d7048361e4b27f87d622cb307072bdb77b7b288c1d57edb02
4684.615788,12224.697287,failure,ad0ef10dc068b5c36cf096a57cfd2cb5ecfb6413db54656696e605210cf84089
4702.450761,30663.408985,failure,14983533813f70a1f006845c64a3ec97915cb2d83e59ac1805c37b27c92777f9
4721.249081,2948.539291,success,b3daf35c63694b5a7059af5de8a4085ed7bd8a66526711641c809b1a63013bcc
4737.958153,4926.059816,success,419600c012bdf735451b9da8d3fa21487b9dc1168f89d977a1a460dab60e3429
4756.674541,21998.802864,success,de826831b08fcfa470830bb76c0b92b8498f8d290b649651bb0521d1fada970d
4778.403771,4885.290935,success,7f3bc3057db163cb5a0705c4147369b205c26d22a6c03abbe8fbec8c74451526
4795.159249,8315.750723,failure,11768b6d694ba0b5e30c938ca19765bbde0bf05a55882d931ce79e90f3c4cc56
4811.877888,2857.899784,success,52bebd0c557dd34cb0b99c6fd45b77818acc15b9e8720776c4df4e894ce0f6d3
4832.623022,9191.999555,success,9e57a05ebd3de71da3213630087df2d8fa97bd68840b3212393dd0eb796c3f45
4850.540799,10233.973034,failure,1e297ed3f5c8535ab58f23c5cc0a2636818514609fceb0a9c2e09a0b5bab329d
4868.701009,7693.553285,success,e222bb95a5c03da38594930d781247b51a5fb0b739746ee8b88331370c2d65e7
4886.675622,23040.986523,failure,77113ce09e14bb4030b92248250d70db1bfabc3601e38a3e4b8808d03549a28a
4906.181853,2763.598434,success,7128afaab3a019b0c3c840848dd94ead48afef707fe4cc8217db214f5579f6bb
4922.702113,14150.354031,failure,fb94c1d2fbae69947b81dd3f411b6d399e58cc17a8aacd762191f4dd24267f27
4943.101020,4721.317587,success,eadb6372a2cbaf623ffacfa4e1c1f9b9c6941463fa44ff3551a31df09bd23ea8
4959.789563,22967.647161,success,5165d0ee02ff378ad8632c2891383f75a83cadc5d2d1a0c50b524dce16a29e89
4980.466139,4640.700385,success,a85b733754f47a77ba23d18a53baeebcaaf977130b7244b8274ff937d2be82ca
4998.783752,12833.888344,failure,0748cdff2059525f0200666a63014c0b2658e267e4d766632faf25e62f584329
5018.314790,23910.491102,failure,29d1db69f235e75aba434f1ed886ea209a04d351bd7d6022a8ce7f642e130e89
5034.666415,28041.182209,failure,fae215a7acf20daa3167a630551e01f10057e42c07b201af2c21f7d053a2fd48
5054.325752,14201.154981,success,4f3ae2a8dbff2b87749a4fe7d47e13f3df1486d5dd968f3fe8e77e9d55c37fa4
5071.831831,15202.955539,failure,a0082f72cb3b930280152b956511c0529d7bf93ee12095c455150a6d02c3100d
5090.711994,27767.059423,success,fad43d3898b1f22bafee7e14b2d5accb70c52a85f7c55007dfdc9fdfacc1f6fa
5110.506433,17410.811020,failure,d467f27aae6f4b0f14f5d59c077cca3d645d26af3356b4863dd1025617641af4
5128.277166,18059.871412,failure,52bf3d9b7748eddcfc648e73df6bdcffacebdb10c7534359a8e3b115adef653b
5145.609661,13116.012648,failure,3f24f06f85c6e7b2fef1315a9f61ad515856dee2dbf63697c8638abd2e8d4f62
5165.308171,22552.603249,failure,3164c3811fbea2db1258135b2c4f58859118efa96804acba09be494bbd7b02ba
5183.027759,21622.415606,failure,7d9af15dfe57cb59d718d15c06e8ec178c9bb4224cadab5cb4abc92d21a3b6c4
5200.647800,17323.273892,failure,047a8adc9c1fb1f0cc5a88ca3479c9b0e522e8f1d84c326a6c0ea9c60e20e9e0
5221.278560,15097.312646,failure,fe74b1f289c8c8ab302d72a9b4c353920f3658d6ecdd68d0ae9e6279a26fa238
5238.231727,26908.192666,success,4ea8a98d6383470cef20250c34d83fd09a438360e822b12621215376f00ef25d
5257.492531,30562.746942,failure,70322b90bd1f1cbd08baff4264521695da9bac3d57feccf6e6a3a1ac75b66d4e
5276.245286,18216.068239,failure,eecc9f80e43fd0e14c1b0bb02050e4236f60169c0f30f30b13aa92d6400685e6
5293.909420,17893.932756,failure,d0964ff3e6d028acdc2d21004d7e15166523f742cdf30abd45248f98e4b8e1fb
5312.635696,27009.216521,failure,a5d59d79f071f58d20ba07361c0abf913b674758b5d5340871154cd9f5aa73b7
5332.396853,2337.401848,success,64ab601b6a90cde6a9d3f529778a3fa1bf4f178e2929eece38f3fc5f6b2dab22
5349.028490,30460.871732,failure,d618797bb2fbe8c2c306f18c7cc0b0ac4003d3f47a99c8639dfb8b2b30003d38
5367.558811,25049.428677,failure,8f861d8865a7c9f150897e0d9b5028372a0b913009d1d9540a55aa92529369c1
5387.137187,24881.001594,failure,97e1d2303a03ad119c158d6189b870299329b20de923fd0a8173eb16bcaddf60
5409.387309,29102.059727,failure,9bb858edb3a220c680ced8c7d2b1e11e810f06351bf7471c7253ec2c24c259d3
5423.561059,15489.000267,failure,660eb91ab0404205ccef0724f29750a12980c6beaf983b4af3cf63366a7e05c7
5443.503334,13812.340115,success,dc8288fe3198b2c732facff6222f36d81fb58785d84b8309dc04d05913940ae0
5461.438724,17224.508817,success,ac2187a6934661ae2ced76787207ec4782b06c8aad3c7e5c94b0fbea144bd3fa
5480.699718,20416.714163,failure,c9608072d1fff981291506123b6dc3692385a7b784356d157465fe5d9bbab05a
5499.334684,6313.566775,failure,868a8be5e607a622958cc8a3eaf19567cd24dbcc3cff50ef55339c8031542bb5
5518.030974,21313.545051,failure,f40f244b24b69d109eaf37f832fdfd854beb13e313b0ec99c0eb5c78c5d7a820
5534.853016,27236.631207,success,483f291d0952abd85c6e955893e65631989db23dfc0462c39098b1f0c5fcc11b
5554.557838,10117.548173,failure,5399c54dfb4735c17ebf8bf2895d11555369c9b73d4491bd6a45cb81f7d806b8
5572.816341,18811.733535,success,a3297592596a441d6fb627ebb5528046d2966115a429e2e9da84405a80a2b682
5590.644712,19215.438264,success,5c4480ae1b833715df64164304701a15a8229c35484bf24f9bea8eb5501a328e
5609.844882,31074.079307,failure,9e22d456ebe8f2ab2c924acd039438872a68533417702726fbb31e44d97fa70e
5627.960779,13171.886747,failure,c129ebc67aa72c80abc8606efc33892a7bcf3ebc84424b4d1b849ceaa608a57f
5645.671169,15271.496813,failure,2908f35bebb39f8b0df9b95028816c3d5f100f93c7f32b5acaea14dd25e38017
5664.664614,20065.264841,failure,1940b7c95dc7bd9aafb96fb7ed7fae0e859c22febce7f07430f5e189d4a217f1
5683.953920,18704.128919,success,197b28117427ab3acc025a0a89f2815e77aba5643397e0b4bc39a284b1283cd1
5702.148083,7991.390349,failure,9552ab75ff1d7eabd41626dabc2be5f1853dc1bfbea491762ffc054bc98d22b7
5719.680842,13562.320688,success,443b98b82d680003a9ee500bd21066be5fd9be288b5ce18fe53c8aa103e3fe80
5739.298742,10610.826287,failure,55f55148aca0e78c642bd68402e69079ea54ef130d4383eb15efd60dd8eb532e
5756.656704,20351.209165,failure,06c404e080662b585d0f84c675f757b2c6bd19083e60883a1121839b55157e9a
5775.658504,23072.141173,failure,8a53835147564a8597d081a1a295419510896564a25fc3dde3105f036932c21f
5799.867101,20056.701367,failure,51fce0c5c25c751fc105bbf2de6acb6f571643487f543355196c9a7c1bab56bf
5814.693919,17119.874218,failure,3b7c58bc13efd3ade24a62990e270cedde742a162c59a9d7c7e3064459c2fdfe
5830.888230,26322.003219,success,e0bbb2592d5ddb1b2ebc8e49677994702552b9e754acd1bb1caf9b21db6d5657
5850.192715,34652.369637,success,bf4d2905a2296d5f792fe41f167b6a980a17733a06ff7d5716a385a3ebfec927
5868.536186,22057.953481,failure,338b071169fe64f0c99c405768b57da165537035e613469e8f7c71156e7ad24a
5887.278512,20010.416804,failure,7e557bd1e94a9c75a7cbe47aa96e0655fdd1fda2f593a915fba353c87a511b7e
5904.689774,7232.163179,failure,9af668b7d6f316d1c4f57faab51831752d4baeb59c02989696639b5caf059da7
5923.639326,19916.139074,failure,35071b063ff23f43cb2d3cf3fab6d5b4faefce4c745ce4809312a1f82abd8de0
5942.627370,36815.086241,success,24170c27019ae02d9da02d44f7b4c68f6efee6c17866a239d74110917504e988
5960.992823,6601.447598,success,a9db45c758afd28af097440d0d88c2232b9cf44c7524f54196e084ab68a3ba83
5978.622442,7363.303977,failure,d03d7e04e81b10acf0637fdd56f9d0d2c9b1dcb4ea6751396bbe4dec99a2abfa
5998.629328,21727.677927,failure,8e2724ee4a313a1161b1fd8364d31c77664ac071a606e13fdf97c0abcedd6000
6016.850791,19891.972358,failure,33a1903660be639bd003659f3f4086cf8514faf84e804f11883b3a648a8baa5e
6035.628944,19913.768192,failure,568f07874334ee8b66e82cb6b13e1683d01eb1160b57ce3cc7a2815d6a2afb81
6054.388442,19676.734260,failure,c2dc1ff1438c136848492cb49e75aa56db82f6b16a9f267658b9f110016b4e59
6073.123965,21646.439828,failure,21770f8aa5f5c143002c3f99b3ff7b4f9196649fa5346c26d9797daccdc3b5fd
6089.627562,12172.333789,failure,264beda422fce8c83c5785a24c6fd0e07eaacf95e84d396e8df4d164e1774f9c
6110.286495,26210.779265,failure,518a1fd3f5b288f88c16ace1dedeb74d46699df41e5cd9157c68f496a2ed9b61
6128.235821,21593.712351,failure,54cbbe5a9e17fe45a8e8a992004d54275452171f46052b63045a403c71effd1e
6146.637681,19935.860195,failure,99c178db1e96ca2d2627d6b443c29498234655999efa4fbb89329892e159154e
6165.103190,6398.077633,success,8f7b4da86aeeaeabf3487137e9744e048f5c56b6a7aeea5920be35fe9d71396b
6183.003164,21535.770435,failure,2bbf79867e6438ba62c3003d320ddf0bc9e68c1f8d8fd68b5308087e1f30db08
6200.679540,19709.746430,failure,b73b069629a36ebb7e311f73a46b8f1bd30b38149f1f7a36e8587c70bd036596
6221.548735,19675.021662,failure,051fdfc9ad77920b825456e558fe2ab85faf8ff3d575895b6435a017c07ef86a
6239.464168,19670.621948,failure,477fe1ff587b7274d43a53c3dbce50263d648ae3ecbc5489a098ecbbe7d38e29
6257.657639,21468.922876,failure,1c6b4dec6f037ea521afc57039550d129aa0ec0e3e271907bc45727628e26ac2
6275.652169,8099.848237,failure,a494bb9263ac9489721bd438838cadc0975827cc3e74e7f5e7216e74432c6b72
6294.700526,25852.131066,success,2b5f89dec0c8c05df00538e8cb3009e28c665859ac79a266b5615bb97b113460
6312.604838,7713.482542,success,6f820f9447b740e294ab363c05711696475e989d8c34b516b96e0fefe1474a17
6332.486700,25594.105488,failure,5609a7a149347cf6be3d4d91dc36b21d44fe2a8c0ab32ceed2eb348d0dcc6108
6350.466643,26014.144484,failure,07cdc695e5ceaa1ca7e0b8efb0e39c7a13a0922a74778d54f6ae4298a66aebe6
6369.375950,25935.179805,failure,5e9cd72925688f4534383cc42a75fbbca288a2b54fad538937addeb46d4fc892
6387.557950,22461.182683,failure,45dce5d7da7de215e56bb524f662ed52c1e33bddbedac8ec3f3a2804557c9163
6405.848443,20513.394597,failure,b4fb3bb28cb822afabfb7e8524775be1b016998b507ec41ccee204f8fa5c7fa1
6424.545675,25840.443426,failure,997f8611f4dc9cdb25c5ae81c7c50f8f7b54161af3da464aa2ff26d92527c42b
6442.961731,19149.378086,failure,ab686427b8758e525d1a0a625b142b673e6615f38e2b13bd2b694363df69454b
6460.657855,23902.154341,failure,f94037d9474014a4caf1e61fc4c9d153eabeeaeff753bad34ca1d4e847f9b626
6483.928801,23933.943057,failure,f4e8bd992eff3a7c4549a3357736437a65a86b5797ccb92c8206fde550673be4
6498.033222,23150.987438,failure,5ba5f3f4df7125ee70e335c8ef9f05ab893e4b9005b18879ce52e968ae65758c
6515.672249,20289.915856,failure,bc0c62318195aa4d880cd149dbec39764bbab91ec1680152a2b6ddecc4fb8a43
6535.679986,26322.233246,success,a91d5dfd96c8388ec0dadc242666dbc9ea5f2c401bbbeeca696aeffc435b14a2
6554.424045,6010.397941,success,9f5555512611c09d1c3b9ebd6d4f9d28035151899caa8892190bc927f71d8bca
6573.421847,14338.803833,failure,24b27e43e61832a5354d50934010b605070d91ac144c47b02fe4cdd16b37ba1f
6591.360022,12690.109034,success,ca2d2d382b146d3500f2ab9a506b44d72665438dac72d2e112985f6c51d1a4c9
6610.278887,36147.573714,success,a7f5e284b410e13d0fce61b767eb6bcdea070fe1f6b20795003fec36db2585ee
6627.841321,5937.735643,success,3d60176bb11ab2dfff5c9c34e7a12ec8bae99b301b4ea75c28b5ed4c49e3ac40
6645.781500,25619.369323,failure,665ff21ef70c9e488938910bf7adebdc982003f14ea1dfb1a84652ce2d12181b
6663.696322,5901.504130,success,4eb90808afdd4520228f1eb583b63d8a04485c95bd5cefecb4620c3c50b455ca
6683.707916,25681.607435,failure,da9f5f75869569c54147cc8d7aca41d2f04c8bc527da117c8bc7c666445809ec
6701.653174,19309.803938,failure,76e0447db3462d101b9f88c57416afe87d13b23c9475b550a1d8459502a5525c
6721.919023,21201.278041,failure,63343b1ee3d2d517b3d6854cdf58c2f54e4e1a65fe0c2913232920652fbe3079
6738.711881,8022.182572,failure,5cbfbc14c50645660c8f705e40facb48f488de746ada7f05db581bf849806ab8
6757.638440,16029.011574,failure,acc39f5b8ca78e8a065e6066dc1278586f8fb94fbe7ddf790baf9f08fa48bff4
6775.984256,18817.004993,failure,b07c0ead35ff99ffeee746d8335b77f8a97d238bf272fcde2ad33049200acb54
6794.260090,20125.355325,failure,c82e8a43ba271b092217e97a3a99b573fde618cdd07809b2443e6ee7f9e6c4b8
6813.180398,29055.806446,failure,cbd749033c95389f21def9cf9073f23e102cf4b22565455f4fb773dec20ca286
6832.623621,12883.638515,failure,20bbb628d38b9ebb6f4ff39d190d566427d95cfa4661dca88f402a4b5454b745
6849.755441,2774.954476,success,b78f73eaebf5f096b7e2fb2b974da5ef99e8de9ed180c00679c3eab517e93b00
6868.669127,15918.753128,failure,3bc67843a223c40595553eb7fcad4ef473a60854007f5cd80310d1cb61f9afb6
6887.415460,19122.221275,failure,4865c6b0843bf9115213fa73b5959f949c6bd814e107a7afa27c5431f05b7b7b
6906.575665,12808.112735,failure,f6214aff33467da6fa6354239173c2560d814c974d71239d9f820e5e37f90514
6923.682699,32009.192885,failure,54843561df4fff2bcd54a9dc8e386c9e5de980b21fdfc25c734d5060f65f1dab
6942.658981,28421.907773,failure,52d14f88947a15ae1fff82d39e06438641cb3306ea739e4a30f15c30030e6da9
6960.636459,23277.005701,failure,e9e70359e653246654095da28c880a0872702a0fcc0cb1ce5a486a20ffa91f80
6979.656803,29264.119497,success,6642fb144c4bd8254bbe37dbcf556a0145668458f58570538c99987b71b6015c
6998.630240,19930.739335,failure,b0e3842c2a4239c2ac13b0ace05137772237a28db0aaedb4663d982e2e4aafc4
7016.844279,18713.411816,failure,f9143ba0a0dd5dfa75b9b6c628483ebd1ac818b5d0aadefef0fcd19e1f36bd99
7036.253569,17352.091960,success,79eac45ea89defd310afe5ba7a1362abab79c4d49efe3ec295df7a81cc9dc8fe
7052.628687,29191.429950,success,5d5b0bfee0b421bc8d5543f5b8f83164fa4621bc22c25ab983445d938464846a
7072.622168,20850.897728,failure,0252300703a500a4e34c4301b189f56dbf4f6127dd1b8e821b67855cb906b62a
7090.621186,21857.083799,failure,0f8cdf0be08992db27ee4ae8fdf44ed0aa34a1da64d168d9a9cddc6583c06203
7110.431605,18799.052938,failure,8d6e0cad9b5ff9fb439b5e106f512c59ebb41e4469c3b7a0307c9e419fe494c5
7128.161320,25651.446881,success,6f7f341e8e2e893daf2724cc26860d0cfc70f97be557abe172c21096692e95cf
7145.616324,23214.112358,failure,0309be04b5188c414b0c67f47e963516bd862e7cfc6219b5ee14df3185e60a7c
7165.403649,9284.144294,failure,60ee3e0c7630420df2190b5d0707bf545391e03ff132e137f1f788b608cac9fd
7184.076615,12011.392498,success,01f7111ec2f423694f599aded26633f978e4a7a629d97c7cfb8fcf620d67bf75
7202.422311,23007.660508,failure,d1f325399ecdceb404387b8d0ae807a479ef2844ee9dc0f6415d323db8e59bf6
7221.311169,25637.038827,success,2dad596a67822fda08741e7ef8528f22c098552fbee6c685fc87d88f6ed78d37
7238.158879,28127.095868,failure,dffe2a2ad2a9e8798ef652cc0d5b74c4df19605342515cfa397876f95aafd24e
7256.642822,20674.817359,success,568abc00a854d4a741d599fef30e45ca76b9944a38fca5c241ad7aee6484d919
7276.323579,25090.413725,failure,99ebdf88bda56fdfa975914199abb24ccad13fdc9fd5f31c17433002f0636c4d
7296.579670,11711.406456,failure,f782aa020190a8e5c4a1ff10766b56e5d29776db08e310b40bb33938ad505dbd
7313.346528,7495.177943,failure,88fa0e38ddbbc6528a42d4ed30baa3864ba04f71c7d8beb9d20d2b52d63ec64d
7331.066516,28912.557720,success,bb600a8a3b9f090bedade2cc7b3358514ffcf4547a2391a66f025cf9c20beede
7349.198432,20573.298585,failure,668a990d9641f99794a62782bb799e1a051aa6727097c679d7891b4550714c9a
7368.411396,25489.782399,success,72b4a07a9f90f8859276efc185271cffe826932c5b6a47f7195b4439b452cf58
7387.129306,12920.107823,failure,4f144592c2ff4c9a079ebd30e220e316afe77650e475c4c3b7102e9946440585
7404.735161,34226.898238,failure,617d1a93a3486671b66b3a13b9a793c3c56fc66c19498d1ee6cab89bc9167bdf
7426.263656,34348.815990,failure,947089841a124d3e1bedc6a163307305d3ca8ad49b754fe44382efca31a6e1f0
7441.902550,20688.724207,failure,dad2af386188426e4e9ba42cb9ca385320ce7a282db1761f6506002e7116c91c
7461.716685,20264.291402,failure,0c9e6219696bc90010835e2c3067d7a318ce4974248d0101743ffa59580b11f7
7479.643709,19450.076410,failure,fb64292bd3cc36898f7a81470b1c7abfda6c713b2acb271e9011e3d05ffa5c25
7499.420515,24812.043810,failure,9f821c8bdd7aa8ff909e9566642c337cf6011534be005ddde6843690275deb61
7517.124403,18423.394517,failure,d1007f5061f46386b4ee51fa7f567d0ac167953aad5355306934bf71ed16cf0c
7534.735527,12778.420467,failure,ccdfe7c8061af5733900a593294973c8f63c3c9cb0a4490f816cd9c9ef190d64
7554.438666,20171.793519,failure,085a360e6629eb8242b493218713b229ffaba3cf5993a90661788ef8a9385ba2
7573.120679,31915.985025,failure,2405ac620c4c498550591b8ce686cef7302ee2f3cbf8093779567edd685c1327
7590.379806,12723.367421,failure,a9915773c6014e7411402f108f06511080c03eba5276d8b1a571125c446d2b26
7608.982591,27757.418525,failure,feb1faf350caa3c6a8b0096a3d10cb4006d9f7739bf4adebe850485aa4320216
7626.616699,23405.451993,failure,513a4b35e6cf5757c981885ee6b1a92a44184dbfac1adb75851ef5edaaa8160c
7647.349448,22702.241589,failure,0e4407288c9f2ab0cc1ea6afb597244711983aedc81629d6c284ca1afca70255
7670.873958,25586.965914,failure,7afc89ed01825fcd3e6d40b5d055005f153415299cf23b6b6a7c48d0f54b6d81
7685.735732,24460.834052,success,fde5f8d389eba73568c44e5ae870112d6e73b11b2abdf16a982588251ce64c5f
7702.362249,25345.151658,failure,f1ec78ec8378fd83b1f9dea827f0f7d570e58acb9f3f85b00558f540180a0337
7719.885970,31342.643041,failure,dbec703f57a6088b86f2d98b3f8ad5ed1f48e9d243298b09c20bccf0d5b18ced
7740.283404,21919.084933,failure,4b7a24f924c001d7e2251638e2d7b246c3a563d7257b6f5c7183864a99df1fcd
7756.833679,31298.715119,failure,c9dcb6ce1e00a132b1c202ace62615ba537936af7860d136dd07eac4a7adb2d2
7776.149314,24876.524302,failure,7f0568523300ae1a8cfab9c7b6487f7c9a72017e1024fcf87cd098edb0b4fa5a
7793.628131,19011.909259,failure,38c52bfadff29b99e2df027a9803647172132c6c7d65354d4964cef2f5152aee
7813.135384,21133.806868,failure,939a1cf52929fe5b632f6a08ee3ee1f15ef0a68a5aa2c0b526e96d8dcef0c718
7830.707926,4733.379399,success,71ae0202b7b678c24b6288546fdbf479f0f868fd62dc9b7f0135ed9768377fb8
7850.339711,19876.307960,failure,f6f8e3b1571bd953bab6353ea0a6318f23cd1fe03d3dc59c0eb9ec7d87ef772f
7867.923815,27502.272572,failure,83e6af22550767b08063eea2f2b80d754cbadd41ea0b0db023dbccabedfb06e0
7886.689444,22959.834485,failure,450ec9ccaaade1f2124c5c677d46f494d896c191f91be38dacecb59522df43b2
7906.153015,28347.410946,success,67694a4ccfcd44e257b0811af8f076e7661500b34fb06a5f3e87cf7a7c8925be
7923.502651,20003.611822,success,8dc2b75b81b9ec124b4c636c54cc6a4e248618f2c712193115ef58cb772ea462
7943.185542,19777.863482,failure,ad952cfb61bd274dbc6c3342fa816388be0688e9cdcbc588d24b5c09f231ffb1
7959.640699,24362.999648,failure,978a3d7faa048ab5be30ccc0bd444a791d6f91b0a7887c73f4923bcc24a651ca
7979.667351,30181.122028,success,c9163acfa296571b4262645d47b540f974d8838605c206474a6396de87ec4f6d
7998.660654,18109.494786,failure,5bf148f4d35be660c3178e2ff0506f7fa050242881c28c1044ffecd6813c0165
8017.517042,18911.419184,failure,e475e847656b073909901d4417d13ed3c08791eecc9957b2fe2cb73c2b36ad15
8036.146096,16761.618840,success,a7a2de8ca798ec5eb4538ea2f824a808dc550816c518d27e2a7309410d12f3ee
8053.271143,24312.341082,failure,82c816c1404b8c3858cce71afa9695a55267240ea984d78e9b570afc9bdc1a56
8072.308880,24785.745705,success,befada5bc947c8a14edb4ea6a3b64b36b997ca10fc77c2841ad301d77facded8
8090.524933,19635.920821,failure,b40358b2482614aa7c297d74a5ee03090edf60bbe3f2e1c1deb7b916979349ab
8109.735622,24149.052820,failure,ed44a68d6f938ae5ac66045a16bc35c27fc5926b2a033fbc3cd7ff44212ebc11
8127.680649,6597.853420,failure,36e0b15d77d16dbc67bff286e751d3727c9a94aeb6cee7869cd20331f3722e05
8146.657613,32648.217669,success,c084980846deb075cf218b8817f574c13af9327a1168e6900e4b29fa3ebefb07
8164.598562,17984.258833,failure,84d7b0c4b4e98cdbbd8ef084d9c89ed5e86906a05029f3d4b2e5eab7ab65099d
8184.227933,18646.435048,failure,ffb44f3aa41f68f6e9a91bee8076c23f64ba92e3a9193c1260407407adfde551
8200.807743,18554.557833,success,652426c5d9b5dc2a4dbcb5b88129733f84c9e0ec20201c94210850e086387313
8221.435055,27614.086881,failure,059d480d9e70b44bb07b7d81fc1c5daaec2176ec9c33456d6bdcd168044e94dd
8238.871233,21410.423989,failure,fb0e8764539400c719482c240fc61e214442f3076888054cb2cc3def05643cfa
8257.613959,17478.686343,failure,b9c3084d64a3be042a9372795d07fa103d31bbc65e8141705e90275ab9e82060
8276.280924,24034.238117,failure,c34db9739233ed19a7f85bad959ceed5cf75f3b782b0f55bc0823b3a5d407740
8293.925180,24028.452828,failure,d7a986408f23a6a1698d40cd2def0a6c1da53e57c19ab3a4b6f9cd755eb04ead
8313.521489,19412.284852,failure,91dfa576ba9ec8e4873eaa563722348bc2e33670f1e7d435b76dbfc869d3f295
8331.664946,23933.402301,failure,d38469d7b70489150c1c9a9f36152be142c9c5e14b9d5e611e3953edf93e75d7
8349.623309,4216.725065,success,3396c333e49ddc2954b267911593f7f136dbcf1b416010de155f3168a6e3caf8
8368.610681,17641.314513,failure,dd68df4b607aa171307bf99380d2a78ba0ed891ce70b736e4efb286c204c76db
8387.266425,4749.181081,failure,9b1c568d5eb0dbd86d1aa15ac2d13d3bf1a97ea60c76912b48dd9ba4b16e0797
8404.738429,11975.236426,failure,33986f5713eeded6a4ee75f1493b69753ccf6feeb57e961aa16e2c2f40d7ed2b
8424.017496,4142.530150,success,e0f9cd237e5a23dfc1799bf279c004063d2078e20b3d428acae13b1842b18cc1
8441.592413,18313.897295,success,16c681cbc81e6adf3e5b0110392be627ff0546749458d18b91abd0a3cfc4b376
8461.000601,24270.994042,failure,53f22e06aade57c87c46083d9f1badc1b686e701fb8ab746804d13deaf0531a3
8480.632616,12436.198597,failure,05e00f7ace3cc97cf39003cf2acc470ab36d68ef19aff305d93efd2129435ef5
8498.634009,29332.850716,failure,153d5681b69830ee4782569817bc84af1dcecb28ddf41e42d27597df3956444e
8517.278101,33438.430031,failure,cbcacfebe02ed6066944aad90b9199683d43a70bd64ff0cce584035ec42ca888
8534.824825,31001.954224,failure,9a2c460a9bd9a40183cd38a80e5fe7127ac4461876666054b4fc0ccc626a1cdd
8554.432965,10727.399038,success,d38c366925250fa017a8c574ab42be47f731c70f56d483444b8c91ca132fa4a7
8573.015643,23354.463410,failure,1b4f0c90e0dc30dc464cf5550c9210e8b6a8095ba9da3d81c8ecce11f1596b77
8589.569755,26780.337142,failure,93947a1c298f2d0e6550049984808980d010ad18bee0982209fb9b6bec661e44
8610.130213,21829.338431,failure,983408e848c208a631a6d4cec0e992dffbb4a229aefc0904491f87cbaccf304c
8626.634762,28942.613337,failure,09002ef61ad7394931b57132efbe7eb9f9373368394e65b0809477593106da93
8647.194008,5331.266849,failure,830ca96cb83e999883f5f328ce5ccbdb7df52c3bdf8af4840bbde320afd904a0
8663.676436,5361.895101,success,2395407abc3249f89c865afd4c35b8226d76390a7c980cae4312f8b93249851a
8684.239228,19034.271220,failure,525609f8c06242aec93b35182e72f2bbd236cc58e6c010d695df97528f420eda
8700.725784,33077.591182,failure,3c4bc9b0ce9894d028ec342a3cdea9fdf9754e199349c3ef51b31cc0be85c40f
8721.720663,19209.904596,success,56bb182988c4556135653c8e14d5194ec388a6b03f7300ddb22b93e7571a2c81
8738.964151,27091.134797,failure,6fb78c40cab9fb54e1a596e8c84693b6bb247eda3a45fc27fbc932c7645fc03b
8757.486726,5268.259958,success,0afb649e04d3c36f841fa71b563080802c522fe7ea75cea549551760f33ab00f
8775.878186,21586.435790,failure,5d251c872df39ae00244684a9711eab9864865311dc5b4b73ba3485cae1b63d7
8795.102881,17215.086926,failure,8e5eef1f84f3e789a23c4ab8ecab9824309a5664aa9dde0dede1a83bf812b13a
8812.173737,12045.985528,failure,dfcc7b6a7dee2d98fb5d3a60c06564b9df006973db3c04902bfdb5ee9ef5b06d
8830.942461,16905.316735,failure,386796a9a305caddde14633df3f2db928c7d3010b3ac7b341484c7d41d49a895
8849.618232,28634.948213,failure,7636579e7c83ca31c4bf3c6860fb007fe14d93f165f9c86a1c5a4dae29efbaef
8869.313896,26876.207181,failure,f97e4ce6b76c329d3dac97944003021d87586e1afedc86210ec1a74ba3442e37
8886.800417,27402.620635,success,66410c25a8ea071ab0215caecf8ffa7c817f0542ffd2e0a97d00e5eed616f07e
8906.484139,32868.164122,failure,44d44a5c4134890fb2e2f3a44ff5350c74d709aa4f2d89ec8b41e4f5715ab84d
8924.092227,31703.371986,success,34df7bc9744f6eea078cf50679c9808c5f991c6b06628bf02ecef5f59ff446ac
8941.651134,31685.007566,success,463723fb655d03393e2d2003e5044e0d21ecdeedc74fab260dcfa48678b49c71
8961.291635,18765.221354,failure,64abfd3d1b16019da2c4d40b966f84b96e1a129a114fc73b91dc99a7eed6fcaa
8978.818732,17029.276357,failure,402ab04a1146dbbade103b7d1a285d22ec021564df4727c8f2f76c251035caff
8999.393176,33014.022310,failure,13a777dfb87f5b84a2aae31a486dbd230862740da90093346ea85af827445d81
9016.221880,23305.883880,failure,32ea7b1070d80e11a6b9cd12df791eacdc310fa163ebb696081cd696169af27a
9034.801031,3072.102563,failure,f5fe5ac623387cdcdd9539a5e9d287394fd7a143a7b6a9829f0f7018ffe5bd1d
9054.414872,14743.132503,success,5db4f54a9bcc48f622b682462b35384ac59db6026f157cc3cf67c888852cc071
9073.042633,22854.157129,failure,69168f83890aa704a666f59ba698faced264f6b0d228c6ce950c1ea12525e7e1
9089.636278,22837.276228,failure,ee97ec911fd85300ae863124bb6e6ba454cd462e0281ac075955022607574226
9110.052527,28381.652506,failure,763cbf3b4aed069442bf9e2f51dc1ebf21ab2e2a23012cb5a674470f428252ee
9127.561150,26237.350477,failure,fed2cd308ff182c46038319a8779d6dcafcbef981d0e2ffec619c1ffd4cd5795
9147.214415,31633.912487,success,4515611ff97e42b0ebdb7c0d215f0918e8a4515f1553b016c22ae1d95ced4840
9165.177165,32624.946368,failure,5f9e991e7853e6a11b6e84cd8bc5e6a4a44b9d566bac57b4eba655569bd8cf4f
9182.768011,23183.113867,failure,20c85a0d6ba3bc693647ed2a1bd61ebdfafc01baecd7e69ce3cd9fb69adc75c6
9202.641326,17628.338857,failure,225a41ff3dc3aea9f11f93723ab62b7c5dc6fc3d39147ec94932ab799754813f
9221.604093,30696.076330,failure,370ac3f7762b6f07320193dba57ec0c43268d906a1ae0dfadd43434030bf31c4
9239.418697,33128.512413,failure,4b251a8a59f36573076e46f2d7c74d3eaabc168c5d2fbc33bbde3e3faf7dfc6b
9258.180368,33500.524342,success,c132626c22971010cc5200f5ffad08e4dd8d74d0acef15f6f5f3b0d219b508f5
9274.840116,32502.184860,failure,ac03dcb5565e63c4d00762b04c25692772fd5f100177089d366a01e2be07d316
9295.520267,22963.609592,failure,94ebcf9a5de197885e4160faa7925dd5b60952c581d487fbb7f21dd2fd34777e
9313.225076,26055.197492,failure,fd38fb5f0afa71daa734ad2ada2117467647bbeb15ab6e64c7e8b27eaf651ea1
9333.884849,28143.246704,failure,06d4d21d54e72f1a3c7d11d5981ea0ab17a024e7037644b023c795ee70f6b70d
9348.796977,16665.095930,failure,ffc7816dcc0c0d74e965946192f39e6956824dc8bea1aec561108c921f81c99e
9368.941999,2959.541726,failure,f8706bcfb59ee80a6fcf20e15c2114e2c14b8c7fa422f8f47b921f344823b012
9385.588263,19561.775085,failure,b15710b487db3b252a09df7ba14724d6909aec3e55bf57e689d4543f535dbce1
9406.222538,23938.380006,failure,7382e5aee43b095944ceb68d2135437e5b444bf0e117820873ffccd4c2683bae
9424.022134,21201.497299,failure,7ca937c902a0e274ad81f4c875386b99b1cdf8d2b53244ebb73e6ac4428ca9d6
9441.639279,21209.148861,failure,06332f68a6101556743d3acf4d75d3d37a25da7fed7a2fd66dfa4fc3586b1e28
9461.442063,32503.193284,failure,34bcfbf2e872d7f5458994449c967b1ec55162b127ee4831a661d740210dd20b
9479.625285,10832.619579,failure,ef9250654db951c15c8c16117f3adcfc1f6f19a98e4cd69abd36794154fad597
9498.607778,26247.516975,failure,1e160f829aca1fb8c808bfd51aad4b771b27eed5b97e92596874febdbfeade10
9517.364891,18614.326323,failure,ca6db93b79ba0137c1639bf3d4e2d186cc74bb62a313b30fccfe9ca6c0ba484c
9536.180623,26717.523941,success,4220a95cfedf0498e6175aca1a76c55437e9bb871d90345e427ca0e2374c8524
9552.608869,6118.607632,failure,066c03f71c2ca9150c97d9c6a324469e23808d6b17f3d115f21ef817f9c7b4a7
9573.272570,29915.554043,failure,6ab37b77efae832cccde1a48e41b81be30cf5754ef117fdd616fd17fc2308a3d
9589.604016,15512.249036,failure,6d870d776071b44e1f87cccb334388b82ebfe50dfb7c1ebb774c3ee95e86f5c3
9610.343057,22547.108560,success,be6a0788949fc5ed0f0fdc1800614d3553d5f1acbaaa1bbaff6d54af3060249a
9628.334851,17203.512791,failure,136ec714014589d9cdd7dfccc2c1d6289d44ce6be02cf5832b984f97722c1515
9645.659180,5209.854524,failure,29af6a0ccf13a8801e89d7b9ce653cf4e85f9c00f9b17259a31b50afde91d091
9665.086994,16243.135996,failure,5e86776c57ad17d6cb10327fe521aec86d77e1b841d24681120bf7f15dc00e5f
9683.244879,26135.162927,failure,b479e1d656f3c3094a9b17b89855892394d42935aa8d8b75c2d6330cee249a0b
9700.763961,23029.762523,failure,0d37711e1a42c6a1deaf293d517e9542779b69d83ae0d710db633796a43eacfa
9721.445184,18004.639877,failure,56c5b345e823ecac7ad31690cd2aa42ded88dbb46041b6e929802679f921679a
9738.725551,22581.773321,failure,c721f5e5139825c284ba50354963c5155ecc5958a7186a08120512475832e682
9758.445239,22562.890204,failure,9e8191479dc2712494306070eb91af57b20b0b6db98de759d462e2d04a03b23e
9776.106937,23954.710053,failure,b609233cb5f397a754a9d837a60dcb1747fa2e98d7ff6b37cc00f0214562b64a
9793.641789,6309.941251,failure,b938d1046215bbafa0626eb5af5822928be0ef8420541e7ecbb59b1c792d879f
9812.630583,22508.167637,failure,a8dced79d29e2a7946b686e64548e153e3e86e121128d94a04dceede1796758a
9831.607256,22321.200637,success,d639d7a4926b1c16f6aa010a0b57c9c4bd470962d0a9ddd1b4c2814bb127eb41
9850.196204,18077.086763,success,bd0e1754fca9e0ba34d6ea91e1183cb48fecf06717246134e0c73c717d37f047
9867.719083,17850.506403,failure,7f5834e40fe7bb94d141ce582560dc3f7e27dee6e6d1d82e66348c3ae460d71a
9886.980486,5118.509707,failure,b42873f30440be762213df3d1af123a0c4716ed2cde4ac71d19e8753ca3229d9
9905.668921,20920.324983,failure,14c0ae657210d61f7fb8f0ed522e63d2dbb29a5f09fe70b81d8fde0b32355988
9924.443035,25895.041379,failure,d87a142e433d84248cc541df97bf8772a56275b1de6d3fd7744f59893d682c5a
9943.188265,22203.772017,success,374d8a1a18d2bddb17a6e5dff8fae4d9327326ee62fb4dc5d5d077cf9c324b3e
9960.490973,20665.397639,failure,69edc661cd375e9e0b3dace9b5521914c0f197da6456ffceee1184de971dfad8
9979.599892,23750.928239,failure,61471b39d28cb58c8a2a816e6cdbe6b1dc1c24310d3b03e995219db79238ec91
9999.372960,20417.942139,failure,6e832a2ef182ff98e8ece976f05b67165ce2dd02beeb797c9b512a3d863027ba
10016.704803,31807.578732,failure,af5b92fa7caf3b32e8a5997dcefd080a864858a7add94c0d9b65897ee18954cd
10035.644396,31596.311816,failure,8aaa20054e2b012d01c62cdde4b38f14e869bdfff81865a754a01bb7f548a8cf
10053.652871,15807.667303,failure,f45f8deb6da5aa5d4d7bf08c1e2670d39522fb86deed9138069712729f1d9ca6
10073.360026,20603.156148,failure,00907a812e8d9f1462123e13085dede0799979ddc81b918a088dff057dc10eef
10089.914508,5580.614380,failure,de5dfe5d3617d30d0dee9e6b393e2611d0bd83769c45b0595431917ed4ab0608
10110.508408,17812.350835,failure,df431de20ec67bc29acc80c896d29946ff1138e282120ac00e44e333891a6831
10127.622554,25720.871706,failure,5227b8698d066b2458ae59e91d57d1dc882d4ba58b0f98bcbae50980bf7ff01c
10146.612712,25725.773124,failure,437852abf25a3c7672eef22c520ee4d9e1381105d5d797179a6f9e3164ca08e2
10165.205307,15769.867621,failure,267900c8573adb3389734df8af78ed69c4787ea73495e86176b4846074dfda0f
10182.602161,22674.846644,success,b578b7fefe50b32a1ab324973893619c5f73b0fb003aaedf57a4b929e7118020
10201.556892,22063.627424,failure,4cb4c8b5547f89ec23ccfd1300c1e07af721448bf4e0c0336a0077e5aa1af4d4
10220.594708,26462.934665,failure,103b19d99fda9e304c539a9013ec044e26e4577b2fa0515e2f9c41d1a09493a8
10238.604285,21918.987975,success,464c57876e7f36dbf65f17d07649310b51237081ef91b47020fd90ee1ae7d9af
10258.163575,19400.905053,failure,1e714ce96ebaa8f13c971b86eabd8e94e3749b8ef757e9f5c983c75c930f3680
10274.605617,16531.025428,failure,c2d85717e1658413da113eb6ee42d86363d924258aca29809059038806e06df0
10294.643850,12496.206452,failure,1a9708a4f6561081e2e43ef36ac2ef8a02c2c20575743738ee0878ae475fa3eb
10313.427892,25930.769584,success,bdfe445f7b87ca776e41ec8afab858903048e61738ec8bb0f89de7ba375a00c5
10331.618458,25912.301951,success,ba09c59626aeb9c7179634bf2d5f8749311855f6cd9a588e6f7460c8b86126ba
10349.602337,17577.287286,success,8106095461fbb2a44b7f816aa3cb51d78125ed297e967db5baabbae2b91dc21c
10368.606160,11657.453556,failure,20de918f586b3ad4b03c1341d2018c7d6d4d13c53eb88affbebf7501264a8b77
10389.250464,34160.891162,success,3cdacbd606f921188f858048157c76b5760ba58e3b3dd54b81402985799262fa
10404.781045,26455.131895,failure,43bce289df4f815779c8bef87ff1e0828bbc7f99a6d1fe40651c617df6335fb3
10424.376151,32180.758927,failure,f44f099bbf1f8db8bd77fbc0bf643786e401bcab43a4337e61daa7fa81b7cf51
10441.957129,25393.869466,failure,ca5474311be1d6e5ecc7cf1399fa18dd2aab6b8c4d193da0fd178f2019f74fd2
10459.840430,30167.751591,success,462d36e56029453cd674e0a3d7efa890a1c7c6311e9cf0ee8be7bc433eec15ca
10479.650067,25231.617360,failure,7f9cb2d97b7cb9f4144a9eba40d991f88a843744d136b9f7bbd6df1704608245
10499.344699,31195.849916,failure,910e40ef3736b5a745da7facdec03ed712e7572d9a6032c9f44b1bcb7aaf8409
10516.036687,24849.556011,failure,7bd0adb249488875fe72c8b9a9b353b6cb39b656fe4d692cddeecc3359364e83
10534.715153,22118.915629,failure,aa99132add5c22d0d616129f144f3549b9b0c568edf8ac04c56d72e21cef1349
10555.091046,17576.276544,failure,a379883c8b6cec1a96c99117875e3624dd7eb8da585030f2170ed0979785c550
10571.817509,28257.332201,failure,0c21358b26ac35581a6eef432b022217b8153ff69abe8eb1e3defbdb0fbaa61e
10590.633681,27234.633964,failure,9772fcf68bb370cd979f66b9b1bcef60f45aa89a6a903fccd2125c13386975d0
10609.653504,26866.850568,failure,3df7a2e1b8e3906ec3903138e9a04e174a68111ac4d214defea5519db5e067d7
10628.399005,25181.229571,failure,1e5da01632fd8a636004869f28a32462b4b3bc28984dd7d7fb2a926b3438b18d
10647.074054,18989.755119,failure,faf43680712ea3e38f3b7bad33e1d64c3d4972a7e5e99c3fd36e9dcdface4a3b
10663.681875,5437.210124,failure,7e2ba2542bfdddb893da09a95b9d15a41556e2eea55e7cded12ef3d6449448bf
10684.282337,27140.678085,failure,1987b5b947b9631b3db5fab3278ff9182329aa49e8c7e6fc322a8319515b3c01
10700.839084,25562.720507,success,d7a097d660f379aeb1c146a0e6f4491fc026c39ee165d09b983c6af337128017
10720.587626,28112.399283,failure,0a39c5844dcf9271746c29aac2a6ae9976d4b004bcae8c956aacf4f699734d37
10739.217070,21525.895351,failure,52ef705322448a74e104f6fd6a032c2424cbf3ed8fa4f78caa9b254d418a8583
10756.783240,31202.248803,failure,5f129f8059da9cdb1b3f77172ae2deb33d5bd6128223ec84ce4e70cf15775f04
10776.373356,24590.534946,failure,264da57b3c0bdd6a0aac7a5f6fe4eb2594fa7c62cd5b7c617b2a465b6905658b
10793.953222,19857.095925,failure,283b9f18e13c3670ad53da6d8f270e33508e5e8fc44410f4fa09ebd77a88c626
10813.485721,31944.961479,success,e3e1d1cc7b6d13c654549260e9cf056d72f845bb7ceaf92ac707d0cb6adda2bb
10832.031508,31926.263097,success,69681dc235e4292cf9a8802272ebd35f3747c3463b8bb82ecb1cdc3afa12135d
10848.597181,21805.299577,failure,fb91a11e6c9e7810faf8ba24b1371076e1c458c1f97ccb64d5057e3d80612119
10869.141588,25394.264296,success,fd651249918f2b4b875e785562ac0436e55215fd29db2b7e92d41914498eaa81
10885.661656,27947.003493,failure,f16b190545b885e08ae5403fea39ef230d5a8903b9c8a08d5a5dc7129d928490
10912.725529,24453.395695,failure,dae83ab03bf554e597d8b8b11b87ff61ef7a8f1363d53e2dbc3a4f100b7cb357
10924.308694,30853.507267,failure,6b751eb9711848eb6df7721cfc0a8b3fe9ba504a07f6cea35c5565c28e861526
10941.816004,27788.509818,failure,75640c8be1afdd63331c2d50bf60be3081277370d4bd05b21c3a3d3a389c69cf
10960.613101,24865.013774,failure,8b16acd8fa183410d47621f0ead4f5a9eaab1668eb38dcbc3c524adf3d5beab2
10979.589712,30652.705833,failure,332226c65016e52872093429469325b89287ac9af434a8cef3a20b934cc9ea87
10998.700074,31014.655941,failure,7a64b4763ad3c7df78b33f82a01c3819f074648f3301f15703b044ce5bd6198c
11016.652153,30947.863691,failure,fd1a3d2e884632e39bd9a67177c7ea8e09c4a4e0bba7c684f8aa2741db4cb423
11036.176557,24739.172672,failure,a42390eed4aed87b56d8370061c95aad1a92fec623d37fd185ed109ebabab097
11053.405067,18607.890707,failure,c87b41b6ef5b55684e80b130b68cf2be4d0e1561a64b358b819368ce5a0d380f
11071.780757,24747.952732,failure,75ddc2d1747b3da477e99f6b966a39d2d04f0547f820e95237854cfea1bfec83
11090.640320,30874.075808,failure,381e64fba0117d6ac258fceb5ab38bd9751bb104e58f9d5adcfad4450fcbc404
11109.627482,21747.990198,success,71bc94ce8f9401cf6ef93f101b2796a50a764b1f68518b94b1fabdca11339422
11128.285028,26348.560762,failure,fdc8d8789ccb76082f0c6e7de881cda5791d69ea62a4f52803124d4021c0eb6f
11145.837673,14789.914934,failure,52f2cf1c01caeaa88e3fc3afe8f85498349b0ae5b1180b1004d60391cace7638
11165.732969,28322.761966,failure,8116fcb2519d882488bf78c0fdc5819e58bbaee58dde996eff77eb20a832a46f
11184.083322,33366.120290,success,00025d01582609f4bcdbaebe1383056d769999e76d3c56a70bf0d198ef94d661
11201.498970,28715.627880,failure,0d232363e2fe536b1d659e0fad82c1c89f887bfbd5b8945b9486613da7cb3255
11220.766976,24145.890739,failure,57ee06b1db06902cad3fe574cf7f55dc716717dc9b84e9d7e20cdfd35da36e73
11238.654365,29388.501142,success,59ae6e8983b5f67cf9d7943baa3e33e6034ea7f6d1feeffbf1ab423ee96f38d4
11258.491663,30516.934520,failure,bdc91fcb4c57c435d9fa9fc12079dae4276199e610f1e99d37fee2010334410a
11276.306767,18372.101060,failure,bc5ea590d85bd06a4483af6ce53e0ab670f29570edac7caf2f7dfbfa38bc9a27
11293.990626,11227.055410,failure,c93a6b919660422a805f34133776c35c3f81b0f6c3e9bcd59f0842fd993040a8
11311.682841,28177.767146,failure,96a3e9f2d1554cb5982c645906758d474092ec1e574add2d61553e554d309e67
11331.731163,24504.676155,failure,b368c64264386f4289266f06c9be9d6609c02e9d1db5c53d578a10f230709b49
11350.568625,30789.593991,failure,04dc17e2a1c29311c5b08ab795fb6bd813e21a7c2f076e00a58f5df176eade25
11369.041837,31389.794850,success,c4d4584ffba8a059acab04797e19b2b08677b09744c0ddd7cd1ae9e3bb8482a6
11385.642004,29241.657081,success,4dedd52692dda87422aede173d29e3ba595f435b7f70019344cfbc4ad0b7530f
11406.251433,31164.532437,failure,92f10145482b1c9717fe5ce1361a09e024f71f9564b05ca72c01b977b43bfa36
11422.803290,30361.522547,failure,b65e40233e656a736d24e4ae968440f643d7fe257cf2c5cd901dbe4f49773325
11443.397981,343.222526,failure,65faa8405016645cfc4d219f9f374b71dac2925589f9f06cfb1b70898233bb92
11459.993559,23911.525706,failure,a1c6cad6d19e11c21ef0b4b8e864bf12c9be5e2c95f7f448694c44ee8ba4fd6a
11480.268875,317.083589,failure,061d5afbe126a876a322caabe75186b500fcbfded083922024cdf62d69019f65
11497.687759,24131.227638,failure,9439375455fb20453e28626d4171dcaf7489ad39a6b04ab937dc88f1fb0457c7
11517.508306,453.481084,failure,45b98bfb3b22bd8c8a1abb5171e31530d1f409bbce2172e17f250f8cb7cf6300
11536.060636,26032.494891,failure,532e508873c3fdaf4684f462f8d99443b40963e90a4594380a5714d3c58b51aa
11552.557771,29073.953053,success,ea0caa2d592f93bad74ac97cd68bf1c5b2bc05e1e7d92ea47a2e1fbe7fbecd26
11573.045993,16153.109539,failure,a0ef3318d51136b6d3c7d2af51500a773b6c6be59ab8d614a0e05cc251f857e3
11589.592220,6943.288802,failure,681a2a290de77213b48339294c7154d5df389a323e557d2e2006055cdf062bd2
11610.096442,30765.398640,failure,c3d4f0f91c7b8bbfbc7679f710b85cb48872d7db903792c88124bd64a5e37b73
11626.543253,160.228777,failure,2932c5d5056ff71cf5dbdbb7a7a73deb785cba58ea5ed0b42d3d80753792f2c9
11647.096907,139.612456,failure,593c5f30dcdc872f17493d567d87e3d275295b8acc668850a14eae727125e1d9
11663.645698,18698.387645,failure,cfd16a01e59425d1dad0fe616c264630a97c71da88bf678349e6393f556e94b2
11683.696204,136.379863,failure,9a6e18599ce23a252c5de8d3d42969146b3aad050d76272801df2e08ade4988d
11702.618444,18565.254100,failure,e48daded766716b155467c6af6a3273abba56adcba37e10ed6d660382d71b74c
11721.587221,9266.925436,failure,10445320ea694671ff91f0df4f5b9a503bff48009169920d5f03f7a365c235fe
11739.366419,47.026684,failure,3e5a04aea9a75347b107329419943e53df138ec3f749259dc2e78a063fbee175
11757.086946,30500.360477,failure,154ba7bce988961167d2b316c9440592d8cf14a8ed2f2fdcdbdd524be03c5161
11774.799268,12.026032,failure,2d02e7d1c5d6de99fa8b085f7ac9a25c83fbbed1f74009c9ef84cb10108e71a6
11794.928781,17.369543,failure,68d253d5bd94218e47c5bf5298088959a81ace577567f4dab541f60476ffdd7d
11815.729146,3.800602,failure,0421a1f0f45bbfed264d0649ffdc4faf96bf6075cedc9fbad85c3d43da1728c9
11831.778284,138.806862,failure,33ef024277adc31f541cd844637747f901a4202cc677887eb215af6dffe6d217
11849.701009,122.003926,failure,a2838390fa2ea06f291cbb2eb63d68593cb128f5dfc20f54bb960a9943717c7c
11870.136934,101.207318,failure,4a6471b329d22cd44c38796bef1f04a483cc9ca562e2e3b9a378fce2215f2120
11885.591523,86.456693,failure,cd41197f7bd5ee9667d5f49701375bfeb1b9acc6863cd47f712cc5cd98cb4414
11905.651967,66.753105,failure,3fb82289776315fe892358eb0f1c678ecfda27905e93d32a5245b27f19e856ba
11924.484650,48.645044,failure,3e6d348745fd8c2ff38f049ace25e6e8a8c10ba9abfe7fc30d853e6b0318f7a0
11943.180577,146.357842,failure,02d2ace89a9a5dd54ce0a49abc8c06027656094881ae37304b4421e8f7b7a0dc
11959.609234,29988.108100,failure,2a5703aac3102b947bbf2bc4463521fb27f828c1696cf49f2700afa4526b6216
11979.626928,27510.176748,failure,b28c305b723775dd03f036828c79dfe86068d14a55ae69dc99f97ed357e8c282
11999.183302,29696.103646,failure,0df87e399286ed6a3f66afa6a2aa89ed4cc1841833fbcc3c5775a728740a8ee7
12015.867445,30351.928754,failure,be1673d38a58d8801e5c54ab2675ed1c5ef984845e30f7d0aadd248048b93ed8
12035.517463,74.941535,failure,cbf933199ec3fd056935a4b8d02b6e4af7359be95de0c811754d755609d2f88c
12053.873467,56.954921,failure,8fc0ce09e13e5c5d3ad27c6800e361cf98d504466e9e161584a8b7be9246b43b
12073.422536,16.550174,failure,6ab6a1a5219c4b4991b8c0fce95e1fb5c036f5697bafe354caa00640a9b47777
12094.720840,11.175915,failure,0c7899d6a569bf6ee7be0c5616d89ef9b905bc36e611a1d3b2c1e0f857c01254
12111.357846,39.553459,failure,da44877b64d0d2b0ae80649721cd703a4b53d5f44cb4034095df48e1bd853e40
12127.304072,23.992862,failure,bdf1cd3ab8f434bcfac356e51045da18fc6e06ec2e8e350917b32797e906e8b6
12146.106579,4.405791,failure,9cac372a9343180c78f15ab627067f793d9fe7883910f847bac59bc8aff28ce0
12163.925821,29979.251990,failure,18edb08ece89c6ceace754fd8d935cd790d4d8863f6af0400b8632698213d192
12182.747513,139.196779,failure,0cf7a3c2dd1f340609597bf43a356f626c00c0c87d9bcc08fcc949159f4c307d
12202.492438,119.874603,failure,208637e1e02025746a54102553b810e8c35aaecf497a60b1719d29fe8f1db558
12221.248408,101.509392,failure,8b5d943e6879a776b075a7d53119c6d3b99042f41d43f10cc9777ed851e5a81d
12237.870265,85.246274,failure,767412232c0242b2ca4bc5b1cf94d95ecd3f5f5dd1859cf6caed18637e4f9259
12258.580902,64.875071,failure,18e8bc598f4a1b182a3d526cd3c0578caaa8ae507db227007e57f5ccec46b97d
12276.253731,47.541355,failure,dbaa597283d90a97dcf4da5c1c10af04fc3ea3ee11b845f118c8f2e036535151
12293.999295,30.111610,failure,1c0e7fd2942b59bf7e101a93253abbecbd518fe3149136b61e73b5e8eb4ecc54
12311.645434,20055.355241,failure,3e65ed8fb7c14242b88668b1185c20fce7e830da12d819edb77613aa9d36b60e
12332.178119,2.284623,failure,b446adf711a065db297685ecd2e6a17e374fb5db3b4f57ed488e8b9f00741b14
12349.086010,3.384496,failure,e7ca7425a59d645635ca477efa0835961814f6689142d11dd768400277c19e15
12368.136409,28.835840,failure,ee68ff8a213e0e0ab342b1602a695f0630cbc75a2b9658b7528ff6f06996b405
12386.079883,28240.706645,success,a53a3864a5eb3e32a9fbdfda9b0756bbf91dad43f0afe6fed47a5a5fad6b0480
12405.703602,109.462463,failure,264eb8e0778682bd663172741535f2873bb407deb690c85be2b101b14f0298eb
12424.542296,92.575341,failure,e959d9c4a736133030906a56c2fe9e68e0e598f217303b2c894a5ba2a6133760
12443.258982,74.244695,failure,62c78bc5d47a63d0515211a013db74008b4e0ad3637340e73137784ee4069cd2
12459.876361,57.988270,failure,2fb9576140076c71251770b782c2d8be394ac7d7835b390730bb2d22b9ec8e22
12480.536454,37.765603,failure,746652d027bf56a99cfde406439e7d85448b5c80726be67a05eed1aeca64177e
12499.180535,29454.795405,failure,a92888a8e4bb6ec77a231848330360fda41319f35d4fd593541ac405f3a03eec
12521.861729,29622.117317,failure,86fe560015bbcaccebe2d5ff974aa7867eaf64f44fdab8a8ac62949c0aa911d0
12536.528228,20242.915115,success,66ac1804858ba0851deaca426c6853816077c9e5c40a06af726635040f0ba28a
12554.342811,2044.176815,failure,6bfc27d78b576e5a5eb29d49436c1d3574214b410b8bbc31fee0d85d25194455
12572.216364,23263.897597,failure,55369a1ed22bf82e2940a8d318ac5d8fa4e2180677b88a06d791698071f4d9fe
12589.925971,26342.787871,failure,917520cd929d3806f23c20c4da00b0988703f0fd513a59df7dcab3a6c4cb5c61
12609.588523,29023.025666,failure,1ccd6ba370cca330be1f0156a82f6061b702f75f3f09cd644e749792b9b88c50
12628.238254,23190.708237,failure,8050607ac308f804a9b04514e8925698ee62b853b853e69213f6299e1852b238
12645.812459,26412.721378,failure,1ed699282d5a2f272fd45b34fb61c04ea85d03268f222345db21b61085f11be6
12665.493685,27961.539854,success,f823697714c4cb9637f7de1663564790279e8ab584d9acf0757568c2df4fcd00
12684.082392,22684.031460,failure,7890fcadd4c209216202844034731da681ab119f57d70c339979565d3651b99d
12700.661340,29123.302429,failure,a052edd177b5e0c9ef01d395b7a884d8d899e5048162f409cb3dd00198dd0de0
12721.280336,29292.182729,failure,48733b360a7a8130ec90c6722e49ce27bba67299141be5d6e15a68ed0a47d1a6
12737.900740,29629.813325,failure,0c99e967117c77385425ba259715e6b1035c921f03e2ecf6d0c75ab2083ea1f0
12758.491363,26070.568339,failure,40201b4e72fc54966da3f72426fa3b4836144191e0e4a7562db3742673e28077
12776.080165,29008.521556,failure,ec1d0e84552a87eb35f470b309e81a52e03b4d95f3d6bcf9d50412da3f090817
12793.601090,22575.714324,failure,f71779d7b1cbc440a28e0a16af32c3e25090ac161bc401ed70d3c5361dd27d15
12813.144579,29418.575735,failure,6d18775f9490fd578015de1528920c4653b077a0b838ae3892261f8f85bedf15
12830.612905,22978.700533,failure,7ee701be9d34586fd291ac5de5489b744cadb1b00fede027aaf5b97677cf04d3
12850.245300,29289.529723,failure,d8613ab9e22fad1cc92b8618e4d13065b565d12243b59faefec9c439f6d22726
12868.064472,14858.312964,failure,b777b5653b4a500284dc8d562286040178516188422af3719cff35ccc7f5c370
12885.565039,19373.847357,failure,fd57b5a4948206110c9fd3922ab8d3bde9717f24bf2dd54da9e1617da3bc5b99
12906.114795,26078.932487,failure,76c310a8f846580a16c09f800f73b2deb580e420dff5b28d8fb60572bfabd31d
12922.617470,26010.174388,failure,262951728540d2ead426cb02fe232ae1e5cb97f54a16163ee850ae8ad77fb2ab
12943.312468,13812.173894,success,28598d22b039263bd4ae37e41e2f0a9fa64d813b93c57e28b6ca6fc3dd5c5932
12960.111666,29415.081984,failure,bf8b1e0f0b0cb91786963d52c115aa2dd5c239979fe0d7231ce3e650e9f5c612
12979.131908,19673.868207,failure,b31ca305e33acdbdffe051318b07c064536c6c9659ff77b59d738e2a4765e92c
12997.725094,28950.256874,failure,de1334f5ffdc8a59e2dfe52245ca72075a80ff448c0f03e52f6425515222eb76
13016.590047,17691.950560,failure,54ad7502ddddcbd0193db2c5f9c9ad9e46deafb2a353f834a5c094ff690e7775
13036.229094,22832.474852,failure,6fbb41d66f16be058319a6c551050efe65a805302529309056fd506663831ca0
13052.775891,26027.783259,failure,59199350b1d471ac0e182478f60e8ad30cb19b578bf937e6101be82f1c1fdeb8
13072.862093,26423.160356,failure,d426bf36ef0937c43847a4891557621970edb9e402859fcde575890225d4d416
13109.065921,28.836981,failure,ba73c020914cf14b723b992399524638fc31c59de0b5ce4f7657090ffb80d1c7
13112.077401,26.160326,failure,442893f6a21669f1d9c5524921679bf73149fbe800d0c917f4527f2e7c252469
13126.936949,10.613465,failure,938ee1bb651135af4971108f6292b0b931c2e58deef1cc28a45dcde9119147f5
13146.295914,5.161722,failure,63e10698b0ec66392671399d69e63c453a62a83a221003c6c72dfa50ed71eae2
13164.140052,5.371213,failure,cca553d1d0dfd33dc710a661bc469edb5ffdab60bed9fd5960a08ad0b8f000a5
13183.171726,60.283071,failure,decafe4a935ad31341ab3268edf414995eedb8d0ea01d231b62cdcf91f220f1d
13200.859632,42.986495,failure,005f916061946afefa27695afe8fe223184912d5c204ab6950d8d323ae872e4a
13221.510037,22.676715,failure,f8c3fbd2c28aac947e7536338499016e58ef75db13104264823a2f55a1d2edcd
13239.656699,3.305779,failure,cfdb0e9987df71e18a78ee1ebeaff2b3744715aa3ee2f4b921a20c6e15eb4973
13258.161861,3.415273,failure,1131f4e2a41c3333871029d30afd00a970eeda59ff7a7ccc1311a9aff3b5c2f3
13274.726281,20000.517814,failure,63b22bf6c46fd00f0c01f15b6415eb220f4f9f2be63ed815b92cf2acffc211de
13295.126849,10070.698359,failure,c8eb02b6bca8547e49bf01dba1db53b76d18cab4af99fb8ab19418b441d42cf1
13311.693353,29056.065666,failure,dca26cda703f03cc6d8be19a67432c398503970f666ee9de2092a2b5fec306f3
13331.757964,25399.527599,failure,db5757a9ebe74bb642c103d2aa1aad620c7f71393c4f629b3aea2c515f90d997
13350.295676,4.213463,failure,df147aff403cbead576ce6233ba6c63e069022fffcbc7548bde229148185c5b5
13368.275888,6.223584,failure,cbb129e98da9d3eba40fe57621fe4bae4b0684d2ced64cec45cccb0b49c0114e
13386.117061,2.363360,failure,53d21fe2acec77571f1b986cd3e42727d2d6981024ed2364f10bf843a89a0daa
13405.118348,2.386103,failure,715690254f5a2cca081b4563500ee26bc13d1568ddd39aa0179110586a8ea80b
13423.130369,3.360190,failure,1193c82b862af7e74b4cc2556fc27ab5c8620378e71745f0cf1b5c83f6ce49d1
13442.151674,2.329266,failure,2b156f4835d5719ce17c41b7c5cb1e9a47ce7ecbbdfdc22e5dc576517f7836bf
13460.142916,3.328321,failure,c88e1e1733c12f928dfa8650596cf2de5706b021aae8692ab0bb7883494e4aa7
13479.468028,16952.915155,failure,6dbdb53d731692f230d846d20761bcb13da4405edc2c2ae65a01e10b2cd160d2
13499.070026,22246.769765,failure,6ac96c02f5381e271792096d050320b483e3e26594a5438e533a108b26cbafab
13516.095085,3.399995,failure,fd5994a3d76adda4ff6ec339be6c393599b753b5b1c1f62d40fd07faeb9cba2d
13535.561270,24.351010,failure,e53492eb98d6a652ef19c326bc1dd578be43dcf30c6e0c16c13b349556120091
13554.286302,5.225751,failure,e83bcac38a2c624e5922a46465077e49d65a7cab12f33dd2fa800dc10ee1bef5
13572.294215,7.201088,failure,04982624547e5b4b5629bd72b8dacdfeb7448989edae3ee34fa269b3e8117613
13590.091195,2.396983,failure,56559f3714019ce64b54ba9351665ff2e491b92c46b244bd0c7a34746d4e7431
13609.141925,20.726436,failure,603fb34bb96052b0efb91db482395ca4381298f37245f9cb371c2b80127ba5b5
13626.823349,2.603238,failure,4c629a0eaf3dc7263002a21f493597ddc3ea2b9ada521e206de29d9b221e94df
13647.583879,7.955486,failure,2923e2b381ef84ad094e557ba0380cc900f2d5215e94f59eed7b8e371af237a9
13664.996171,28.961744,failure,9bfdbea11656df2f3acd3ddf25a7d27b16c79819582d015402b7bd32d3ebb960
13682.720075,26080.843691,failure,f98ae8bc1bb7211e168cd8444d0c53f7b4b02e345ac7df1e7283297a605e84ac
13702.630799,4.854629,failure,b1c7393d68005e5eb40b00ed304754166b31b94af26f5deed4ccb6058e7146fb
13721.194580,4.320352,failure,d4042e898717cd2c6759df20074425d05943d367d9ae079935b340ec88e2aebc
13738.182360,2.315641,failure,d18cb61ed76c6e3d47f707118d025a87e7ec61f0fb704f33145b8f60fcc60c60
13757.120489,3.358688,failure,898297f3f820bdb17f9fa32ea95e981b86bd09d459c37fd2ad7aa3e19697efc6
13775.086755,4.388629,failure,e2ce3325be07fa1115fc46475eb04a454a47b89386d4bbdb0a69dc1ba068c77c
13794.575191,11941.766188,failure,f54528c6858132aeda275223a753d0658aba8830b89dd31b627fc3d961f289e6
13813.202129,24.774651,failure,ae772c30f6beac64ba0bc803b7fdeace5efa1e1fb878212bcd2c1721d26eb632
13830.953644,6.610686,failure,c1950b63ee8a39864c7e5fa5262b63f82cb03a89b47fb0021055634b7e6ab127
13850.105292,21969.875028,failure,50707ad71e744ee00274a1ec1503268478b0aea1c06108aae8a07e9665ef0386
13868.445235,1.936283,failure,e1cb2a07ed98908fb6c7d6458559e0b3a6ebe8d3df96e8c5bde660ae06f8e899
13887.016980,1.861674,failure,78c4a404c2bbde9d8e70d3431a06d3d6714eaaf849eb3fe4751418a337b80538
13905.546206,70.681975,failure,8b4ba9b96e64e3bdf06346d039f34cfb5c0c57ce17d7452797b4e894fc30a9a5
13924.308347,52.317717,failure,66016d1dae0913aa76fe9f47a8ffcdc87e9fc7551432186249efc05961c0772f
13941.916374,35.087855,failure,2e7829b0589cd9f62f5ce64691366d3d7251d221f238f35a917680bdd73ca9e4
13961.508965,5207.007235,success,a42cf3188cc572d421ca727c3e9921be7e63a5a7f54375af99104232e06fa50b
13980.086651,5.389427,failure,4ea0424cb8f03dfb58aab72ffe03bdfad895a0695892846016080e051b7a8be6
13998.133096,5.374079,failure,596622a81727a9d70eb9e4a902c3b02868ea8a70d26377a4e570ba5a10a44597
14016.304675,24971.913543,failure,a7b57aaa0f5550eb3a3d45b7335ed591afd9b33598bc8f5d58d3e494256e73c2
14035.562401,27789.530985,failure,c6d8a6f2d0286cc3607c1050777c98f497d1d273aebfbf4f3aded23b8c226f5d
14054.384313,21763.483074,failure,02d5f75d12cd6d246f1f5c2c20fee90875ec6b0715bbeba4ab3901dba024fd3c
14072.082989,27875.384549,failure,c3566b08dde1ddbc246a602b8c6ac32f0905566815e912eba68e7788c06497ab
14090.282009,18231.311595,failure,c9b2fd73c9b78fc53b3d65a5357034ab18554955eecb57d4f43f8f75a25b31b2
14110.042904,24822.794248,failure,bd26f844c13996fc0d88b0e6960f9ca5bb850bd252fa9feaa05f2e871afe8365
14127.566523,30422.633472,success,c069f088373507c40b9d5a1aff652618be18c7bb50aa23ea5c93b94fc569820f
14147.255053,27812.094102,failure,76bf36352903f1644bafc1baca40c89455903a7686f6bd5b4f11645d669c18b1
14163.777975,30385.870321,success,11c00432088736fe5c684b7fbaf441fc34fdc24d82c2d21626ecbe98ecfb814c
14184.341707,24.851264,failure,2016a0ae0ebccd34e7713fa89797138bf103297e65edfe31eb4c7151c32c781a
14200.888304,28557.686534,success,271d8bfadfff58e2a78adcbc3c8226956cd2ccf8c88a8aeff67bbcf01a043387
14220.857046,27931.563670,failure,c15ad72408c06abcac53bc1c1534e23984e7ed402e1ed854957dec54ada252f9
14239.556029,5.591193,failure,6e433ce3e858380803e6879d40ece88dff0f4fc53b25271db3cb2a54505af142
14258.158682,4.325091,failure,497be9fa50d903ef4c0f899ca3277dbe1b196ef67c3c008c7a7394a5fb88fe64
14275.106267,27684.557806,failure,973fb3e790a893f6023292c9e7a534da3958f6d373f127e99c561fb789d7d72d
14293.593294,74.315686,failure,bf7c58ed63f4feacb3a15eaabf6ff67f07d961b2a74f80daa041df48f007aa31
14313.244444,55.042711,failure,60e7c3bd0334376728c02cc99d083a0221acb5e52d111f2140ae7358a38843bc
14330.770678,37.860860,failure,a4f2989646b838f4f9b11c73f9cfa639eb1978ff5b97ece80882249a62d67130
14350.365583,18.598025,failure,e87a1f7501aba7d7f4c504a2a3e421db43d98ea8ad1137ee78d61a4fd285d617
14371.179192,27407.400214,failure,6a43eaccecd311cc57974a0a8bc54285e614ee164cae6d5fd601ba9d159c6fa1
14386.144478,3.374406,failure,93c9589814e8306ebe515972ecc39976cddb7824444c1b3369dffa46d7ed636d
14405.165091,2.333624,failure,2d1b7891065ef73aa078be01ce35a7772b6c4cc09c82b84ea9de2586fa34eeaa
14423.116258,23408.647828,failure,22c893c19f6e4cfc02e9a16e2c71e6d50bb605d18bb393a52c8f1a2bf54efcf8
14442.536096,22.782383,failure,707560b5f97f237dcadfa62b91e3279d5463ae11ccebec5d51e70f7f6cc25351
14461.245458,3.277356,failure,cef6a4edc313a375a67862d310b37bf7c9ea2689bee0fae98989152a61fb0dee
14478.944806,3.565624,failure,96b0d35015e2b10d1683f65c63ac70979031533e3a2b3b2def1e7c22779a126f
14498.154592,3.321598,failure,6f885427833d8b3e11f72ac0f81502c853e068d278ffd4509272e11b57e2272d
14516.031882,2.481520,failure,e6f83c4142fb52b8c0897d3c28f41c9a41ead15a79c6a260fabdbc7437f07445
14535.064678,3.399964,failure,41b6acea2e4e5d9fcd2134da93d3654e2fd25725c1cb9af376e39c4c2bb59817
14553.078943,22.826184,failure,986f2aafa9bf7a7a205d5702780f436679857864827c5521d52ed8025bbd3f25
14571.723644,3.808367,failure,c883c35b91dbc1fe632362ad860451aa13111ec4662ee21e54850c934a4d2be3
14592.329886,27665.171978,failure,de480ec9bac597707793e0410f39564290f00e7fed9851dcad78c4daae5d9b3b
14609.507630,1.991657,failure,18397e860fb687754c12ca27a2d2a5e486981e0265faf645150b27937953b840
14628.098522,46.743695,failure,b2bc1000d9960cc001319fe7b1cd68f24676a178230636bc590a2d526bd2783e
14645.733619,29.432212,failure,2a8419ea80f92c6f8455bab30870fa9e1bbc9c634deabefe54dc667f43b33846
14665.388887,9.120839,failure,ace3aeb3030e24b07456623f6e1c8cf44e82a1a0a62b2b4bc5d5a6227a838c1c
14682.744352,27456.684375,failure,57c5f5280303e479a6ad6a87c2105580a6bfe3c82ccf14324c6b7353774be641
14702.466204,12.029548,failure,a0a104ee04e7aefa12a20c27f3a2165eabee785e2446f6c150c76bb5c983ca27
14721.551848,7127.127088,failure,ef61c843cb3cb7bc57c0a8e0a52738832fc1be7de4fca684945d26988fccae7d
14739.132655,4.356259,failure,5b4462a0bca44783f77d2d1a12cd1b3de0f2f49f6679ad6dd7909a2363e65c9c
14756.609487,21052.348888,failure,aacd18c09d72950aea837d7638f3dae6e235534c080740d639f00295539a7c78
14776.493942,5.050524,failure,0fe39d72162fc9c938eaa0753c2cb1fb0eb92c86fc9dc7a3716ff4bb1cf1dae1
14794.989314,26982.313780,failure,7ea44ebcab3a259170b2762911baf525f6d9591a608b30052572f296a90a4722
14812.153994,4.344978,failure,dda9a2f3e6a5e905d5ea64e65106811f7fa9ca9b1097dfcb70b29860393cdfb4
14831.084469,3.400064,failure,9b0a74687f8fbb4fb2c2615324917892691edade6262321088adc7772bd80969
14849.009217,6999.962506,failure,85ca759e8ddadb0bbbeaaf86567489a05fa4c476ee3af3fccac839e4e7ee2218
14868.113225,20.593448,failure,6bc763211c71ff053725d7c4ef2795b6447beb217763e8a10571a6a69162433c
14885.817411,2.556821,failure,5c45a7648aa33658faeb236724959e031c5a4b82ca454c96fe3da65c526a66ad
14906.336560,47.212179,failure,8f0542a6e11afb045e47f1ef967bfbff1e04e5dc830c95999031e6b5371f11ab
14923.166666,30.718531,failure,68290fafa0fe0a4dd67e94c686643950c60b9c4ffc463806fa29c4e6df362eae
14941.774639,12.416248,failure,2123edd2bc089712d2a9d64bd62d7a1175c2596246b0d20fdf64ec3d01bb5064
14960.798087,2.583280,failure,5a520795261d699340019cad8ca7e8b95bd3dffb3112d20e39358141edc396dd
14979.929035,1.871062,failure,0163e403f434054ddd29e77535db7acae01e3ccf64d617b4a4dfba21de260e3c
14999.422270,27001.635090,failure,84abac947a52c4a4ad0f73d0921e98acdecea06d6a655d091043a7b308223243
15017.083476,2.427119,failure,e613e74148eff60c2d41eb06b117769dbe435c3d2ac3d673f5885187e975af20
15035.106678,5.386551,failure,deea6c4d08430a820cdc0e2a2e433426c30ce1693362f8ce4512bd9925763e2a
15053.065559,2.420116,failure,56b6cf7b5a10cf2aeb0ffc04707523996299baf5f9e3db0854da701a75544e64
15073.960540,22494.990074,failure,b572ce3c3fbbf1d0ebe1e0844abb47db4cb54c52b8968d698721791807b14c77
15090.112660,23894.854823,failure,5f199855566f63f9fc7099c57ff9031630c48bf953529adfe543b0ce84e1c1f1
15108.794250,87.358523,failure,e13faf06bbcdc2d0801c9207d17482523b17d2fa7ca1d8d357071d0d30cd6069
15128.490293,68.003196,failure,1dee5dd77c6dce512daae6d9b42bb8159adb836b1487efbcacba3832120376e1
15147.142098,49.645620,failure,b6f520ca28d6f1b6a07d3655e6fec70a0fc45a9479f50a875cf5bca52ca46074
15163.789823,33.277256,failure,c3e366868aa8ad87a1d6ab9403ba9b5058627d1a41c07a61a606766e1d8e05f6
15184.403168,27573.714677,success,ac227c30ab58213b8f2556ff871b5cf7a70669d1efdbd87295d084da580e5a0f
15200.728982,430.267297,failure,7eb1e3dc103c0cb945cfbcae3687d8a90e2f0e272cda4856c04bd56c4164e672
15220.770720,412.115676,failure,52acaaf6fee122a6e37e6262b6f0dc34ffdb7d0b94ec0c4eefd6aabb5a83e5ab
15238.708332,391.906024,failure,97675bd9cfa2ab8562bc8feaca9ba76fe3e26b7c927ba483b2f6c991aad5deb5
15258.519180,8520.705888,failure,605d10ada1a9ecdaaa0ab2512573ddadccdca0c2944a42da2faf5a00df281362
15276.170978,360.990145,failure,feb2e2a11d1d6d4082fef99128ed8e3ef3026de3a474c8fe423728e55b0abc89
15293.943152,343.361829,failure,a413b68aa5e00167ff0515dacdaf5841fc6d880687d0bd2b028cda35b8bc6a29
15312.226108,325.143664,failure,a0f323619700b7cf5c6731bc2bfdb281a36d839035b57f44080b79e9bc1db114
15331.414915,31573.022837,failure,3104d70e26479a5a10a2f21a08482d9c938b083e63cfa9e90dec02cc2e1fd932
15350.552676,286.923986,failure,a53b59249136460844929598ad546579e213e5ef62f1e25a16deb327aa0da914
15369.483381,268.042593,failure,17bf9cf1c2184b77688a1cbe8b2261ffd226a5f642eb83a22bdbf49004fdc4b1
15387.239995,250.333547,failure,2a8bb84effd6a26951b0916d93df36e732d6afef4bdc04bc01f0d8961371803f
15404.870875,232.750667,failure,09f5764f1316c002d9eaaf653b7a6c537398528007c0c0c9c781a0ca017d6998
15424.510473,213.158097,failure,87dde34ba610194f835983b3f34a3922dd619edf4d2d138c873b8a517de55b29
15443.133814,194.580271,failure,06a2c4a6cf7306ff50d463d8da474546cd350917054b5aada193a463dcba379b
15459.679929,178.079771,failure,9d3d10cf57d751e7db3422ba0cafb4e48e5fbe32a90eb4aa2e79487e6c0807bd
15480.284608,157.520557,failure,b55d1c279c0205e9a5186669f04e7827385f182ce76c84e415c3d5b479551ed4
15499.411189,138.013365,failure,69b865a49a3fa11011ee5c9223e4d1a11e878b81de2b0a3f406e1c817f07cb83
15517.183362,11238.299713,success,49cd868ee72e7b690abbd28e19b7badbbb2a88b59341ab4d99a4655d6cfcca46
15534.860047,120.391342,failure,8beec26dee252bde9a63693052d13df8d1e53608b3f8eaa4ab89338c193ec445
15554.511136,26820.535900,failure,8fbf36a9513c304f322fbc389dca5757e536622e49ab0db87dcf0a6615471e03
15573.125140,64.728916,failure,a13f4c118f0e419c060c718bff91e92af99ad27c5d86e97a97fc5d4d52c69a99
15589.672147,26200.406963,failure,7f4c51613464d5c30af8f49ace9440e4456d353fc6934585f690e1ab49a2fa88
15610.359260,797.618943,failure,1ff2627a5a20bee9ded7c52b89cb826ec70e7a31a5a84c1578818d0f22419d45
15626.994261,12.978198,failure,27942a2b826b5515431a8336c99ae490b8a10072937eeca69cd86d50d78564c0
15650.553824,21.241677,failure,af85700db449e8264b230c4cc9ecab2a90a95c9e20f638b809b14a898acdbf1b
15664.870078,12215.012878,failure,bee5573b79fdeaec7ffd6a02d4ae222fca3bb4aa00c5dd7e9b1e880a77304e25
15683.859513,3.657926,failure,21d70b49eb90f74d5115bc5e46d754a9a6afd2a130e61f44fae0d751a7b0ccb4
15702.229522,2.276558,failure,2680157ff40c25925adaf296c0393301d8ad82b77bb4839f6d52524cf33fdfbc
15720.096131,4.402605,failure,26b38520f848e8e39a040761ae7b021bcf0f9cbd6222bb40ff9b4556c7ec41fd
15738.126706,9992.713719,failure,a7573994519ec039531b42af8d96d5328491f81395341e6835afeb81a4d23e08
15756.832682,339.082610,failure,6dca1dbc2a39569995d62bd0a2c31b5b794971ea9055fee648dfa6d778222821
15776.477078,320.884122,failure,4142f1d665023d38ef0abc73f0d370979c35162fe320f1b7aaebdacd18b32dec
15795.129264,26572.768274,failure,cf03429f6a84de4d01e5b8e599782c1f125efb5ba0f9b52f95cc4a7434f243cc
15811.674046,282.865058,failure,f4435a48e461b9269d4336cbe63c9f7e22422118599662476acdadbfbe825244
15832.290807,262.628787,failure,d1d7a0ea058b4de7b414c8e8fa209dd8da71bece6f357686e9dd84adcd306bb0
15848.959661,246.306199,failure,38d055f856de42b1f336debe41de6b898f943eaa29d1ca67fbc3a0588cb062b0
15867.559188,228.022822,failure,76add7e3dd3d16d4c6419d3478b1b625bbb182a8033087e3d3b4d2bf45bb4a72
15887.135287,26060.054713,failure,623ee1e5600a682026e1eafde417c9508474a35cd8fdb49ca51bdd5bbf6520ea
15904.643327,191.869009,failure,cd2762074225dd2c32ba3fb5c9ec7f44ab3d8a97d6c699f7606b8ea9376c5960
15924.196364,172.593300,failure,ba65fc893dcd32c1cd15bfacd4fd14b3f097ddc763aaef69b116dfea3b004fcb
15941.676672,155.390770,failure,95307e5d1bffcc660b3f947439c1672d2698b58719edca60b3f0c8cb50119be2
15961.228696,252.626302,failure,89c6e659882837b27cb84d23ba7641319cd4255c3874683d9a0e52e72920b56b
15978.781961,117.443991,failure,d7b682b98f00318f123b5bcf2f9c0ab5d6c967005dfc22082d41ebb932e1c888
15999.401487,103.572206,failure,b8132722af899542537a4a7c72c36784abf344feff7d5f73ced123913f4bc01c
16015.621634,87.008879,failure,990a490f60f70e5da800fe26f89028667d19eeb610517c2f6ca05e9caf20ad36
16036.312463,66.959286,failure,cacdcba8742c718b5e99035cd903751d83b30a8b86321741597b98a1d5ef7bc1
16052.861463,58.899848,failure,5e4c7f889e0dc3fc2aacc987d937322239aa712354470e44791ed4579bba06e8
16073.476962,25873.428357,failure,706d6bf5a50d178361a02f8735a3afdb6c19f83c24897a8600757b493b10a0a5
16097.836196,16.992238,failure,baf2f588adebe95d99ac6cf56c559898717641bc9c21dad8b02c2343ec6c839b
16110.383199,4.119157,failure,17fd71b0b5244e704c102f0075f0cd00183fafe2c0f76ce04cf9cd0dd2a486c4
16127.088481,5.384598,failure,53d19150a93ec2a3aaa61cbc76fb39704e64c62bb2f3868ea2cb2fa732b2a34f
16146.042339,66.807574,failure,0d840d5fcfe6714794705bdab56d9d448b619b7d504780e1457d7d29f65f0ada
16163.676856,49.485390,failure,9d44e0f0999222a51add90136b77a4b7157f97414e4d6b6318cbfde89033e9f3
16184.307923,29.150816,failure,27d938f7dc94ba01a015ddda4b58da9e50accc3e71fc3941488f8093ebba7a4f
16200.879997,11.634330,failure,fbd3f3008938ba1e945f98254c37337b5589ae0d55d3218a75a6b189203d0c27
16221.594009,3.895289,failure,9a4283e9745366b0ed0cee4d613a146e8b4c85eaaa851af195625851d4d15e65
16239.071462,37.566389,failure,3abc99afaa685a8278550e3573f83e7fb7f18b9a37f1a25643bd7cc72449b5cc
16256.846090,20.134631,failure,a432aeb8482733eb44a1cb943ef4d91ab17b439e7cd48f84e1e0c52dbd195d0a
16280.836336,19529.320966,failure,6ff0183dbf47abd358d412f9e7218f1c320c0426e84693ab57f43bfd47bcc640
16295.441209,29972.836872,failure,1646869b8ca9580a32f2a55c7a82a97d02548a94245a13e607756d02694fc4ee
16313.056659,6474.004703,failure,288849ff664bdba971cb5be0d907e99479e2d73b8fc0ccfe0473e4a643c538e4
16331.195847,36.421032,failure,6e9551052598e9830b65535592cab1d93ebb6f74ceafb62e8ea4c04aa6c9e069
16348.745064,25282.527893,failure,0fd0c7e196626001366cadf7490cabe8e6d14680a2db54b12e4b80dca6803231
16369.311862,32.949083,failure,ccdbf7939d89342a9ac68be650e962beda73e1e47df710d881842e6a9fcc4ff2
16386.093576,15.456372,failure,be1125ab51c44188573c1cf3bf250801bc34a2b0857b1454b0d8b6c297dfcac6
16404.667305,1427.404861,failure,e2b09d1e13cb5f50205dce165323ee786e5abe87e0264971ab3701532dee3e85
16424.608395,2.681815,failure,5ba93a16dd3076bd54cff5f253f0fd90424bd3596fbe8f5cb124ed3d7849900d
16442.950742,13767.513178,failure,f1bedddd36d8cad7eda9dc2e7f12525211390dca8be7044d90eec2d6cddd3179
16460.175033,8.859462,failure,a8088339bdaf2500da2b0fe2ce95e22fdf22c8c90a7aa823e69938ac7c0f1c20
16478.661479,1791.302625,failure,35291b0447990fdf160a7fd096671365196efee9b5fe2a6daa62b9327e3c38cc
16499.445983,2161.066186,failure,0d7b99c097aee9c480f0cc06bb66605f12142db550481e0d0f45cdaf7cbb9ef3
16517.106898,324.571501,failure,b7e388abaa369d2534ccfd2f7750f357439228d2effca260910dcb89addceaa9
16534.673788,307.106772,failure,64fffc799d64eed20e58ba89749a994b2654f6fa73106e522da8275c42e332b8
16554.277499,287.565197,failure,8141b083dbdbba5fa9aedda733ceb8570696ea062e1bdeefed77cf099690c47a
16571.803763,6114.119303,success,1f81b792f1052e982081519e16e3c271ff0ed26d39b38df1934fd2c371a66a50
16591.411761,250.530751,failure,0a4a1f489e64e86359c14065307cededaa562b0bcfc2f0dcbae8d65aa93d32df
16610.136642,231.852958,failure,0ba842b1400ec5a7bb65faeebcb45182a3355fdff732fee4b06e819e5d329f7e
16626.738181,215.156372,failure,c9ed6fb7d5c74d1ffc98f60996bf552e391bb8c180bb4569eec820f010611110
16647.335105,194.700501,failure,8335b06ed2e8065c9ff0e6d631bc35dbc28457ba793c0df3f08776b17ff51eaa
16663.863827,178.223355,failure,057f1c4797fa8a357f46769e3e306aeaaf9a4e456323ccd3d0d0c85771c425ba
16684.490056,153.107498,failure,8d50bb3f532bbc7b9aaed93cd4262b7854aaf43be73b50921fb26ccbb8f80435
16702.058008,8095.968115,success,6f854f76a9eb2777dad5ef324893f8c68166cfd42d244a4f69d81166827810de
16719.709806,122.430425,failure,8c3ea3ca5a961f60f25854c0b0ef0fde710d0700436f90d69253351ecd64130f
16739.392164,7645.312872,success,85ed7203f971a07778110a8b5312bd4ea6b75d09ac1f6fa2ddc33c04cddb0368
16758.617077,83.571304,failure,73891aa697910f538b3d294238e8f1447e2dd9e17ef4a8d8fdf150d080b8714b
16776.296597,3497.311462,failure,d5d48825fa4f6ef2cd03911d6899345ae1b92bcb63126747910df5129528b019
16793.863347,48.384655,failure,88ecb9887b9cfd88650bd663e85708230e8edd0feb6eb0b3877d1ed17bdd0355
16813.506150,95.183361,failure,823bae271fbbc30878b5a113f39e3405fe86f62fa93d1c2be9d284eddfff9c48
16832.297384,76.708658,failure,a55b182305a56d0e80b085de642fe589d99b342982c0194ad31fa48387106cf3
16849.387925,60.931438,failure,4147b139aa131b40c3be64a2d49d5e748a7a376da77236c428b5900587f1e024
16868.070947,42.572961,failure,d93b5cce1953a9727bfd7dd86ddf410f7f13d489df3e7b7e727b83efb4554963
16885.737894,22.586256,failure,2e2de36eb2ceb9f0dd9d0e68d01d6b3e019cdf50e9849daf0b3195fa84ef3169
16911.234480,1622.617865,failure,405f024e9b6dae82dfe3957352249a900c93731816b0da37eda042b6b1003578
16923.044498,199.829200,failure,9443ab3c838fce3bd43c6fb2b6145ccf897fb2db29e13b30984f3a89fcf6252b
16941.721890,181.594173,failure,2a09ad0f8ce426dfacb4d7cef226b63e63595710b6f665ef875a265223549131
16961.401051,162.314347,failure,659f7c804a4cfa38c8b40374a797fc4d2bb9fab8f2c1e13d60abb829f4c92640
16980.071780,1553.102369,failure,f1feb46d735b8f632da49728792a4dd44d1a0556974a8529e095a3f0b7ea273c
16997.764355,126.736910,failure,442c9baa6e30c30f5a3b29cf25071782ed7d4c15a2112d1f366def0eb3a61b95
17016.575125,108.256386,failure,ab1211502e28936c8e2bd885bbcc9a54340f897ac4e3bba7c9cbb9641d0c135f
17036.140444,87.980661,failure,0ec2751d6e18d947c71a69306d7a915db3d3507c1cec2aeba44079b5de3c63e7
17052.633811,72.863903,failure,a40bf75f6a3184f83b840d6b0391103101da65c0b0d60ead64307c690152c5b2
17073.159321,52.005592,failure,e56f29b68032afcfb0b995fcfaaed2f0ba81b66987266fa7d62738fdf647c69f
17089.640254,36.203576,failure,3fe33369ab9c372ebc4b7959fd13e5d4f78cd648071454969b1af63bbc13a382
17110.174601,3165.251711,failure,ae1c953f578a11322f8fb54c39334e60066deb6ff327ecce7e9b130a0c0b116f
17127.538102,7670.024887,success,9cf19426d34334728bdbe7b8dd69070f50baa9c7918f2a7dcb034d4d852c1ffa
17147.532631,3232.087833,failure,cffcf911b92a701f5d49bf99ec2005a9202f54c1465627437e2a61b09d625cb0
17165.336954,5355.140712,failure,82443916dc66beaf5c080bea9f1a702471913ea491275cb38dd9548f54b1c8d8
17182.996436,3129.599713,failure,d3dd849f7c179bb0c79d86a89cac535100f7f494710fd17434eabdcdcd9b98fd
17202.274639,1060.824405,failure,a5bab79f457d78fd62c35467319743ea875b8cbe2363e1a9975858856ef1cb18
17220.071318,1043.319320,failure,550f7d1a6c065e6ab521ba129d31a8dda0a08c8dc5c258537f324943b6319cc5
17238.133923,1025.526469,failure,a9ed870faa48ea8bc89332aeba6b814733b19ae85d1bae4d86d2cc13ebc02244
17256.805594,1007.123399,failure,9a45f1adcac0357a2611f040a89da94b5ac53efc95fe2bbbb108e301242958d9
17276.427248,987.772811,failure,ce4daa745a528bd0d50027355241a3ea6703e32dba4bdc515f081e897130e415
17295.036172,969.454509,failure,aab2652f0054b28af7dd3dc0984d5df8ec46fd1fd9af84ef94ae1d53f65271b0
17311.609718,953.172136,failure,712b5e91beab5f8b82c3a3ded66e400019a96439fe3e48d205f1f7c4b0afa9b9
17332.168080,932.892594,failure,4df509edf0d277c1a4d29d94f158a1723758d5aa0f850ce2ca1f1e5542d2bd3c
17348.659983,916.681105,failure,68345b3464d0805550e0f9f18cffe80481cc2bae698503a305fa2be6ec9ac188
17369.253431,461.602486,failure,72435658ea26d761dd67c565ba65bdc25d465400339a3bfc80c07f0297e49b53
17385.772916,876.782373,failure,46c2470fd923ca90bef145145355f82a56de5dda0c4772af870aee8d00f34d2c
17406.392141,856.434134,failure,88f79b11932bee0b21719a342f25cbab80a45236e8fd0b4468b7273504bae25d
17422.960889,3488.883419,failure,0deb8c3dab378fd3e5956cb6a8518871549c13c48899b63ef1cd8283238d8fc3
17443.465750,823.519666,failure,4534839076bd38ceed8f3a0ebfe1c1ec5f7f066f004a1b9ffed57f51000aed86
17460.993858,805.703571,failure,9fc88aad6183328b29f6bdd9071ab443a574366c7a6354ef73366cb9fe3de520
17478.530581,788.729287,failure,baa1a2c0b1bed05d51bea43d5522deb64b723c8316fe30d7c321aa56ec8ee683
17499.066822,763.204247,failure,31c30d3e2fa06878c86bf334e9d55438cee1bfabc0ae4edb7981063dfbc38394
17515.549278,750.884128,failure,76d3c20a704f0d68569457d3f64fb4a1b324d57b8a481a47fe794bb8cd76c8c1
17536.079177,4307.694356,failure,3578aca9525019f3694cdc7acac02f61b48467ef877c49d32ac595612809a0a6
17552.639909,713.518454,failure,233d02f24594ec09e213d34c3797374386463c5f8b0dc150340ef716b3351d82
17573.176600,694.728121,failure,13e5bcb7d2db7f066a509a8e69e50f7961c3194e28e2c908f988c2b19b8b909c
17589.704100,677.884582,failure,8a9777692c1b405ed04586cf89d20af7f777499c8e79d4e53115f329e60eefe5
17609.740007,130.673376,failure,0c67ffc632d3c6ac973c1688c9e33cdcff953e6ff68f302d41b1091894ea4359
17628.442446,112.302856,failure,6a1cb62ff1fd55af5da4b79e13fba8a2b0f4001f942c6c7f1ebb655ddf87d711
17647.069053,93.981729,failure,abe8034c1b9c37c372c13416b29daa3fd5d41ccfcd2b657d9a45218b428219e5
17663.952267,77.390881,failure,bdec1f8e2dfcded130add3a1a98dd996c648af431c76885357b8061ce1d65bea
17683.055684,147.448396,failure,0dd6deb703659ea97d00652fe723edef73583180fc46b848e43929a207c183e6
17700.841963,564.769058,failure,4f0e0fb3473cbd1045f7fbf335dd8f080c02683d4f92eaee42a1bf3889c87647
17721.522252,18.517854,failure,0e6baacf4fb7a91467a18d69740a7a2e758ada86ef26bf0e7bc8f204724add1c
17738.594399,6649.746731,success,4feec1822e71165af1e7cc747e08d485107d8bb767f8391ce13500aeb913e00b
17760.530761,64.779217,failure,bcf7daa120a9b809cf86be24472dc5eacfb7c4fb31d1fceb3c3b7de48454d24e
17777.673099,47.740402,failure,ed89439c83b7d0eb34195b47c5e8405f735f5bd53f248dd07cf93bea8f0667ce
17794.975815,30.494562,failure,ef077a555f357f8366b9483dd4b44bdc9d83bae9a1fb08306069664426132aab
17811.756788,4031.712578,failure,be822fca1b0c9f078bc5dfe741bf39ce0949efc02147f4ef3a3a7fe213163286
17833.247509,434.929040,failure,5c1893b9aa8499c0f369530113cc93b991912b6c7cb09de37890b40527313013
17849.732300,4176.370397,failure,06ba954331ea809282fd68fabe3b2e81c9628e91ee59d2df622ad156d5cee786
17868.711274,28583.810008,failure,f8a0910ecd41b96b248196257959af0998c25835cd2f4cdd9de06ac6fa7912de
17887.632671,400.900202,failure,88cd68fc6d5a372d42643a75bd994aeea5c0958cf46f6d2c7c676a802a531d6e
17906.419517,382.470863,failure,ff8e0eccac168a1414ba5ef758aee580b3a7b9ad5d62b3bbc873ba1743fe859b
17924.021632,365.159060,failure,bd0f99a1d477ced0f91dd602a07566aec5ba63c9c845cbe41ab5db671d2d51c7
17941.553266,586.094942,failure,9d477fb63fec93361615cc5bb7d54465d4b2e94257074d704662ab9e55e2da99
17961.134694,566.877964,failure,70c933ef4f3740fc377b2006af7f30d3360944402fdfd72ced603cac6bbbe942
17978.671949,549.753569,failure,5169121087ceebb12ed28f905734b7c87a926b1cd36f4c74ff4e3ac81e605586
17999.215392,543.844814,failure,0048f75f643edec51be54f9d0aec9b7b3043d7b06bc22fa130f8e2fa71ad27d2
18015.962502,512.763286,failure,bcb74607e1778ae56e7c0e260d42853f8dd2a87fc20821304e455b41e4d37d7e
18035.573295,511.207193,failure,93127a902c212df8bcb76fe70866df638ac9ce3d1572e13f1807c889bb2efdb2
18054.154197,477.072869,failure,e9379acf793d1200f1e3e52195b4c0ad206ba4b458507c300bc393f44042e09c
18071.627812,3954.384827,failure,defc97d7645cec9de89bbef81668725389f76830e19b87bcc7a0453ec13b2f0b
18091.137317,438.167111,failure,02473a84954ec61013f2607f2ad2fd6033bd8faae24c43205edc245cdc93719b
18108.586507,420.997693,failure,fad4643c4ed6f54ea178e63e4747bd67f78d38997d7aed7c3eda29f97e7c8ea4
18128.168506,401.680208,failure,1513e05ebf1dc15b91ca76eeaaaa8b09849fef319275397b3b252dc09b63113e
18145.648604,384.472007,failure,46afcd58f75ab344c4273221914bf6e468416e3afc68a0559147d013e70c7068
18165.157267,363.849596,failure,d219b995bfa8f5ce36e0a131f8e18a200bffa454b6f4277caf189b69d8e84061
18185.259156,345.426980,failure,aa87a0d8bcec3d62662b47a116e4ff2218960ae38f91f01e3a687683052e87c6
18201.047327,329.910005,failure,76d79584a26f6dcb39ef7a47a0d6c1aa5dcd57948e30ba057fb1ac10d926147c
18219.673272,310.734074,failure,ad26977e7cd873b2fa0f083da50f1662093ff895421c1818d678bbedbd18e563
18239.285428,292.209337,failure,859ba64b9ca04f496280c5eb90d19c06cb6df776aab71a50f1a8dc3a7e5ed9f6
18256.880050,274.881062,failure,19bf37b56f1373d86b7af5a8dbdd08034a84a9ff58c1c1b7ef37d747d86298b3
18278.896101,253.126850,failure,f26244b6f3c65014c70636174817cd81a64389a3483598730b4e68ca5fa395d0
18296.359167,237.819046,failure,83076e8106e116b822348ad0bb1cc8a2159f66527288a061d2799c170bac85a6
18312.084971,222.469444,failure,8459addecd0d5439f2bba44e4814c236c51f1d505d512bf57530bdc32ab126a8
18330.695828,205.193928,failure,09aff0559030e3defc09c64d5872ae391f796e17078024fdc2b251109ae48819
18350.358348,184.540830,failure,312efe087a34048fcdec55f670f3d75ac39ab9087e7f62e73bed7aca4ecf3bd5
18368.002652,167.234466,failure,a5099924593b942472e4d537cd73218a869237b5014dcc6472575497decf128c
18385.627891,149.942209,failure,1bfb0913b40472f7702dfe9b5bfa75ab8f661dcf323bc61a213501eecded82cd
18406.838750,126.692065,failure,d3a8995d7cd15fdd783dc1bd36c0e53664009031726e94ce3d9a8a81f1f66a58
18423.575720,112.962306,failure,1fda50091a529d9498bd517178191b6dc87e5db62f4cdcc1337ebb9d18131c14
18443.447801,93.400784,failure,abe70877a0e78551f8b857a88e92fb48cf6482acbdc2a6640000eedd58a682aa
18461.031783,76.125478,failure,2d8e7472cfc1fcf84faccba201bbaa830fc496e1998f267cf3507ee2aaa64514
18478.545733,57.673829,failure,e8b652140b4a63aed4b43c3ca09e08186dbb8beaa1b628a9bfa54f06e0f7932e
18498.622296,150.527271,failure,28daa6b6d7a2f68c68fa88472fb159dde7e016aaa5970a0aba8b635eef08c970
18517.182719,33166.290415,success,955a59a5186f2c5ce0a1658abfdd8696340e756030973a243483d4514d233e6f
18547.566475,113.687258,failure,a309a4093fd3a043d566a70b33168c56543300552789f0d88691ee83b82063d6
18553.599793,107.985699,failure,e0879ee344e3b3902be40c60810cc47718f8051ee2c137a83bf4addf8e98cc37
18573.305203,23804.577544,failure,916308a2c886650498e62e91c24609d4f2c9cdb86d2f7407fecc3e1d82c731b2
18589.879961,63.373964,failure,44fd105a598beec5088c1c299cc258201137687b98183a7558b1033de2dfb441
18610.480681,43.208807,failure,0616fe2730d925470ddded78d4921ee5c69db445ffb8fbcedf6894916360ef26
18627.564590,26.506360,failure,568d54ea44d317d08e64d3522188c0f42b5faf01b804f8e6c525dd61fb982595
18647.147201,28361.171704,failure,f9a703c8032aeaed35d9f5c22021a405558d43039b25c17595358e470191e3bb
18664.228073,136.030981,failure,cb4ce69620ed3c55ae6376945d482e9b734257124e3941e8dadf28f338c3f4e9
18682.963122,119.089608,failure,7172646048426f9ab759d546fe4878978af87af2d7a705fa8ba14c73347e756a
18700.665084,99.969110,failure,0216f422fa7d2fa15babc5327cbcdcda4d994bbc5a95d2dd8babb4b9d7224996
18721.337228,79.629817,failure,be1e0d194946f8edf629e9260c5e233a1bed99990a785b3f3493af4fd400d7f0
18737.972849,63.341654,failure,125c19fc22cd0ff504b222ffac0dad651d29515ca73ff42eb7ea92b71ae6bde9
18757.571039,44.094719,failure,011f7592e00ce1a01f1ea4568f6c675de191341378c7f9d32c3bb6a4f1093c2d
18776.150097,25675.422182,failure,4ac0db9ea13db45e8e89766295b8d67fb9c70a74c503f5f6eac1a3da66a002b8
18793.702189,8.700294,failure,424939ef658fa41d6d94cf004c9fddbdc9213bde4fb9733bf7f1205f63efb0ec
18813.073725,23791.465411,failure,29fe791e284533c830eff6d004ec72fde8abb72dbce72bbe60baff4124d50c14
18830.699234,170.026384,failure,c1fecce1dd93dbe57a8716504333bf68d703dbaf678b76d9f7179757a3753b77
18850.356734,150.826698,failure,b74f219263a9b68aba86094a841f6f65a5a5d946e75f7e0f3a675622ff9ea5a5
18867.847271,133.806609,failure,48ce86cc91106d2f92d4f8d54347765a596d3a383625760d0b3bc9d3b9188045
18887.413942,114.587196,failure,6af93be927071386cfc4cedb9884c880bd1e4e5b054f034afb0c6101df59280b
18904.942720,98.532528,failure,b1b194d2e4a8bbebd266f1331295ca1cb935addfed3ffbe0126220cf5cc71503
18924.469206,79.650695,failure,758584a8d6dee56ae08abfd2cef9c73ef25c6bf469da2a3fb7a44cd664995cd9
18942.987130,61.478506,failure,874945b91880ee980f65a7eab373524d221faf0bc2894c62a889fefb14e2fbf6
18960.867634,43.927217,failure,8285cf766a6bdda431af5c03809005c22654a20f6715a14d9402ff5fe5c71a88
18980.511328,16.189069,failure,694cb0db5290fd106deb134a45b6b77d4b5266a60534f917d02c6b8043758491
19005.451636,62.692803,failure,c925c69611a530ec2db1d868a8264b3d0a6f94bc28b5d38c30487dae47479271
19016.778923,51.804656,failure,c03856f5387305ba01d432528081a22be8f7e32b80a51af87624afb280b4be0a
19036.559813,32.389087,failure,72855901dd97f034bfed3847d6dc52466157b248aec93a835497b1c9236da5e8
19054.246616,34039.747323,failure,ed27d30f8ca9a7669a7b548e0109be9d3d803b4441ea61f9278f9cbcd5dc72f8
19071.627358,14.856071,failure,2a82d4b80809913d9396527ae44d9e75908e6a46839247d85f69ac70b5b90e8b
19091.161328,5.360502,failure,98f8cf8f5a19052e4b769045a78a86459023a181960a4774647c75556170e6de
19109.097707,22714.528432,failure,900722ae6e6c461490dc8a574089c4616d11f14ebb0579c6a93cc8cc482e3ad5
19126.816018,28751.826904,failure,a4623b9493432deaca8c843eb7a9c8dcfddf1e1ea1b5e61dd9dfd86970de4dc3
19147.538816,23229.561982,failure,edfdc4398b551b6cb0fe3f53fbeb68928ca69f7703bde51467ed7a18531bc775
19165.151601,6566.267544,failure,9bcd18f3c3d585572a36263dc998ef8b73dc7d3a308708514ba5e52892f64bb5
19182.875544,28699.244565,failure,44f5110279f48102a648e7eaace9ff030392178b86259687ff581b683da3cc17
19201.813511,27164.951321,failure,ee77b3e8e7d64c21e615b057e00e672f946134bbe0730fbfc90906edf2c92fe8
19221.401342,23889.715795,failure,586af9890ede4826600502806c00c56c113c430ad9f8e410ed3be31bf501935a
19238.959915,26964.115592,failure,49aa65586f7c934d7c9b767b6b07c8c0885f9eb66c9fe78f33e9f12150b48bfb
19258.186722,61.324249,failure,636e0cea303e65fc2c7cb0dfed5c42702c8dbce65fa24d6bc1234b53f21362f5
19274.747644,45.103271,failure,d1590bf7c4330a6cbae3fc4f33f3b48e306369aef4d7efc836dcf6f53d59d9ab
19295.357471,17721.094161,failure,fd7beb558367ef376366537186a1a34ce463d155386109d7fe8038235d9cb30c
19311.587206,25238.630081,success,76e8d5d7f345a8894e1371d086243490c0b4ac0d315d6718d06e334547de9160
19332.042565,16.468850,failure,9162979b49acd677b138d7be3eebc775b87cd9dc61afb3ceae2b8c0bb9511802
19349.369807,39.519933,failure,b0becbe4db70abfd71a22ddf56551fbd69153487ddf6d75cc8bd1883d90500c8
19368.232384,20.315037,failure,80257742c70375f2be97a6c54a86aee471beb0a7ab0bae008c105257e05b4305
19386.027629,39.612526,failure,a24dba96a5d3c092206cbbd83dd78d6f5b87ae09281522170a1711eb997428be
19405.495836,20.512866,failure,b820f8c43ccc73106ae54d6155126b6db179882d716c7f50e2f7216f628144b4
19424.236826,52.220632,failure,e54c154d78aa32fa131cd3bdf5edf3b8b831f20db34b800c898bb59b3266945f
19441.797303,34.329638,failure,c36794129b62d9a7316aa19f00895b83d24496977be72b6f621672e7681c2cd0
19460.758444,15.004198,failure,59dcd2540e1be726c80ca179d23d159fcce33a4836fe88da1356d91f6bb59304
19480.096318,158.480139,failure,9c4e7287a632623911f0c540a2d9b7568732ab2301bec5a37c211a93a0f21a79
19497.916129,34710.625554,failure,aa9de64f11d6818ccf82e1e897f027b2eed909c70fa893d9ef6ce2207d07ac08
19516.552494,124.820632,failure,359555a4ee92f7f9883296693053b69f0f2df4a3593b1c0fb805c28e12d012ca
19536.237075,26963.458728,success,eacb70f0b55bd6c377d6a0569d40763d21e427d5849ec0795dadcd58064ae72d
19552.791846,28514.120734,failure,c5c19ea37a5d18c8b754238d681d9eb30e52d022621e73283efe11181c8a1309
19573.446116,26927.135239,success,984a1e2b09fe2028502654cafc7d46bfd7ee95a01d43d47fd3eed2ccc92eaa52
19591.038382,8288.767209,failure,d63c7ebeb9e4427f0c1c849bd54edbfa3fc98b6241c82368140d04df62485d58
19608.691112,32.772432,failure,b08f772ee418b2211b12cbca0f28e71efa7d22105e8d1275d5416aa98285ee18
19628.430615,22523.904942,failure,6fefa873186f392af32d44f4a8a8d3fbe3337e06194ad3f149e32a2c7394144c
19647.427763,67.604408,failure,5e0de12f81ffb1989a29cdf34a54e13560fe350e59aab26a01e22653fea4d3bc
19665.066967,50.288257,failure,15225f808502c5108219ff0ac24e983ea68b95e65102b58fbecb44bdabaae7e1
19682.625501,33.028480,failure,ee785951e4bab3d34f827ea1579e624159d99aa6f4577c267f758396107a52b7
19702.293491,24462.495808,failure,df02f1dff8dc21c6c684a4a367cab4f5b976645361fc78298ac39b907b3158fc
19719.938236,30934.294970,failure,adbfa3545378bc37137f4953c1ea22dcc9d3859bed3c413c1710d78d97ebd9d1
19739.527959,26759.970395,success,2e63c0888eb56a4e041ab591011ce25a191df36552831d73c5471f6dd1d9a2d3
19758.173200,26948.452609,failure,ece68c42ccccc02f6c5707aed35bb377423401c106beab03599e862b72c1120b
19774.732930,23776.084704,failure,745cd0cde1e6aaae3bc32a61e88423207108b41dcccd10c7ad001a7e82fa12f6
19795.316729,26706.319003,success,5b4ea7ff5b03b02241038799a7a52448de2a17f5171f0791e434e2697df3404c
19811.804845,28255.349987,failure,2f59dabdf65a3704349b9c97a6bdcd8de5ce7b913dc4d631562192a699b0b69d
19832.380708,433.729731,failure,a892f23533cdba5325e013cea3ac8cf32c125acc49779cdf6cdb093bd3f461bd
19848.953623,417.514032,failure,9c9b669437a2d80231c61ba700eb0f7dc2a58cec3b3eb769db28fe7a00a931fc
19869.762331,397.002679,failure,330045d0d3b1141001ea2df555fae252a65d0aeb08bd3bfc7738dd2708fb6fab
19886.719252,380.336200,failure,8c109f581783983d630f2367c497c9995f13c3f197bd3875345de48901be7741
19906.572788,360.763258,failure,26991cc4005ac8434f935643bb65af25f98b9bea80e58f940a0f621728c1d80a
19924.354878,343.246823,failure,7d8757a40f66b2b1b2744095da38ca10b39b547fb3d489203de67f9b8ffc361a
19942.044486,325.834222,failure,5ab94dd0be113360f56010ff20a39860bb5a5147c99011c3c69846b017b5b175
19959.608800,308.536145,failure,732ac94bf12991734f6a09a929a64f602ac9667d85056fe9be93a7dc1b672534
19980.291283,288.126962,failure,e23113e6620c5faac8d9d368840f1232503ba9a9538ab973e472aa8e5bfcfa64
19997.996691,270.688763,failure,a16fd038a0a95a46f4e6345ba5b8bfeadbf172c9cd0a39e7b17a9a22d3198fc6
20015.966191,252.989226,failure,092cbb7b26c992ab461a15c7917f84f16d87bc631f1cabd0212492b856641e59
20035.570431,233.666902,failure,0f1c424144ed6f25aba74cf93989400ef74cabd9f78ef60f7487ff8728a4abd3
20054.159678,215.340015,failure,db9204faaace673ab9f2dda8d4464ee2d4b30d394e4aed1eff29039ca997eeb8
20071.651247,198.106137,failure,74ec75fd81d7d728a8f01cf235d1fe279d5e376f5e2a135d9778b9630fa312be
20091.327101,178.692011,failure,b186472ec34316d5502039b9f7f4529b08633c19b54201eed13e4f177efab5f1
20108.840320,161.501454,failure,5875cab437a2426d87ab6a251cc66eb2eee43e73139a00fa3f9a477558d7e3c9
20128.390179,142.213544,failure,d8c0359462431ddfbef8124347ef3beb9a0f299b874f33280e9674ecf07cd581
20145.912164,125.014392,failure,938e5614780e2e32e1a0b0d0520cd29fceec4b7c2e650e9060b4999d57177c8f
20165.439411,105.813163,failure,4465d2a27515bc8ad96e378f3d3bb2d536e51c63412c312f0ee5d12dd5fe34ac
20183.946675,87.622440,failure,279482e9ebbfa846434bbcafc0a979be739cc04626b5c0495a598a62edea874b
20202.456894,69.433390,failure,009fd62e70c95cb76ded8f3c1871cf278b5b6ffe973d1996c06c090a5b018f96
20220.999895,51.217920,failure,ec560414b55008a020beff53dd77aaad55eb144befa872c648d902ad36a93b26
20237.537633,27828.629957,failure,a81f70f8c04e38d7954c27586b3518eff3697334028187275fc89dcb9e47f4b3
20258.173098,16.288183,failure,2949c96e40d4a8c0cea30c1d34d922bf2826f09abab9640768cec2c7e1508dfb
20276.138681,26490.734788,failure,2fa163aba7398117cc9438e8f5958223545703d4df815d65d1c9555e402cf4f1
20310.830835,8.353157,failure,7458a71c36787cf832d0742840edd224e932bacfebd036d363727ecaa769ee94
20314.160538,4.093178,failure,5fa2f8b37992b2f56aa5b6f78352ad29be6d9060880a48e012b505d45717e700
20331.470267,29903.767736,failure,5e87879fba9e259766720984846a415fe5676d75781454addc7f5691b3e98cac
20353.726567,23507.258026,failure,f3bd269d11cc1510ca430a796852f09a3e870089136a0d83c866ab6cbeeaa8d9
20369.610335,26396.948006,failure,9bea7bc3d4d9e72c1101f24c22d08527dfc0d1f9d42602703a72b876b9678fe2
20387.564938,44.283521,failure,af16780f7a1fe22109a222e9fda7c8799407d1fb943549aea66fadeffca2b223
20406.376509,25.770246,failure,78f2bc4ea7fa9c33accd93d827e8cee7484a54d93a674527047d98eb015c4c82
20423.029463,8.490152,failure,795ac679c6d34e4b67ca1b996ff78fa5d01de61b546189ec43e6f82dffbcc26a
20441.804666,124.083074,failure,d7ad499428ec0c0524004d5da5b3ab52635396468f38bc21f641b6ff21342b23
20460.733888,105.457148,failure,f4a046aff4aef767bfeae25281c23106a9a3f3f5bcadc91f1e38b6d2377b002d
20480.507665,85.983952,failure,8a5b5b2b79336b9cd224225f85f02debd35d7e93852b68a52dea728249b27f84
20499.230370,67.533374,failure,fc3205313f03a8a450fdfcfebe83502a0c6dcff3e33ecd9a0e10caa849da5107
20515.839592,51.196010,failure,b66466dbd9cad026eb5ca769e293c1f5303724134ce03306f1388d79cb1e71aa
20536.451283,30.864061,failure,1dc016b920ed7f3a2d19c911d5f7aeac6ba6e3df5fbf375ab38da96d958c3942
20554.075379,11.467698,failure,654f922283ae353eaa233ddd3afaa35c3c230392dd84286fdca52b1b771e9d91
20572.159002,1947.996944,failure,b43f92df4c476d53813307b1f48c835629536aada2bb8fddc923423c2c5a8497
20590.198633,5421.425631,failure,f1a67dc055088d61ccdf755c39e124aa2d9f6e3e1490793c4bcf993d8be11315
20608.715294,5287.546267,failure,b7a92cb4e81a38f70f76514cb0156d63e309fae0054f9024dec76af34164e304
20628.304206,4473.139061,failure,e729f49f208b41343995996a0ec862862b46e54ee42679cbaf4062bfaded94ee
20646.199308,1877.980456,failure,951725e151c3f1685be8bfcc5ca7efb699a5be2c0238c1621e679c622c914ac0
20663.674496,5245.499107,failure,fe1ed4780dd0c3c2608be2f288d57ab70a7a537e9b173da269b06f06c057c7ec
20690.350262,170.285063,failure,f9d5dcd4c87a4ba6c90d190e97ab561fc9df9b398e1ba876c5889bb242cbed96
20700.903924,160.007066,failure,4b5126125770d85fa10c4836d1de2f040acac4d5e14c95ca4fc9e654cc91195d
20721.202110,139.996546,failure,de172aaf4fff95009426df7ad8a91ee527bb15d59a2d3a245787fc8cf18e6f74
20737.877936,122.074505,failure,1f22d7bbf0f16984ff3facc12b08ae91ac639204eb5a9cace6f5caa4d5342b78
20758.431698,103.567262,failure,8be36b4b92e655090231b621767491431bcd75a9503466cada39262366b57243
20775.972418,85.699221,failure,c0726d99d60f4bd24120ebf1ab6ed1c1f7b444405cb6dac996789ac19acd92ff
20795.474408,4971.073803,failure,564701602d50b2034ea4bf24b4cffedba7b15fe1fd1f04d1b1dee9c8ab2d7225
20814.536267,43.726972,failure,1910885558f19e851ba4e7edc78b510350eb93241ec3a8a12b308d85b43ed176
20831.133306,27.190446,failure,23a8fefac516bd08dc81ef5f7e5959d91c0f3f7d8f424013f4f9fb850dca75d5
20848.694554,1672.067152,failure,73907151f9e879609b098e58e1575d8d55ad7745866a1d2a4e61aae91ea18418
20868.685526,44.200195,failure,25d898ba51d84c7c8d0a86baf2ea184d585a2ef7893b9f3a5e50cc52d258b7e4
20887.419162,24.029087,failure,9a0d79fee80ab130a0d2f36ff379599ff2d718de375caa4bc92320187d0d0285
20913.858817,2.603248,failure,d590418f0833e9ff0d582f55fe5396597bd1c14dc62811250f2c0a5fc6513636
20923.089772,4.384040,failure,87ab25d45c64e81ccb0f70de3fb1bd37390bd8c881e2d4ff1ee30695a5748d03
20942.118067,3.437645,failure,0ff696743be56998f0aba41857b7233a04b30d665521a9e230c1340ea9e245ef
20960.150345,3.340393,failure,54e4d10641f27282b31b7975ab1ce53b760e77a7c1329d6a5b75bc3c830c9257
20982.085675,1797.633777,failure,a92dfe6ec4334f417df9b12edb8f43e8a6f36865849674e3bef13d20020c15bd
20998.213388,4917.621164,failure,2fb7e1bf70e847c911e7b005107c5b0f828034f001c038c00dcacb56ba75e56f
21016.172499,4892.371469,failure,beb218922e67cd238fa7bbfdfcb70bf2574fd801813639821c92f65f27fe5c0d
21034.809094,4371.613231,failure,71791fa4fe91a9bc5436b44de58dd736c303b2d7875020464db5b9849d764ac4
21054.463237,4842.680029,failure,32463d29b8ba6cc6daacf54691c250e49e134a0efa4d25cbf4613f081b5850a6
21073.071860,4834.762675,failure,b2c50a2c0b97ce19f279106b7296b2548f56df716b08953a89e168cc70d937be
21089.670763,4862.249861,failure,1fb177831b64b2c99764245d3adb478404c6f70f2511f0252ef79df10a35de15
21110.277574,141.852979,failure,548b7f82b6e0ef0142772a05ef0db6bcc7adabc4fb1135892acc0fee595b0ba1
21125.755014,126.537662,failure,81252a88b3d8755ae65f8d1efc49a75510b375aadbc5d576262fa0d7429a3a0a
21147.297511,105.118345,failure,000fb7fc2875d1d0d7fc61b3d5ed949a3e37d88a7e49909a331e2038104a4f5e
21163.746564,88.770631,failure,1d19b85c626fd3ad12a6aeaac4623d4aec3e29cc2d3cb71c50788d1ce489fd74
21184.259570,68.351099,failure,8c64dcf864f786723c10d377a38246a5ca6730b5922fd210d96728e57710e222
21201.761718,50.936575,failure,b5f10816b2323dfc5fb916c3554faea16b32a4f1721e0b0cb3130387f35407f4
21222.326521,30.460738,failure,9159673bc500ad8fbdc408c62d7ac0af94d6ae1da098e729e8d3078db9ec7ac2
21247.776479,2531.355435,failure,98f79d8c6e3716faf51f8f62f13da71d1a1070d1e8627b79c14c06d2e2d6a401
21258.847026,133.447936,failure,2ff63d2b8bb484502b8571d3ae06774a432f0164544e4c82dd66f5bdd5e22bdb
21274.821944,117.568756,failure,ef098022fb80053665d9a51a2d29bff2f9584b3db4bc17d84f6b2f8c489acfbf
21295.371117,97.105584,failure,ead645e13c589e393340768b8950faf22a9e30fadf654738e0ada28a9ac573bc
21312.036845,80.522370,failure,a4a472b75a118b86aa3b6ea7641d3aa7921813466f07dd2aef176c597b1ab3f4
21331.640003,60.999822,failure,b42f5b7e9d28f4026607f9c5c76cb77add9442007e719e7f6645b02a5aeb532d
21350.249888,42.470548,failure,37e45461f0e171d090c5382d358f1a2ea44fc06e1b8ec57ce2992d13b7d46482
21367.770581,4493.863219,failure,91079d9f1e043a2a33d3a0bd0528e536d91bb4cf9d506de915b44976b80a78f5
21387.384439,4509.496037,failure,b6bc91cd99e42858ce01d314fd27a9d5f5b03bdf9fe9247e5c2d02e2c942f7a9
21405.565925,4187.114468,failure,9378d67dbe5023b90baa1a08d682700c71aadc2f618a2e72cd0e703f8ce30b1c
21423.456297,417.744135,failure,40076abb637275a62337cc4aafc8d410668b8215ec1092ef19c04d38f8d5ad1a
21445.967221,403.287299,failure,5ac7bbd32d76e6b436fc9dcb2c3cd6e36b032bcb073bd29e5ebde2dbcd2d4d95
21461.482712,388.039097,failure,ff1a5ba46e8de195bd3d08ab54cf85a251bb52295d119ba487e7a3ad9abc8e77
21479.984044,369.796077,failure,aa618cf395bed0f80dc3f739940850a853d3f40d899779bd6b1e1b68f3ee82b6
21498.508600,4442.611301,failure,2ba6831ecb58ded31cc7a844b3d45d337514ac05d257e826cd96ebc12acd5aaf
21517.140877,4214.555224,failure,4ce94ef9d3d8b8a0d491019b32b38842c73035dac0a03235fc52827b90c0ddb6
21534.710922,320.796676,failure,c4a97a82ab91fc4fb7242f46cdf1aea3cfeeb988ae1fbb13964fc8b543dd1c0a
21554.241875,288.862590,failure,9676e996b9d4ba5c080ae9edd07efa51a315a0b67252da2364ccba656a69f1c8
21572.646768,4159.317323,failure,1c429434c49ceb6abba5afd8fee54d93a2f3f2b8257e1b160386c6bba39a89e9
21591.625881,264.731984,failure,16c7b157eb35092e1044043d93371bc4ff648927ddedf6baa30394d117924b2a
21609.225742,247.436691,failure,504948cb2481ae3942db216e71b9c6a4d3640772bcecc224e4f5e8575bf51259
21626.699487,230.271692,failure,1f12d4f44cd13769503f2ab52c76e63c6025e796b21301dc82eb83a68ca9a61f
21647.223353,208.794467,failure,c1ee9c60d1257e1156362c2d28eca4f5e19553a255af6f5d365d7978373923dc
21664.580841,192.742766,failure,b192b8bbeb7e95550f3c579df3cbe339408bfe821cbb5cbf1c5a7d67ae0aeb04
21685.238878,29023.820491,failure,093e4f8a070226870a790c8d24a9c352aef0b4c006c597ce647006b7c334384f
21700.754709,29982.593081,success,b73469d81f13c8482b4ee49a5d01e5f0d5bee3355a7e317c18c5d3b90b641af6
21721.347524,27344.291950,success,78792dccabbd4515280fb05d2c49f45a4df9afe55d1516ea8e3be2e9a17b308d
21737.849807,24072.240352,failure,a3be474d3b99ee7a93ac97af8edd88583099207178e96317805d28639e9e72d3
21758.695764,26406.820583,failure,fc716cbb42b5136bea3c371190bb10ca55e5f156f5bdc48111b227d149f7285c
21775.280139,41573.740457,success,4cdd79031037f4568ab0515fd87d4c1d38b5658c768c966e69bc1170fcd4a832
21793.732550,31213.320056,failure,8988af502f57ac1e0760034346b8030b88d2f92a91c4277d4d9d8550c3c793d7
21813.224801,212.639681,failure,6905e7fae022c3f35be2aed140b78f1227e4818824422487871f7511876e495a
21830.711640,195.247238,failure,862ba179812c46ad51d8da628ec8a51d5406c2a97e5d6971cd4f1076d27fba0b
21860.315269,165.827312,failure,f282de7af5020ddf840dd1b6da1a2205f45cdd476df73cf0dc6c577e28e66098
21869.351740,156.830565,failure,adf2417e8050401d96d7483ef3718ff645afe05f8b61fef6df75ddb78509f6f1
21886.460544,139.769660,failure,b2fa0e277659cbe21b1ce0f36b73ca7347a7be315a2a73ba74ffe5af4f59f003
21905.936916,612.092221,failure,d9cf209139c807de444478b1d858fd79809fa307f6c7eb820e038e0bca3ac496
21924.438508,594.272522,failure,be4ed57a7cf18ab920be7b8548c059aa439a51b9319d5383df86881c5dd15452
21942.915545,576.097498,failure,379dd8b5cbc137a458f20c62c677f30dfd78f21d91e8e5bd85da0ccd07a2fb27
21961.417078,556.971740,failure,a9d8b566c49486d123b05f6a2000cbf84aee2f41845d39c32ca57329ebfb6118
21982.020031,537.282222,failure,a7ddd23a5bee11177666316506bd0caced0cf2d5f0ba084297c665dda6735f5d
21997.563765,522.021185,failure,0e06fdc7a69e066f16011c4415e5cdece20c45e0bda0684cca94a186a7e2fc6d
22017.384890,41332.614111,success,151a954246f000166730047faf38bca24a8a3d49b2edfcba185b461d6b41b7f5
22035.846768,484.029185,failure,427986a744c5de715fb698fe3c2996fc08d735b749e73afff8052a6f6fe495f1
22056.351168,468.105993,failure,2657b79f89c4369677b33422e4254ca35ce02ce1a32a9e4018cb4d8ce42bc10e
22071.836242,453.385767,failure,fea5d9593f3bc1aa51feda190bf946894315471c43c7932f6bb3464d043f5287
22091.390980,433.573919,failure,d8ae066a0aa494d49a504b36a0b4d18c884a39c32e66a083393450c94dce6ed2
22112.463059,412.248327,failure,7ed6af3528db97562a89c6bf3b2f1e5c0c008fa3c7fc0b2e1d816198c23930eb
22127.892389,397.586409,failure,5e243b3b99a452ede084ece6b2bfd204c8194a36fa1c08341d9ee13aed4e639b
22147.507960,378.220453,failure,31467389bffbbcb9c64b290b47f300ec4d9be057c77df05a1cd5e35da027870a
22165.082583,358.289053,failure,c58ada309062a72ac6e7b9a5b28d0c8271c18eab32603fb856bed14a3d67dfe1
22182.567619,344.185446,failure,8fe06491d01c6951f78f0b5a5189dc336d71538eef54727a9b87b92c6d19dd43
22202.081671,324.162104,failure,32e444ea9356c88c838da44b5cef89c19e786e34a2eaa4236a5a82aa695c0147
22219.528335,306.968422,failure,9eda38e530687cbb91a21d6ffe8d2611da5d44fbaad54fce03f458e31e6d572a
22239.032669,287.972417,failure,fdf8e25e317330128d01d7bf42625918d136040fa0bcbd77a049923598cd78c7
22256.508818,269.470634,failure,946fcd55485c79a16ec41d8a89bd6ef76027d86ac44c07699dc18e961972fb86
22276.257238,251.266736,failure,06a2475709fef987313284e0c6b7ac86a0c921f1cd341bbaaaacd0d6ac8e36aa
22294.315994,232.952724,failure,ae68d91368226ac39ed1829364765e6ca495d004884c6fff33258af16f8844af
22314.574395,213.488084,failure,7552ae935db41f2c7b26ca96f8f0cc871b3541c3283d0be722ea615f1bf743ea
22331.958262,195.842448,failure,5f8b38dc20de8eb9342824b27e1b8ed444636ff8b25e640e3d800768220eb488
22349.810092,14448.380841,failure,7c8a91e16dbcd4f3d31f98c6a9427469d5fd68f19475358039a7e6a82b360b7d
22368.708966,159.617475,failure,00e47752f35b5af135e3383de89d21c8f9c0851833d6d838afbece46517262ba
22386.877898,141.965688,failure,3652e32a4dec285e0f4a91ffa27f06486ca8c83dac4463d2318a1801056e982f
22405.641650,123.452614,failure,b3020e6be2b848bf81d891c1740147fcf5acda22f2fb82640c24de595e113edf
22423.637789,26223.480461,failure,09baa93a79df4db0e7deab332815ef287093527db68cdc74549a700c271151db
22442.657068,38184.714704,success,de79765bd917d83b96f8efb59e1fae84a2e1364b393fae3d9d621043d439558d
22460.609556,26186.172777,failure,438493d1d54f35835e032ec613792a15caa86e6479ac485a1f2d6bea51f526dd
22480.249643,38147.903557,success,245e7152ac394b45e0291e672e9037377774f3b4396927d738ec75ccf0d6e6f4
22497.768933,27733.747166,failure,bb351b7ee81f7f06295d4685600ae632fa0261b1220ddc61413a43803eabab62
22516.587437,20.523866,failure,7f3962bf6d610000ec35f5ad503d2b29828ab81f49a40202fdaa3ad90ff4ffaf
22537.898342,24387.294481,failure,014cabb5c12e3240848885639d3ed65e9df22c4d6bcdaa54b55b3749bdbe043a
22553.808289,25739.680715,failure,76b560dd7c70de013c5426451a543eda388851441446ad7d0dc73873ec8450c5
22572.781491,26821.721421,failure,19348b18a272fabd0e7bf05de23dd8149cac5a6f055e841128eeb91abd445a14
22590.799822,23677.728837,failure,9c99c8a62d1680dd73a671588f2b12e3a7d9c7230284db7312325c20ca964bf3
22610.544204,26219.267129,failure,b61e6309efadd9022e2dcc73918a36dcc39284d319beafcdf6b00641a7f14bd0
22628.350900,31623.174481,failure,5a9ad773b7e2650cf17af075e56ca52303ffc818ae0da32dafd0413523d0e3d0
22645.956040,17980.954660,success,b84b65e72e8538cc748a0c7f1c76ee5b2a432682edcd77902bd5dc9dea42185c
22664.558681,32527.998469,failure,8fd66c1903355cbc794abcb2019a27e75680b3f568a4303feb3ff727325ee5fd
22689.859300,90.156015,failure,1a4bd00334fbb6dfdfd6273094e18926121d8e8a66b7379f629ea3479022160f
22702.481001,77.609714,failure,490c14a15bff5231028a364596e49fe16d6290878f767ec9bf4cc9fac927a074
22721.094072,59.085960,failure,94d6c17748993d060a18c41e788c7b08f59ae058bc63e0e3f6c986aff25a91dd
22737.651227,42.620175,failure,eec44911705e694033667f18d6df42df0bdd40186e7367304fd8efd5f4229136
22758.259410,22.089126,failure,b2f33a314811a4f8fa12e625358cc125ae64b58fb063e32b4eeab63c2ac722c1
22782.184162,8.313552,failure,e46f91b78056977459e720350268c34a1caaa9c279b2f518bed371c2322eeade
22794.451381,4.013068,failure,93ed9a328c9eefe4318bc4bcfdfb40c6e1f953102ba78d0d4c5d994861929d4a
22813.091171,111.859942,failure,9804a7d7721d40627523d07bb28681579fe73478f14c95a8efa27055159eafb3
22830.829530,94.535054,failure,c911d216ee33576202176ce60260f9d0e6e2724661450300c84fe456717f8405
22850.509771,75.219354,failure,c36a057459a9251edad680cf376aae7b6eaaf9386d96c046a7b14da51b8f5371
22869.126499,30652.350052,failure,ef5ea7842b51597e7973c4fb65cf5eefd2cec55429ce3284d7f22d54cb2e4da9
22885.664698,65.454693,failure,0a8357c253c9627dacbe96f2ec7bc0251e00510adbc883263351571e26148a46
22906.269925,44.248014,failure,1068c944ba513f08b7a667916091663749ff4ef8f8d1bda99a4b3445adaa7c12
22923.449691,11.609292,failure,8947bc1d25b2c4006e7195bff561f0c1a675e90813e339cc430669d0c7c97c24
22942.671618,8.170886,failure,f9cf431279fe2b621b556be3c8883d9500fb2ec8c833a353e96e101f97c21f97
22961.411555,5.065382,failure,2123340151d55ffb43e1e0260108a26ebd9742c7185ecd511cf1bbe74142a135
22980.039443,50.816419,failure,a7516756ffff58dd7fa23fb8f97183e74d30a33eacc884de246eab27044fe316
22997.683646,33.468439,failure,c957e021d964c930491b899ef2fcfbb8ad656dcc43a4b7f9884c2eebf5389781
23017.474143,13.054449,failure,57138f85038a4c676b6e995d11a1f7dee8ccbc04267f4499eb33ad2bb065e805
23035.708237,25.149076,failure,cf7d345c454b27a03338207350325433873fbd10e8388bfcf4f6b02db40dafb6
23054.485243,6.042825,failure,8c141753db1fbafac2a8b82444617f9de0725ae2547e134b21df285492ac0b29
23073.425273,39.450121,failure,eb281053b206df88f9aec18bf67c6d0cd49f66fcbd3fa2c50f2675534859a9be
23091.218765,21.966527,failure,863ddecc24c69aee99c36a460f5b51943f6ffff992c58ce26fc1bf54370fd719
23108.736131,3.814968,failure,3f9da4086685b0e76713c9a5d59cede8bf57f02e0cd5810ca350df4c0bb7b6d4
23128.067762,22372.809806,failure,fa4dee690fa103864096a03b207511258ac710a415ef307ce5b448fab8adc11a
23145.676328,33548.003280,failure,23783468e0605c3c340f5a306c01f0ea71b756e7307b5f01699dc3d2a89fd337
23165.174209,23.262376,failure,1e83e69298a465ae2e7e9fbc0eb9a9ca970490c7e49b8e8f64e617bbea22f6ad
23182.633237,4.871199,failure,702787ac6f511a9614ae7d7e4808821335a429600cb70ea76af8d8b02c0eb1e1
23201.909865,14368.836900,failure,0393a0f0dcc1298089fd7c8a1a79701636e5c64b8b5636b2813dbf09fb3f1a8f
23220.564443,19154.547995,failure,3381b14b0efd0454b3f7831eccde4435659ccc48931fa622f4e716845b763d3d
23239.127109,13004.326529,success,879245e85b697d4e5c59741362dd70acc390601fe948b921927d47fef173010f
23256.626722,125.212938,failure,056a0916265fc0caa56bd9c7463a364a7a1f2245c516ee52339f59f43a5dc735
23276.115166,105.991482,failure,0fe01a6131d142d202683cc04416482bdf8db8e4e1b0c7ff888b428219c5f0a3
23294.225729,87.300686,failure,0c542a8ee6f1709574c5bd44eb2b594b2e2d7baca8b6cff22d60eaaf3d3915c8
23311.706898,22366.884020,failure,65319874f6986287f02af6f37eae66afd35b28f0f9c86900b2c4357bf96627fb
23332.171423,33.943295,failure,0fdd51f2e03ed06bc798df99c901d743b2f1e381f71bcb5a7c7600ff00df2062
23348.973283,16.528772,failure,45564e639928f9825469419a7a2cc45fd1f47c12537612f0f6a38c71e47bbefd
23369.005352,6.553107,failure,4ed691056fa04422daab8c356155b38a80b9fe0718315a529c57faefe2a9de20
23390.880880,35.652915,failure,38908c3ef7cb2ca641dc56c6e79690638a03926387640aad4a91ac81e02a12e6
23406.500645,18.953305,failure,c017193dcc079709c20a4603393e8b2a3633843ca9a5854918f378878fb00602
23424.059248,21120.425294,success,a9d29e109680e4319be514e33217ea3955cac43537a52b8886b60a13c0c087fe
23441.958637,50.693650,failure,619f07c95fd49b1e73a88bdf9c9af4978eea90a0471dbc8f7eb3a1f9eaf8991c
23460.607864,32.340315,failure,9bfed78f40693625354e80705bef42cd1fbabd379dde15b38c9add751fb616f0
23480.253301,33836.241393,failure,dddbef9ebb7497f9383ed303f6042491721a7981a6d42ae489c0b9822bef2fc7
23497.684857,5.799351,failure,e40a471ed51a506372b776cbc4ce233c8801064979b6ce723fcf92eea65d7193
23517.442273,6.105592,failure,4a567b3db7c3eb116f72111f12e83d3bc0116320922e8fd65d25b6d600ad39a1
23536.110937,9.427130,failure,7780e3d2c54d6d1b421c9aaf9bd400b58a88ed621acf225163824138e200a266
23553.175989,30295.401455,failure,7adc6a362f252979df1e56a32a4a7f167aa4df7a62240d758e3ee77933ec06f0
23571.877905,12681.538671,success,61598f5f46f80ec512885902c6e7ec1dde5cd7413df06174fd94cfef3513f2cf
23591.476835,24474.953476,failure,7328171461a1a38b68a004a38a3bbc6692c6eba9635683a89ef4de5ca285329c
23610.060431,30549.591145,failure,803c3b8cb8f718815605f34b0a2a8c208fec2ae68e308bfeb811a9768dad1b98
23626.586868,19132.375944,success,b8c68c6e7a420031aaa9fb741ef096c5984fcf86ae62ce78cf7c9aa0410a1878
23647.163773,24233.791012,failure,76c0f5381af5931fcb819006a3bff6f4624d052a7bee21b2b355b5a34b3e8b8a
23663.624737,8596.055168,failure,ed2434802e360a96d6377a08d4dcac37187ef09b474a36e2e8b0835980a60701
23688.827684,90.451324,failure,b1b057c5c03b83dc84c2d9ccb9375cb70d574522129ae5a33384635ececdd0da
23702.409146,76.913674,failure,2365bfac73890c626f320be68b4e46bffb0ee0f1eb83dd74c57017fa0f343e8f
23719.799114,24671.957860,failure,19eb75dbfa2bbdb7dfff86884d1b76272ff59911e20d319a183fe36ae3bec3e5
23739.264154,40.364958,failure,62629368766382552feee97a565d0f29352305f42c98f52f140c2e200ec66c2a
23756.682455,35088.268190,failure,7c713c5e4a6ec5c3b6bac4c83efa22522138c984ea8cb899a5fbf8dcf50136dc
23775.631342,26435.909883,failure,9fafdb606ddf2f51902f1b2ae1e654037782c2d63545ee2a8cd4746795614ba8
23798.062286,29648.297501,failure,67ee50c904674bda194cde33958c75bd10de462c313c30e1c824974377e41954
23811.590939,42647.879075,success,4348c5c8918dd93fec72126f6c53145703645d55ccde372d8eb154bf67072bac
23832.127178,22667.022776,failure,280b98c809e9207aa89bb1ef8b7a8a1342c2d9b494bb84854f40ef9f2072cfa6
23848.614742,28278.881777,failure,110c28f7c1b50966460e3603b74b7d9f105b5c1e15e22f0b14f72f69d1710bde
23869.137095,34227.710769,failure,1bcaf7997466bc800f4177a81615c7745ff1562393627d3ed1c2804e5acd3eae
23885.611354,22614.526533,success,d18615ecf2b69e49b9dd44741b1c63389c0d7a4d2617f01501a1c0f8b1eb5726
23906.192126,22593.661962,success,707c3121acec77a96e7f5de4b2833587960399baf63764d3e350e3f2f5d19c66
23922.629647,28353.567463,failure,9fadd7334db59635bd91005f91473578bcb02f248ca663f0df94050322bdd96f
23943.139657,1321.397305,failure,dfc8322da3470bb2ce30a3a0de3bd9a49fc87be001261e9784e3096992344785
23959.567560,1305.301903,failure,71023d61af19d37f7cacb8a2f8877771140dead4c96c10b8d2fc9c5467212151
23980.034960,1285.136146,failure,e94a27bd75ee87c4e8800de8e62b9b077c5fb453b2a2e23b2e05bb9efb09b011
23997.542868,1267.920142,failure,6bf4265f310f0429a8ed2881c59eeff44b7cc0ccd2b63d474e73b1cbefacd61b
24017.251322,1248.513071,failure,fb41731e94476b905b23d19e765885b12cd7338c060dea5a8822b7b625b83759
24034.646059,22973.147076,failure,d010962bd52c30ab0bd5243336bc047207f85a4a5c7e6ebb7167fb69c148b9e5
24057.316279,1351.250087,failure,01d6e57cacf5d4c58f8b0a2dd261ba2cb2b1eb7eb84612ccd0a636eac8e17ece
24071.835190,1337.021317,failure,14353470c4e1afc6e225708419aa704d465fbdb2b923c804b3fa69d0e7d25292
24091.342168,1315.452412,failure,571f4c0223d84b6b3ec2c6576c4e48e5d268ea0629d6474d2015845b6e4d0c7c
24108.758887,1301.003741,failure,5bc9c1673d90b9621339f5076694f2e07b0b1adb7d72f132d7e2a58ed8396f0b
24128.246208,19736.656464,failure,6b46ae84944d193a3a1814e7d438dc1880fd649c6d57a3ab35789ff2862d4593
24145.648459,23940.372590,failure,5f239163a8ac65cff1bae55dd4e7437f28eeff5fe2e48b3f8e20b3a18a4de8d4
24165.103981,34877.096961,failure,3a35aa4571af6dbd6d118978547b1fe51cbf51d3c6954a382aa26e6d6cf8aa04
24182.510580,30343.871147,failure,5ba5050190940baf85aa585c8623931991c9520a1b251fa90f959757acf95ad8
24201.958157,1144.593947,failure,0c418885b2cedf5cc45b1a8f16ef8ae7636b9231b654bf16bd2f0208f167ceb5
24221.451300,1127.615556,failure,177d83460a0c697099058ebb726adf928f90bc0c6450fb75e46ca4d3ecdf2084
24238.935133,1110.506923,failure,22d5a02444ebf25688feba523c4e5bb76fe36bc6f2507c8ea3fbfa47c8fe29bd
24258.421252,19970.394679,failure,9d2edc03a868e1bbd101f1a16e8a472906be398b9395d7f43279481481b12c74
24274.896975,29175.743428,failure,e2b54046c761fccddde5d7c4ff7d1b9455f8ab13f5e96bfec42d748a0d0c170e
24295.581500,26366.953524,failure,8fb506debe2f6e157f65cafaba7d8b1e3167b4425c4c3a4ec4f8cd59e2c37db0
24313.002406,23591.946513,failure,03ee66f4b340dcd40bc9ff0ef40eba5bf6735bf363ee4b9042f759de385ca686
24330.560177,29812.598000,failure,a8005199b806b1c87ebef2eeb0057fffa63bfabf3ad4ba88eb13eb3cdfcdd85b
24350.094576,11480.584715,failure,df2c4d10a2eceefcd0248d8c027cd856d01db0808c295c9c11fa8b8c82321e9a
24367.552531,31877.251681,failure,e1ed595927123d016e130aff79cd3ea1d752bf12bcd5d7393238cf193321693d
24396.519661,38951.970585,success,bd0f49bbbbec75bd6f8d5ebab6cf175085cc4d41dd615f04bc18aff3f473be3d
24406.626509,17370.946770,failure,4c416fc12f8fbd5cf73277491c0398504319d82ef8345438f4879e4c81c518a1
24426.967514,27494.182071,failure,d8f787f071f53e91fd8df2887dec1e462851c29ff7856b0b4291578b7751b616
24442.160062,24863.861680,failure,5bb23d4aed3254671147078be9063a4309c81a58242bda8beb78cd291b41e649
24459.743541,28986.875900,failure,d843382da9c199dccd71fdc6634272f0e6a181b9b36dcb4a0f3a4f34fbc11825
24480.370088,24826.378911,failure,19ebc066dcf02a8116261226fc0e0f48b8cd51c5e8fbb3f9531a08843a3e612c
24497.722636,28431.867760,failure,1acca9125ac326b2f9595d384b8faf9d4a3a08a34364255594d0423d935ee6a0
24517.152751,892.334563,failure,0ef4862a539b683339b94a8a000b50a81885db8e1d268b2ee195d6ea7a7293bc
24534.529244,34332.996946,failure,c9158a360384574b5310e36c861090a40f85def620c529582dac93755c95a2cd
24554.629859,30638.163722,failure,8c006543d405cbb229f6d643153d1729dee6f8fc102bf7afe503d853d45b18e2
24573.715221,26802.526228,failure,100a1cb3ac6b787bf3efcab20516d9bbade4036c95b471fac4497c20f129244a
24590.675798,11219.763390,failure,47f96363964b358bb840cba371e7c669cedbef5f8635a3b5658b4a0819c2790f
24609.708201,17542.758651,failure,bc8c3524a5ba98d1b269b88821d285a5f6c49cb9254acfb7c79d2c0273e1e04c
24627.587091,27055.095638,success,7025867cbdc994bcce06299914f1c66ee10f1fccfa6710206a62caed99f83aec
24647.432861,19614.069382,failure,30ec17ae737ab7f3f589d8c6b21f4198824b8e9d30eb7237fae196fb215a15a7
24665.140863,744.885487,failure,85a1f768344e95b54f0edce94ed2467e048e0be087451a71b2d94c9d2c88ded9
24682.615018,27000.337364,success,7bbe7df7e403cd2dc559f46a4a66199ba1488a8cffdb318ad54e2ec8ebd4f237
24702.111617,31357.928444,failure,c315dd6aeb98f237384987c22c322095ac99847f7f95cd9d42905e2f7798bc70
24720.041772,26963.176276,success,b551d9156b7e07de64a4f62cb308e7c27099347f39bf0e1b092b06a59eb2f127
24737.620382,31585.165186,failure,8cc498a9c3d148b74af2e169cbe1cdbeeec84d667d43e2547b92a63ace1bbc6b
24758.227323,17619.152836,failure,7fb703e760b068cc5e6de84db77f53c32af78ab501194fcd57c22f739976bd98
24774.657019,17226.493815,failure,2f6d7b87d48a5ed14028979b0e10fe021825f11b53fa57a3da2d95e21e07e841
24795.123377,11023.567066,failure,b0d27a1ed5febc00c0aa613a8621fdffc5e3c5810dd97cd6a9fc7d9b464e4788
24811.732037,19931.044931,failure,2bcf436e880c536f3cd0d450be9fcdaec1638c85eb983a53a15bc70717b971f4
24831.641305,26851.441120,success,cd6153aaeb78ad1dc8d430050ba438e05fefc5856c4d1984a123b46906eb071b
24849.800769,30520.298351,failure,a3674e88470c3fc9b78601aec984420169e27a9f1cc5085755291a3925ebf28c
24869.536484,18994.086852,failure,4129d0595753fcd260c0c93b2d8a934a08cf5520d6ae3e03a6438245f4515f37
24887.166349,10961.017511,failure,4d86e6730961fe5ff6c746e66e35086f1c544a04a8ba012affba5af3982051f7
24904.697130,5457.871401,failure,dd63ac0d9e0ef1e1ecd1cea5104252120d1a2f777e60eacfc0aaf3c5227dea61
24923.672626,22166.313299,failure,b6c4551690c619957157f362e95721790dadf50de97cfa40a919f061421dccc1
24943.307773,38404.800571,success,2b22f7f2cea618a157d6268baeb71952f69b37276fe942a6cb36365575df8747
24959.858044,25295.397433,failure,8ba58edba3815e6973d340ea6dd6543d1e98dc72f8c06e4e84e3b63213c1b7e2
24980.482838,31078.740770,failure,8f9e251db4d7a1a386ec8096937f450a05fd30e92879971a9d5b0c958e739740
24999.228144,34411.310566,failure,1469daeb4334d60c1c79e900bde436bd7a4ff146d3924720ca15d60252ddba7e
25016.394776,87.355886,failure,d35c1f1edee2d151b99c10f153d32473c8ec389d8fad9ecfc845b9f27a41b57e
25035.054282,68.417851,failure,bceaf8d7748f26592fe4bceed78e2256bdbdafda7238cb376432947483b22d84
25053.094674,51.130975,failure,e6822455b1eec009fcadd93163bed0e3f877d65889e8a33cd6b24c49c513de5e
25071.741547,29118.843026,failure,0d0b0f70320e811a18850f7d8c88179bb7a8f5040e292ff45badd0212355baf7
25091.268803,7.531863,failure,142389af8e20274cd7d92c81c1f344d350619033aa1c88f0b1b3ea9846f32bff
25108.763396,23283.234077,failure,bf2b4560073739a4ee09e1ce869c03e1ca26c2286ae361557cf2d65e93f3d35b
25126.867616,10692.353457,failure,d75d2b5087cb8fc2294ed8f752d57100ac7b6af5f9a6d5c371308c0bece9f2dc
25147.504512,21055.287236,failure,8392bb53b26f95c553db6f105a39bca566abc17b5060a0a5e81f90ae99a6a63c
25165.114972,32320.444704,success,afece9126c479958a7825033350e08e63d2202bf785af40bbcbb3076f66c1735
25182.716664,29666.236622,failure,07cb612582794e7e76022dd26fc4d97b46415526fd6c9bbf8fe1934948b47ac7
25202.367551,27074.130801,failure,b0c331df54e5b8fcaa751f416f0f43921574d6e8305a1bce93ba87e933e17c1e
25219.929099,229.714893,failure,b380f12fd3480e401a0ef667498bd773917781ab45c4a8a8fa3b568eddc3f2e8
25239.487753,210.514648,failure,1515856e2e3a62855a7b97f4c9d3b0c42383a5cc8629d26ff45ffea511fde3af
25258.060989,192.272951,failure,3accaeaa000aacadb31f7d84ca6ea2f6b7e19957c96c2da5672b75625beb428d
25274.701849,175.969119,failure,2576e9b67f0a31d969c0f6ab5b8c72b563f0a1c5547952ad412e7af12d456f3e
25294.713689,156.249284,failure,a4d4cfe0f8df41515ee9b9fa82eaffd6da9726d164b161ddc1f13a0f4683827d
25312.639657,40096.426447,success,ac44a58fe88de15902e8ea3b29cb0920ddb6c562cd3de11e276d9bbb61098171
25332.266238,122.601712,failure,a351490df2f2d527a4db6f3147f5fcfde181a1b7835a7ccc3c20d039c6f0712c
25349.860968,105.558330,failure,96e5e0536a5084c2e2374ef1dbb18afcff43ff6c0ed072273c201bd025342f07
25368.992866,85.559344,failure,3ba5e282435e31db8d4bdbc1e0205d8f8de263baeb280366e1226b64b46e5bcb
25385.674452,70.001585,failure,fd29fe53b9e15383252db4b8c8bccf855452029dfdb05f07f738bab536379f77
25407.170842,47.968173,failure,1b5b0152892d3862334d6a87a37dc08f0b0d503b947372af212e3f31c83e8d3c
25422.691462,28024.179849,failure,4a20f6040f9f6691e5426f8ab5c71dcfaa90d7062e654fc7af56b2aaa5ccecf7
25456.298028,275.945555,failure,f7c1f86bd0f531daa7b72a368b50ef8f5b5d03feffefd48bef5dc6136f1d59ba
25459.928973,272.578753,failure,c2e5189fbaf18ee67f100793b287a1f2ab9149efa4492b82a2c8e07641d19a5f
25480.542275,252.224684,failure,b933297b1a0a396a0a81a9c3f68300ba0e51de9ab9cd4dabbd149d4d0600df5a
25499.317868,4.405050,failure,c5de99073d1cbc3f0dcefddc8270732a3950557a00389b720af2182ef60c5b1c
25515.576595,251.284210,failure,a68ca20edc648bca746bf2e7f9df515c1d50ddb404d55e70a6e717890242d6d3
25536.127241,231.017433,failure,b9609d14a46c303b4784da48bfb21a0a757c86aff75741c60b944a98d3710b9e
25552.559091,22326.000566,failure,7c5f27cfa0f547861778c7251512fa650c268f6eba5976fbcd86db1b10472e90
25579.703870,28218.784401,success,847844537ffc50a8c917ce6b73f2df9ceec57beb03edbaf9de0102a0960445ff
25590.744821,22291.023742,failure,5cd2a355aa7d0ee59927c4217c9caf8794d69db4c7f8d773ef69f04610dfc476
25609.875086,201.684501,failure,b2b9018d1268ab093c6507a0f4ce76ff63fe6542807d31367a4d504bb9ec8fe8
25627.631438,29280.361749,failure,19e5d57c27e71b7fd6110fb2a11e3dd1bb605f8da719abdab6ac92b435527801
25647.523805,204.574102,failure,a3c39db33ad5e32f023681b55119ee920dfb1b4f32df8fca2373010430256eba
25665.082638,71.034733,failure,0d70c62b0631ece9f81bf55ff1292781ffdfad8d7b1d3f919bb221e488d8b0ce
25682.593601,53.572361,failure,7b61b63c8abbe54e9ebbf023e16c54be9a7f73ab73b085a699ff883ff211aab8
25702.087635,34.127578,failure,a9c50150c2a906cf894ac28fb5da4d123d35c262c7af89d1dd3f4a11752956ad
25719.540069,16.504686,failure,936888d997684d56cc4d67382bad3ce49d5b266687a449f678b9e21420b01552
25738.868144,29.078647,failure,8fe78275de0c74843cd8dd59479726a8c33989dd02e87195b2d6f4d5a3882b46
25758.538005,9.530313,failure,aeee15dd4fa83e173749228f3a7ace39f43655f2d432124f1f6bafe94ad27877
25776.522482,35.922928,failure,8c7a1242a8390e8035bbd04959b1191767fa906a27b33af64343a518a1dff486
25795.167241,17.200274,failure,b35baa297ed5605e3b5264105ca215ad7239c555f3b742b421d3f968f2fbd01e
25812.802697,29564.388643,failure,85f82230d0a8a140a1dc9f0635bc8bd26696f692d339083419ce0a641d0b78f7
25831.662086,39577.435387,success,ddac7cd88d50e545fee44b745ac8e1953f5fb8729d9b91085a04b08f9e5423e3
25850.388237,45.515727,failure,d954e916f8cd6ce7edacb9cdfc25a13f10df15c0137f9aa8f9593e3b83bba2b7
25868.492026,42.199149,failure,78f01afdb14c74ca5fd4c97b47ff8578f83b98d4e7f0d7e75dca49899eec3c62
25898.275919,27108.267396,failure,53f82239dc319a22a946832c11e37e3e00ed656b57c5300af4974cf1d1e0394a
25911.100499,40.187665,failure,f996cf8f92724874e6241a5192fec873d4e7b72a4211fd1869a03c9f65c6e6f0
25936.441051,72.930309,failure,9d4f8feb89256e1b942182e7be31f0ac68ae2ced2685a7c071a165810b77256a
25953.218035,55.868273,failure,ef3461cc1ca5e71b36d04bc83d9f2fa2738129df9b83938aa4d2f1a7ae0de8a6
25960.014787,48.785498,failure,5916f23a843e2762d19de669672683ee60ebce0bf77d2446653787b984ac627a
25978.734245,103.169452,failure,0c64e9d3776ac0108a8ba92278962975d7485e0ee955c916fe2d48dd034bd8e5
25999.397480,82.797090,failure,bc3b06f6188eb15ceb55359899eefb723febe981b8c66ea9be6b0f6018a0b0e0
26017.474530,15996.038067,failure,c933592274262cb71b2d276d95251b87b68129aae8413605e1d838ad63585116
26036.487917,47.646041,failure,68bd2fb44f2629dc7fa1c6fa2877e64ebb33273d5d7248a1ff87741a5964936c
26054.170350,27.403241,failure,d27ef86d5900b7df336162fb69b4a464a74fe89fed4e5f95bfc2efaeee2ede70
26071.743289,20837.290428,failure,62e08ab214238ca2c7230b313b914032eb72a06c9b2c6d2360803657a7668384
26091.301031,11478.218444,failure,7751c3b8713b4f360ad123fe26daa3f60dc215ebe2aa0490e53d966dccdf5837
26110.285474,1611.965062,failure,43897a07054d53ec7cc63df46da75d19a121e3d653f238ab25364816cce28909
26127.634375,33099.854790,failure,dd9318636bb9ff511c1c0e28bc340247e9e07c1e4c29ff419c4bea6a478ef3f6
26147.339723,21757.236020,failure,985e94e330bf794ba34830c62364667123ad5657aa6a271df6688fec877bb51e
26164.526441,33203.049593,failure,e73df36f9a703db21bfb3ba5dcf37ebba636a568dcb496c1ba8bce0ced77b73d
26184.065890,24027.440720,failure,107ddf29abffef687025b76d97bebb19d3b640b7ac259cafe83a04a9fa16770a
26200.673247,29152.884624,failure,4b6924667759ecafee9e8a17f9e6da4a54b44e384a01b208cf6ad7521b8e8d72
26220.690527,557.574897,failure,055499b33d3ca9ed62aff1adc2b390b149a463d3d807dd388eea028cf57f561f
26239.235179,539.368647,failure,43e327f5a25e813e0b7ee6488f4b5c48a87a7ed9fdb104304ea4bb6d4b2af852
26256.691230,522.213197,failure,fd692db6cf9e1a315facca06c89b1700a1cc870ecf395e1cab552fd4764901b6
26276.239344,32598.268570,failure,4686c7637f489edc3dc0f3f90b0ab3b33f17c0aa1ef891c01ed1762171fabf3c
26293.711926,519.653801,failure,2da6daa0e3a21dcbb56b8ab36ec6cd7bb74aa88023c034ffeabea87474854e63
26313.220667,499.783575,failure,5e5d8723622cf59282b4aca0df21acc479e64ed607ea25cd93a840f80db34cbe
26330.674463,482.967589,failure,77220512caec602303fedb65af1fe0159e667030385b628a3de173c82b34e016
26349.592572,464.333641,failure,3306e9338f011eb84b6596bf84e12ea068ff22c6a6b829063b038dbe7ff6e3d6
26368.606711,23866.146658,failure,2d2a170213993f173a70b5a0be76af1f172d5a2f834f9da51dee0b78ce7af061
26387.162854,21678.406019,failure,1177c780c50e8fa8c94522b5c93522cbfc03dd68e225b67ca1b4c48ddc4743e3
26404.601222,27057.040975,failure,a6a90be5629cf0b0f466351e68f604f762a37299d6ca6d2c86265d2fd0618644
26424.120573,38984.932597,success,4ee5674a940a953c17b958a0dc83d8c344614f7e17674b25ffd7bb7c04dcb88e
26441.567537,36907.042603,success,c730ea57e3c9462df63d74d80f55af35fa272444ed34bb0e8eb4d114bfc3cbb0
26461.062011,25221.760679,success,03f5a25733849e8c0d85d2c916302bdbb2588726f245cdbffc6f952f5c113a2c
26478.512171,16633.757466,failure,db747463d22e4e5b86b2d008658a9a9940f78beb9df5e8f6b2bbb1b2e4c23e7f
26499.022280,38910.049264,success,e59d387f5c1e68f4f786a46e9977bd4ea7c164a80f52513fb1a52761d9afd0ab
26515.518250,21867.483190,failure,1f331753a62584f59ead422d29bf4b9b8fcb77142d83a35e9f9e82df1d54c05d
26536.057694,20471.999022,failure,06592f240fbac7a1cb32d1d8591c0c4c77cd72a81316a4ccfdc327f9942e2fca
26558.627386,34069.143801,success,d90efa901a39b6fbd175849ec86fd4bdc1b6fbbc6947f088cc805fa5bebb2d03
26575.836657,203.843948,failure,0db0e3c6f0772aee1b89b0d0b96506b9644923ce9886a7a4d92d196d60bbf0b0
26591.114243,19776.822275,failure,460049361b11cf0f7a7f6ae93dd79ec0e35066d81af781423d5cafedf97d4260
26608.634474,173.133616,failure,7f660b516b20c36c1c03a6536b74e7b246575cb9f6a456dfde7415e5a21e2c21
26628.117887,26821.839882,failure,7273ea7666a60c60f6105501cabf32a7cb721dd18bb0f5e1db5c64ee3b7593d0
26645.517192,15746.954133,failure,93f96f4968df3d78f116a7e3c64fa5ade5ac3342a82f4674461a177d328abe4f
26664.992872,193.571399,failure,e0b1bfb52d715dc9550bb4cb1cd04e3dd1e6e8dd17e2ebb853675cb2704e190d
26684.471657,23262.046994,failure,fb07237d407757c15abacab4adb0a8480554fcf3bb4950a3f288a9ba2d9beeb2
26701.948927,15122.615773,failure,209eb5ad5476ede25cb044f71060bc80f81dff3cba194a87285d2dd9bf2b73e4
26721.450876,29972.469551,failure,5ffad7a04a23dd5d76e7706575586f2a753e368ba50a9d5b959e963c92d1691f
26738.931242,33888.964969,success,1ab22d04e4e4d3443506c0652510af6cb9c712c40af1edd6811d3b428ef60f9b
26757.680265,17110.769034,failure,b5aaa21f4fbd13b8edefa9fb65252349699b3cf18c53d394638909fce7632859
26775.543265,4.067630,failure,69293326758b98b1ebf0cd7a6ce13ed808ebd09711f280cb31221f4ada0fdf8d
26795.125954,36.152586,failure,1ea18c6613f80bd938e2995653fc520c0f20c2462b339415e6f1c2e917560cc7
26811.658511,124.660310,failure,65dc0e6d9458190c71733c86fe2b14c1e1cafe340455d466d87023a639a9f7af
26832.625934,104.514480,failure,14c9d190de06bc17ad398f30a4eccef12f3f3ee5aae37e27d3aba4a08032f6fa
26850.272149,87.619647,failure,4c1a67dd213eb8e5fbd05eb285a7222b05fb21a39f7ba209c09cdc4c413fe9f9
26868.337026,69.834752,failure,74112f274dd6c26cc780c3bbe63e8eee156d6e286075e7946344ea5909ed1faf
26886.564666,50.249419,failure,b7190ebff19419e304d35058f27f24b7ddbdd9c11b7aa45c643234331290758a
26906.041508,12.797739,failure,c98f353fb5ed3b7f5903e26b9afabc9f497649060f579eb3f32c16d99158ed80
26945.176218,36403.192632,success,85cd8430df9b71f4dd2b735e68ce316165a50b40a6adfc580466822c6dd6af05
26946.799026,25999.656422,failure,5c8698508b1f6531ae324e3b36278f222501c0a53cfe6eee084777da8c2397d4
26961.472434,27164.872738,failure,7b4c3979f40ce4b3047598928fcc84691ed96df261ce0bdbfaa808fe515b9ece
26980.605334,29939.910579,failure,bc0d7405cef76735bb39f550e5caa49e5bcca479065b1fc27c3c0ff4ea707961
26999.504768,719.808558,failure,7f45e4d64dd138fae7c33a38f5237a157a05d7afe8fb2fc8c56b2ae516e2e40a
27016.845894,702.964880,failure,479a54e16f70c24bbe83a3e84ba9cf6808e5b9a219acf15e98767d365455e465
27036.604832,682.427499,failure,da3a53d1327423b78ca0426f76afb529429e99551379f8a126a96d2a0936d27a
27054.571084,665.858024,failure,4e285e7d6dc72e599fd9ecb10da6567c740339177d720986868857190ccf982a
27073.315659,646.741825,failure,e7ff1bd01e1a83d42c7c2c378a4007d63a96e1001ab0e66cdff175d9eb54e5b2
27089.666157,631.083909,failure,7b3e763120a35c9ecf0322de35ccbe24e6196281f659d21b2a33cf40753cb5d2
27110.291521,31733.861837,failure,3c5aaead3f2576d308cedb12401a9d5a636b500c18f7521804e4d4cfacad6b0e
27126.821604,27064.635336,failure,224427013bd5547774c3a9be9efc493de945473b3697cada2ea6e7fb520a3276
27147.382458,26282.871472,failure,c579001eaccef09d9db12bc8dda17782f073aa5ebdd37943ae49dff3b0bd3125
27163.827532,28190.088227,failure,73092dadda2806b56262a067e7af55f49496bee5d41c274698ad193a894ecb92
27183.587161,20912.473228,failure,0c6b6f813de13713baaf791834ea8d9278d9564d686bd57bf6b2a228d3e178cc
27201.534979,15909.921831,failure,89636d7e783ff7deae3a1cbee8e05aa2544aa8f2e0f6907956876c91d9cd7678
27221.135872,276.883088,failure,2f2f0f9469e3b3776a61e964cd198fd8d0fc3262f9aad1e29ae78652608dbce8
27237.770731,260.547186,failure,9d557821a123d2f5571a5aa19e76c5bc0aa1f9e59096a1c8e04b5bd12eb0e332
27258.378372,5394.960916,failure,646856659999106da4670ccbe5bc2711e1f11395e57e64f2bdcfacb340eb9075
27275.034209,222.583131,failure,4b072a51e6d4aec7e84d81731580f2a0a9d38111a38437b7a2eb2638f5e8d15f
27293.536071,203.747025,failure,ae6f0490d107e4dd78d89e795fe029a151066a8717832ee4543fe6c17757e4bf
27312.644766,404.934374,failure,5ad1f4e3f21e528cc0ec115017c638a4ada693713ef6fc8dbc25f1157c3ea1c0
27332.148016,21734.160877,success,811048c6048cc9693bc5ce7d2b81a1ffd15a5c5b3463ec4461bd42af5de0d6ef
27348.617015,28750.559556,failure,4f849f62674cd828e256d56af2b4b935fef61efb3ac43afebca10f3f3245052f
27369.170385,15388.817047,success,f349074b0eb2623ba05356f95953697a7bbcdb9aa41d9ef11c7b27fdc0002c3c
27385.624877,29556.700913,failure,80bb584d98c09ae8421bc13806b39848efe017ad1e027ddb7350fd6e14199748
27406.168749,25523.100327,failure,aa4f4b59059bd956c155387cc68f5e9d9cf3fc3f4af519811879086309141616
27423.217660,32512.674055,failure,fb97b68e97df1fd35ce4ecc341604e1f741915bb3ec15481f86b4806900bfc18
27441.630526,37967.558157,success,19d9252a086bc1a9ed06bf53efa6284daf55c324c71aaf08a478b6449c966448
27460.624086,35890.092754,success,ac9e8cb38787b92b25686e86a6aa023fa923fe75e2b0a2be5daf7f31d8022c70
27481.490329,26644.527382,failure,a9b1e9113dcd939a4a86696175445d334ff3b92aa539fba6b04115936d69f196
27498.789367,222.867411,failure,041c4e32d52e0e07d92b35ba565d1eb9a610e7c276318337808a5e7c91046007
27517.398078,203.959692,failure,667db34b6692847c1d27ccd19649ce3d79097eac7b7bd92ab8c12d73f979eea9
27536.083914,31505.579205,failure,28f467a224763a6c855d02d592c84dc423efd8fa12004c2093a0b985394d10a2
27559.427610,33067.611832,success,2526c8d0d4273534f4ed9614fbdcfcd1b13c487851600102575a5b2b20e13da4
27573.002800,21258.439676,failure,301fda91100249f1d39aab27f46653c494e716ee4b08b53bba87160c90a1714f
27590.588121,285.942540,failure,792e3ab1807b7c4d273ab6fe9b9d11ba72b20f628cdddece313456664d9907f3
27610.172624,266.739859,failure,39b0f6c95373297db2986b43a5111c35a200247ce19feb6b66a0ed0c9081857a
27626.694541,14750.945283,failure,9fe51f9a43a63134080ed0d6626811f0fa74bbb0f0882c6a799e7d32b91cf0f8
27647.185174,25358.718508,failure,de316606fd4378bb6891a4d175e2abac9280ea9eef0d378549729dd51befd0fd
27663.600733,14941.257629,failure,3436fbf83176f7955f23202980e435118071c579b84608df4df007a9e8fc4b47
27684.076048,22548.019362,failure,838252455d75bfab5b274b7d0e4abd325ed1374665c5ad7a2a89d4b8ce26f923
27700.539336,21365.625228,success,1c7decf45baeaad73f7b79a8770fc75eb9a0b37dc31d18ba1dfc4b93af3b12ce
27728.737540,149.004451,failure,c597d9bebc0d253342898a63303d9e534aa79c34e4f37fedf7430594821b83ec
27739.414081,138.656253,failure,c957acb0cc2d6d51577dbb8066988ddd8b77e747c7d485e4890e838375a06817
27758.081351,122.256924,failure,6388bb19b5417fc6c74c0618f572d0b77a7e87c8cc793be3384f09d1c80f6ee7
27775.113160,103.581719,failure,be047ab8425ea9d99adf185951736660701f22e9c78242a29822bcd20e813fb6
27793.640309,84.756283,failure,d2962d51a601a35d6134651d6767cd7139b0606ce729fe0c5876c3bd7291d26e
27813.143620,66.563067,failure,f1cc6e55386734c42fae7fc6e2b1b9ff75a60b69c094714a2c765d317ffa5cff
27830.588930,29477.355654,failure,d72eca2ec927dff5fdd9f678e8e7f11c6da812965a0e2f5485e24d970cc1464e
27850.132886,29.821643,failure,fcaee6774b1d0d7f49e8529fc96418878631e1391845b2ce3abcc4ba6a9530f4
27867.665119,31173.413740,failure,eb186e0b660e00f93737a8809dcb7ca88b82bd61612f819b4059b21c12136914
27898.124261,22356.849891,failure,957b8e437a111523131ce269b498a07302d6a7171310a859c47dfce5caf2142d
27904.694561,37504.490776,success,0978e5dfe4cde15333a9a2bdbb97ac9831e6000b5c5e8e035ad93c275b3f1bb6
27923.933087,32703.262356,success,d53317152f6014b693244e01a0e6adbce2c57561912e76bb0866386c69ddbec4
27942.341795,82.219880,failure,a7e2d7a4c9ed4e04c6e212ed719848d75e676063cf2fe7ac10f0e61df7abf2eb
27960.238758,65.142016,failure,f47c0e96707d834656400b45a9ff4433da870f9f95c6a0545cdcef6ab1608f98
27979.000405,46.006481,failure,8db4120802559ce9e1a8bed25602a1deb1194a5c3a83711eab36b4ecc46ec2b0
27997.629584,28.083840,failure,6ef73952055ac75eb7f08197fbdf6b453eb36abb78f48fc4c249ed4b71c1c2d1
28017.465204,26611.834430,failure,268da9ab541e2e0c70bc90e651bf6cebd54a0f0bd4e853ccdf2aa494af0ef31e
28036.285200,18232.482174,failure,f8a2fda44a804635d79446e6aade70653f4089e7cdaac5be4c5d60e3f24884db
28053.521851,28357.988775,failure,14b19dad9b69c89bbd05802ffd3740f2ef25eff8b1968dbb9a19386186244bb3
28073.045750,4293.425638,failure,72982642342c6c78e7d06fd3af9bd6e9d4319ecdb42efeef148e7b6ed18c5a06
28089.538893,440.740388,failure,e6844edad6d4a874978368e8bafad766066471f9b451e5afd2bb040b373ea403
28110.261849,20956.429678,success,8c58cfb2d2c2f05c98ae223909028410536e080d38dfbcacd2e1a984b4af3421
28129.172735,395.841573,failure,ca82052660b8403e4be177f3dc5aec24a4996a6c0a8985999bd6d36ea8394a3a
28146.328114,379.065191,failure,8b568ed34595674659c5f8038ac9c1fd20a801e8f7008b01cc9d7e67b9024e21
28164.025685,361.710590,failure,5d92c59f0ecdc3f63643ccf361fcc01973ec7cf6d746fb4e6b61bbea0ce4a0f2
28182.535832,343.519288,failure,2acd4881436359976880cd1e756f01312d09d90df66ebdb43c9e090b00bc9dd4
28202.063218,324.315856,failure,926dcf59b3d7ba3d8191d4975e1d103ea1e65a68b9827a2cf6a70ba6e8599f61
28219.564693,307.131262,failure,cdff403a3a65285290c91c6c57e4bcf82996f9585bfc7c2aea58b523bfb02d9e
28239.041965,287.949342,failure,7a0da390301026a8409ded4cc428866093a6689d0d6a96a3a598613945ae26df
28256.514826,270.782381,failure,32bc1e74e0f00c112516af2ceea1d9d36c39bc24667707dd084fcb7288a59bd9
28275.952414,251.656836,failure,00e374512dce1aac5ea82da43f9ec73212959ed0d675d6bfacf76cd1d24712f1
28295.414658,232.493169,failure,86b14614d69e03f642a136c83446d59b079d4bbace323540539fc8eafed735b7
28311.502516,216.695151,failure,7c5ca763d816182e6676bcad7ff7a292e70117fa91ac7906fb2ece2e35dfe606
28331.966589,196.546367,failure,71dbffa832e195eed85412a5ae5fc668dda7ada194d5a1e1e8a9a8087cafd019
28350.394803,178.412833,failure,265b36bd6ec67e28407928fa7e01aab2dd8dace5b3e9b66d98b28db09030d649
28367.800550,161.305112,failure,a223d164c7680edd960523a83720556c78a74839b13846d69c8444a7272ea9d5
28387.425617,141.976848,failure,6cec3b14dd4fa877e3071e02527ebdda1949f4b78e8f92c07290700911a0950a
28405.944721,123.751092,failure,aff983b26b7759873e88303bc6be1250f52c98dce46b50e05494a6c5f4f08401
28424.431485,105.550832,failure,1af6c276172a5966bdae03b032edade605931fb719af43013f5a3eda8a375bab
28442.905134,27234.705528,success,aaa3677a7a74f43a93b113a2a114ba52a058f4abd790b1778e0df63ce8d498e4
28461.361050,3803.867017,failure,05267d4212bbbe50fc6201583f41996b8c14f4d3f7b1caaa4265446d7fd0b6ae
28478.771105,32149.253625,success,abfbcce7c1744f61a693664bab4bd69a7a387d11e27ccede224a56ef3f7d25fa
28499.298506,36909.789299,success,f2c432ca2c67182bfe04c8cd1c0c6f21cf09bdb4427af0d984408f978e754b14
28515.784967,36893.278041,success,9fa3bfc921ff713f5bcb5a553e7ee7bc979d2be334f87ac827d0caad80228f43
28535.743076,34811.442266,success,f041a12e093ab83b677ef28176df257542ec90e5babbadb6fbdb6209128cee9e
28554.576106,294.458325,failure,b559294a5a77615c8335ed71c5fce3e2648744712cbf12453c0fc515f21c6525
28572.636213,275.794502,failure,bf8d03e2ba773fe27401b188ad861ccfba2c35160425be47ef1ac2988d704f70
28591.341194,258.135522,failure,60af15fd4d4040a3104589aaa7c3b16f85e1b418f001b9a89583fc05ad391bf4
28608.866334,21646.662243,failure,208c4e45e6c8fe5f7eb630993c76ee9fb6de1d7fb1d020951b2281b712ad8ab2
28627.584379,16873.032272,failure,6250ee7de37af83d490da59755321b75874055ae80c2a9f6d65ec4d23fa4fc74
28647.198255,15433.931614,failure,e0c265b1d37c04a4e9392600c5fed7b8100013df5ac802d433222af0f3bf3a83
28663.501064,13114.563872,failure,01f2ea8a547a0cf0532dab971ce2568a01ce92c8e367d96f1e9345621f6b0213
28684.049905,23591.808563,failure,4f11c75d4b14280f8cc650e3ccd6346c2f5f8b471db7ce7d3dc1236873f6ab98
28700.522190,145.026437,failure,f0f813bae8230b4ad5bc4a76b31331596e7ef3c1aa1149466a35f7dc42545ac0
28721.003976,124.949727,failure,82ba92cd709fc7c7898b719a5dd58cb364a7de2c7c9303f5fb42c6b0543289ed
28737.520433,108.800866,failure,9e5377a84762873f435f567d892ea0abe31c57bf0b3afb62bc59eb9c27898a97
28758.023359,88.662891,failure,22ba0b15c3611f6b222b707d452ef63f75837a6bfff5689c2453e1a8b73fa9ed
28774.527773,72.475949,failure,7e9ba3a93d1875ad578f76d45af566a6d90038bfe512dfaacde398671a35cccf
28794.664085,52.654945,failure,bdd18057d68a805f9cf0734127406f118d7838e65ad38db957214a7e73bab363
28813.363855,37652.021924,success,88dfbebe9a75900cfceb7eff469a76ae3fe6f8cbed573e7bfe0b1e22e33a0027
28830.948035,17.156501,failure,5f1bd8d638dc37b0d9cdcbffbcda3e32ff59bbbdaaeecb3c0567c3dd3376a0ff
28849.917339,6521.926332,failure,0325e6cd4312620807293cdb7c4b3a57171b7f53a8a2b071d2af6de56782c4ee
28868.812754,12.674469,failure,ecfb70c52322e1e1e17fe8ff2df825156591dfacfcc1f855814f74764b40e25e
28889.943641,58.046135,failure,499b27ff965956d188f3be740d0514b463fd203c51c1de8e833cb64975d31542
28904.583728,43.755801,failure,bf21cfcc23b9ef09c5d0de55db5899c30ff1e853ee636ec841f65f7c08582e4f
28929.358093,12.207978,failure,13fc9a55faa78c035302a7f387924edbebbe600a71feed28e5dd09b8f56ef029
28949.118973,31678.524406,success,432d11749c8dd39f606d3812d1794c01bbb37a807686eac0cbca04280a19fd64
28960.066640,19712.083710,failure,ba63928dbd9e34d31612661b4449997217e79dda72d65679f9ce9bf48ef5aec3
28979.199549,28151.180677,failure,e170eac9ccd6c3262b033d5185d95b54b6ba9b94186d04ad14fd35d4893028d3
28998.244133,28309.324950,failure,f24ddcf3ace7df6f005016d25e798ea510e7e05aa1ea36ef79644231094083f4
29016.257253,27677.168772,failure,01fcdf68e52bd4f5d77a5bddf84483cfff020e39a410429299422ee482f0a542
29035.070766,584.957459,failure,07d4d842075e3ea5b6673f9b44b0d37d6f6cc180c87ea8ff9116ce23f41743a5
29052.636821,567.813381,failure,25e065bd00b7d714159511dbe12e6cf7cac53d877bdc39b54eca5de93dbbb404
29072.772231,548.075553,failure,4f4af770c7b1167d5eaf3af6b4b474937366a3dda9cf5378500a1670e4cf7b18
29091.305742,529.915168,failure,1b0d7e51d8af3f1797ff9a7806773a62804bd5cd8ad5d717fa3871ea68e0a523
29108.706769,512.873902,failure,c4c1f62c157d586adff659ec80c1901077083fcdc414dc54531180243b1e2dbc
29128.176466,493.779195,failure,247737be7c62c3d3354d22dfa061bf93c55cd382394f887e1f9f9db112c5012c
29145.577825,476.716548,failure,4a47c67ec8a8d754df0691aebde77bdd2bc7cbc5824aa89eccff5197d7f72385
29165.005844,457.616000,failure,fe0a902d33948bae9859e767910b78e9bae37de2f0ced6fa15058df68d193987
29183.445680,439.549962,failure,472f930597895ca232f9ba856cc5e868d9fa877d0d8c5e407db9275df030c70b
29201.856091,421.468635,failure,ac9332a430d8e3d5fa578c7afbec6dd871d0207e82ed096774f7da32f445e57d
29221.226463,402.413130,failure,7cf59aca9b4b3bf026a3f26ec32d4995b05947a5229a7b2d89fda03f7bf7a4ff
29237.524202,461.007408,failure,be23d1b8d4087dca87ea0e29a43c60f7172d4311969c316973734bdb63cc0d70
29257.920008,366.225519,failure,e487cf44911b4c2bbfda3e9b22e58e16f6fa45f423ccb74a120474e03030b42b
29276.324898,28275.100832,failure,798342ad3134c68a749bb3276ec76051c6ede1150397107411b13f5f1361e984
29293.688746,331.118215,failure,70d8555afab8e8945e557581d74264e359f1436f14f603953358462ae741d082
29313.132345,311.984194,failure,24070561a8e4683aabe03c4e49e7d1253034870f53299a4b32f5a8f9cdd00ae0
29330.524216,294.900558,failure,8e1500f0181fef9448a1b019f4ebef947cf3114b768b48cf2b4f5217377f56bd
29349.981580,278.384081,failure,1da7cd6287dff746bc78e9b83dd7272e0f4c1bb33ed0e4e49b346733f32be5d7
29369.398459,256.339710,failure,b22973226f3b23563181842f55efdee990baf0b7d3dec70b3fa6192af02d254f
29385.820029,240.233188,failure,7cd475a7de9cb1a22182628fe8c59354ad77ba29a450a5ffae96c96f2561530f
29406.276097,220.107616,failure,73c3a35d3ea9f4f8b7744e71b07c833fb36a85cfe6558720216f86e54cca1405
29422.681196,201.813693,failure,02c4244bbe94d50a15a42ba6cb08ab17fcb4d402a3cea1a3bee041442ce44db3
29443.140630,193.816391,failure,c5d5e2007d573335d291f214952c9b9dbb2ddfdf476653ecb2e85ec9d7e3818b
29459.510754,177.485581,failure,7c85111f43d0561caa1a32a205116b6c0be3fa2d1a3cc9f24dfb963e8070f05e
29479.930414,157.100615,failure,f9fe3c7d6d6b8b9b1a30936dd02dbcc91ed4f5ce4021c8a2e9bafcf6fdb104fb
29499.348075,137.560636,failure,d96201f467f87f0198cb3c8ef9550f10b3286e86fd662d32349e0e40524b3151
29515.678575,35893.495120,success,be50326da31ccf4f127d173da294476fe6a8ab74827798e87c19be9ed0b333d9
29536.073348,657.561291,failure,449da75ecb437644d874842182588cce8d19e680c99a23a67c5684e7b8c73327
29553.438819,96.406740,failure,cc47f40b6ad5b53947a4269c41d9865b19277b228b00b8db7b882363050aa8b9
29574.661187,33772.088743,success,c3c1f41f41084faf6da3de37d8f16801933cad51f7e150f642b2459b71993ebe
29590.767800,19116.367047,failure,b8fe400e5facbea3d9bdb6e359163dc2c491dc8eebc1e66c3cbab4a3b9e6b89e
29609.661182,10307.751782,failure,d0be058fa2fd204255f82005f4848492cf441f7d8202714be6990afab06d79f4
29637.757034,36821.061435,success,0f9bbee6b2dcaea2e5c2e09e168cfd060429145d884a8a4770fc8cbb0338409e
29650.251076,8.502294,failure,c59ab6fa3596018c5e14bbe799bb72096c437fd40d2d25d4e0334c406fccabda
29663.832066,574.170436,failure,88677e6d96655cdecda728095e2efbb51235a3f0efcd91987f6490aaeb209bb1
29684.587332,586.147032,failure,67c39ca0c3aed52b73759db6478abf23b887b52a1adabb65581ae5a3e18001ae
29702.019788,562.641755,failure,445823c22fad4f4331cbc56fb9c8054658c7534025ecaf6421c429d772367a9b
29719.564123,545.448886,failure,7a67bf6c6dedc484b96bccd3226a8f6a62ceb9430f85c45033991f2e35694680
29739.159746,526.188999,failure,89c56ba83a29d470a6e0e918094b984c3b682034ef61ac5e5be947d87c8f971b
29756.656732,508.987946,failure,a859dacb95f9dcc0313f75e3914d315a9268889b5c6caa9ad9a0db8528096c97
29776.224372,489.692293,failure,0edb23ef551dad4acc82cc8439f249e21ac20d178695afd3979305e40e6672cf
29793.714035,472.473666,failure,e201ff8b3c882f3ddde79fe8cc6d27918fb4ff7d57cae6bf9c12dcdebc4e1803
29813.203970,453.265957,failure,15aa7d32c2d39a2ae0f85e4774644570385bc346a8a6622df701baf7d211a309
29830.633831,436.092314,failure,6654e0767462e5c77c037e05048e14ded565075964bc3bed8d90893c1258f102
29850.091606,416.941803,failure,aebc15544939b9a7eba6242e4d031d1cb7a736416ddf994641d66bdc8222b2e6
29867.506118,399.816290,failure,2afbb875e33106825b5c7bb196729ec0016c3bd0b2834257de294b3f349c5745
29886.972369,33462.551646,success,7adfe0339593e9eae1951dba74575e3a17c88d207eabc3ce5c6a5fcd5c97e6ba
29906.414645,19386.563342,failure,04c6f2cad10518c89a9352b2f52dbd03dd02906b4e5d77b3ed9f5a3bc3a3deb4
29923.204392,16954.750944,failure,92ddf637eb29a445e1a6f1f33ee3dda50969a91ea799aa9009b52eb5632cf53d
29941.633417,23065.925633,failure,1136627e78019aa9538b2ea75fa11d661e157f603c6efa7a31dd373b65391bce
29961.075703,248.556224,failure,69f7061afcdbf03440e4ff3e4d49a124977f1b1d946010b9e25da785a5cbe98b
29978.506085,261.679640,failure,30e659ad5fcb95390fe834d05ce6a1adad47170f7806f319458f2b553f770955
29999.055126,363.999011,failure,7ef622cc5e2081e23406efc7818bb1832baffa40150d5b17827d9c8a59774d75
30016.038986,223.693744,failure,cad2d8e7760fb12a4b9e8cfadb66966d303a760f175925a5ff441352773bc8e5
30034.514818,8801.513796,failure,28f841f0d2825642a2e5c37996063fc3eb1cd6329dcfeb26e59e7016e565680f
30054.004052,306.181423,failure,36d1aca4a5ca91ed91838c93fc4710486636ffe0cac25eab112072e96c6f0edd
30071.508522,289.000166,failure,66191406e00ae2dfe01c6797c662a9a0c1b9832b26b1725cc6f1f7cbbbe5d569
30090.993939,269.778271,failure,235a97984b82381d10b9d61a5c2be117f0076ecb8139c4271b68c8e49cffaf3c
30110.452425,250.572195,failure,0916d7bfbea50a50302db8c3e10baaefdd67ca286a8ae6847b5d8cd6f41c685b
30127.984417,233.305559,failure,5adb6be4f1df0f42e75f64457af92927bf71a12eefebb50ba7767b96ea8c7130
30147.438535,214.099153,failure,9f5e3b1de0eead451f6d32bf6d84968c8e026f25c9ec9e0bdfb22ef25a15a88f
30164.892110,196.889162,failure,3cc09194718f182bc736c73e7edbf9314a579d8ee4c21a911b4de6ba421b4dba
30184.347942,28660.120173,failure,989f5cff83dbf335c9b3d4794d44e7415aacf86af3eb8f02115521c72011cfce
30203.880586,63.708830,failure,859e975e27b57f63663cb3494207269db60f154f99ff1199416ba2d1a7cd69f1
30224.047454,220.593881,failure,4aae6453e6938a64fadf7548a63b9981657746584f86949bfebf98521499c880
30240.691770,30.113607,failure,ee4b49b3f2e7be67b32cc7fc5440248db34447762063ad3b615f4a84a6914d42
30258.412333,15242.719799,failure,7fb29635277a6bfb0dcdd67524614e2690d648737dba3dc9a2a7f176f8f34b2b
30276.072234,45.324317,failure,f6fcbc1dba4c916ceb1aea16837d2cdaf4367997e1b8035edb9242e02a17423d
30293.625645,27.858830,failure,da8c0fa38f89ab92f5fb31ae6fb31fb870575b23bc211b0152992c7949c1486e
30313.205388,30314.307067,success,43f2e688fc5900ba2363c66b57ad3d27471c1c67731292729961dcbb1a45652a
30331.440000,18.020904,failure,7b9507ecf7da0667db1821c094e941d94efc62ff0257043cfd8d2d89389652d5
30356.724828,60.874201,failure,075f717a9730ce5b9fd4a856dbf51d969efb63943a8ac1d932f3ef3828b92745
30368.666198,49.457920,failure,1d394092635c558c045958e0f3be43c3beb09622d6a626ec9db518850e876c95
30387.287112,25672.229022,failure,ccadc8764c930eb743619f7368892e58f38a5aa2b9cf96392746fc454c64b30e
30404.857155,25.634639,failure,d0c86d3bbd14eb067408bedd4fb669e9a0a5caab3ebada480cf716278b27ba36
30423.748723,7.062277,failure,3ab244948f4a3eb20de464398e94f101dd39157f6dbbc076d417163a8e452136
30443.108846,40.381605,failure,fa39028b9b624f4c224b3f5eb47528ecf58210161530daac596e83c4a853950a
30460.124003,23.932674,failure,de37f73f9eedf9dd07c4428ef71aa1c51d40444b02dc342dc478f2865c114dc0
30478.776496,5.009176,failure,1e2773fb5185b9a3452aadbad3a9be3a433503a714fa1840647bfb54fc42c87f
30499.540047,28358.946880,failure,e1b9e7367bceba986213d2a50634e02586ebef2732c3852f0a47941e240c2cff
30517.280197,23411.582503,failure,82dc5fe2ebe53b8990e6e51e93f30e316a39e513940dc95545d17fb527d45b95
30534.643795,28148.247330,failure,c274e8f073f93fab49ccbe81dbad059644eb12fa4bf6cb8b2591e0688abb7ea2
30553.618588,88.408476,failure,b3ba04c3a73ddb6308766a8c957641f2476f3a530adaa698c9e1f420a9ea1488
30572.579366,69.762896,failure,f25a13d344a52f950a14b0ca07d7d201096f7853ad345e3a1eb841dac97f94ea
30591.180923,22503.136390,failure,1edb8595784909c4cba6e720227af08973326a57d256ad6e13dcc3bab962e509
30608.608059,34.420072,failure,a4e989b1f6226481797661f79a3c3c1a8880f984af19224677e25fd90e435d87
30628.393215,14.694698,failure,367750d7f1c332dc1c6898f75b7df572b1dfaf07fe70b5585e7710f2baad97f3
30647.054133,3.424279,failure,f91f37e7275f6fea0f55f5542e96e3e069fb736627f59e26fce48046be5580fc
30666.674932,13882.650451,success,ab6b6f470a1e807ce78aeb2b74a698e2083b39e4b5fb494b8c11920687325c71
30684.529666,24.326840,failure,891489ad51292f4d89cd37046371758264f403a998b322c6ec0ec3a1ab22506a
30702.103756,23488.799221,failure,ce32955be9a599c8beeae91f51a1665d261356095381d78caf0331ea4fd57087
30720.425552,32628.472495,success,18f4ba5417015cd851ae886188e6c56ec1a6bcf274ad33fd5ec73ccba2804d67
30739.120704,90.393328,failure,68756b35650a86b4b428f60c7aff94482c638f155db722906a87adf9902bf893
30756.687921,73.125128,failure,2fc141245e05a4d0609f6aa32b98f9580d7a511327f7e2db1107de3ba7570eee
30776.231837,13.318419,failure,262e84a066c11d2084dbe1c7989a8e8b44e179e3d243599e27beb8061cfde3de
30793.706762,32.598663,failure,282b2c3ae8a98b04c4c6fd7b440d1651c2afcede19c9d7619241fb664a6866f8
30813.797407,11.866902,failure,4d7adb41a5bdcdfa24cc521e5751037a9fcf524559eff0b7872551f3f0263a2a
30833.525035,27865.009162,failure,da3b5216edb7d3ed8d3dfe62448a820c00c71ee5fb3618cbd03fb32b10b7fe96
30850.120469,20.511882,failure,3bda62d3aefe9fa3438e30f88ff64af4be1ef4244bda0c164eebc3021016ee8d
30867.747869,2.584873,failure,085ab27020b62b1244bc0117a66779079122501e89821a738300c2989f01433d
30886.709979,28.290605,failure,4ed6f7b041da1abc39e0d5700de8e1fde578fca2d926346d5eb565298dc67aed
30906.502248,8.845985,failure,90e6dc48aa2e9246a524953edf7e04e4426b188528e8e49cdec6a15de516c059
30924.338597,544.220336,failure,0a95e6f0b00c4eadb301c5791dcc45c090631339cb10bd9a2b45b4cdad7bb525
30942.023103,77.129139,failure,cf244e3741bc98b456122ebaf60a84b257e399539a6349cc5c05f2e384c39efd
30959.791766,15406.738218,failure,4a1d440b23aec1fb746512b2524f0038bdb2cec1be2830cb535001472754c29b
30980.836903,51.583545,failure,57a835985af6d0f813276dc92b4e31af9e65846e82e9a0a1464ba3ed69d76d7e
30999.594781,33.106872,failure,11bc57e6141abf45176169370354cc2f4928181a1357dad909430b2928c92a2a
31017.552457,14.036009,failure,f785fcd7c0708ab01ca719b48d917ece284ef22b3a0306c5239fe231b6226449
31036.331245,3.170686,failure,3075de1bd03ff8914d86d67b3b872e3393f6ee7ad0082ead2c4238fce392a000
31053.106124,42.797372,failure,2da9a15d2eb107a3349824807c36083e7439386bf61e4347514057649cbc6ecf
31071.827645,848.681784,failure,ec6a0a460c8cb4437f1d9bf222db1e04ae7962a928e1974804c5c39009340f75
31091.440569,4.096263,failure,9ab7a0599891c8787a2a7ec9e73c965291be316800d08f34e71c89eb68d71196
31110.381760,35.197061,failure,11b7ef274cf6de82795138555cf9d4ee1a3326dfcc94bc67f72f0b5ed7a33b52
31128.099848,34281.000189,success,80bcb0fdc77f13bf8fba232ad72aecb1209145ee1a5275fd6d99b158240ed6f8
31147.847925,34261.225994,success,93c42fc97d794ebef31a6d4ffc787b02447090601daf7789b697cf23e0ad805d
31165.505020,35291.648112,success,f5d54bf0cfd971e3686829f53a4a3d38d4098ec551adbefe2ac0e0595e909100
31184.051123,32163.281053,success,45f35af1bb81458482fd778817811b3b06c907dd83a751ebf4c585ca29b920cd
31200.537654,32148.237674,success,7d549bd27482326b0e54863d4687e5c6ca63dfbb10b24f99958a3cd1a6f2a0c6
31221.121600,34187.990049,success,f286413dddbc0ae49709a10798dafdc176b2fbac6cfe3c90283f41310e62f9ed
31237.580159,12389.112052,failure,7601b367aecb8bbf56404fec596c677b57186143dbd2381e2a87cb7307fec1e2
31258.173793,630.323638,failure,88109ecdfdb9c22eaeb511dd19dccd2ff204db7fc687e5a17bf9b4d1abdf0b2e
31274.772623,34134.384852,success,3027c402532ab12e31f65d4c4bfb4deebe6fd34cd41dd00947f121340dac3cf7
31295.404779,596.260302,failure,ba378329be11df3b31b2d438724efb04754566f2a63ea32d73af9614b7b3bb55
31313.081791,578.670032,failure,04d4ab1e6880982b0eb5477fd09dbe59e61a2276558963f657b93b0bbce666cc
31330.697820,561.096943,failure,d3e39e7be112f87801c57b9b8ae3405b3a6cad9483ee285ddd37478c3cc4ed34
31350.321915,541.508785,failure,f32dc98eaf8464bc18c21bad9989302006c79f7816b8bffb6ae27c1c693a0497
31367.800597,524.062754,failure,505755b8106046d9f563badb2516369cc12372039b876f91037cb6eac317dc5b
31387.365341,19012.900386,failure,de5e7fbb40ec919103577be45dec49766030107e14b509c9aebbd51856cb416f
31405.415750,486.513444,failure,3446fff64da35976a469e542bf6b4e782d24e5a64a8a58e676e2df0360cc4335
31423.991709,467.969184,failure,853c4e02f6e7f6a493506b7f5f12f34cb3a1fadaffbd784c05983c1195ebe40e
31443.246255,448.746818,failure,0ed1396518bcb7ef73ee255050c95d4c15a46c6caceaafc161be9d24747de20d
31459.802245,432.094077,failure,08579b52041b7b5d5cfddaee4b5db5f37e1cef1ecb5e72c76f926e69936e9161
31480.062948,33929.133820,success,3cd5e2de0ef46ef2c162d6f1713a16ce7fc306ecab5c1c31999fa0fe6c9da8f2
31497.708401,24520.162693,failure,6d09ba73e9149befd3956c31a4856a74584889ab1f2e43316e4d28d3493aa2b7
31517.382389,31832.863382,success,5a6a5d1ddf39d7d41da491a0e1a3d0ca7658d1b49189ea9c746733d1705ae264
31536.376739,17529.401424,success,a1b967df6d405bbe951943daefdc736e3a85460904c4b8a207c6eaddcc30a375
31552.994415,33856.196863,success,342db309b4cc792c1287861ce171e41ce9b9bdbc1da9e46a946e2e3c1244fe17
31573.474497,31793.006410,success,fc3060ddc286396bc07a9a9c331e5cbdf9f13da49735de1a1e12f02b289eb934
31591.094032,33817.962053,success,c44001b1e7ba1289805836575296595a2636e5ed562cd20d356949cdf29e0720
31608.567173,33800.597655,success,7f3e89a641b19e6bf50e46143dde824506b5f596f98d902d66707f2aa8ab41a4
31628.049143,14182.305740,failure,58df7ff5db53b60fab1c1181b10307b01d7881c7460323ecd5788334d8bb216b
31645.518588,33763.620823,success,4ac39296b15f37d92dd4ef07adce14fbce199a60dd21d51876d54df5eae3d758
31664.670021,28263.413599,failure,a03c056eac0c5f945edca686eecaaf42adb3f24c9a341b4e8978239422117985
31689.020325,238.716038,failure,8a606d2db2cba2594b18e6f80f019c799f33f2030738fae6f34da799eda508d3
31702.460161,225.538271,failure,a19c7c45758c70cf9fa00928f600f4c2700ff0e837f2eb97afdec5b17f484bfa
31720.949088,31628.325802,success,f3e2c9bf8f7d46f2e1b3a048fc315ba8015c14fedb08e3d9e188fc10d5c27f2e
31738.557271,33670.589594,success,b4ce09173910449f3adf2b24a75e4d2e296b9a0e70685e20b754f7436a8c1d3c
31758.022249,28169.529459,failure,2b87c60384e2f7561e32aace2ffdb7823af580a304c71a0cb305aadb85e57be9
31775.448574,34691.808045,success,7abe5a702b716556f8258a4d186771f40b6e00e1a6b202f68020ccb35d93e44b
31794.595718,33614.571014,success,3eea4e004e118cb607ab2ec71b978962ec00d5a83fcb2f13e34fdd7631760097
31813.132254,33595.959879,success,0b1470f85bd7555df40625209a26c57ec72fd8097781b0af3c6eebb6c3e95650
31830.572584,33578.561988,success,35ab0cb53c093f0b49df449e3e3f79370fc81257ce8e4bb4a9eaf806c1ff96f7
31850.042912,23827.421066,success,52969efafa364e4ac09b4d31e6514af35b88e487637ea599873e2ec31dbf6ed6
31867.496738,33541.605413,success,0e4287c02f58cb467250d8edc2165d2f347a0d634b322e787644e2c8565c5c48
31887.014835,24284.820332,failure,b2437b2e14a2ca3259938236c113fbe0ec4dd104f11e390cb2d72a45ce0d4734
31905.193192,33503.892028,success,e60a675896421a3322e03e49a7bd4f400ccdac495a275a40e6141854c308c5eb
31923.018400,33486.105332,success,98559dc4061eb4f5967b142b0026bc6f9110e8d350d077c68f00ddb53047e38b
31942.156548,31405.828275,success,4cf1a879be8214fef5972c350f6378ffee7aefe6c3627e31ef7ca9136d016a90
31960.580754,34502.026001,success,0b3a58343ede350cc41bb92267bac46827faba371a0c3218f84a252d760870f5
31979.601253,25580.890950,failure,0169f2f5418629e5270b33ec08900e1d7627d52176d2c760dbbbc1204ed2733b
31999.188038,305.684658,failure,ad2263fc91b6a9865cec881d860bfaef28cb7f0bce83d3507f993c38132df9cf
32015.864102,34449.722773,success,5d1d4083b31e506ba20487ecac4ac2d5a1c64d6fee7002feb466f94d193bf27d
32035.620955,33373.538694,success,76bb5640cad7064ef0a1ae28cbab7397bf51904b199fd5a2aae61cc18c8e08ea
32054.244312,31293.997651,success,b8ea6336043cb7bf92bb99bc79aa0d28a53ba9d2e97d99b6f5ea3e16ade71b5f
32071.728234,34396.254931,success,aa5bf639e131d2abaf91fbcff658847059fda781ca7e037d1826cb81d4dacf56
32090.578284,26006.540165,failure,c9dbc12a63a4583c07a8e0176b39a61f7b2ae4a5b71a12f8270eaa76928d5a9c
32110.497009,34347.899232,success,ae33afd72c65124f1414a3f3994bb04fcc164b93480ba8e260e7825549749568
32127.742125,34330.218694,success,57f9e7b50cecdab4eb7ca9a5382b033e0c1bfdcff4e18a7afc39589fbccfd2ce
32147.397969,31202.244667,success,2d0663e6d7809cd450515d256655d9c8d3d9852037107a71bdf94e411fe1f3b1
32164.809075,34301.185630,success,ad82f3c81cac85a6b95b3a9f37c3bf77a3cf002788682b707f4beca979527ee1
32193.641851,31153.815288,success,6d0bd1587da3ed9ac2b53a48181f8618b726560eecda3486f052fa8e996b485f
32201.660282,33207.398599,success,2c2cbb34c783342d5ef647649cdcebf83519e95153a22178c1f5617419742aa2
32243.729695,20708.420517,failure,03903952481398af615c0430f776fc85200cd41092f1b77a5bf531d636efb65e
32270.840078,96.453904,failure,9d19448b3fe4b165bfa1e5a9a9e60807d068a64ce59449725f4c3f94277e4dcc
32272.460461,95.097684,failure,bd17cb5dcf2ae5ca12f873cce98e1412ee8f786704aa0c08acf52f868de44795
32275.875784,269.651968,failure,bc56b62289ec4a32bc8e562182071b772e89fd6cda06e9cb504d6dc423e28aa1
32294.619837,31054.522686,success,1c6bdb0a6e6dd1ce00bba44f9dde5cf7f8343043250d8fa043054d64036e6d3e
32312.964194,23746.817365,failure,be8f831e95f38a207cbbde2965f36b424d2c3178ec242cbc15a56469df3e813d
32331.112074,272.233054,failure,5ddb8fab431035c16e3a508978d86b04182fc73d90e12b138b7f6860ce7a80bb
32348.780360,30999.080522,success,6196203b53f5adb8621c65b25d35a42e1aada217f1b2380aa064c820d2af825e
32369.909693,236.947177,failure,47903261d945b1693e4f7f2580e3b800c18ee0cca8edefe9a492c9bb40e070d5
32386.600695,220.585520,failure,b1ef8e910161cc3b625e1953ea2dcce99b48d759702fba101fbe136573fdf56b
32406.278159,201.197125,failure,7e587b52a8b4f3b907cdbb77f236c1c22b3738c50e2db2da274b1df3dbdb5b9a
32422.836504,184.896742,failure,f96d955803fb9c516eaa9963e76cb200d68ea0b26f53865a4fd51803f2043ff6
32443.407195,164.575456,failure,5a40f5960daf52f0ac013be4efa09d6e49db0cb9097af956cec85a547d79e074
32461.294910,147.008660,failure,e2f6eb7936bd15b1428f111730a771ec3a2e2fc184eda4d4a877401cf30a2aed
32478.788349,129.832332,failure,5f9f9ba28d842b4a808f7232e0e728ca987a119d5e1dba59c6c6ae1ee35f5df9
32499.285213,109.586918,failure,8f65be22269116f5c25037ed7702e0e391b9c925461c9a5a86ad8a5511c5f97a
32515.709808,93.403142,failure,5a445a67fda6cae7fae52ea113ac3bbe5ddb107fd36d5a031e7e74dd132c4809
32536.177927,73.207371,failure,a0883046d5f67655d2dd4d821ba701d513d6f6022d44400fab7203a634b00bd1
32553.036512,56.608330,failure,752d1a0b656ea28038e012a7c0a71df48183d6edae50811bd7c9c7dee4aec288
32571.646144,38.417169,failure,eecccafdc1be8f2b901790afd2ca779ec59dab9d5322bbd0266efb55d5b75c2a
32591.172376,13775.109164,failure,dd64e666b54be58a94c81e41ab90e1718a91cf686ae1516988e62f968bdc2e32
32615.648825,40.238918,failure,222191d4296978fba215b7d360413d6db18b164c0de3cd83cc4f1f617d7dbd3a
32628.512245,27.827691,failure,e291aa04a7d38078e53e74d8f7b7dbc7597a5b6f30ddf5839f40978b0fad433c
32647.232293,32761.884235,success,72def7c22294a652df4d4d7dae12d4406f11e9eae16996ad0bcf302b218d5d6f
32663.960976,66.945367,failure,3b402e7d577b5bc749a5ae80ac2beb3c326eb860033b4cbbc392b5674d82cdf8
32682.704187,48.607642,failure,1cf62f86db7e6d5de4cca9f44ff90dfb4ada223f92c87400cf583def2738e32b
32702.347838,29.280462,failure,5d4bfed2c09c0d0d6f6892c2dd4f5ef7c414dd6a1c51a6d4f2fc654bc7cacec8
32719.844053,32689.277164,success,51b46519271f144a7fb22efb0b50148190c5a260a0916fc4334b208438234694
32739.525705,33727.618855,success,38883239835d446e5fccbda08918ad397674ef44855b3136e0d93cc0eee05a1d
32758.133193,33708.807046,success,b3b07679a9c7236329bda42458818b5a16dde2ddb77093f826c17641e0eadb57
32774.827250,32634.277687,success,19ff15dc685094e4c260ab10e2b973309cee48a2066c4ca95e3d8b6a3c6b901f
32795.139930,33663.032173,success,9d0fc207f259f84857177132221fc617040a746669bf860b352b545bd6cf30e3
32811.598959,13685.909383,success,fe3143ce8919b8a3aa053ba073b1f91c46a5fed41a0f079618cf6396026d8c9e
32832.108134,30518.010400,success,044ae50cdcdf34541d5a75fb7b0c312f099c5db099a67ab942682676ab88607b
32848.543480,9408.797203,failure,35ec84c3b5d106db27c7a8ed714ab9b8ba7433d870ede8137d50c134df4c93ab
32868.688095,133.863071,failure,75fba1c5f80ed06025aa0c8cd41e66cd4ac174155c2bedc5b8e458651dc9ef8f
32887.171011,16179.271592,success,b5c78b267354ea6d46653f98cd9e770467279cda971e16155da512d63405f335
32904.581285,27723.708941,success,99f27243d77bd1df3eb186131d57106c189b854e5ba04f3d0c9ab7e66b3e6b1b
32931.401245,30419.549110,success,271dca498d7f241a7e9dca7d9b3accc2dc46820846bd9bdb51704a5a47ff5baa
32941.615353,30408.985240,success,c425e17e73f05381eacb3666f1910585164c8817d360cd53becffc69a2b68725
32961.188041,33500.341605,success,b2287ff55227541d86c371d830d112f6016989e6dc7304b93b91bb0458c12707
32978.600669,24.346767,failure,0ee3e8921de8ba50fffb6f64791395efcb0c3cc9637cac2d2207a1d41655921d
32999.214821,9.706791,failure,7d60f3eebf93169b15af1326179b5617055763b334244bbce3ccd8f818c21848
33015.692155,2.660273,failure,7464f719de25d029e89895423274223540c9dde4105d2ab52ad4098cf83e395f
33035.569652,32373.562776,success,aca5c32a13c8713b4c7dca4195509f470c86a01e6e2c90c13458e8575977f0f9
33054.386320,14827.086221,failure,2ef34dbf25823dc0268b6b972d3c1935c0fd567f4a7c1482f05811b4bf9eb07d
33072.102955,3.411977,failure,bffff55d54a913db5564c1813b907deaf54dfd55e226795e505c7ef70ae34cf7
33090.431683,33.403063,failure,2263578dc9eb467a194334d684f0757169b48b705030dc42bcb7f7d2818777a7
33110.144373,13.380876,failure,b0ceb117bcc44b0996600c20bc9a261dbb3bcb1e972e0276a4ee5bb2aba33c9e
33127.401972,6.073542,failure,7d905dae983404bb88fb477810b78876e0b74e2d6d090cb5fc07758aa5e1aae6
33146.978227,7.542283,failure,25d13562950f0421706a632c133d0a9792bc6565f0ab8ebcf45ee9a48f12cb5b
33163.807598,16.740073,failure,980b744fb04e9662c64db1b45e8b44f15cdf405ce97dbc37387d053bb30ea2fe
33184.065164,14901.681894,failure,33a74b62265407177352d9a0fe55b55cd6e55187a242b356db67e4e3807897c3
33201.935106,72.620344,failure,403d8f7385fd812a2f6e8efd0c2a4a087e8a8e96dfa937411d050da1403a1681
33221.463602,37.058724,failure,14c00ca539a690b58f6de6c153b3a17dce59599f753f23f925f8e05d5f0a32b3
33238.991796,20904.533155,failure,77aab34a6c242d3c20a1b4b9f9ae8fb797cd18477e440407dfdd6bb1ec0dd86e
33258.987494,15.893754,failure,aab4ce1973ac351287290984f8b0123fd786c1177d04bf1f803a7bebcbff375d
33275.654892,3.808095,failure,87d67541d6af00dd7f71b72b795bf5eeb11851d06251cb2fecb70a37ec84b5f5
33294.969799,3.530568,failure,0522b5f95d26cf1d8578c4ea016fdf1a8acdc5a9b8a91d854d8201d48643d86a
33312.096935,32.832448,failure,d2f67da4622cb0f46d1b0152208c23dd405c081983f4c1e83439ab9fbc90531d
33330.539966,32078.601859,success,cbd2e835a1a9923ce4c921da75b63d124e265d5a052f2e223eea04f05eef5035
33350.601176,9.894160,failure,3e6fbbae83e59a184439ee7bd80c9b2f425db570f2cefa6736c5cafea7b99414
33368.909435,3.045693,failure,80da65c80dc2558eb2685b6267a03ae4a2e7b6d8248311fa83723949601c9914
33385.810219,14.541060,failure,6f9b5c4422b023460f593aa84161293ff51c28a0373588613b4362d06693aad6
33406.445430,4.024960,failure,3704cb62c8637fe3b293463e26c9a8333c346766efcd31a1b4a9123404ce405b
33423.973474,2.502759,failure,9bd98e56be0f211119e94a4c94a6841fbb08c41c03caf373f75bf65cf1959905
33442.991297,1.773950,failure,bfaf3b36531b91133a6ca4b40e3bf7994d1b53dc7703581b8789d13a6d20c2ef
33460.517627,14.981753,failure,e26b08dd2240d2ed06557c3865e87fcde1a501e495156b935dec4f878420c749
33480.007542,147.110518,failure,b361155fcacff2774da3a61f5ee3f181ca7652d1b7fd06cede71f8d220aed70a
33497.516690,129.877384,failure,fc1b821dd47bc190f1f1940d2b800137c3f13205879d8c3dbb731fcfe152366f
33517.022965,109.762253,failure,95a8acd94d0b127e3de34bcd2fbc4b916181d8f64d6f37294181e59b08629a16
33534.497398,93.510321,failure,b84a9738385c55809d6cdc8966cdba5f66cce50e58310f68dd2990756f5d3a6f
33554.231077,73.522128,failure,657b37929ac4f7021644ff310cfa846a90d182ed13afa336e7fc9076f28d85b3
33572.332601,55.947256,failure,ddaf738dc4728bf8f5a402b998d0610b72ad4c90b6fab337a6c191bf1398ea49
33591.473895,37.077349,failure,9efe62c0a0bec17652cd4f2b6197e7e15e770204b54972c3c1a93daabd0cb440
33610.683236,29740.675652,success,1fef3b58bb41e93746cf76e8bfad73dfbe5776ac8afd1282fa07c5f987a61661
33629.064371,98.406176,failure,834b54f03d80c76befca844dc904a7ed05b08af93fd6d3f1d704da2e917379c2
33645.980032,81.791406,failure,d75f676183fbc968e935747c9f824d3b04ce170d04d8be4cff4b0d5ba1109a41
33663.790923,64.240771,failure,8549ee951abb33e96178d39fcfbe191752c82d41334880ec68feb3616c492c8e
33684.543524,43.758173,failure,36ed079362936cd59e25aab360593f31e0e8b03c1acee5b4feb786f36b953324
33702.169390,8942.692947,failure,ac4570b57292a10fc661cd2df31018106d77222981a25df325612d0e00f9092a
33719.701692,21958.040385,success,7eb70a632ca2c9334b01efde90f8982fc499ebd32456cacce261db0f3ca4d79d
33739.406747,37.189888,failure,125fcc26f85a8c6aab980a5a9296d35e7e04b78b2608fb1d101c1268d5ae8a31
33758.125001,18.154092,failure,6950eddf40b39f01ddb09311637ce013b689fa1e91d1669d822473d5db42705f
33774.753356,32682.156312,success,8cb6bbbba217d1fb4cfb4afac3961e123ec4198ab7eddbbd26ea710b4b3455c6
33794.935942,32667.012305,success,24c389de6081ee5f0cbbbf476e9fce17203ff94e7f818ae080dda2bf5d6d5ea4
33813.436460,19617.147636,failure,ef884786722d658f76e265b33e3b062abca7b3452863ff26b920eaa02b6ad5db
33831.934193,31577.180041,success,eea30deba3e32bb2e94277ca4cb952495d2ae0f01ed8a83b20c973f476ac9b56
33850.399015,32610.960444,success,eeb10ce256c9596350d31ea95f8cb9a58e0825c1817794f74ab5f907b76017a6
33867.855875,797.547310,failure,f79e307f0d2d9cd488037df118561e9072e328085fc36a29290b23ffe8c803dc
33887.301907,32580.260022,success,7a36ecf1cf0ff48b004b605af328e8565de48ee73f753041ccfe636e42d153de
33904.680201,32556.143699,success,d0edce7319c80fecfbd7e74f04037813aef27f6ba0d5e6381d0a5e72d784650e
33924.127095,10527.854508,failure,ec709192a96c23433dadd53c8cc6c7bd0b7c3f8e85c3b1fbb7ecc255b1bd6650
33941.504377,719.425221,failure,9ad5f7d58eef638db133ae35bf522c2cfd9ea41cce7f77a84a18ff3fe1bfbf39
33960.939890,32501.562280,success,70461ab260416d142759adf7ea176b3bf392876a935b06a5e8ffe851debdb75b
33980.376785,26703.203052,failure,8a65ad2354b28a8b78927a8f13672fd14c4c3f2c99a52c2ac1a22caf90f66be0
33997.835990,628.783432,failure,2fa7ba41a702b6eca2fb647cccb10e0935922a5867e72366376b4f2fe57dc4b9
34016.501576,610.379665,failure,391781d7522850319d71e32426f44c95dcb42cd610009d33f9ccb9325c0236e5
34035.953138,591.194089,failure,dfbe3db043248f1b4471b74b584094b33eba7557d68eac82308831be4aebdf12
34053.977808,572.382782,failure,48922616bf936100ce52609ffc28f43e9ee53fd1076cf33c57aa08685042d7c4
34071.505291,556.170663,failure,f6754662e0ef18e647a17a8bf55290e8209a99db40dafa3194c949f04f864f76
34090.940082,536.473923,failure,0be837c25c44fb09790d159d26d8dddf6ccc117e7d1e161f17b9d84cf8699598
34110.365355,591.124349,failure,55fdd3619d39ef3ee1aa3c94951eb6f1163cfa427153601d94c26873a8b40e0e
34126.725850,16107.739451,failure,3d3af5f3f54f0fd2cf6711f837f8df26e96bec5a28faad8a4f56046220f5fe04
34147.298775,32310.766719,success,b6b5c99038ac0fa15857b306e068177a133fc339a6f1e9fa77283b364266c93a
34163.912733,32490.561973,success,a0b668f3a5d1981a3d5e3bff0373959ee0cd0f67845604630f9c105b4ee8a03d
34184.459939,326.687107,failure,ca05828faa5eddd21e52e1b4c2ddaaaee22245930f94f308d9f07844f4177711
34202.361740,309.597592,failure,454e36ee876940c67ec1d20520f2ac5935e319471fe180d9b5b536bbdbc59b70
34220.038792,290.798536,failure,e467bc2c692358549e63474a001f5b7389b012e28a5ae167c2732fc6ccb940b0
34237.708159,274.004893,failure,5fdbb5212fb5af0b10c5ef5056900b55386eec82b728da051d9c37e7f36ddfed
34258.476508,307.073272,failure,953724e9de735f2fc9a8fae8d6c4e053ca996f10c5ce51e64b7e8ee445cad7d8
34276.104618,349.402239,failure,cb092241efc3cdf8cd96068a26139fc4aa9347ce25f80308a7fe30e8f8e30bc7
34293.665483,332.146673,failure,7b573744d20b3f43e3d1db8b0ba1ac92d3e7beb23d3d47ad97499cfc74218a0e
34313.216591,312.872522,failure,b9cbf66b48eced527aa7ecdaff81dfa05946b187a06de1de7aa2c2330ac6f7a1
34330.680525,182.517518,failure,59c4ae9e964054a12f21382960041d02da4694c8210a567281937b74cb53b168
34350.245709,161.958129,failure,48dcb8fe1692a8038ca12186d1b7a24be208e723bdc51126b22e928c1207d966
34367.583528,145.136974,failure,c57e18d31796bb81ad5fad2121f1dab98f68668ee068447a3c2107311b08bd52
34387.139846,125.336019,failure,7c789ee9877c9b2d9fd2ea838c9c806f60b603a419af0e15f5c3415f851c85de
34404.657019,108.302850,failure,7f247a7982f31efc797a679ff5258f62ef71ea51b9dc5e71ca4b87ce5d006d22
34424.157543,32230.525372,success,ed82c40968bf339eccbccf1770840bbbc7049ff2fbe6695ed18f0249b0b2ecfa
34441.572185,32020.596343,success,a9f2d1c7cf5eab4751c362cd6350bd942723418dcf0e801fe8a0196c3b3b3867
34472.163321,895.000278,failure,0cf463c3cedd2ea74c0d4bc9abd82c046d1327255a8c968df6191cd0f747cd06
34478.615309,888.873316,failure,bc53db15372945f9a08a5148659b464c52caa1e1f1fbe074d76e704241de5252
34499.099067,4333.239914,failure,7b3efb0c200a66fa0af1dbc9411a2be29e127609cc462dbdbbaf4077179f12a4
34516.001874,851.810054,failure,48aec74f67b7290a81cad9b0ee1392da9149b2d28adbb3b30e390418550076b3
34535.362417,833.357005,failure,be44b64bf07f999c1633aedf6f46a7594e2c4693291909aff6488f58f45eeddb
34552.741613,816.273510,failure,64b708c3bf2718d96869b4855ff9465e5e9c4f781b1b8ba53c5794246e98d110
34572.737931,796.876641,failure,228ac991d0e9ce4b8c609e33e284710d28ce9cd95152ab0dc5beff082c127808
34591.255040,779.243461,failure,9e5148a8ad6760d7c317cca4dc28090c012816b6186663d983e849662ad03004
34609.418840,761.379901,failure,26453fc5edd3ee46209d524c73016fe7e7640fcfcbf8074e657c881307fa4d13
34628.031858,743.052436,failure,d9426c67f2485b41d14f26142241119a1bdd989f46e0ee497c813b36b885ec21
34645.795120,31812.053991,success,ca2d07c7512329f8dced9557e8c21f3806cf04c3de180df3f2fb0236291dd7da
34665.985100,706.149764,failure,9cd6e10e825f13c5330a0b6b3fad79152c33dd93b874d2ce033e876c2d5ba924
34682.559194,689.869138,failure,a183066e5ac87c5fb2384afacd6b72771fed7bb92c0eff98825c4c9acc0dbc9e
34701.835620,31761.530302,success,935cef3a0325fd7337191124d2b863fb350e86d5e69a4c18fb8ac64b39adcf9a
34720.637590,31742.855349,success,7de354356f5f487e833c6d1e34107c8da63133b72c226ad4978c721d8d404f3a
34739.213168,31725.027445,success,ff76ce920a5e9597aa443c6f20357703b0390d832474a1327635c68386e7b88a
34756.591963,31703.294388,success,bd0c3f1119c541a950e5d8f46d20ffc425e3a425492360266c3d87d61886cb61
34775.557027,24069.158039,failure,739d3447df12ea8c7fce4bbf41998d46149633530c2d854211fb7931b14fa21c
34794.556706,596.977252,failure,5783b33831223200f979c4f879ecfa807fa70f32ff44dc270c742244612b844d
34812.546882,31644.489212,success,72ce9543917a34f64befe9e9297bd17c48067b1d4d9c31eb09d3d53b62de6f75
34832.003373,31632.452602,success,ba11550a5c90e667c60fcade803e765e5f7b1bdc55f013c6ea875d4d20a06954
34848.514669,397.992833,failure,e187d4802219190a71fa1a2cfbdfb252de1091dd1dbe057ff723cc2e4eaea94a
34868.554940,11497.429596,failure,aa3d8fee684f5a1e4288dc79594fe91fe9301796b4675cfc7bb98036404a806e
34887.138743,359.976403,failure,75131b2c4e740105359d8eec99567eea7cd94bbe1406acbab801b2bb74a8f48b
34904.949554,341.886772,failure,569fc3c3e662e7215dff073ce28a20558c83aa0e906c2f7e8778cb89a6f65f5c
34923.553154,31534.057512,success,e1eeb06e92912ca4df6572068878270e551762d321dd3d5edf28119b9f71793c
34943.027098,30466.144072,success,8773e64e914be229ce4a2273dd2f0902c21673a409716f7bf1d843a7f28950ef
34960.452169,31499.328615,success,a8576d7fb3c9bd61d3cc7880cda51d411761d2ce42bc7f0502c48e395d18529c
34979.916164,30429.152906,success,c3fc4cb3e39449bb3d18a530126d7c0eda6787346a4143ebbc3738098d6c92b3
34999.380610,6777.380403,failure,cf868e2ffd62dbd9f7d1247940598505a9ce7a0188f58b4eb9c4ac7101b4b816
35016.088463,210.318967,failure,c6455981994c7a2510119e60d37e15d7768710316b74fc6b8ef0959c244b20c2
35034.535702,14032.031994,success,ab20e742b494d88e9e5b1ae22d0d7a500f32b639ce0d17677c19a4056e7faf71
35054.040834,171.798647,failure,9d03796afb0d411468db9fc33ee5b358a40cf456e98db636b0a232cff19e07c3
35071.601227,154.523746,failure,d34f3b242d133a1f7f068aaf9eb5b9623040818ab1067ab262738b732c7b8aee
35091.104676,134.419657,failure,0a8ae16c44109257a3c1239b6758a327609577bda5bfbf5d25891cd59695092c
35108.513127,118.403523,failure,9eda10f507c3c2aebeb0a743343b56ea18070351100c84f0562aeb6a1c6904ce
35127.967484,98.709319,failure,320b42d4e558e0983d0dc1771399483e37d73ffdac38a5d3a7d9818ec6aaba53
35147.463218,28079.056420,failure,7b7349a5f6db92dee3a85dd9f40531df460c5cebb33f9c3103184efa770f5de9
35166.165513,30242.987273,success,9b89a1d15acca8f4698c3896f070a6cc4c4403e03f62ba57addf2d17929438fb
35182.576231,325.882402,failure,353d71c0b4719e2217907daacb9562b2f0ef997a2afb14ddb4e571fde8933d1b
35202.029216,306.673913,failure,6f6eafad83e3e2e5c6be94a37cc920353953506fee510eae7195d53cbdb60c1d
35219.507036,289.437513,failure,316cfe813df7cee91d4921cbff46daec2381f2fcd91675c96de5b7039a69cce0
35239.378762,269.804873,failure,9c2105e889ff634ca50d6b9a11852a0c843b9bcef39a4e5387c22de29753d36e
35256.606555,252.829051,failure,f2975044b5783850fb17459c28f2af4a603d32b8f6c8a4d57e95bb4218238ff1
35276.363577,21869.164848,failure,6a476232e5ead8fc2e068af32c38b9458887eb77ece41fc11f98a54c71688cca
35294.681644,31169.128787,success,9f20f8997c02aebda519a4f764b767b6964a28c326e81460b87dc1332b7a2230
35313.405328,31147.175118,success,61f411ffd8a0e10d2939e980b78e471dd9efa9bb9f6bbb08be902bcab2b8ebd4
35332.148288,16285.700749,failure,2d098afe22311719860cc53b5627c6a322be00b23b3fb62099a55e4bd9cadbe8
35348.753169,148.921273,failure,581265ccfbe7983690706eaef34861ad8478849f9a74cae886c85099e7c425f7
35373.016519,30036.032493,success,c92cec6b1b4cdd723b296a2a2a344af5068639afddacbdc02158b9cc9c6fb859
35385.750317,16536.405456,failure,2af8eb0e8f722ee3186df7ec953f3fb8d3218741d6a08193ee6b5e0b56af1f64
35406.150079,101.379140,failure,e6f137b90de5cf910b5ffcf525137cd4f211eb3f7d9d4d7d78966351c0183fa2
35422.831122,85.064771,failure,2e3105920393825b892e095cb1ba46ca9d28cc1a7349cc5a0891190a3f8e7772
35443.452226,64.735992,failure,14f6eb0ad5a9aa66008b992ace48c4a3201c18adbf20bcaa1dba8fce15677039
35461.161888,31002.750192,success,2e1bb8bad7dc294202478f5afd6aeddf9376569d77971466ad9451bc4d8ac4a5
35478.988669,30978.297101,success,f77f6671f2c944867bf44dde6d63fb8c64b2a8b2ec7130531cb61f0dec8b8c90
35499.389241,129.440777,failure,7a47b7fba27a70d33f0e25ebf08740002a5559bc968d9abf9ffde7471f9e2525
35516.909841,19340.799560,failure,b643771ef68dd03fca5d00db35ab950e5f5e294262e9fb1895ce7424cab81f84
35535.595284,11231.555943,failure,278d0e17b146c5c0ab8fcac85047f5dfff602c5d5f055fe43e18d16d5a12edd8
35554.297608,16727.352815,failure,d8efd7a6f339357b22201140130feace3d77698ecece08d290fdc1ceab91a972
35572.165896,23469.218072,failure,d77d5737fd4fda431bb2595dabed13a9df3ab38bd40d3b95e42b8729ba290e4b
35589.839370,30870.634407,success,5fef1154d02390b664140fe227d990e1236a8554f1a4384f3b5e7876758cc4a1
35610.597490,29798.546409,success,57e010ee8b0197fae2a297304aa34e3e19f6d97878ff1f70da5cba34acb93e7e
35629.240083,21543.684580,failure,f3c91d7a639a10cc25bfb3bcf7d1dee50fe30ce7cb583ffe5d17184138773a03
35645.869860,30815.976287,success,2721b88b9462cacee6ad320006b57a72ba7fba909ef75746541c8d2705616830
35664.959247,46.405251,failure,38027f58878ed16475ab21e050c3c44dd0624e8dd791eb1e974e55ba4036387e
35682.543515,28.874072,failure,db498ff85343862f7700ce010f893d86d7a8e8a35f04a80dd96151c41b013437
35702.072331,29707.054206,success,6b177aa9ae0598df44d4811d0ca2ee483d0f1f5e216d55dd89795038cb062da8
35720.523978,25.953583,failure,dab69864ea191869b8c9d4070e30e3c60d7ab5df62ec918bece44225733839ee
35739.098874,4.759470,failure,b050befc4055451380b47ac876279ca7154b2d15bcb7a97519bdbec2549dac45
35757.556462,17.674807,failure,e391c34398bec5d4a7c806cd48339931be2af372b78ae756daea3debd246de91
35778.593562,32.101143,failure,4fc73bd9eb11f20d297d6fbb56886dd258c7c373e251de4bac30d631928e1364
35795.192662,5.223345,failure,25d7893017ac27f0b425a4dd185953d1843b1038686fe8b634745bb9e1b21a83
35815.155538,15.798265,failure,b83f21050227b642fc92292cc54ed710197e8ca716c7ad0e8e8c59b7f38dc72d
35837.087828,31.276875,failure,2176e94f95a82a6e56373fb85441dd532000c3b0569dae83e74243fbb0c4a2c4
35849.024198,18.936541,failure,f1c6ee00d7727838e8d78339efd4b0574e2f2ac4e0b13fe5bedf015b2a1ca769
35869.654640,3.073224,failure,342bfa5e665ff3b1bcc013309af54c50ebe740d44c63b7ac3930472c9429ccb0
35887.500055,4.051339,failure,57fc75ff7507ef792db180f2f11b5555162dd0153d7d8a9c9847e0adac812a0f
35906.241101,11.347662,failure,56bb568b8009ea97727174dd173381ed1525d7b2988962123575eb73d75df389
35923.301181,11.371807,failure,84705190a00baa11b1ed10808650f06738422ddae8c3db01699cec1440a423b7
35942.367625,27.532428,failure,06fb48cf32f2b94a25da2426de70c20e61f31efbf7618d148da88fa49bbac57c
35961.508296,8.055430,failure,fd7a9640eed08be6124cf2a5588dff01b852608c3fd21818c184f7e6bb30a238
35980.558479,8.985375,failure,eaa244b5c6899bb69fb653a836ee756741dc626410cadf2d84641505f628e9f3
35999.111745,8.393601,failure,d1e407be127ec876d37b5c362cef84107c0f44e9aa5adebcf38e8e288aabe3cd
36016.583433,22.985335,failure,85ee304dbe12aebbf900c900a05dace1123c4b8b99bb5b130297f84456a272d4
36036.283288,3.600057,failure,e3a0fa485501a807c2c532d4a32bae1e8ea70ab545e0d53558bcbb75dc72e40c
36053.607762,97.379576,failure,d910e05df0f54dbac4a0210a0ff6a3886f641d693b5dfc50371552e5dffd0ab0
36073.167545,78.178563,failure,7079c305291eb48c12a0cdd49c8ce4dab9d560431fa1a342d6a602c2f34c009c
36091.166227,60.473949,failure,57730ac6b64c7139ead4cc4d5d14a5207e3d495781e6941dd747412b2c0a6f5e
36108.870108,43.034632,failure,3dc32228cdb4c0c38d059ce9db573886da2d6143a15b56f873aafd61b20cbc08
36128.441053,23.714836,failure,23ae8ad13df630acc1ac0e92354ab64911b460c09954601703f42b031a51ac56
36146.956828,30318.527996,success,1701f767268e273a4eecba64ab18dfa10df92904511db404b639e47113e7b19d
36164.682320,29244.511793,success,904da8d8cf75f8dacc6ab0a79cbaaa527578856820bf36480ad015d5e150649a
36184.293910,30281.029774,success,a7b35e8f4ee2f3d74cf401ae5e3ee8b3f894cad0275da8f5552d8dbaa6b3dbb2
36200.731259,16806.075879,failure,ed370bbfc217f3a59b947a316eafedcb268d0d18c44d5bd341855bcd36740788
36221.282472,30244.404980,success,a4a2fb53cd91359f0442121fedfc3608c575f86427428b8698a9dfce1fe69aa1
36237.896530,30224.388796,success,d9b2c40a045e8d943d9e1db61ea4533828e93d89c61c4f184cd4a6fd6ad6debc
36258.028050,30209.669722,success,db5834ee5392342a6dec66042bd6eeddf1069ed72e193ffa3c10b027ea9f6943
36274.891604,30191.308635,success,284069879b41158d614abc1eaa8989ea72b108b990d995d8e7508da6b57bd505
36294.729537,30163.771119,success,c8d367cb9fdf4a8b81ded0db5707f6ab901a3d6e9db2ed015665dd1838a0eab9
36313.174761,27033.411634,success,51fff00312b842ffbf6ef432395dbb197446b6bb8ee6f0e1696325e687911fcd
36330.597598,29078.509773,success,e7a32526244bb0bdddfcdd5578554aead3b9bd032d1aac026d3c9023d8a351a1
36350.064087,30107.336968,success,bca90099d29cf98a2cd69d737a7d83833769eaa1f056c67ad8c91f15c1db3820
36368.187291,6744.357299,failure,e35d9b629f0bff8205bf6a0c93296000789723e893d282c33959cd2a041903e6
36385.624094,217.226321,failure,eb218afbff84065a9ee1f4ee0ccf80fa3ab345004646bfc64c8a73b19c8f2e1e
36406.110206,197.021384,failure,7ee4290d067f6aa62df76c10e54e4eaf796e489721786aeec5b982bae43ea53a
36422.541202,180.869990,failure,c8f2a42fe2e8a7f1ae05b251ee01015fc927fed08297f0411ac8a35398a64609
36442.984554,160.684218,failure,99da447d1aaefecad6d2fd28ae0a82446fd0578eb35b39aa30cc3e5eeec729ea
36461.436832,142.477298,failure,871960d0360ac99c4e80a42fd96c115d2b24fc79e9e11e65fff0b9a2780dd66b
36479.904558,124.255972,failure,e58a03b9bbcf6deb8962569b5cdda3a31f019d22c034d95c30eb7df2b10a7317
36499.341002,105.070686,failure,1e7c900fdf87f8b36aceca5185700bfe82a3655da05da01f0fe48ebedc2b80cc
36515.856566,88.792435,failure,8e1b2b81040b6956bc7305607f1563e72cf3a1f3fac1190a6c62704d46069b12
36536.306040,68.580665,failure,76a4cc104aff3e1c639dfa84a8bf93e66e287f787a607ecb5b908ca08ca2e69f
36552.654502,52.470397,failure,2b5a5c48cefcba98a1e20622fcea608892b710e355d310149ab9f971a3beae2b
36573.090080,32.295586,failure,bee3177cbb398ba731f1e9e674507d15f492075abe20d7140037cff8ee06bb42
36589.501620,13.034118,failure,17cdc63e54a9634c6a9c5ad3bddce30acc5fe7c24d00578b0cb4058e9893f1ef
36609.691389,5.795643,failure,68bf85fe70a163de6439b53fbc0db0d2711fbae32acf6e647b3a9d6fcd51eaa1
36628.115895,4.374291,failure,f0eff84c6be3c8098cfabfdb32e32397c47b9b6c936f867084a02e83ae594513
36646.010542,5721.853794,failure,30357ec3c12ee5cd6a31dd1f79c09c9f254fe12ff077fdd8367d374faf8a3f68
36668.504730,28740.694382,success,5e4825e5591d892cd805be5b2c2eb9f062e0791ebec39c001fff04490610fd07
36685.782697,4.706170,failure,522055d884f7d51d31b5e77046ee8956b88bac4a80e656d64a9ec6f5dd4d5f1a
36702.043916,45.460008,failure,e20c405019150634734dd7c5e57c40d8b1761776c4b6067ee730d279e826f051
36719.672637,28.140333,failure,cf196e8922a1870101f5ad563865cdc86afa44a661919ee9ec9f6f27401a4038
36738.570837,9.521685,failure,d567b387169b4a59da4277908c016d365851b9d97531e86797162dfe4219ab10
36757.729692,5999.814664,success,68f26d95443597f9f631b106f3c5ebd405092e8c1db7b59769314dfb8a807776
36776.371673,5182.322851,failure,66841f9cc05ad6f3f5e9e6c57707b21e9dcb3484ca2b78331f3c4dd6101cac7c
36793.581433,4.163968,failure,843dfad2b704043c481f859e39ea61c726089c1a0b756cba33812640ec5b5650
36812.787897,47.391400,failure,a4496f1956b67ecfc66b80134ab51d320241b2c90a8afa0e9a8b2378db4acbf2
36831.786093,28.651977,failure,861255367fd7adf322b48014c3767a6102435d161f3ee9d690934fb69b1bd2c6
36850.232299,9.323886,failure,cdb31131200298d0fc14072bfeef9b793a74e7b9711713d30772bc45b5c78da9
36867.974782,15.494158,failure,873d9383764342849f8d3ac24b4068c6e88450b545d865cc81add5bd07d4583b
36885.987809,56.770460,failure,ef4e4897d40a2f503f9049f62f723d0fea39741b6f11bf679cee1d791b1e8c6f
36904.503435,38.497707,failure,a44df70fbed4176edabc9072984ac6bf5a77fc668a85bf1f3041efb78d331f43
36923.935841,18.549618,failure,b422bee28fa7eb0bcbfb1a030e880731007bcbd4aec90466c495d27aea41c8d4
36943.356635,34.743192,failure,ab29b085cddcc7a6886505bb8cb5a0d0ddaa99163e04c69ca6cb6d4585382df5
36959.804122,5183.787632,failure,4098d31bf911e685ae1fac68fa74e5a40f1cf86e98bde55ba3cc7e922cb1649e
36979.701776,37.073429,failure,c62e7232c8b8fd04158cc72da394c4053b49d31684819a5b75688b65ee591e2b
36999.282669,16.799483,failure,4d781adb6a003d0af4dd0799984c42dc29b74cc4ea562b64b6ea448d8cf2ccaf
37017.118205,151.764755,failure,f515161f441687129509f619773e5fee3677ae5fce90b61013ec99714170bc8d
37034.800185,134.350835,failure,1ad80c168619c070e3e2fcdb4ec24ec956c6ee9097130c2bf0d56c7506666613
37054.375778,115.035037,failure,907ebe150582c949923cdac690c173bd14b800731dd98d4bbc7e0e62be2e2058
37071.791692,97.864831,failure,2cc47227ea0e78206eef6d8e733e80df72e3f534504ddbefb6cfc3f6a0ef4d71
37091.237794,78.656042,failure,6d2f0445c6e30ef9c8ba74b8e8190e6151e86ed18f58b493c6b3fad2282bb1b2
37108.613122,61.530019,failure,fda044d3f2936fc560f91454c4343b1a9bf7c8a883b4ec0df0fa28366c149134
37128.077968,42.322012,failure,d0c44f90a236fc07d10e2a4645a5642f61edeb85cfb7f0c2b9601913b5dfdeaf
37145.497669,25.137840,failure,8dd35f62f80907156688dd519b6f02e126a1da6aed3ab2e4d9b683020405cacf
37164.916940,3.661431,failure,3f8a9143af48f16b62878fe9dfd443c06d4a1ec0fe2a1ec02827ab02f358306e
37184.455073,2351.999020,failure,4e85b36aa1fceefe23f329cf3412098dbfe88518a2dbab0aa221dbd33c1e9358
37202.041004,1528.812293,failure,97c270f1e1094c3b26aba8b55220e04acc2bcf99dcf316249a9476ce1ca24a5d
37219.533100,1866.581094,failure,474c1ed20a452bb1ec07569ec79ba75ac9d49c59e5aec3f1a2d35ebc96116c44
37239.022602,1847.670993,failure,89060382f61e1aeb551846605a079f67a5878875de0f16e31aa1ed21d64fcfbe
37256.537811,2380.959901,failure,c8c14c16733131a2badcc277842be163e96074b9d125eb60e7dbcf9564f4a96a
37276.010001,4412.524118,failure,2dfb447611c2e0b3ce51f5c10e6f1a8167a16bf498374f1b3492a71ffb96363d
37294.445958,7255.049613,success,197be00921a304e5aa1013bb09709c33091bbc55a7a42b490994589d457e2d22
37312.919455,1619.990804,failure,c499f42936b6e2bbd34d00b182c2df9ca849532d96b33e6b61c7aef731de83c8
37331.771719,145.638454,failure,6983e566a3b3dc4464e439a819aea377f4534fa826ff86d043e8a2cb187440c4
37350.320897,127.361043,failure,bd5e2db143aa169b00d89fe1a58fff703b11639d98f9166401fde297cdc016b4
37367.705452,110.224230,failure,6f315f592109b55f991afd3027b0ad02a2c141a4c14f2281b7ca9301426971e6
37387.150090,91.030701,failure,4d1b0c2b19ab15c1a6978dcead96c5f467c8c707e2c99b860a78bbc24053880a
37404.557709,73.896762,failure,ae8e0ba46c25297e58cb1d2d6beb2aab9c81a3b6687a679f171dcc84dc4d161b
37424.015362,54.713040,failure,886b2123d58fd734bf52fe42521784ed39c7055f6485417bd57b4212eb69d294
37442.553930,43.748033,failure,13ff5320d23d48489a6fd6a09cf97e5780b5ff75627025c9e4ec4c0d921730a3
37461.217892,13.371778,failure,bf65308d89563301931d22ce7601abe9b38c129545392572d235e9fb8e57d8b1
37479.148346,23487.345717,failure,d31a5e969b08a75e6b3e1d4fbc3e51e59520c807d304d5c38ae5cb473126de53
37498.548411,71.571655,failure,03d7fd469d5c70a4a93cabe6b1dce5162d5d3704c34fc088ebad4563f7eb6db7
37517.105825,52.755829,failure,7b59055e72430ef4b7802cd5119cb9bf1a5a0539c87ddd38c8f02f62048b0d39
37534.594384,35.815713,failure,9f879b3491698a290fc9b20cdd0a06d8e2281581415ae6b32fc554b0e7a03a71
37554.178954,28907.558279,success,9b2b7404410f86a586030b17c65da8efcf0166c345ddbadec73682c4ea3dd875
37572.214964,23309.285607,failure,f437b0eccc57e3907a5d225cee53825be5cbf6db22e58eb1f977f2caceaa57a6
37589.775688,22878.782392,failure,7ef64527fa1c0652f95d4ffce8a997ac866e442e357b87f787a2f476a08e3297
37610.256320,19875.453095,success,fa62f04c201b046100e482b1d365c372e93e91643cb0265de4e26525e992170c
37626.744543,194.090803,failure,efc595503ffab71cd3752d6bb136b58aedaba099aa323e3984ee1f39b9fbcb10
37647.202873,174.096198,failure,0de004d8ef260b30e370837881ecfdafc5ecb340e8e3c3810abe21c253b69f4b
37663.596800,159.931720,failure,96a6bd21a4067ee3a3c40415a7e58938f6941f02491caecc1ea953ce3c0186ed
37684.060600,139.571644,failure,834d12cbe0198c882aaa38f1ea0528c6d149d8a78da5ca4bad841b510d3e6d7e
37700.530318,123.152170,failure,7c5d242d281b629f07b202fee3b7d0826fa52093e020329e393e5f4791b24464
37720.974863,102.745535,failure,decd466cd03f162935af2650646b6ae80c57c2ea5a917c6232a6e616dce7d2a5
37739.411691,84.340777,failure,9500cd1f742ea07fb06bff37857bda39c755d1ace4330c3ca226982c1595adf9
37756.875644,66.909806,failure,a652d571ba94e629fb1459cd1811c72577bead9e11807287cf68eb68af2e0887
37776.321755,47.494432,failure,17aa268681fe76ababbafd80fc1fdc880a4386cae5117e85abafe50f8d38edee
37793.687966,28672.729027,success,4d2fa5902769c49e6ea2c948b65c0a057e7a73d44730f5778f2ec2bd151f73a7
37815.604446,9.064693,failure,a978862252824c11f1b4c5285c206807b37d469ebf69734da93daba0edeb886b
37832.200791,38.334642,failure,0e434d05de78e544ca933bdd3f8a5b5d73a6a5a5fb37dca6e322ef8008a88f55
37848.734749,22.083692,failure,b47b88b2bdd38674acc9619eec542cce8b5b29d95e7d5d63830c06aab9bf34d0
37869.272967,5.197798,failure,e6277f77b120ebe80d885cbba5bd78bc069437c0f75db5bc625cf45f507be4d7
37885.980680,24.916858,failure,8cf93b1f96d4e2b8f39022708258a62e2ed9d2eb0f676aa4d9b15d2727a8dd1e
37904.597393,28554.538428,success,bba0fc952f50993797ad03de641703227d997e43a24c3dc09f09fe27f9223e7c
37924.669192,28542.169718,success,236c48736018a315ebecd2c7b8be3164dd2f53c3d6fb04494e7637b6830c3c3a
37943.334436,23206.297092,failure,fc8e8323e9a388fb27193d1a8864a39ec2c41c84107f0a1bde43d3754da7e070
37959.754502,762.908303,failure,1ac2e6bbc001f57454fe8982079685d255f1184e65379ffec0be9d4b488f747d
37980.190470,742.738722,failure,05263683c79b923c61ec5ce2f950459d279210d2688eefc757d5a55ee03da984
37997.554036,725.636183,failure,83d4714d1cdfc2c253e54bfa1b949fb213952b93f78f7d8c844d10b52adb7bbf
38017.147151,706.301951,failure,0dae5b73c50eed3cbdbef56bf5fe24cde6c4adcb1604e309055e5eb17ed08faa
38034.518141,689.177120,failure,d0c524f95d71a1425a8f83f6ab3caf223ccb0c6344ac76afdb323860c8d00476
38053.936901,669.998849,failure,24088d6b7c6a907c2ffa50d8c6836b82b287980385ca09de89f0f83d9105ca1d
38073.353718,650.845153,failure,ce92baea82456ebfa08ad44f7ace86e7694b0d6f2eba7011ccfdee17ebec6f26
38089.740912,634.823742,failure,e2c511bba92e1d1159bab068c3d22443648e72d8fe554568f762696a2e2bfb81
38110.186007,614.680460,failure,0536693c72c02f934ebc0fc9bc357573239ded243419771fa94dfe4a8302559e
38126.567901,598.594127,failure,752e0ef59fcbb4b3eb87741ba60ea99aa740e0deb3e08574920f1df72f8e212b
38147.094068,578.368511,failure,9d60f4643e981defe76bfc9d6348380dbf46e398ad87809ddee1f642aa46ef08
38164.100236,561.658736,failure,969e80afb10b74d9cb28582996ad35a4773b0f1d4751ea1eba1fb5af657d8cb6
38182.501478,543.542506,failure,7230c7343e4b1ca53ea11945836fe6888fc143a41bba81625bcea9d2a989a189
38201.927232,524.411271,failure,d147b878adcdf43ab48b6de1a72d56eb8bb6d835ea054c9ac453c43d1b178eb2
38221.371079,505.265741,failure,7540c8f97f187e85c1426aece2f43c7fd6f77ea5722480b7a48ee122ac63f797
38237.765797,489.160954,failure,5d6fdeccef095d3283fef7cc6f0385cdab395e50ba30f0a098a09653adac9558
38258.225359,469.016299,failure,06cb64720db29e0817d37dfd699f5e53510a13ec4f283fb083383a4419ba7f42
38274.597655,454.596616,failure,0f7df8361558e7bc7c7264060e8377074dae9ffb6a7807779e84fe48f6f8db3b
38295.025278,434.510801,failure,279b64c96eee42ba8a33650e1333ff93fe5660a10d591d6b3bd794864c885838
38312.456389,22465.054182,failure,5181fce44075bf7ede0418fecd19a122b426aa45cb387b618dcc5437c55d55bb
38331.885509,28132.675953,success,d371e238bef03580b0238dfac2b82ae4fa50c080a1fbc45c3f491c6f8ea24683
38350.451699,21583.102246,failure,0d0ad9a86df8f8863d205e7352bdd8cf7d2509808a88d71c161b5875e07fa7f9
38369.327115,445.834998,failure,29a9784d356dea7634fdaab97df270aa8c113d9dbc7dc8a55ab3bb48fd6aecad
38386.180128,23804.364307,failure,875d67427daaa8324d30fec427aa62309bed825a2d7c4f470865b7a479f7eba2
38405.042921,410.155450,failure,99f43691cd5b1c66939af16fa0feb038b7c23e43c3ff00d9e1f293479ef9325d
38422.783390,392.460907,failure,7637b644fdc7b37bccaeebc31dbc872a0e9ef865009ef0d0a3921cbfe4adc649
38443.489993,371.790020,failure,d55660281256736816173973a035ff70fb2a9e0e6c14bae72a3b90c39f75be4c
38461.419024,353.893730,failure,37270e0ef5b01b329de20d56c29889497ca2938ee8f89901e5922d7aee7192f0
38480.110117,22464.722086,failure,1b116844849199ea4d822f006b3aa73761e609b52172226649fdf95d886c8208
38498.886007,27960.367193,success,ba1a64d6139757d70b50283713f354fbdd37a316c83ad92e66013bb8f8786067
38516.778570,20183.919123,failure,ce13d280c02f6b86ff7ecba0b35a96e8af1bcbc0b400f6a994e4d12e47fab88d
38536.353271,17522.520465,failure,090565713e6b6bcebe0341d3721622dc6a2091b7c24d2103658237e4106ff880
38552.777254,27913.113608,success,a512b394e9e6735367b57544dc614828d2aee23c81c3240a14962d5773e77b7f
38573.276771,27889.647056,success,9a410d91e76a51f1cebcee53b0277de0b68f3b511bb7d96bacd432b7e9be7547
38589.689983,27871.200250,success,a223051598466d33e522602ed77e6146d082d2d2724ac70a4b939ad3ac06eff8
38610.144095,28043.808968,success,a64b30d232fca8869a4d8c9f9a7ababe12afd4106998631e7475fbff5645b268
38626.510701,26782.644289,success,72aaabe0c75f166736bd65073d5d6a65e8668f1ba62ad256b355bb511fcc7ed3
38647.451511,74.920692,failure,8ba3b8d785146cc3d0c6bb3da82f08391629c4d1d4f61d0a77498418378d1fb7
38664.949728,57.095725,failure,05874f8826c454ccc9ad6ccdb5342548a8ff15e8fbb77bbf06c3176828700d04
38684.416688,45.639942,failure,0d090f48fa7d99937760adce8668aa0120202cb08c734b112398195027af1c57
38701.877225,27.928627,failure,6f2b50adfbd08420c9c651e56ad60f5518fbbd899b03e40e493a12ee2854e149
38731.803339,27736.282447,success,6fc23ee4a5cb9c30a00475e6e7ae1a81a515ca996aef284c25a01b8d4679a6f4
38739.552697,75.465909,failure,49f198dd4c3c81198244a98a65945658f25283c0dc80435891431fcb09352fab
38758.352031,56.765609,failure,2ceca733157abde5926d332984e860457cdb3b7249164125910551b5c7a28357
38776.162902,2854.707784,failure,c71e022d7b161bfc66d59e845872cba1617b8376f7fb5fe3129f9015706a9475
38793.758520,22049.712889,failure,5a73c61f4a86ef2af5eb2ed96881f68e6de3b8d73c5a18ed02254d0c5acace16
38817.651839,11414.169089,failure,0b30626ac0ddf0e8ea7c062e5d0c51a01e1b740b3430857f00de1b8d638930ee
38833.422442,22784.099838,failure,58d7524436b0781a1eeef769305e5d6d5b41de78287706ddabc7c293e8ee46e7
38849.780872,135.311684,failure,3b11a1039b81890553194843b40b87db89a27fa1e1e1992938b2107be574f3fb
38869.203910,115.925455,failure,b41aeba7e41fe1bf58fc41a961ceb3452f562b14e462a5a5df901b26cbec8d21
38885.556089,99.605977,failure,3fc66f9a289d3008df547bccf7727e3437f2bf2f0c49fb0330d9579f3f716547
38905.949207,79.245319,failure,732887352d2b0c48ad6ae1f08e8f2c424073a999111b383fe8e3d8c8fec405d8
38924.330691,161.162324,failure,be4a2d203240100d299a8817abef78863b58909f5048e458a2e446087d9993ef
38941.704897,46.142780,failure,7a04f505c09cc1501b87f9cb1e584e290858412fe9737b282cb5a4c4f25a9b04
38961.220888,26447.861857,success,42c71172c7ebaf50751d16c317a824168cf91f3c6b2a38ef1c4b23f606fdc552
38978.930259,7521.066916,success,3450ead5bff05357ac9b0d1a42775122263aa05eaf62164015e10553889b520a
38998.836298,21954.652714,failure,226b0925221b4899534dbe93c0d24fb46647791ebe2957dd718df63454904a9a
39017.229034,69.188777,failure,4387c8374c6f828fe849ec3da5af1e9277cfbddc19ce503b81a365144d097490
39035.255326,50.549531,failure,647b7d60466b8ba6b838cd185ec55f9716ae1058a54578a937a562e0579acd4c
39052.719429,23035.694897,failure,5e826866196af837f5bfefbe0295120200c64dc2cd4a9d5b431b06e1bc06868e
39074.482643,27390.494073,success,d7c087c91064167676ca8a6031a87ca551ebdb6b770ab5014e26bcc3051ac255
39091.227334,274.803547,failure,da2949aad4ca466fce476299555a9d93ae0b06b412928e2259ea502e3cb56e4b
39108.600457,257.792940,failure,fa661b5cc810a86c4575ec752835b22027b70f2726f2dd608609160a88c133c8
39128.127469,238.548365,failure,57439a881a06aacf8f03b1be8613fb16800cbb14a10b840e5f0bdf6e9fd38c48
39145.577236,221.358613,failure,4dc905ca98c5ee991f2f0902577b3410e8e2b4e94487bc91ce210dff9db422d7
39165.069884,202.119198,failure,9e260f710225a30f5af519456f9e5e108d483122c1e87d20e050c6187be5b69b
39182.518468,184.943523,failure,5c5155dec7a4b94acd9929201b72e9f543e1d51ba6dffeae97581c8916b98149
39201.993132,165.712994,failure,391445fb9f62ec7fb6ca9986aea4819a83c44521e56f43efa3771575e107008e
39221.412844,146.539842,failure,a1e26a43b6fb370c895dbf300af6d45941fe99c08465fc12d8b13d25fe19b11a
39237.837227,391.539313,failure,a2b6cbe09334941fd4fc2fed9baf0ea009b7b8cbcba87a5f156e5377857269f6
39258.276712,27395.410185,success,777cbccf044acdcf0a40785a817694cb49e2635d24252b92b08747d96ce5c5a7
39277.685804,27180.035077,success,a93d99fde17f3cc60727d18fb0725108802527a513aa7116e02d98020f57a162
39295.142763,27170.648132,success,44315e4d0463ff5f76ad32440d352beeb61f0d548d3f1aff179ba263da937adf
39311.550405,21435.972986,failure,85c5043a2459f029ac1af928504263b9742f911a21ff63f1d84e550b661aaa34
39331.965274,24017.800241,success,626cbb50d1c54ee560b8b62257eb2a1f6bdedad83556de8c57396f0a7c92c261
39350.386252,15.258719,failure,1c90e766420d48c72b3f4718198e2ff6d4ad5a1e9b34a472fe0d5cd9c529f028
39383.966804,27080.160628,success,6d276fda011df0dbbef1acc89909aca7e9a79f4bcf3fce94c937fd72fb28ecb9
39404.980059,85.523243,failure,2ca80841dcac47cee0c3551e9ce4bf2b26d4fa6e8e1c7c70c525b1e16f6a88e4
39407.455367,23940.124010,success,a0fd09c50051cbe0dd4b6b3aa2dd2019af70fa75b8c2068262d2cdc485dafc5b
39423.933741,69.156137,failure,f78060ca287a029f413b99419143ab9acaf81816b7b166d539f735ec6d093692
39443.121240,43.419168,failure,745980223696c964602d4b9568cba38d945af617458474ad0f1bef9147f1b939
39459.540063,21946.975883,failure,7f917ba032d3eceebac997109807c519babb1db3ac0aa6cafad6b881459c5a4d
39479.984807,23871.728331,success,dc947d80b2e9224306832fd8ab0ad20d7f0b5035ee545a8b80ded4bbd94f8914
39499.568154,36.521870,failure,c3c0d658a3f0ed0abcaa7a3dfff0da402f9f7f731e4f1d5f62aa84cf0ac83587
39517.217964,23833.615243,success,be62732fa475bac6b01d81f265d59252380d42fe8b99e36bb1be3a56242b00fc
39534.748030,93.473155,failure,dd956259b25ff2f3f88c37942efc38bf89d8a047445e585e451d74b82b305b52
39554.416396,26905.783800,success,53625c208b1d1b844a813a9a276ca0dd6e2fd68d7109db67810247a833034e22
39573.125612,56.368548,failure,95b2e243cad6e494416eb12c18705cca7586ffacc4be045d7a376304e2235d06
39589.678284,39.944716,failure,19a349b6d84761b93124919cf31c703365dbe2dd6c8105ef40ceb84416a3b210
39610.231261,19.344882,failure,7aab0640cc52fbca5ad1f9f526b4133f8205f9c0b2f94a92b37ea464e8201ab7
39626.746383,25781.821472,success,ba20adae86c5eec78c5a00f8501686864d5d01103abe27145d7bf34bf74a2f14
39646.972770,26812.600046,success,98cdf942959548e11e5202afd336d31f7c2c9463921d27681824500d9bcbca67
39665.470472,246.443352,failure,9e296fc85ce798d47bcaa79632f1efbf93dab518fb4f5723036c4173821ea053
39683.938328,228.934866,failure,c16ca2c249e93488137a6411b454c588ddeccd9f012eb30cce51ce408794e1eb
39702.398258,210.544986,failure,64c05af870f1ede38f76a67ef183d9888fdc981aad5e7322173aac3d6410d078
39719.763026,193.227376,failure,338bdf17f4d33c1b97cc09f571034932dc8062967ccc8b11b784b381e67e101c
39739.186305,173.845204,failure,e4c18debb662979bfcd266d9c7dfe3de8bb48d6e022c28b7e5107a076d82d49d
39756.580868,162.191722,failure,5b01fda3c88368ac7514e083bdb091ea79220071b4f6c8a2e06d82bf81200353
39776.202636,139.946390,failure,f844a42cba582b189ed22ecdbc77eca94c293ae8baf0f05af3e1876e96b9f4bc
39793.775011,122.696927,failure,165cfdf966772a921a0df553e14c550522ff12365768328bf518fb9be4034ed7
39817.652079,99.172577,failure,1e673f2ef151770c34de7bf74e15c553f7c32d65406ad8e691234375a2189785
39834.165027,21093.355232,failure,e16440c535d82d363bf67a9fb7fb2e3bb16ddb37e4f5ce1967b7e7eab7c16433
39848.848422,69.627976,failure,71107713130502a3526b964a9864d4bcee57ab923f50b43d887857e86572d9e8
39869.418300,48.783445,failure,f2604f13b53dd31e843a603cb291415e5062c9bdb26f017c25114bb63d65cc5c
39885.827504,14797.375089,failure,792a5cc52892ea7658e95c7f92b1f2a0634cb20e227f44d003ef11f81db6cef0
39905.788937,26748.335045,success,649c5cb1763e0e0e54ce334df5c3ba2e0cce9ccf30b56a48318b7dcaecc8ad85
39924.239580,25484.929446,success,2bfc8b14cb419f04ef1931d88f51b066eae7cdc80bec9978cefa61016acd9145
39941.776078,21475.717376,failure,b18f61848c3e5c7f83297bf9d6ce7806401bdbab6c93f8c8fd58508f81056419
39961.331242,26501.487629,success,d375dafe7ab81ffefe626d19e606424ab689b9c3a1303f6784995ddd7e5089ca
39978.703664,406.840667,failure,79c3ddf01efbeb67eb5942e041cedaf608538954ac83545620ab9868af8c1e85
39999.190677,386.713745,failure,e3625bb0afec12f501dd56bcb1fc63def0c32fb137029d0c2466cb6825c5555f
40015.896786,370.338394,failure,5281452755644c383f02f1105a0263b90beec7b112c9ee9faa59fa0ab8ed631a
40035.858218,350.673936,failure,5921b5ebdcb9fb1681b8fb4d6c9b6b6565d6d1d6cc7424097ba9b09220e6bf22
40054.304283,332.518853,failure,60bbeb831369f22cdd59211607433f7b48240a5f12ee43438a643a84da8a0955
40071.634166,315.480955,failure,9c582677487fd31937646c8a38e51a1c6fa9350e81f62226dda1ab1114f61d55
40091.077291,296.336598,failure,c0724d7c48735d4489ef091955673c4b620916ae7650e427f927fab876bcaca3
40108.562082,25300.532766,success,5de16f299994324132f547e8783411cc98148dcf3755cc3338b43d762299e8ac
40127.982265,260.027986,failure,3f0920cfd556e23fd29224b50245294010497af762067e6ec73fc7b04a1454de
40147.385195,240.928092,failure,93eabf9f5e1435193fce432d1f9bd61e97fe093d27d6c66e1867eefe37d63433
40163.728417,224.880962,failure,75a61a0a04e2d99e8faafdb2a03c61d37128aab7e380c7d3405f34913896436f
40184.158002,203.566336,failure,45d34d98755e0028d7a1a9157ea970d601ffb9bd6a322eebcb70c4b545bc8d91
40200.551147,26262.474590,success,b227a984c619ad9489756d5c7d0f59b0462e9af199fe6fc6760d7a867f6d2c52
40221.005138,26242.595842,success,75f8f6a59defbc65ccc83f2f8048a93afe795ca2caa7190fc7900aa82a294ea9
40238.460886,20923.097712,failure,76a9e2eacbea83f9fca803b37a67d2ef626c09d6043ea68b7e86a43853b000bb
40257.956940,26200.331159,success,412df20b14b20aaf6e1bbffc81fc03030ef9be048ec48cc1a0ecf28ee93c0649
40276.230182,26179.653122,success,736034e6f65a38ec764e411969e58adb01b908c3d68ea90e6c352364aba305aa
40293.584650,21839.880757,failure,23c2226d2f5cc129969e133445fa60a125df46e36645dfa94409b4908257500a
40312.996738,3694.517068,failure,ec3c9f544e2e69ec3d855465d6661bc36a0c5fcc0a57065448d842093fe64968
40332.419866,26126.189112,success,02bab2c1c563a5fabc915818c56bd48779ecc10b23b278be41eafcbef75b5a2a
40348.842726,26110.834204,success,f7e457e6fe2f25613fc4e1d2923208c3cd700647cf7b22182e54001dcc2b0009
40369.257744,21719.393013,failure,5953e80cc2e744841d451d3c243e06f106fdce0119e67df5d944f9ded8e3e6c1
40389.069828,14804.282736,failure,8c61a107fc4e016eb1b4af962d1edf7e3753b1090b74bb55f8da52a998ed6eef
40404.657841,22918.802995,failure,f5c706155a38a4cd9679dfc37d57d4b318df0794988532e9f77455d56accbaa6
40423.636760,8641.839320,success,54aa6037de38e405a496929d24360a9036df573a57873291b340bb09a1db0bea
40442.629435,20439.173049,failure,83e06097259a305997b92b747ced62ffce145ec210f286a33a25b3e5db47c189
40461.025567,24948.154179,success,a8382839bb1bc3759076509888bdd27a7c2ce152d906c4d0a2fcb8ac6acb7c64
40479.451133,21368.149398,failure,a19af13269c5e2d1b62096da72e48196d3694b8754a134fe5cfff2574dc59db9
40498.867128,2765.668618,failure,31639109eaa5c41638550871d2d6950db3fcc7cf25f3d8074d1646829a48903d
40517.254674,26137.358631,success,379ca6f2c157d8295eb0007d025dce370f594e97ccd83ac4651b2fd1c07ec09b
40534.658013,1832.978167,failure,234ee641fcad9d757aa695882843aca229a06f1bc8da40ff8dd3bc6cd58f484e
40554.132507,22922.344561,failure,9e7f0ed808f07547d317cfea32edd1822da5a0e13e7710aff8bb5715178214ee
40571.497625,20180.981361,failure,b6f4be9d56b5082b2f09cef603e4a2e6a748fe31bf0c860ea612fe291e931877
40590.946591,22759.420496,success,06b5f6453e42d46fe31c0949ff8399a705f392ebc1ec771b42d6f88b5f6e7fe8
40610.376091,26043.180994,success,aaf26cf9b7f9ee87a617430b014013bcd701a67145850d315142042aa9822eee
40628.192341,25831.903991,success,e52c6ca12c75ba80c4d181da8d5c631bb33921dc065e83261287635b6136844e
40646.437371,20882.102806,failure,e767326ee819a4e501c760200309590d4d0e8a4430e5fc6b599b358d5c299207
40664.873037,20424.651724,failure,df56c2fd3d5d0d531ec20a20d0bddaca0f355da9fd1eb70d11e592fd1bd1e851
40684.567000,25776.121136,success,1914f54a89bfa56fd07d1e7166386ddefe07667adc8cb7128df6f2a9fa2e9d50
40702.256373,20944.283658,failure,35edc0f820de35af0334f519a3a9e6246d3f90e8fb103e7e7f83e1ed1eb4d6a9
40719.703064,24689.426629,success,a2daca4ee1a3735fc34d59296ca9f941fce74f3ea46ff56972d1c3d6e541beb2
40739.235165,20863.254362,failure,21e31d184218580eb9ab5d98fcb2f36c5652736a22b159e0de8726a0e2a21442
40756.665334,25709.960609,success,43be45eb35b9a30344740400c9860bddb293d69f0eff1f61a4d736815223b426
40776.181766,24632.895619,success,216901e82759aaa9722e85fd55c190e1a6f659e6891706f73f800d7fe0f04b35
40795.640109,22555.835687,success,21f472af4ee575898d1362e3e45e2e156aad7161a76da6d8e9757b7511fe6380
40813.114261,22533.900523,success,125dc46a991e7e36eeba6523c5eacf301249286525d45cd337268d37fcebec00
40830.525956,7048.077813,failure,45709301fc641473bf99ba598d9f6a8760a688da5f5486fa5cc1b23fb963cfc4
40850.233865,21803.256882,failure,710c566d021902025ce5c7c1d589849f7f3b50803b720ab2796f1fe9ea70cbaf
40868.075742,19760.339206,success,651544742232c90f0725e8fb7624f86ddba53445970f087b23d24767fbb60f63
40886.105360,8179.932918,success,a93889a56b2b784a51a6f12b09a17f850b2e1eb37a820d7f84e2a6318f431959
40905.151835,22442.582962,success,a348b3532cac43248414756480f0c49faff543b1d4e921e86ec12bc4fc35f96a
40923.618548,25544.147371,success,a664bc2b3558eb194df20a6c8183e0a6b1612505d08e07145cd5cd6c117db467
40943.553371,841.306612,failure,38510ab0d7ac9e3869b80f0d96769132c91852d147a87cf99fc3d866817b306c
40961.198501,823.918532,failure,09cf79cd0aac54b47827f943c7a828994d89949b82857ccd09031fd9a1baa9c5
40978.713779,24430.435761,success,6e7c073e84031bb00648e1ab1767e725f3fb8e902ec96c5a14ec6a6ade796bc3
40997.954046,19828.547546,failure,b91108f839ffef1f9e582755e1510959e8f10176dc984fd818f3282f6d08bacc
41020.051834,20187.455239,failure,4e18f3c53acf98820d4716aec3e475b956ad33ec72ef03b328b333a5afc2cf4b
41034.803476,19909.720152,failure,e10e0011f0b45974683f9c5877d3b6e5b868fb18a9851b14b02f30d9d9fb1bbb
41054.396350,22297.200011,success,663809b83cdca2ad75def3b96afcd6b98a2fed550620d9ad4caf140a089a1456
41071.878356,19559.196224,failure,a5b7d1ccd6ec4d96a9702bc0cb3cd5b3fc0039766ed733b04d50b585c69e3320
41093.847805,4124.029373,failure,f5d842796888ba4f72f62dd200627ceaf9445d7b13a420c2842d8461777314a3
41110.368717,21017.113468,failure,46540317d1b671a2f23b8acc654f5089ef21cd4da0ffa0befa302784d83cfcfe
41126.701149,22223.782556,success,4454d8eedc625975f7516eb2516a2f1737f321c6829c09ca07486e4d4fb8b5e4
41147.086502,19965.769894,failure,cc820dd4d919c2b8f9f2123062d4fc0a9bd3702358c48289f857d9e4c451e1d4
41164.446029,25297.188042,success,ce74ef5d07b921a9569cd59ec15939300d925d80fd536904a7b1d29950cef9cf
41183.823622,12975.879080,failure,4c7290758c572c8178c45eb377bfbc5866c319fca284c2057c7bf977845dabd1
41202.189948,396.926415,failure,cefa1b45bbbd0de915bd5e93a8f7a7f8a6caddffea2c962b83ea42f11bc42450
41219.504662,22189.993911,failure,8be98734837bbbcff2c5d9ce3a69019f8b785e71f154d3b9683dbd3214c76e11
41238.865874,22087.690175,success,750511d69a8874bf2b31b1621729418683e12ffd227d11700d6b615e720829f3
41258.219472,10424.294783,success,82352a48280327a3d3d353b64470144eb40fe87308202048cb7ee0c2b7c557c8
41274.507911,19592.996841,failure,ccbd427fd5b125dcfcd281c586d149f22526dd43a04f02f3925ed52ad97fba06
41294.878036,24114.284167,success,e8a772312defea824547bd5d22f25756ff1a39d4d1e4a7316f4277f70a4cc95c
41312.809190,21622.681672,failure,42f31a8430342cebe644ef8ebdfd36207a68e842fa7d377b6a8ea30ba6632718
41331.623231,25134.690750,success,102f25ef45ffe1c54a8dbdc3e043fa3334e79a70d93b4f588a1a1c046ca70386
41349.544166,20087.958304,failure,7055857de262b83c1cc2cc4727d804e6d6ca957daa445910b6b8ecd42ba458d7
41368.593968,19315.390864,failure,a6db7fa4da54f4399938a510f474065a5151030afa5be3c9298625e7f64d69f0
41386.752095,21963.131090,success,c05e3f9de7371b65f8f9dc3718d49d09f212f36194d5dbce3b53d02184bec7db
41406.269789,25061.091115,success,820cd272f204051f9507442540290f2aff0fe01b5ff71a412fd466333580e3a8
41422.674375,23986.508527,success,45c873953c6441fcb9b72600314868218d0570c261eced8d2d70d5ca6454acee
41443.196403,25017.800419,success,cfa3dcfa4fe692f0a4dd271daf2f69cf02ceb1ad9c287dcbcdf5b81fd5d0aaf1
41460.438311,19765.069642,failure,25a0cff065905d9d4a59d197413914e4635bf77d822d52b73ef9a20abf4c58f5
41480.060020,24987.820042,success,61e50bcb259f76a54fea3a441f0d59e8605f2e93d358500b31a2007557d34af2
41497.545452,21297.017117,failure,d346357b7529af8d28dcacc4258b85b9ef3e0372e404e0e5594de43dbc9be2a3
41517.022821,3033.191180,success,ab4918de0f10aa478b63f6894d5d289f92ee168ae6745a7351ead0972e1cc944
41535.518488,153.412532,failure,ba446d43dbc23ca16339c8ec4f4373bbbad99fbd91a71ac618f5f801ec178964
41554.049642,135.271796,failure,8c7f838ec49814d34eac3c1a9b8b842d4e31a27d07019794aefa684ab665a074
41571.523052,6494.368233,failure,98f26f9fa527e640ce37c2cd30d7751d2744d28fd352333ca748e71ae63f0006
41603.284990,175.536187,failure,19b5e01f8e11add3181f30f9488cc940d6dfaf79ffaef3bddca49ba2df5fd2d3
41608.609654,167.355675,failure,b4ec239567c2bb196c1dc04a61baa08119a54fe9d69bace8e601972bc1704b30
41628.483362,147.227301,failure,993f3a8ac6b8357c12d087ff243cede2b324153eb03a5a3979f500bff65c4322
41646.474548,129.752108,failure,2191b1d62b1e2a9cca28996eb52b7a28ee25a5068891e906e0aeb8f9e393c18d
41665.163426,111.329276,failure,2c67891c5a4b368b3121b41e952cc4baa54ade8b6b9480fcdad3e01170d24c77
41682.609295,24776.751676,success,5bfb33e1500399a6fa1103b0a6f96bb92f13486bd2703a5ab41475f391afb3f2
41702.066556,122.755263,failure,2ffb6845581ba2a0e0ab3b008959daeced34cf2b237c967c91db4ee2593a6f15
41719.588597,24743.127342,success,dc62c8b140abf513b041bf38c33d3654ea44a43db2f03dd6e3e9155f1c5fd471
41738.737383,43.614711,failure,b81e59cb0342082d5465b0e154d17ca1a48537f1131ace11cdc130c83e4b5bec
41758.678517,22.098749,failure,04f1b207f27f1bed97dccb8dbc0a36772d6b9a7b43f9e5fbbce823dca51f7a75
41782.867115,7.145872,failure,a2d08db828551465eafe798a6a249e69a9c70c13d64c0dabc805bc60b3ce99a8
41795.548434,20027.971535,failure,cd7e42100673d3796cfad65ea00d7d762bd38e09dece6735aafd85130ebf8a8b
41816.984568,131.268686,failure,bccf020ec34f1af8cddf0250dc7dbddfdfc8baba837b6c377a29ba9155616ba1
41830.656114,117.847687,failure,31287ec638315f1ec2109b1f85f650da364d8a480ef501642a2872aaf088e9c5
41850.421801,98.321968,failure,1f0ae7636674b04fda6e4532d75923db3bc92f1b55fbb0520e3176f10b622f90
41868.999361,80.035391,failure,2920b51b982ad3090c2af1d75ad119e8e1199e7767be220d7b03c73aba08b649
41886.513927,62.817138,failure,902d1a911649f9783c2228ceb8395c6b3349fa4fdf1bed95ae13ab933a27feaa
41906.018527,43.613339,failure,de9d39e12d6af5c3a72c6bc4a84e30886ea8203e63a568610acd14534d954266
41923.467922,23.128741,failure,1089e04259ab9b7f47a042b01a62cf7907a8baa321e23ad8bc19a9f406ab2aca
41957.426518,55.792622,failure,d8c6a494f241c4ab55c4ce6a8611155712ea2346a2a43ceff62e1a2ff7c73112
41968.438202,21378.443664,success,5c4aabc7255d0bb93deb5bf99c12c7af7cbd44ad5316fc33903b77a71038078c
41979.885159,19330.610625,failure,38f4287a136da2acbc3738dc3a707c67594a98b9ca8e961a928dbd4779603d26
42014.117776,15873.705965,failure,fa17d02d11e70d056e8c7e3f5e8a836b96c011f8e4b91106510be7088f3896e6
42024.298751,120.327743,failure,afd41e8b4aa9a69071d896864ba21f1548eb6a8ebdbdbb94fb83ad9394258e28
42039.119592,105.793817,failure,b32c6e0d27331f5f9333ba37ac1baa9554cd3676dcd051e606bec09fa9af3967
42053.256647,314.573695,failure,c8ffbecca354a277907088112f45bb44a6d245d5172dfc36528096cca116bd6a
42071.804742,4429.825800,success,9328520c5c159ef2318eecbf8c8c6d4262f4dea1dfe0b4c700158d8f8c08d933
42091.235904,24372.787805,success,e20e098e689ccc9070a11c7cf72522f5eaaafe507dfc14482520ac057a9e16ef
42120.156300,19533.341290,failure,216140b75289f8b752b2811fa7fd4d930b56dfa9b6072b2cc855549eed2ade76
42145.995969,85.601756,failure,21a90c8bb674afd23f005adb85ac3295010ae85da0d913c3b06141fa3f53b654
42147.757836,83.915370,failure,57133afb5f3988847ebb69f5edcc0bd0e823dd473bff588bda7a47d1b7780ea1
42165.470663,66.291619,failure,2831d0951cd421c2c97daf9f62126d30363f750c1f35ed68606046f75aac9e74
42184.079271,18284.728184,failure,d7f823f71e3bc6cc023ae82afa06852b53719e429b3c6bed32d9a0a7978d48bf
42200.542606,24260.672824,success,5eed27fc029cd0c9bcbbc973cf3084fbf0c355e98b32a44fb578e23bc904212b
42221.037663,20619.466006,failure,cec666cca4c5c5795b90851dfe2547cf8e7941bf23f153ceaf1839ee9740b7a8
42260.859308,114.424139,failure,82c071ad4a7c3d52a7a57bba6491b61e4898f6843b7d83855bd3218b1149f2a8
42263.370904,111.959842,failure,4dcd7d3cf31ba8d92e431a0a7a560de0840ac966c9d8e371b745130fa3851187
42274.768378,100.598635,failure,6276a2048d451b37e26d487a901d4162eab78b0e28a05785be4d48294d6d3b37
42295.173407,80.225816,failure,48251a0aacfd6708e30e77e7ff7fc29075f9bdf0f7d2ec9a4e6fad76053a6a23
42311.541725,63.890189,failure,5e76fcc537e3b29df803f9b2e611679ee964abf428c8e9b968f4d1cca257d557
42332.003040,43.460554,failure,98133e8d0e7054798d539a17e0065208d61752dc89f44be4007c39ab1f6e9f08
42350.419830,22.903631,failure,3d1c10371060ad9928bf62ee279b8a18042b9d097a7a58628164257f8c604339
42375.816362,3.617869,failure,5c364cb2e002cbeed68f28c00c260f5d9b7900c10a1af1662ca15647cff0b15e
42386.933202,3.889356,failure,fe59fb44b8be4e748af21bbfd7bde8c74a3302ac83de054f31b1a2f6cb5cb25c
42405.960541,4.492442,failure,d5ec05f628f567b2ab2d2ec0578988880855365d97cea1d3c18eea7c7ffee7b4
42423.960513,8.579848,failure,895a4ca891fea2872b7962def30dd529fba9686f1fa536ed4615f004fc977222
42443.101785,2.391953,failure,349723a988ef743c268d40c742d224e2d977b0bfb394836d00b13baf8e4f8911
42459.981077,2.512236,failure,e0af5e91eccdcd1b07ef291397b698bf8a079b0095660ee7335207d875fe2922
42480.004464,23983.126129,success,3a9d7c8fdf515a56637af8645d472feecf2989d432b802ce58f68311f8044de6
42497.565858,73.836856,failure,cefe55a2405fec56abe26384ffdf5aca2c0ddec73f818ae12e3a16f309e1b189
42517.098950,53.997623,failure,92a521ed3b60b698da4f517e244421bea10f663e221f985ceb6d004d5f393da0
42534.514172,37.294139,failure,3f70447d8927223c34f54e5b5838d77326fd2ff0714be80e0ebe72324ed478f8
42553.968938,18678.510891,failure,cdf8e34a1cf022c09b38058c99c2376c59d6ff4a7e75f840b6a52d2f04394954
42573.310884,19508.657528,failure,a9e115b8b363b1d88e69d14e1aa15bd4dad7f56f638d1af77109752c597b20cf
42590.433870,18671.067778,failure,53155358611f6c2385756c5bc3ce9b7c6007b7ad3dcab0371e66f203cc9c85eb
42610.183677,34.323587,failure,b89bda93a4f6cbdc57dc5bd320878f4fb7bca62788322f844f758ae153c0d408
42627.214010,19527.280576,failure,04fe437bfd02b0781aef88ec7445f0bd9f8ab02ec39187ca34ef78c8ed472029
42646.356655,67.468194,failure,8b88d14f018e712721e3c944671307ff66673147b0952386a7cd3add61ba9b13
42663.934579,50.155755,failure,08332292b33cbca0710f93a478ba85d0066a5acb4f2d9c4206b999f3a0ab6b84
42684.431130,29.920862,failure,d877a1b888f8709b1cdb4ee26ea5ea8364347dfea2354c174a29da1a87530530
42700.963143,12.560754,failure,7a236382dbb2e45762bd604d7db912909ecf9786cfbd9b11b037b91470049dd6
42720.846138,23744.231647,success,dc59d1caf99e7c79688034ee8546ffda9ffe7565946ad9746c74904a3ee73e0e
42739.470666,23914.288135,success,aad5dcac918d93b5e852574c1a066e416eb3cc7be908698d20c4e573a1950dc1
42759.298819,19741.881030,failure,71c3b2af691f376a2419c185f9264051cb22288e6e1e46e90dffd82740ee0532
42774.838862,6291.071317,success,a3d99c32a83e1b7c77583e7944e2b5759586423182f2a4f1d4cee9ec1220df57
42795.346532,12053.286286,failure,3d61e2a7729dfb7ca11e9ff2188af851efbd190c6e5e7dd6bb1cff94ebd12522
42811.908131,19714.799249,failure,afe23b9c02971cba7cbb08e3722d9db55efbceacaaca1de95e9280568a045979
42832.446789,19256.054199,failure,6da13e22c06e282aa06ddeed6faad1e949e3343f903d647c0b980ae9f77450c1
42849.882518,19590.615402,failure,8fb6668bf798f043ff7af8637d2c5e11afcd589e71095bbb0e7e190957dd494b
42869.310625,23784.187570,success,382609156e0cfe3de738df521f91010c88daed7e33b3d69968fcc0a6a0c1cdf1
42885.827290,19230.664934,failure,71d35b5328ee4ad09e9a3d7cb5c55dd671bb730d92790189830757f8b7f11a4c
42906.317978,23558.032741,success,0b8a87ece4249ccc99304b1d9883c5dfb0b9edcae660da33c8d7d1a0a0d87cce
42922.969455,20131.720355,failure,f8bebdfc15e400f644dd00fd61427cc3ff0725af6d86ce08a758ab2c59bd671f
42942.074007,18979.790419,failure,206e0ae40fd2da6528d59df481faed1325be45b6f4dd6c5df6d7e1053dbf8826
42960.195356,120.223558,failure,92b2be2fb9cd2c82eadd1a66230bc27bd713d0523b871add545d6b23b63e7142
42979.317171,18824.230281,failure,9bb6278293631d54a01c259fa10f1e71b9261fb5d3c9e9da6660381a60f1d158
42998.131813,113.867359,failure,055c2e276ad5bbfe294bed74a97291d66af7aacfec622c55d4b9a644d3ea2922
43016.106288,95.640373,failure,5a29bb84ed86868b8992ad4e3099b4702d167976bf0a8c1a4195eb2c7d27c811
43034.662026,231.188312,failure,c399ad58d5ce147ae4bcdff1668553037f2d19cb87ff1c36aa88bce08c3a6445
43054.191422,15789.319998,failure,5f5cd5f571251e31be9c6f422df468f5616262acfc679aa0836a1a71e63b93f8
43075.355207,37.441133,failure,66a6954ff99e7f44c8ce3c56c8889edebcd5e6a3ac9a891d5ea952fbf3b26285
43090.071863,23370.285546,success,42884cdae2aae57121cc0ebbc1e7adab32ae46edb88fb605a658ffba3edad7a9
43109.652234,173.805304,failure,21fd67f20f9dbb93e16a4554b409e5a0dea9c80d4039f4dae67337c567489ed3
43127.930285,136.916120,failure,ef598f7479108c860b5506c1cccae774cfefe5bd6521b204267c05e5f95cb53d
43147.531795,117.845932,failure,093f794485a9b0b8c159182a0bc7e2d6057d955370c212f6d71e930af1cf9e67
43165.130738,99.988206,failure,be29ef819cd1a499fc59c1d09b10d9cfde8df5404e17af53e32b241abadcc893
43182.583299,83.032963,failure,e49a42e71dc90b97ba688d955d4a8ed1b7e08959bfa3efe55ef07a3fa856d50a
43202.100101,63.991467,failure,8626fe1d31140fb000fb6b29c949ca045ed9a67bc738ecee556db0b748195bbe
43219.576156,46.979839,failure,b5077409fdb100649567e738a877b5679d684da016bed085653539d60a93942e
43239.122603,27.664803,failure,d7d7a8494330ede9de91e61adc567171d5d843ac7441a69903fb08b9d679b120
43256.563382,9.766641,failure,8c900eee74ca140d4ceee63e80182135a0fe5c5062f5c5972dbe66605a4d588e
43276.367269,4.202301,failure,f62b299e2e02d70620d25bfced51cca278a732cf47c4f0e795ec24f88948de02
43294.935762,2.546782,failure,8ec368f2ff81ea9a717b3b67fe6e0bd9e0073b4e874d3a8dd743a86c2cd19df7
43311.999137,16.498811,failure,7d7e3318b07848e0fbc825eec074cd958c1217982135ec285a3ed87092ad2882
43331.066901,16.414224,failure,7155f32646f04c4e813569a1e06d52ecb3d0a82c073c8cb37bb4f5e4aacfa3a2
43348.977957,6.490449,failure,33a5bdf3fe7ea5169d5ac9eb51a6dc631ef52e6853f0739d9af6c9943e01e076
43369.006594,5.504991,failure,10000e1256287a6340c871398f7cefc2f89417add3d402ad18096777af005f59
43386.015647,19.873257,failure,568e4e3997cf36e7cac4a886d67e3409803aec8e115c5bd7a7b104d3b97c4ce8
43404.552361,32.935567,failure,9a4ad0db995b78c9747188d55716f4d6e961f0a5e2e13fb685be49d999ee03ed
43424.495638,13.267613,failure,7113b887093301c03dac6377241af758833b1f22cdd4922ebfefdd217344ebbc
43443.257672,41.792772,failure,108b44402ecff4ad0a0540044b63091c5061b41eb24a2f4f1150dd6fe6bd3c97
43460.054039,25.311843,failure,b7b28ef87af5457a251e5d570f0bfd897544fbef523c74a50ca1cc388a6cf867
43478.621610,20502.244741,failure,940ade37deec3ec6fe9dad71853ee77f24a0c4eece0f590b47969289e667a7ce
43499.029524,52.059967,failure,6f0d1b5e3945d484e38ccb898b8a789daf5a76f0f82eccf6e686226f072c15de
43515.551920,35.791535,failure,a296cf094f57b0c63633dd3527860a893eb6a725008c8bb847636c3c9133dda3
43536.049091,14.463324,failure,e9aa827286ecdd41b14863daf46e418160d2d22571f06eb20437944f11866bc0
43552.788020,14.671382,failure,fcbfc32aab47fe55307bc76c5f14dfb843ca7443b5039ff06e65fa10abb111de
43572.920891,53.069280,failure,351282c429545b482d2257e7d86ee780bab55e17d9f1802d353451edec167c67
43591.429052,34.909549,failure,e0e73d431f73c11cee9dfa3b10791027b85d7b0752f7ca69735f54592ee7a7d8
43609.908999,22853.795865,success,2c66696d483c057faea31ddf0f313e8195fba4b0e9f5f16001e59d382c478890
43627.527109,2.472553,failure,a42e1710539f861143928df1c8fcf1e91e5e152914779a4f0be4c76130b105e7
43647.479954,2.432438,failure,2530f316e351d85f936c34b84f5c06923e2b97539bf6faedaeb079bc8f842b20
43665.903476,2.495606,failure,3673544f3227d4af7c3a572a50981b9d8cdad8c1f9aaf20b3a50de7a965b2263
43689.320906,18230.241516,failure,9a091935d31fee98657340824b255e4e1b25648889c5890a78706816c344e9d8
43701.171004,22765.556488,success,981d33f2cba4705b4e492b531fea44a1ab14f3ae07f22594001bf66e7fe9fb5e
43719.630353,21689.546257,success,c46aa099c78cfd87309552aa1b7692c30e9a84df6918ace327ed24bb3566e3a7
43739.139621,122.490346,failure,f134947017e370199ed90daa941e5cfc9629ea068b7b68d5f64c835bfe561f06
43758.243052,103.645858,failure,4bc1c6544c8d0603dc33ffcd5f1da9dfc5d6c414b31fb8bb87b24e3cd5f2b351
43774.660752,86.676068,failure,ad5ac7e87a085aef4b85e8e45b8c5fcb312a38644b116cfe0569913003bdb406
43795.139819,69.035306,failure,8a7e6ce53183290d874204e6b3a87497a3b252f522819b0235811e828052cd31
43811.575572,52.336342,failure,def73da46494851f322f52275f3022e72907f326d6642ee37be7f5561a945ce1
43832.041825,32.402412,failure,517321c8c212fbcaa26198433c45b0deca7de2578be6c8a526eafa4bd3b1a634
43849.456866,18585.055939,failure,59836d11c02ffa67cea1a98fe3ce391ecaa21c2abce3a5d21994c4ff0fb95294
43868.875705,2.558393,failure,8184ee6010abc626930a108680ff11b7792572f4aec1663bd52e1af90ff5d450
43886.892237,28.604597,failure,324079c3795621f044688b16ef908a3abbb4d2354929b565cb544c02516118c9
43905.663849,20.788825,failure,5338255fe737ce729fd51c978960df9730f36142c3f423d9a01ffcdd976a916e
43923.971435,14.539696,failure,60fec276eb06018fbcd3b77024ac1d76f09dd11aa91fcd960ad0446ba6663d0b
43942.931848,2.513620,failure,6ece1b1d65cd4f7e15c95e0ba0ff30c4882bfe79797593a5dd8d1209459ea01d
43960.975311,4.509173,failure,9f21fedafab8c95e6b86712276ee977be7105df6eefe49087ce568316ccd9632
43979.965220,4.569906,failure,882c9722637dde9f64450768990c432dbe1ed3e9cc8365ee6189e09a687cdb24
43998.993480,19540.834435,failure,d9681d1f12d829c235cb4e97664196545bb2710da019f4b5f8b7e34f04ed1d0b
44016.031878,17.436791,failure,91b7d149b233134d711f6333cbd8abb3d03845340f794d7a45c247ffa4f39586
44034.949452,3.507143,failure,26ad06aa66586b29da88d4dd98edd168b54f61bf3575bf6b4daba5e9ae484c76
44053.915757,3.549782,failure,eff5c60eb447ecee13b9d1ee2d4b0434f7dbc00ac842b971c3462a14404cab36
44072.956490,21491.538143,failure,c275c7a443a25b78ec242b93ac6a3d4777f42a696e11a6d12c164c63f1c460cf
44090.643408,4.826605,failure,d5127744f1b0e5455e62ef063c55f0e8a1b1982fa2ed5c35bbb398ea91945693
44109.951661,19589.561577,failure,a2ff8e182c0c2b98987d989fb5f501197e845cd758402864556da5b609adf8e0
44128.232226,36.819493,failure,4517c81bd23e450f3e2c4bff6803f3159aaafa160e783895a81431185dcd6a48
44145.638300,18.856660,failure,4fa2c4c29e4e5605aa11b061e9d94627d68a5b8a401ef878350a91d1f2a28647
44165.415397,43.577491,failure,ff4c8b140d73075b479a8a12c196a191cf94b55fc507240edd9de0ab1f9c62b4
44184.129832,25.164979,failure,39653b4eccbced350137aaa70261bdbe3cff08298ad10a2155bbc0dcba93c560
44200.669650,19530.814958,failure,531e0eca3a08567f2bb3d7f64fd4679f8587abef93428eaa6de80dcdaf7bb6e3
44220.858104,7.666684,failure,3a72d244c9fd7221a7b538b4e014f2b1037740d3dfe778b059b8ae3876620148
44238.871582,22.969272,failure,348b98d3f04939631256dff3856b7a54dec041a6c79b543d74ddbe65427bdf48
44258.395166,22203.994995,success,e96f2636e58a443f1008e433a3963224997b511f3ea63b39e7c5a27c103c4f0c
44275.388650,33.409741,failure,c516ec18c316e39c79a8199de0223efb75fcf91ba22e132791ba6da67bdfd160
44295.023171,13.490299,failure,894a44be99e5661820edf48466885b9fbf5a63538cf633e6a19093529e96c7a3
44312.424496,41.063200,failure,854fda02f7e3b9c71d92a9596caadfdd2323f1a94892b12b3c3d55090da707e6
44332.000038,21.762862,failure,2951b9167ec57f00329f0dfff2928e8b8d28564d0792974327614778de4856fe
44348.563550,5.443636,failure,04cd55671bb50a5d151c37f6ba34a5e776abb4722b6bc399ef3bc480f0d0d3dd
44369.488578,41.316423,failure,5b6c9a4a48f1d40d26a7c0dcdf2b316d066ad81a113db28f1c3215161e6c930d
44387.049201,24.014082,failure,f22afd5df708df87a0de0520c92408634988d4ca30ab0ac4db0a0679c3ebf9c1
44404.522951,5.998731,failure,16912f5ba714d5df5581943a58d3f9c8132c1caaefc0b180f2c230309c7e4f8b
44423.695871,19779.107698,failure,c1a97caad4a161fa16a4da854f589590f67961d97141005996bbb84f3624b825
44443.394422,18395.103355,failure,4015b3fc455108633c2e68e733dfb66f2def16cb52266c50c05e6beb78f47a2c
44460.466703,5.006480,failure,969668ac48e2418d03b12d7293f1001f263d6be3e0b00a9e1b621a67c160f2b8
44479.944301,25.530712,failure,291efc66876ff317087dd50a48640165b974c70007104066e8c39204c55e1e61
44499.463548,6.287911,failure,37f80f1de827a9b5c8c83e322afaad53463e0b6e51a669d30998272b385c0ec3
44517.213754,6.246433,failure,49feccd5c49d3459e66f758028813d8d25bb636bb7026baee38307119f74b312
44534.923123,17386.584838,failure,f23638d045e76e26bdfa1970bce41d2652fde7018e80d18585c3bde8c03d8097
44553.689325,17917.907509,failure,0ee449cbc62e01a57b801fb0dad3da11cec84a8a6ce2a4cc59b08fd7b9d2d921
44573.282128,18749.828645,failure,e105397b766fbe21be5bd04811a87c70c68cbbdc48664c3845168f44bf229ecd
44589.702673,17853.761641,failure,822d54b74890f4838adc6458b1e0f677641987bc67bb263df8a49fbf26a5ad15
44610.172984,2294.549289,failure,65bf5d186d158af8c2df12dc2238f30975bd9f9a5d20a8d18339a078934a6f8b
44626.930277,17461.651993,failure,ca701e66babb9c9d8ce4a7a5cf1b0f653fc845c7a1d838cfb93dfcb453dfc9c4
44647.633332,8358.606878,failure,bc1df7af2320d7d98ade7c73addaf25a6fc0d7e475f6ad1b8de5cede677a3cac
44664.644580,18662.099610,failure,1b7a19ffb0991040ab95dfb360660952041a912e6f1c9d337359187a708d0369
44687.957594,18330.558777,failure,3bcc514db96652220be62b58ad8a38f9895b20b86501cd7bb9e91870867fb03c
44701.534834,37.664169,failure,3852b14e21a486901fc2f0439ec969a996ee0f450634f5f3eda92002c4fdf336
44721.047498,18253.559503,failure,23dae11ed23b77ad76071ed526b0cf5554b6c3559e49a902433cbf5b856e4235
44739.595553,2.870515,failure,6b31a84108b1ea070a1ff6514180676beca33ab7e74ebd3780de3f961ceb29b4
44758.245377,48.364591,failure,98c6ebacefe8a6e1edb6ae8eff3f9622847431c43278c71961ceed7c1cce80b3
44774.689886,32.204613,failure,2780c3fa593b546b6eb0372fccf5336f60031f3ebf7de9def8f79afb53a8fd50
44795.118309,11.227306,failure,7abe4163000f932492a7f1ea72c07321eea9710215ef5837d0bd9723e0757633
44812.345458,4.106702,failure,2e2d6ddc13b8cbb079c1c69ce506c67bf6ba5352e7b62c0918de1c60e4a7e8a9
44830.906056,2.488954,failure,e69411519c4658ed5a54c083e2763434950162120c434997f83b022ce4549e38
44850.065902,18472.665282,failure,011f01ef64b3f66519fdd3c7f77a11fc1174f773c98ec8aadbf7e95ed1ead022
44868.470999,21593.593445,success,0ae22f884b36de882096ef9950ae0fcdc1d7db09e9dc36e6c6498b90285dcd83
44886.977125,20321.170283,failure,ab13b2a9bcb5303085a7c8ab1678df526b17bcc98d501cad911d737db5a3dd06
44906.442941,312.151255,failure,9e31c4131a232857c86c16897d6a8910c0f315fc1e53b245e3be64760658ee00
44923.889050,294.957567,failure,87840ca86df2e8b83dec45e8baac4fd06e4f342311329554cde1e2c70f901929
44943.295355,275.797341,failure,343b3728b95904eead365bf3ea164f57c5d34fe19b5c53efac1ef6976e19dd55
44959.637343,259.711461,failure,bd46d6cf84a3d5f1bdb359cb03c2b4bd36adbdb0cc1b8d21dfe4e45fdc31ad77
44980.036852,239.548874,failure,34960e91925e8f265b2d8459a61640e277ca2a5a7ea4e3cab7322fd5532fc2b3
44998.433123,221.382552,failure,f0c48ed4e638de24798336458561f414ed3eddfcf2728955d4dadff0dd0b8754
45016.502975,203.539403,failure,8278ed0d0c799119569805c1340163c26c2d863415f8cfa5316291eb70e674cd
45035.988858,184.292295,failure,846aeec60dc3e129fd01b85432b6e845d64e7d738c0f7aeddee6532d36f13583
45054.415616,163.906753,failure,f3f19831b2f5a8ed086d9b16979e7db196f838dadcdf0e90e83d4684173dfef5
45071.822932,435.612120,failure,436402cd9f0b254bf357396d76c005058f529bc0a4896682eab0a23b6e17a6af
45091.432587,416.244035,failure,96e7acd8e705345ac1e7c4b966130b1814a7d0873e9f276822bc0852adb2d7dd
45110.407047,397.501638,failure,70659c560b30802810ed8f1eac051e376096f887063b78e9b9f8c46aa84a84b2
45128.287175,378.874697,failure,ff1803511122485e8bbb1a0a0eaab908f2d9c8a2283141bee99167e720d0fff6
45145.819414,364.721632,failure,34d2b556ff05b030d126bda6e4403164c291737105b361939a27a58c8fe407cf
45165.298715,342.852693,failure,030f3f89cb636a528828ab9685a3d811bcd642d8c00fda41ccbf3bc73cd53f28
45182.675364,391.799320,failure,68c164e8d9dbb9569a51d326a6554e621f7daca7204a49772497ec702f2194b8
45202.087911,17874.404210,failure,a10977ceb5b7270660f01f2c59d716f9e97c997543aba651e9a8b47172e5426d
45220.714011,280.675532,failure,290b2a8b669b48ce69d1a7b13e639e4a2e6f6804e78584e7237619b55d55f845
45239.515838,262.116177,failure,c1a5c4b592ce4f15d01a87ba9ef20cc9cfa22fe6f320fe59fd8831771e3f2875
45258.100341,243.763557,failure,1117b3d3cda427b8ff204252567b04519e4e6d759607c136a01f305d1f3f3a9d
45274.567723,227.539729,failure,05d3bcc9313537ee8e7dda89ee4b9cd23195e2a02905fff0235f5d7eb93e61f3
45294.978512,207.378666,failure,c42b6235d0e00b1cfca77319451cf27cf486a4dc92d3bd28ea8308152545661d
45311.493844,191.101328,failure,e8507e0c5384d821149e2996041fdc7c92e6c0d58df250beeb4c41f88d424620
45331.929690,170.897275,failure,236e68cc3904e3c3bd37060a9162cc1a6f884aad78837276a548577e08d23f30
45350.319529,152.740791,failure,6fe5133d906ead23112b1bef12be7a8c739f8c44b5ee275c859fe25ab4b9a0ea
45367.644521,135.657410,failure,63d19d4182953dbc6a4dc3158c1701f8a8173ad87a40c7bd8d8f3139c9188052
45387.039095,116.537448,failure,af4d1afe74a4e5a628d04db7e956d28e51e310933c34cc4b08ba61044228a3ad
45404.538142,99.301792,failure,3696cc2bcfd78b63538519e715cbfe00b1ad0e6e2957f3d9502000a2f588f665
45423.984833,82.398506,failure,1a705cf7940780655354fb18b608341c504016ab77b7fe2a53e0a545b8ec3f50
45442.005283,254.056420,failure,960c3c84c115d305292c8c6cadca79b92eb7aa6016e0b9aedc21022f2fcfa90e
45459.660130,236.656388,failure,4918bce82a9cbaf62c433c6ab5ac723e914d62ec4c1461c07ccf3fedcee5e203
45480.156990,20.153640,failure,da70444728826a5909c2a3a67dc826f88340d09e7968e6cb1ceaa49e671ee147
45497.639206,9.258283,failure,3e20f4cac525cef9358d4a8161eed30fff21f4f4ed22affd68db9a43e708ac4c
45517.197345,17391.297377,failure,60791cc74e948730f6c904cf2cde142eadd4e7d44f371b04a7e06564323cbf5e
45535.192618,160.585816,failure,9c8ee56b21fea9b65898740a1abb423d1fdc03eb90c42f77d95a9f0c8dbaa189
45552.741938,17773.133852,failure,8a00d289484e7bec43c288693afc4c7edd5634a4c62aa6c4fb09fcadcf5576ec
45573.183876,190.339526,failure,f6682bb5eddf561bb96947b94e1e79006d650b240472c938d1d5b56d3d552cc1
45590.140521,219.403539,failure,d338b493b8559060a1cb01c6949e120ca31fc82f8a1bfea3f1a890c7ba7be0c5
45608.574482,200.740921,failure,991faf0ef2691e00bd0446619e468b27afbcbfcb026364950966e3dffddb4249
45628.703145,20835.962501,success,abaf646fd0c2d67fa001434558aa8869ecfdad154dd6edfb5a93482717ec67f9
45647.173805,32.031630,failure,79d8feada0c14fe7379bc7aa7c581fe1db56a92e3c275679cf5f2e4b71f66a3e
45663.647539,15.316095,failure,05823f2294987a142d67fc6aea9838a26fb119d08e8cfb9c4d7d98e37c4257fc
45683.646651,11.825752,failure,29901f675448be9204ec229072047a7490c2dde82e3cf8fc9587291c0a919ce6
45701.753231,62.277748,failure,23a514aea38cc4ddc89a1f9dc4c1144b342a0ffc7b24170ab1c882ee64bb69ab
45721.312522,42.485563,failure,96f6f797e8d94573064646e07f19395afff777c19eb5021773cdb05ab4337125
45737.787829,71.038803,failure,6f90719d10e637369d2616058442bd366936373246a141896f994c9acb5b44f5
45758.332758,51.441822,failure,904b6a705ce989622c3d44f95a474a65dbcf13e60d265d4ea3fb5c5d15148a2b
45775.556742,32.952287,failure,dacb557de447f21ac7c4589f2bf01fc0314ef6e352b6e45f8dbf8c481f8bfbc6
45795.153903,13.911644,failure,60d807015ca6bed6e011f66df9bcf31e913f0f0bc61ec5e8ae422eb2faa90241
45811.783799,25.004549,failure,d6d9af1fc1e33ec762b996d3eb01b1a40fbee82f5de4c52993addd8ecafef37c
45832.402486,4.127941,failure,a70bcbe86e47886e1adc775c5756b32cd24f09794d7ec4168559562ac0654b60
45849.340145,2.591735,failure,319e44122b51cff2faa2e23122f300a1ab7cd24207c4ed421b45fb354b6fcde1
45868.512083,26.272605,failure,0663b5d6418954058cac4af36874bfa54248132f52833446dbcd6573be2b98f4
45887.477656,7.033672,failure,826533e0eb5d324b7ab263e34fdefb59704a7294b42ccb12e9658b2ac55afaa2
45911.496636,17.979103,failure,f44263c699acc24f67ac99bd81ba15a7ba4daff9dcb6cac22d180762a61f41c7
45922.774447,6.412193,failure,87056c806106df04168d58816ed4f82dcc5b1c7a60e3f95691e41a7a192ce53a
45942.986124,3.475555,failure,6c15ecd92c22810152cc3d6111b2ede5a39fb9697e3d59dadbd45e4bdc696a1c
45959.928974,18.543906,failure,83ecc00960f58a6e002d045f2eb4fd438b351945c306bf8c36e0a412c0d0aca5
45979.985712,49.836958,failure,af8f15041c1ff39876f6810071410f2177ea1de667a7f679d51b197dc6093ce2
45997.622466,32.442987,failure,07834098894b7749bbee480b934e887d9179640ea6d2291d1563208c13e740c6
46016.549257,12.982751,failure,b12f0a2ae4f3a78768f4fa7132165d19f280df4a84911ffd482b433989387560
46036.525635,14.983444,failure,2f2d3e1f1f5fca0112dc6973306d87c82ddd5e5fe2a92b94ee5e27a7aafb084f
46054.073493,8.390263,failure,8dd270b4da8fea54877561e93d68dfbade1643ebedc505aa039f30eaef82b5a4
46071.928845,2.505394,failure,9375d0ee54949b23b59f14e05a3ed2926a3c0cc1e3f1db77bdc04c7e9f0e8e4a
46090.885501,14994.676178,failure,f33ad031a4a559ce2cd1a5fd55735acd51bcaef97128c910e195805aacb3d425
46110.396632,17215.116512,failure,39f33b7e257abf8dd41e0cea4ce14f903e4812b6d1667a2891a499590d8de939
46127.892953,19168.593223,failure,3acdd0290ba1ce7a7ace2f7dd55b8fcbd0daad0044399a096d038c9281d17ff7
46150.590699,52.740775,failure,2a364c358cfd199eca98007fd866f24020a690686783da924879a2b2c130e1fb
46164.986807,18435.476406,failure,ced241c115019b8446c5c94cabdad4742a7f90758924becdf9c7853c6ab2ccc4
46183.528419,10066.004775,failure,812e0087a2e6e993fa3ed0280c1a9cba536e5c7943e411a909e5f03c0f54fb3a
46203.727233,18212.763423,failure,02fa7b9ff9acd1ed8d33bcd86ee4a86dc76e0c594dd6e2674a419ac83fd3c3a2
46221.245075,18982.877184,failure,755457f22862c356411dccff0c36edc4e5e91a37c3494243746be6b5377a9dd2
46237.637948,115.647496,failure,22106e6e2a4250f1aca3212ef5536bf829e103aa7f822e49506613b46aedbdee
46258.100604,9.869843,failure,6e23c34a7c80cd76f3add3e7653b2b3313bd8e0747b9898c1f8d68c3360456fb
46275.281357,19133.798683,success,0a35b896d0f611ffa6e27a83537d7e35a49bc943452ea58948e60e9240879b21
46293.812038,9384.051475,success,7bf89d9d7e7cc932a53d5a12c0a2ee875455c24ee7080c4c775046656a1a0712
46313.286370,41.403835,failure,bae7a1a4aebaae3f963723ab4b1652233834f5c089a00b1c87daa4aa38362aa7
46330.642310,20128.387343,success,850778bf1694b32b66e17d61bf930c827816857217fcf4ec4ef116c58a9fd721
46361.107257,18865.775019,failure,d860627e40f76fa69b8859c08938aca88cb1d6d2b4a4add0e7000d72200839c8
46368.351882,1.816159,failure,89520c664a269587011d72c1477bea4f071c281722c1febf0b6daab0453c01d1
46385.669741,87.465850,failure,8c9767451a3ddb6a8fbd0d18e5b22062daf687c31d2fe3e5848fd23393829b95
46406.339794,66.887348,failure,5245551e8e0f9eeaa97c1472cc3c1a4ba5a63e358747d27c06aa8ce0a3e2f488
46422.815973,50.459409,failure,1ec440587970cf70570870551a7ee22e1c42b3fee1ee7e974cc42fd1234e90e0
46443.318683,29.994670,failure,1572043699b43f812c23100a133a307dbccbca9d4451da08b9663e6fa1b0c4f3
46459.973655,15135.816434,failure,f6ea3d8dffecad5d3a6430ec25d8981b10877ba3ca8b1fd0129b94f020132b88
46479.294802,16895.191007,failure,7d9dd355ffa7fbd7d5a1966cdb0d81e7e038574c73f063acd05b35113225289c
46497.789035,13972.963468,failure,867a7841dee804144ab8e9b4afd0afd468e560cd566f89bacb6fc0d2e9c41819
46517.490491,15797.492207,failure,d5da2b2c6e3cbed3c621cf0b92081b1abbefb9fe027ec3940c5891e20bda5802
46536.033556,15552.512266,failure,3839827a4c26ed0ba8f9745540b177d88c2b1f7131a9dac543581d44cd6db813
46552.541073,16874.940216,failure,d915b33818acc3a656fa23cabae4a142e7c90c194595e966ae2558a3fb370441
46573.018897,16534.549314,failure,e1e664aca2b7ee107d0bca03b5a077fdf2c603b3f09897053c73f60ef5fca93b
46590.454365,17017.012165,failure,3f559ab03de727303e77b08f8630e5cd43da515f83d569776a544227110296a6
46609.889534,17371.323384,failure,3db5057d14e103e63ae20a3c9b128dc169b02bcc1e366ad9903d4ea39c378ddd
46628.322433,15841.296381,failure,aca5039cd3a43c31d296c10287b60e7956f29b77a26fa68350a6107b0e98e7c1
46646.346700,17353.115911,failure,0930b8d09579856b491a289cc25ad6375a022a049e4cc7ad82f134fd03b64702
46663.768723,18641.764550,failure,9b9c70d0316f762cb16a9446bc1828a5b70ac40bbf5877db605762fba6f7ffe0
46684.188138,14000.113124,failure,3bb4b6892ca2dc37ce9518363c97dd47696a84a623956cc3dbd074896e0ae0ac
46700.553370,18507.681511,failure,3644702e0eb7802b45282985923f549aa297240ff2ebb527db27c297d47f12f4
46721.525556,45.897989,failure,d6ffbff5ef74ccc3812a6d1d9e957dd4b86e9114ecb2b65713b6978bcd471a45
46739.027278,28.634431,failure,d3faab7bb7980d81562b9a70f2dba8b30929a2395ff301db948c667be298fefd
46756.522137,16841.332242,failure,81c58cd264c9062d4bdb62b99236c2a2dc67c21dc1e268e5d0a06aab8fbe7f9d
46776.225436,16087.284620,failure,be7de108cabf542ccb1401d2e5d927a3e3afd912b0276f38685a080078213091
46793.651617,84.124384,failure,e4473273778e3c72c2428e218edde082ae4f163797779a862ef673c4adb08d94
46813.151346,64.717218,failure,5794bb8b92f8c97c0c63551d06f6cf035f66cf952c05347206f392702aa6e2b1
46830.520270,47.395963,failure,882495f215299d623f9bec332b4fd659b0043ab6a9a210f40971f84be9fe0aaa
46850.034085,3384.957869,failure,fda2a8ae660d4fbf75f214c3943a9124660dd5392706afcce98662f4e04caf91
46871.368898,32.748116,failure,3a9ccd5fae184e2529ce3afba3aa872b230be31f7f2780c4617a7c23633bbd23
46885.988934,13827.518742,failure,02140ef90b277033cd82da2f4d9c0652bce68d649adf67b85c14ac069ac6e144
46905.122179,8436.501038,failure,376166ddd6266b94db405ff01df67681774a70bf1edd9e23fba18d7ddd0f9e37
46922.621296,16403.573590,failure,3a7488286b235cc9ee861439cae7971419cdd325a7fd21673631efff29a551cf
46943.194608,19514.312715,success,a8b012e2a1015c4ee331e7adc4605c6a2bd22ac7a49120386ba8a47bb2017be5
46959.644778,19505.121596,success,00e60f01e66b268906cfce5a8f4144dffad074c6bccd7dd9f16173862a19c715
46979.702498,28.863909,failure,b22b35433cd9dac6259dec33902139422f2d1d0dd28507bd240980c08cf8daff
46999.179334,8.314562,failure,65fb3bc4012d456743b30393ca088c6bfffd9b03998578afb194ebfcf5d83f0a
47016.516309,72.599663,failure,89122cfe67eb62991b193213fb2bb3d2281e02beeacc897a403a1cf17268fd35
47036.107849,53.298706,failure,2622486cf48e1a59e96474421bfba388392f7d139516b8b9ac9d2fb6ce3f22da
47052.527462,37.129319,failure,9433252cf6c80421d03065e5773c609451075557a36f034027600802589fbad4
47072.993103,16509.473001,failure,dfda32f442ba06a66450f8a79e46c4a747afa678e8bc42b58f2a1a0fe5551d02
47091.419570,203.536984,failure,3f01c704e14897e705399a90d6c862e87bf25fe5e7a6e83cc210e168209677af
47110.114167,184.512732,failure,4ff8b44c6c24781c5a77b0aac91fcab55d1258168c9840c311c0dd53e96f37c3
47126.620522,167.458395,failure,794e65732bbc9ec15695c0e172b38c9eaaa6dd8a0941fad872cef9acab5b389c
47147.085732,147.275161,failure,1646fa43eaefa334a1d0a438094404308246d91b7e1c95e50e089c72315c78fb
47163.510815,130.263914,failure,7040cdb435088ec3ed99d19a886b037814ec515bdef73b861d6b28fceeea37cc
47183.966929,111.463088,failure,d951c1681da86671e7d6d3ad44bdf762ea323c894404d57ee539663e4b65408a
47202.405428,93.253717,failure,0a6ae9245ec24ec96ec4870e9d115ad4540ee516cbf6534db298a618cbf5ca92
47219.756419,76.125110,failure,b4ba64322d8590c7b79a1fe51b00c14b75d2661f913fb5bf7e394ac38819bde8
47239.180577,56.924339,failure,b3c612d4882e066e21b9fc92b3d8c22a3fc5b0deb05d9df1401164be28fc6b9a
47256.536506,39.805893,failure,42057faec05d49a53ab47a0fc6b695731d03399fb02ffcb54b575bdc0d4520aa
47276.696638,18.499763,failure,de5c84ee74422264c5335bfbb2ef24e276ad53e5766d50a5f5b2f5b04ff1a51f
47296.655433,18112.481363,success,a4f9ca2b661b688afa73cec043128f78c21608a23e57c66482a89b71087f95e5
47313.031305,19154.007809,success,5e89aa82b49fc1a644d633ee8155566b51dad004ec745684ec1ab52cfe974608
47331.544984,16636.970007,failure,28ed249e79274266e90d359af85d526f21067c978bc9ba9d7f3be4e71a795c51
47350.151457,15999.248176,success,79092acfa08c706aaffbf55e175084af94831e391e5a1a9489ad92d47041b851
47367.612282,513.580587,failure,cd5a412fbf96b074e3a99eb03fc37ecb1d2c43971340e352735e66b2292f6c91
47386.981929,497.922805,failure,a6180f34e7a9efbc4e5c25307b066a07b8ff99f39de6f9ed91e8e77c1d022498
47406.417909,773.041250,failure,c5138144f2c104364f05f797eb283d24b85f97be29f73b78fe9e03c74776bd98
47423.845232,460.573465,failure,e53db7a0d22f30a731b8c45de9bbbab47f0adba99e5bacada41193d54e2fd028
47443.262357,441.405796,failure,6d8b03e9de2e83bb30f3bc92e54d5fddc1f5e69a9cdfe8ca91c221fc1f1777ef
47459.608262,14284.956941,failure,a02601bc5b8d9425010c5b2b4d7a49d8e84f74c83a8722d4699c36086f71521c
47480.022337,399.236584,failure,9c769ef38e0f5fb3a47f57625b649f202097fe868ee061973b2380689b7931e3
47498.438274,381.061466,failure,eb0bb96452c5f4f727e40fdd3299766e838fdf55aba6ceec782a599cf85f2930
47516.885500,362.840663,failure,44465855f6a8cb76fef402ff54b5bfd241bf471e3927a31af8c0001de76d22d3
47536.672545,343.278658,failure,d863124e3ced2373e28f992b96633e00452d273d41671938fdd21d854940bbfd
47553.993980,324.989287,failure,19359dfc94be100125c25722108e5deaa25b96695fa9ca5e3dfc863173901440
47572.203893,308.281276,failure,94a5c35fce812ffe37ae67198eeef719d963b8ae10b01f70c50c2ddcadc57edf
47589.996157,290.712218,failure,04e6be53444e71e456a3c50c932975c3a4a1d2c01c8644c7b03770447b0b6e1e
47608.558848,271.690431,failure,047a8f3d98410381d39bcd5bbb4b7bc4350468a917cd8fa1a559c8fbb5fac778
47628.101547,254.300328,failure,beddad42ffd2a78c26e407665c770f5924612ec297d9de5b7d802e5c0e3367cc
47645.605824,237.023906,failure,722daf964e6b2a7c1a221053cfab3be5a8e742747b53c983e640bd3aa53e03ae
47665.139717,16406.356598,failure,bb9f92cecf44018cb1c6ed8a44f3c3cbcb9a83af1890d9ddd87db207b9b6a24b
47682.543055,17890.938873,failure,c8785617e716226526aff21b93e6441e03e3470fe901bf8d9b52a259a59b00ae
47702.005324,17289.015713,failure,901963d8cbc74f3648747834e3081eec72d0f6d2742198a5c548a7dbf50f168f
47720.462979,14368.153575,failure,a25e0fc23796095715c8eb537c487ef59ba402b60dd773cd17b4413f8fb949b9
47738.933729,13373.562345,failure,4532e111677912062877641e9a20098cc0b500882eb6435c1a712288ab0efb18
47758.358448,15159.106788,failure,498eee263eafb0185478916ce06d1c1ac152f374e1b10d404a54ba67f727314c
47774.710675,16079.783499,failure,dab87d9dd5b34f0548ae5b21c03f192fdd0775df2b94c9c8cdb7537190c523ab
47795.113659,16241.394889,failure,65c67bb174519fd3bf71823ce4a2d1818bc618f1aeb8c8e3871c4ac6fa784016
47811.487516,14307.978576,failure,ea0fb43e28759b92f2af468da407076ea9b17dd19074277b39be5b50c4e64669
47831.906871,15043.572613,failure,f980b0bb9ee99f36bc2c8000ca8ad71dc0be0fa5d9e45d134f8b07a19e7b2e99
47854.078845,24.598601,failure,6d9c9ed165074006f38b44ceb85f7d6ed425f340eaef6be562e4a563c894af25
47869.395259,9.090079,failure,adbe65fbbf454737d6197e796c9427924109872c549525068ac005daee18a667
47886.363295,6.699459,failure,7b82b24093b145f9b3e92f2e2cb4f21c8a9054d102f348893a364892f9dc2b80
47905.622886,161.054626,failure,8a1a045a3cac7f5733e32cc511af9c940b45f0e6117446e4dfeb59783068340d
47923.728805,143.671816,failure,191bc0ce75fb29132e7e6f3a5bed8d558e9c87c39a6c68b6855097f63c7f7f6b
47943.151290,124.699410,failure,b12130c998885e403343a456aa83642d315f698dbd49523ed1ba518697a226a0
47959.610316,108.461487,failure,51fabe84c6ae77486a0bf100e7d7d8563fa37f2a8eaaf0d951d9af34d0e5f8cd
47980.085795,88.219433,failure,8563f8fbe1f3143da25528d8d1761f81c67fcb7bea1893c9e963d8ad854f7c40
47997.517256,70.109887,failure,9db84aff0a95f7818bc140a464f440e6eee118d7fc91e3862cbd057416d77f6a
48016.784310,13281.749981,failure,c30ea6eb17889005cb39cb11060ac2ab4f9f14c4918537e931009da90d35d7fa
48035.571710,16534.421133,failure,df5cee4b3215c3c9f40364b713e1d72c1a0e6e34deecfcee9e59fc8c894e4121
48053.708657,15754.795095,failure,1ad51e2288c9679a65adcbbb5f295fb1bd6d9580d7f03158b4485be8bc737489
48073.145829,22.612226,failure,14f3758e7df40dbf5931514b20f4c443d3d48688eb732630dbb8282072f61755
48089.599445,5.887374,failure,ff21d7be57726a6f37619123ab1c2c5823ad0c25a372702518e252e54e8a0042
48110.517821,3.931394,failure,56f015695cc5c9d2ab141dada84e778eba9b9ed334bf76369896e38ba8ba2cf1
48127.923223,9.575434,failure,b1951733372e4f45bef03b4692d77a10c1d12d99692d2ea084b5396a74db309a
48147.028456,17262.081239,success,8ad3585e3c0316a1a405d99dca653cd5f45878cb99ca605d9ca3c825f71c8872
48164.190042,7.284721,failure,861da3abfe2cb927c717c804625c56c283e963a873cd64fd8896f158a6a96133
48182.927018,14.542762,failure,48820249c71ca991c13091318836315aa6a53ed3025324d5a965e64414b7b68d
48201.971197,3.548340,failure,4b951b14e7ce777cb777a60ae6136e63abdf8a7a347636d119e82615c5d7f76e
48220.139793,23.655873,failure,4dc5c8c0c0c836e602b1fa8437cfa26e61d66fde8ce210a3bce90d67f9147a2a
48237.847900,5.661361,failure,edbe10c5c4dce9d5223be968bad20110553a5e1e5123a6cdbe219724600d9c88
48257.762733,27.243035,failure,23e73114de06588727d9bc1ba4e5fce5a3f0af9a8c64df8605d43f1a1b085d37
48276.268377,15321.232723,failure,06cebf70becb465f3a9c4f2af10c5d64504445ba38b22b86ac63c2e2b061c302
48294.037778,15686.465035,failure,6005cbd4f2920c0c4476e64ff71abd4ccd0f013e2713932d0bffdb0a0e8ea920
48311.553215,12965.939403,failure,0cb5e3e18669ba242319879973f1fece170fcb51ef875c2a905996b44a562847
48332.091411,51.238341,failure,87b13a4265e166c2c257c77c17a81bb9f101d2bb051245b7501259bf2bd9fc32
48348.574923,15649.918530,failure,8c35e2aecc8abc7dd69e5e01105d8bde8aabbd3d0b812b9e3c18667c0ea7bdfe
48369.027179,14.578638,failure,cad4f91c4bfef4228a12c335b6911b1b393e4b9fdbbf48911348b49363cdf955
48386.176764,5.296080,failure,d2ab9d2e948c92ba4dea5f61f9083ea1b03f772bb87a3203d033ff379d15a059
48404.642965,78.123398,failure,e1864e7c00709777dee1b8c6a1dd64f98029d14323430bbd19b9ffdc161eac3a
48424.171187,58.851253,failure,27d32c440ee5e90f8062c00a3b2a4b589acd6e813c5521602d2afee5c7a49d21
48441.611904,41.644753,failure,61b96b008b741ee0e2cbc67c224b43c95f216aafd704ea7f619b925d53fa2ee1
48461.070056,22.411992,failure,b6218c47f41e8e76021fab3191734d146028ce20ad3025e9990befff85645b5a
48478.501045,3.987770,failure,d32b02bb646f5b8e87b828bc976fe948edd88f868a22d7f99f1d7d6ea32af583
48498.941960,32.564453,failure,ceb4afbadb454c000eafa15155129497dd9816f2754a0958c41f6c03cb1a8cf4
48517.459617,14.317821,failure,99de7da7e5b3c3efcf0c7ad28461c4320b65c6eb1ef125c1c7b0da2a7d574c33
48536.201291,3.241758,failure,ba3226958cac3ea9ffcf7dd3812ca2a37e3cf8ef2b4d267e5eaddffb0ad19746
48552.900235,2.549897,failure,3593e2c07b18f438aca613c8cb7ac12c1f682051868d2e86f654e3cb8413be3c
48572.906649,4.545901,failure,39a81a063f57f4b20aa9a4d0fceb2ffacb15f56b6ba1637c97380e4139910a2e
48590.901641,16074.934481,failure,af7904d03d65ba081d1fedc4a9e15c5d175b3caf7cc02f63fbba13d4e34f3cdf
48609.744274,14326.025298,failure,bda45716e87e6a1c49ad5180e0fdb63ce2d2a2d7e93a5bf69fe9f6d154c9559d
48628.367288,17830.346095,success,4b49507b448c0644ad6b4a1559c4b5a466fdead96b945c95f84cfcd8a51af2e8
48651.070924,14160.518207,failure,184c8b32046e11d3ae7b3652572c36c5d24e6c0d4419b6a9681e9cfc9b5fa939
48663.595380,8.935390,failure,62adb0cdc314f2d2868349c93cd41ebfea1bc6a7f33586781c3b048abf871576
48684.157090,23.302423,failure,e0d29017af07deb54b6e9964042381f5694a69df6d9a20cb41475216a89e4d3b
48700.830336,14727.616334,failure,e9c1ecf9da875eea1d08d033bc8d08a47e66763b388147801b420ba1696fd34f
48721.376978,107.036337,failure,6aaec5ebd35fccfa1db44ea293a3fd90a42a9abc215b930dd2bd9162cec6b076
48737.920181,90.785209,failure,16959dedad8ff21574e1bc096a0eec020f5a683d09bc8c1e9194ebbf06e442cc
48758.430305,70.538937,failure,dbdbc30001ea48e013aca0933e4ec2d5be845d63c243c5eba3cf2d394398e891
48775.937085,53.277665,failure,43a6692df6a4ced677822fc2dcb8bac60f95b2148d40466be8e8f33ee8b8aff4
48795.402630,34.052839,failure,864ddb7923a0b115d05025f6b140c0afd6a99ffed722a837977eedc16aae4d5a
48811.839044,13269.798260,failure,5c8c98d48347ea0abe2602042018f65586a3af51c3cfeb0c35191cb7d66d230d
48831.936909,2.497910,failure,1da8391fed2451bf2023a746c792357b247ba392e916a6cbcd6e9d5e0135bd0a
48849.993184,16959.573689,failure,655a693e3cecdb91f442ba14dc3d1ac9128d4121faa7afcc3b9a4b3db39e3d6a
48867.551932,15477.988181,failure,6cd525d2738f79b4a979f563e19ae8deb93b20ec49d9d83431c9c186248b5bea
48887.074894,14939.398669,failure,04813622997945f48d132e72c71e5906dd47f8a64eb5c2003144a6e2984b6e42
48904.535188,17749.065137,success,57b3a71637ba5eda6d3ec2adc3a04bb33d409cc1ee4ace8454e97b5c449b3304
48924.001865,15809.503979,failure,aea1e4bd7b127181f29cada3d9797cf96aa1348d6bbea37621aafe25cea9766e
48941.506131,14202.008456,failure,41e46a704eff59aa8f4263bde68e910f08d206401dbf8b577cc0c2660d7fbe5f
48960.961026,13791.590123,failure,a13cb882631333b2542ed65d2ed2493b938a7915a7fa30cac99403a32a41ef5a
48980.391095,17485.704739,success,f88f7322d86d91fdf7670b21a15916f3b7fd0ce6bdbfbfe3c4ec6ba52b83db5c
48997.728700,308.699440,failure,7ccc9dc7cdfcc15db13b901983ad4b98aefab178a74a3e02cb0aaf3e3e1cd2bb
49017.330619,14057.154468,failure,480325998392512f45a6b39f006063b34757f7b408cd4d2126ec6f3a5e9a7162
49034.724309,240.786311,failure,708e1ca433f59dc0819d13855d3e27695f81bc5db539153f796bd6ff854d139b
49054.140402,221.755757,failure,f9d9e6f451943a9cb9622906f2665d767df3edc93d2efdb640cc3a53e113aa52
49072.013786,204.228800,failure,b80b52b3adc97290fd23cdb3749676b57a4e4e9b7e804e4b20b399987644fbab
49090.446955,186.101802,failure,f886cd0ee5fc3c4651f4ee2e9c7ee0c00e64d568b935b8954291a18b9ee97d65
49109.858940,14443.622675,failure,a8d41b7d1c468c897f4c8f9e95b46bf9d631e33b807b58d48cdb27dd86c04c24
49128.259659,199.551483,failure,5e2ed1fdd9a88aaaed2aa7b4981c60cdcd4dc7ea3eca0b66a0d468b7d20f6c1e
49145.579200,181.902658,failure,df681aa87a3468a1a8529b3e6b7d137e144e72235cdec1e33b0350080ffc405f
49164.992738,163.144943,failure,704caf9e9188d6d0b733f5387415eb058a31ab6c1c0799f84928ac90eee7cb7d
49184.382121,144.107277,failure,e6ebf8680ecf3238c19dfd80f6502c591faa3ea992a85e8b38c4a5e119a8ff91
49200.698260,14748.848557,failure,10a37cf601a17f1fc6dc794738cbef8653f73f2bd5bc2dac98c1b27880da1bd3
49221.110471,127.374360,failure,c4b62eeadb9480269f5b9780a290e7e7928880346dca2b707e6305705602218f
49238.334785,14421.154060,failure,69268a025699d7fd054afad0a842ff10a5390c0e6095c3f0a6fea519748b735b
49256.743779,14935.503678,failure,e6618994e7627179a0cda3b006408037bc25334f09bc1bfb6dc62943f53ad298
49277.058488,15.470732,failure,a3e779dc89ead8129a1fd44add5ff783bab5970dbe1553b928399110844530d6
49295.018654,10.652223,failure,fd8e742aac47daa970d470224d33ff5acd55614875e93941628a4d48a85e40ef
49312.317497,56.504796,failure,47d8b4195ca73a9d387e62f61d85e73427da7048ad41f1dd35cf66b983c32bec
49330.992217,38.134734,failure,cb1910d2e7c018626e5afd6a1ff6c3d621c3126fd99eea942788db1a07b42021
49348.912118,19.571022,failure,d51a5dac6f646ed01bec0f55baeb9aedaad491f4d69a9d8408c71e6a27524042
49369.583934,2.592145,failure,62c83336ca1a641d885155558c52f6e71962792baad65f4c91b3b64b5785d307
49386.750449,12816.827960,failure,792ef7757fff0825760924f6d9f23f577c13f4557ecbae1ddfa09d25bce99f4c
49406.180378,4.302667,failure,44d69846ae979a2d38807f32b18176b8b778f8383f21ad4b5835f9a9fc60b12b
49423.107457,11.393766,failure,2b12c0ab60a96207c18b70637eb173a6f37ba29512bd7161e31795be08b5706f
49442.010723,16.471730,failure,866c13475b9cfd19b5028bdbc7163669c396add171136dfac1a00bd34cb886ac
49459.966842,380.670568,failure,070088971d57edc38fc1e8904c550babbf791812bc5183c530a4ec6fd35b1eb5
49478.531817,362.393009,failure,9f39946ece687b7b0ffcbea865dd237de1dd0ece9c4ab6c83dd1876c17b6fd23
49499.013237,942.526550,failure,e4b6c2cb237afbf247a11751bc550780579840a784043a82d458f4b71f69a564
49517.518591,322.819912,failure,6c375389f5e9ebe06f25bf1763939683e7517621f80a12189196ccdaff3dcd5c
49536.074609,305.356913,failure,5ce6425f372e11679ff7ff257c98a52e9ad99097afbb6700031ce2ce7e1540fd
49552.539255,288.641439,failure,7f5a18936cd685efd5bd66232b3bfe3db7d247c1341079d645505b7eccf9c940
49573.020926,268.640645,failure,8e00c37c9ea17632b45b24b9d40ec6e21411d8a3a60ba1e1bb09a76403b048fa
49590.449681,300.117107,failure,3eb53ecb1b72caaa14c73ac685eecd0aa2303fc89eb38f49878cc48b3723f1be
49609.883697,15593.134843,failure,17b4e7a18b11dffd9ad1b4593f38c8b72ef20a56b2c366215013a81ef1264dfa
49628.339488,14426.155502,failure,876769575c5c7b4ef24ab60fc625b47923ac680850ec8751d81192e533723f9e
49645.720364,15559.138519,failure,a973641f0f4824f361cb2c38f36b7e6401262d06baa17fb1d1cfb382357e89fa
49665.159500,176.971817,failure,1113261eb7b67e96e71259cea6b0e550bb42c39a3c78461b53adcf54fc2349e7
49682.522392,159.841519,failure,9b475f4d90ddc320d720bee7395f71aad5ac05f170cab12db01570bfd0e7299c
49701.914330,140.673359,failure,59c8c75465677c60766846ca83c918809103f2dab4c41a22552da61a48d501a4
49721.329230,120.574813,failure,378dd1cc980bcfa3c435b751f9d915863616da8cc245cf46d685f6eead6ac8ea
49737.674624,152.780806,failure,75085f73c9cde4b7f9b7ec0dcc04a61432e75f4e71a1368f9c2450f3ddf80e21
49758.157456,132.217835,failure,1adaba1d3d77111a6b3c491797181862311f150fb097e29de8c7624947028fa0
49774.653491,115.844739,failure,493cce323220fb748048ad1b3ab2a121583550d690cf1da843d6c01db9343ddc
49795.150761,95.448287,failure,3a5d480570041a7fb2da8472c0b5a70f396893061a3477b9f62b8083e05574f5
49811.573559,15035.913628,failure,856af75e2e4056ad7e539427687050b4e2e0228d99d88cdf4b90cf9979be43bc
49832.289336,2525.191975,failure,74f75e0f5bca5d47c6453ab8c3e54439632baf26b9cf3ecbf9bfc32fba748408
49848.712475,11386.766568,failure,ae45cfc4b5725ac588da6cb49587eb77c5d0ea4dcf6cb4e177e18604173aad6f
49869.464530,21.069327,failure,5a96e4e52d4f5769d081c222ce0e2e91ec92fb9529013b10528f9564c0b94d3d
49887.078821,6.662419,failure,bd250cf7fe80473236ac8c35aa2329962a345a65e3f2ac13deeac28191ec42ad
49905.157228,41.445039,failure,0d1896d9262899f9f20a92126ef31fd531b35612b0e513c85a74c666df885126
49922.607443,12889.347210,failure,ee6c4396f48f837a243672c356deb6ec03525d0d6d1e69299331f56cfd29b15d
49946.979811,15928.910242,failure,1e3ec6c0e5590f48316858018f7004f7e50428a1ba010765c220e828fe9c6fd9
49960.559115,250.801062,failure,ddfc5a1947173c21fa4343e4545295cf341f1733c30bd32a55f26395a237339e
49980.061618,14458.811782,failure,b0f9e5ea0ae505460ac4ed8760ac9895c3108f25ac1b2004423b946155f16ee1
49997.646775,213.926469,failure,1a712aec79c846290cce416249efebd36dbfb2e74125d1a99372c1ef1d2191cf
50017.410336,194.061719,failure,923b4920e487360e0b8c7ac76e4656670d5c045612641e690b065a3b4544ca9b
50035.988535,182.297853,failure,e8864595d56db981de42daca5bf1786ee5abe8192b69ce6b2b248a3b3675723f
50054.465496,163.508219,failure,acb9742fda45ce34c033e513ad988fd026beb9ef29fd58982e703e7bef96304c
50072.940342,147.006434,failure,2a09e17c9dc4128a6c39dbdec3b88648bf7e4df85f51a24969ffd5c724d7135e
50091.410109,128.807011,failure,485ea735ca47535ec75bcc6afd9c6f0a3ff2d93d87270751b012165c1ff511d8
50109.869767,12744.605045,failure,950c0a7637c9daee15fc412c3ef104da0b8c99a7341c6e6f86375096128dd93c
50128.293348,83.145255,failure,40d313fe2c38c6c6ca48095c56e95a5f6a94a2058155b6aef838cb37ae253b0c
50145.648536,12506.859669,failure,2740d52b3348cc14164dc0ae3c6e1e723339251b2656a708f8c5cd409c6a59a3
50165.080257,46.192517,failure,9ce83e5ea326fc688e84428d9c545cad5659b8c42004ced63c1696134fcca038
50182.514232,13988.965845,failure,4a1e20fad135b216e293799ca86c0050fa53f2ccdcc96f5a9424f0ee6961bf38
50201.943138,9.460330,failure,245391a6a362ca72c4ea4d6c4f3b686bac7bcfdbbe65ecb55bb4be3b9d0b5490
50226.204039,14516.386362,failure,7d113c5be6642ff8da17b3bd86c752e154e19d642dbd41f1ee4f5b5abb90d6dc
50237.703553,16.889458,failure,90e1e17ce67962f71cb8c3fa6e8016075c4c1d8eb4e0702ed8b112031e272f51
50258.023311,7.427747,failure,7f0ccd497889e87662df61ffffe772549052d576eb33256ad5d3c11037191daf
50274.949699,17.575128,failure,9d2e4ebfaa210a9dc0529cec40e0f2c55886203372d4b214c76b7badcdc64aed
50295.138903,41.868620,failure,9308863a4a7a41123b2b0e1e8e71e3c5fcc9c7cf5381a41feb3b7bb8901402e0
50311.921793,25.480627,failure,77e9f271c7d83a0a769c97e1202551e8b629df4a751dc6b4c647c53b0fc8cc07
50330.842812,5.802505,failure,d482a0af19b599f75ae7b79390ddaaa0190106beac5a35908958942d43329243
50350.155141,13723.421264,failure,52aa457b9306555a869aaf348c5d225223fdef0915c3886db76792b269009294
50368.217288,31.297338,failure,0469b5d67f49ef8615d4e873e90cbe6819391c7d74acd67200e433468303c24b
50385.875531,13.978989,failure,887b4b4d75590dd3731a7561246d54aff43d72f296b76819356bfc85d46cfaa0
50406.337464,3.155717,failure,e5e93a9b0d82be0254fe928d9995db00e5d81b1c669adb2d2c9066acc9774ceb
50423.089978,46.697708,failure,a32561fa149a7b6a091b37a7f18ca1f0f880a89c7704ea3d3d7d7625bffa0771
50441.956084,28.097508,failure,54047875a92c76dc938d496f530b07f9bff1718589616a2107f5be4ab187bea5
50459.605160,9.896202,failure,a1fb61e2c1bf0b1b91017db3efa0da14bebfd756b101b16de8d34e2d86026455
50480.462892,10914.867327,failure,03905de45a767361343401ef9fbea29a24921ba3254abaeef642f6758872f0bd
50499.019441,13305.475593,failure,e3381896ae9309e2d3042fc8c14855f0d42f4710905de049596397d5d6f02fbb
50515.532527,195.176570,failure,df1ce3ef25ee5ba9eaa6047d2284af11b58d0031706094f237004e6d1cbf282d
50536.041409,255.691855,failure,1cf978429dd2b9887b590ac7ec795ffd16f7cec1cf8c1774fb9bf6bdba2601b8
50552.517747,158.703014,failure,6eb81038b8ddaf6a175f39e4ee2d1cf870a4eeef5ba10b5f2730560bcd521c00
50572.995109,137.456437,failure,c44ddbf756da642cd81db178a92beeb2b506a5369bfd9ecc11f1c886db73addc
50590.455884,120.504461,failure,4d2ed8beb54d7c3deab2870acc6e046f2267d0dfe3954e7fafebfccd5d4abee5
50609.904447,14616.618348,failure,2ede6ccd82e8535583ffb6c146de84ac023523a526e3efc9f814a51a199a58e7
50628.406464,25.524638,failure,431eefb02316b9096db8e338a3b7dc6110c1c9a00d426d7d85bf0e0322e2cfea
50646.337506,7.264693,failure,c57772bbfe06c297ac42eee9e4c6092978d9e3f46b2e3a187ebc84a431ca6fe0
50664.531248,46.969365,failure,22cd3a93f91e651404df4f3e1b1cd77f492528e4e7ccc54fce2b2fe481aab4a3
50684.061413,24.442119,failure,1e07c004c212a8bba0fbdf18cbd9fc435b30ac657e52786673cd02a46d1714c3
50700.555574,8.231998,failure,c7f6c0fec3f29368becfbb0462f5b4b188364939cc4a6ec32736b83f6f00dd66
50720.971342,46.651181,failure,fb7d737b24eea63ca1b2064d18806f187e2d2f43d2a971bcbb535a17b6b21d17
50737.624089,30.312931,failure,d3f63ede501104e41ee19d7bb1613670b7e4527edb93488f2dae440239fe25d7
50758.246642,9.044082,failure,b8a197eafbe5c222490e730e0f1481cfe9199d8c9e9816985cede1cd3fca459f
50774.652939,43.148988,failure,624ca6be7c9b0b6b497dc50740c7203a363180a20b7a3f26886591cd7641c8f1
50794.740103,23.318142,failure,6578a95d309e8395f062cba7283f32770c907afb9f97f75c998d88a428a52774
50812.660185,4.852883,failure,84be814fe47b1713710e6857ad17dfaa23b77a5d481a05d2d4407fbc2854e681
50832.548788,3.940362,failure,2ce5711f58ba6f2ca6cc4e25fb7291ffb0ec001d20f0e0120b85060e9d5b94a8
50849.989946,2.476300,failure,df89d1df739c072e2fb25368d6c77e5cf363e1bbe0a506935032c29acc1b5eb1
50867.988564,5.327729,failure,626e63d7062f78f11a3d908b3e7a943e255405d394d49c7bf6a6f0c75e343403
50885.905039,3.572595,failure,0d7f9f1e3f29d46036616f3de2d8fd6d7c4a1ce7ccc322ac5da776ab7d16bf6c
50905.962598,18.883879,failure,4379436ea41ae3def030f62a691b2b4e632e5116a51e13e259d632028a4338ae
50923.535952,10.943376,failure,ac1b87ab93ffba6b8537b6aa47cdc63ca6b69a2f28ecc0d6a7b449014a96bab8
50942.984465,14.490373,failure,efd2a703a0072707932cc998ffb73c2373b43b494c20082267b599bfc9eb25c9
50959.995069,38.764028,failure,013397598db5d594ec3adf87ba24e3f3bbbc3adf4636f53636b301a2a32f3e47
50978.522474,19.964856,failure,e46a14b3d1d941fac343736c7f362ec2cff9ef895bbd0bb29fdc55e681c92222
50999.121863,19.127174,failure,25f99f43c0298bbc51f46ef807f5459448e39438881b010c1c97ffbd478fd284
51016.126767,1.836476,failure,454971860626d35019fa2823e29e59069f2faf6021af775fecf46858a724a3bc
51034.756853,7.726214,failure,22959d679a508827fc3f09c84f7b6110a427f34405749e655c815a8ca68f6bd2
51053.960980,3.510900,failure,c66ec220600e24d9fae89621c34cbd8ce0aa95a84a7a8c59f30111ea38986dc2
51071.968655,6.505847,failure,2ebd04f59720a0ad2937a9ec8eac2c23b6fb4b535716de7fe2f30eeb310de678
51090.962419,86.875263,failure,994e954acecf40d673cd8b74d7d6c6f727df304a2888db18ec9cdc46cf252304
51108.601957,69.508664,failure,491e8394d687dd862c7ef7e874406263b3628d6e1b0f3faba31592deebbc2ba3
51128.120100,50.249614,failure,9e6118bf5484e8f240a65343451787dd2461cf2af43c88020f19dabffd3630c0
51145.572348,33.040760,failure,a092c447532de4d0c40bf72a74d3845125d4d42815064422fbe6c49219dee719
51165.090591,12.448143,failure,6beb4a38406d75ba8ca00045e2ae1922088d1d9c25b242ab26a1c66ef4061056
51183.200336,113.512567,failure,d34a72b619521ee2f4628c9480f4547c979ecaef0f61c97c6497af7c779712a2
51200.752451,96.235294,failure,73b1f175f19961c239429e569728085f633a1fabaad567b1b641e998555ac97d
51221.295455,75.942898,failure,7c35f22ce73a804cb4a813d30d32c8ee64e641782d3d880c829997571f90cfc9
51237.788044,59.691288,failure,99c2c243db64c2851fceae1570f696d0a7c6c8e2aa9512d439b7043d55708f25
51258.286996,39.482638,failure,6dcdd8b024ba392e54f5660b85479ed16407fa1f312ca82a66666ae5e34b777a
51274.690769,21.730269,failure,9d4abcfbcd10799f09f2a9484ce83a8f1ef8347ca6385745d8df3b82f9672678
51295.137393,79.922372,failure,163d6ea5d23a3a3478b8bab8fdedd8580113040bbdd3943e5340ee73e56cf05b
51312.409876,62.965207,failure,61cb290aff857bfc1a9c5f7e0a20f4bba3fd851f4122ba89978ea3d713fcb203
51332.121620,43.538465,failure,b383ec521adb5b3332ab0f41dd8d5b252e47bc4ebdb0b7d575e874da4b7adaad
51348.679671,27.229408,failure,ae1e64e79adeda0f9e34aefef515c05abbf799e3fe1f1ad1bc81f1d13d2f11f9
51369.335516,13478.454796,failure,fdce178c9268450d9f3bb142c2c8a1abc488458e90a3c819021e686a58d196d3
51385.734289,60.092367,failure,bebd7a1507c885e368959995aa5ef98192c6fdadfca22fa26a644bd3ef55d43b
51406.364296,39.736772,failure,f8ccb2e707aa5f549a75d2d617ef574736058208bac7be27229450a024ae3b8f
51422.935060,22.597627,failure,93f6590fa71b0c334f472fb5bc9ca1335643d79259b0b1d2e538d3f79110109c
51443.435685,2.975912,failure,024d5d2263b8dc87f79b449fcb9d7072db88eded3ed0a87f3fc823c9297c8ee6
51460.905757,51.705982,failure,9a50b19311705d20b6a1ba262675e8116d00276a62b04eff003019d6cdf73944
51479.552324,33.353694,failure,5b03f4d93c9de4ebe76e37e836ec5aac1cffee04046a46970f2052f7ed70d91e
51499.148001,10978.596892,failure,fb39fad4eac3adccb519289eff1dc4d01dadba3125e7e1247670556067c30f55
51516.501385,101.632153,failure,247e2c3fe71f919e7ed6e8482786d9027d67ca5a7ae40b9b021f5ef62b9585ac
51536.084880,82.315826,failure,03dc8476779ad8192c2b5dac1a582c16700b77a16245aa402265363797de862c
51552.523106,66.118409,failure,3f988aca010838fab3f2f54b609af22cd1234e2179a99fb7c181fb3fb914130a
51573.017530,45.867369,failure,c425317b024f5309fa11b6f3947241fa6dd6ac774a57d03cc82e5d9febb0f82e
51590.464379,28.655539,failure,3fd5025780655ddd7068a65be028bb559e580bd7ed4efca2fa31f42b2234777c
51609.973174,7.562568,failure,cd7b2304393161823031b27ca15b966f471f5f3c6b36b2bdf52b5ad461c4d3f8
51627.617851,14181.493673,failure,4effc2f70d2eff7fdc7769543c05840326a00a60f0d91ca5d982634d17fe9f62
51647.192990,11774.287024,failure,a704bc8e6300dcc7b376ba8911c21eda5d8ac2ad337a4b590b9bb276e086db66
51663.664890,13588.913400,failure,e0a471e9c944eb3a8bfc7b92bcf74061e5c081eeb97963c99d77e788eb9f7fcf
51683.758526,13030.767403,failure,be82b6a90dca2802b105bbf74f262bcfdff28318751c883cf6910928a1fe8497
51702.397018,5185.725044,failure,8df4437ec99745939897e93ce84ab8f237137608d72ac3392519b5d516a9db26
51720.053557,13214.051999,failure,1a420f3a6ac899ed33aad37cca4b11b47fec785b404afb4c9fa4fc21387b3f26
51737.573743,13671.545240,success,ca65105c3f7fa9755a2e93ce9eabfa1210f8ec77e3bda1b41f04d276ecf1c338
51757.572412,12684.915931,failure,154ba41ed7f07d1102ed199a95ca479a275e0afe62a8b3e5760a306d92c970aa
51776.077825,130.467926,failure,124a9e3035497309302a759a722187e0bd95e69915667158c2f05c457bef342c
51793.519483,9037.971597,failure,d3aab2a9e05496dcf01284577a127f1f9280c07e6cbf23cb6b76c8a6f7daef81
51812.969318,107.875739,failure,1915bdbdd8c97b5874a00627fded632849bb664f81c3a8ab6d64d7f170a2ab15
51832.419624,88.103643,failure,f77e6926e875b076e555ea1111d64ba632e0ec402aa8456e95a1b631204ce397
51849.865410,71.557415,failure,7fabe46a59dd5994e7e66f17f66bc00dfae3be8b07100dd9be82e45513167424
51869.308242,52.356895,failure,0a0832d9a702395128e9cb0e9b3608aafb478ee3ca4d413a01bfe484d1163243
51885.673773,14769.078111,success,c2f02ae4ebf17f90a88ef7b850270acc1736af0b681b49577324eaa7aeff226b
51906.984389,14.927839,failure,1b2c00454e0e645b8198194537304115f98dcfcfb72c573188732bf3b94f4054
51922.610020,9.879170,failure,ade62007707c17fef48b4cefc0f35222c12d33b00a1df4a4ecf25690aabc9313
51943.060482,3.414329,failure,e6f20f590f31a62efe3f6cec4745a017336a3dabd104e91a7890b9d9f0461cfa
51960.061238,40.652950,failure,7f5c0731e33e20df7fc43d810ac878453d7e532f733096e9fb732ff2ba18ccfa
51978.588301,21.842890,failure,d463416621d5de74567936c8f2383b3d17a24ce036393050f81c1f9640f01ab2
51999.111709,90.258744,failure,45af64e083ccca7e04ed7e70c67a3c368c5d54e58014472db462a90abe8493b6
52016.415831,72.644623,failure,821904c5e1704ddf53db09d3ede654b9220a870b79bf1d953e826a43120c8169
52036.020314,53.628838,failure,bfa2ab90d200aeb6ba60017a8467dd92cac15efa964044ed2e79a380c0de1672
52052.523763,37.392327,failure,d636d9617f04881097c1df7c901fcc877b9785413319c0e12c1869ca52402cc3
52072.984493,12123.544902,failure,e4bcc9d3dba2a1f59b9d5d42015f2c20b31a5a48e02f625457e1646be5555799
52091.493734,36.298336,failure,08d8ffc2b19831c7e5ec53c1a45e4001625b995658e37ffe83e136dda8f95447
52110.056954,17.097236,failure,5461d26cc95bb77d989b681ba1e88c8e400e2e270577d47f0328bad62eb1dbd6
52128.197106,8339.275058,failure,391e5971101758e784934aa990c10a9a98da2abf45d0912ff52bdc074686b6fc
52146.070771,11461.833235,failure,ab805ab51910b8f61a1109c69d538c692bd6b217e3c6125d1e53642d2de79135
52164.459787,11757.845914,failure,8cefbdb231cf0e5557529ab4e289304849852ab294cafbb9913ecc5067b06683
52184.291925,96.555681,failure,0eb848832335c3f5e05d7a3dd41ab162f3b3a9c6c9a5b17321ff54ae34462e05
52200.800553,80.297690,failure,6f71f763c4197471cb0a886a466464b1ff2c34ebf990efecf87afccfdaad2a66
52221.309483,273.239557,failure,79399ebae7cef5e8c34f57d1973a541ac08d72029ebab35b376a92b07fbc6390
52237.732842,42.807290,failure,8b617ea6b87cfa3736459e5841f6857755978c9749158765103d34ca61c8bacc
52258.228949,12341.868642,failure,7f240f154a7524febb9db730189b9e7e63944d79330a9a53a889f1e6e0fab75e
52276.982736,4.386813,failure,165cad1b27297dcd595831ec282dfd97946eb55ae6ffb9b696d1cf7d2b90b193
52294.168056,13.324137,failure,c9215436d0e0136392f3dc3f08b88d10e71dacbbf176a1fb773f5bb0c150d6ae
52312.131318,3.407286,failure,1dc4ba1685858c1c002bcba6f595797867fbde126649e22e057b70153161e663
52331.063437,14.443615,failure,d6d14ad36b9775b23f58547d07a890d011b9e28e1e44dde71818710b7f5b2861
52348.659283,8169.372308,failure,23dcaa6bc53990759ab795f10d7a4e510774349f988a906db528c230eb600d4a
52368.955276,74.192822,failure,b0f6619b6cf575cf5c2f196380188a19efba08f575f9befaa9f73e678ed6df33
52385.567497,12540.041239,failure,a5f7b094b8a2a3f9af2b3a90e526d88096c2c4d7e4cd950d8a6aa57edcf89582
52406.111714,12918.949025,failure,8b0bfa67714f2a872075dd00e1fd71a04b5f38f023a6969e483d4604de5ff050
52422.626363,506.307508,failure,a98a9580778454201df90e8a02099ad72a47374e7836f394acb53a9783a33775
52445.577310,484.312484,failure,717dd35d154901135e2c6ab388a4b9cad8f74bc80cd9cace9b72f49d16a20684
52461.192852,469.000619,failure,893cb1995aa14949442b226a58bf9c3ba1a7c42241b202a05a7b48e4d6c208aa
52478.672491,451.830096,failure,4d15d061972a6c666b60d440ae3713f105c23aad319ec97f42b4943a76f8fa0a
52499.044767,431.741700,failure,097db3f2dc2d0e571d7a944ba1c7f9adff9e7c995d9aa8e4ad20d4d328864121
52515.646388,415.443816,failure,e73706ad863de80afbe2e098938bceab882b8a4f1c20ef16589517ab5868140c
52536.150450,395.250844,failure,462d2b15fbc4da5db6eec8b4bb9a8e4a925a3b73ab02f6f954388b6acd7e80d8
52552.613142,379.085136,failure,71cfe5af9fdcf41c1d66279194d79e38a53c0ff3ed3111363e7b0135b027da42
52573.108958,358.874502,failure,42678b83a772af8ddcaf46574593d863fbcc7c081abf2cae593f00c97fb6e497
52589.515045,342.765279,failure,43a95d9028c29431147e1fa3427366ed8a1d2cac066b174b54a52de91a42b4d5
52609.965717,336.623260,failure,d5f490d228f1bb088fcd72b75ebf5c013983d4f3d4395a0f5402c0116d5a3f5a
52628.416348,11514.110108,failure,dd9c44cd2e374c06b3249725ffcbcac44e1a4b5e43007f8517449b44f79b4c81
52645.856303,13815.251316,success,a492683f64244ac8d4798d47f57139726d4638939d06f37841b0e3f5c63ed8bc
52665.305207,11877.218444,failure,470e8c8492e4483506ae470dfdb8adb30c15751b78a8f446853cd188c9e11616
52682.658610,264.617279,failure,5cd8e2c94d01f3542985994404be0d8ec87ce7f2e125561a19ea5bff90985d89
52702.098357,245.475478,failure,b7938f3992941945a7ab46abcb4af4139b114b69e08c03cc2b8221d8a3336251
52719.504860,227.438789,failure,36b933999fc9e3ea71cae7327d256ad38208f6ff0a2326bbb1d418d14e0e4f85
52738.913728,209.017964,failure,adc81ea28d8a4a7a6eb8478b9aaafffedca938ed6207adb28539578130a98414
52758.340350,7709.598965,failure,a81d2d597e0eed4f8aa45d7662ab1f0586624581e19c0718ff86d26054f36881
52774.822277,178.295009,failure,99c9e5af19dee7566a1bef22e4a138ac149b992701a2bacf411f928706d507ad
52795.349873,153.234627,failure,b9ff6f0957bc648692156cd987232872e26e77e71bed886f647e9fa4775b9c80
52811.789532,137.082545,failure,03dc196cae7c389f0d44199f62be7b4577859e6d71cfb6aa94e387064f1ad12e
52832.308972,115.961092,failure,a0bd9578915e198994801a01ac6825a07c18f975a55ceaf28980b86cb8f8d6f4
52848.764110,12359.597708,failure,0c297db784a9d4fbd5f1597f159947dbc06e0b07d33b10fd7f488fff409e0edf
52869.283139,12539.806820,success,b072ae684597305634182ca88d76f3fb7f6b78bde9689f16e41c0347c97db230
52885.812546,66.992017,failure,3df62d4dc5ed686a15f36a0487b6f691f2b4b42c2d19a7f034d94d968f9da605
52906.299225,22.288821,failure,cdfcd4bac6d7a1ad6a06997345c46fe03d522f815b59fd64ed9454b04526ad86
52922.719748,13536.202665,success,349f2438f6db75f638816b8630803797142c5231e08eb0b6b511111748b50960
52943.248836,9.233376,failure,cc04875e8e6fde8b3259396b90e99daf0b049c4dfc338ef1b0f000f05ce3cb42
52959.875254,12560.592581,failure,721425d70dd9fa1fe73f5a2fb11e17b13eaad2840b6a650bd5d31584b9c6608f
52980.165436,27.155230,failure,af2219997853f7439dfb8e59af9d954a7314716f47a77b85b0a8cdade188177d
52997.608377,11594.066132,failure,1ddda0c99e97de26f803c1314d20d0f279b5fb1f644a36fbaa110a0c10b1887a
53017.349004,11539.137634,failure,9cde19751d58951a883bcf75767b638ebdbdf367b460b9e1af5fafdb50b75f04
53034.999723,80.846713,failure,4e77ecb7ad62c3859ac4ecb170f39da0fe3e3bf93c2c2a817b633145fb9269f3
53052.602341,12158.868206,failure,30a90f022a51cf0a37435b3738bd3b0dbc24c9fb1298a2e4310107ea56e5d63a
53073.468468,20.214030,failure,191e9bfd3ce05a2b6d01eca4e74cb8ab9834d1bb501f42d927933dd0a3b51df4
53091.010443,9010.469046,failure,dc8eff09797ad273ffe106df610c55b3d5c2a9f631757f9ccdbb02078fe583f6
53110.640675,319.247303,failure,e98cf3b799f89b68e3d003a39ca7bf8a93faf19fb8486c0ecbd153497670c4b7
53128.654220,302.211412,failure,016ca13502701ec1ef21f65d4038679d4f8a476d8c7844240555cdd820246b8a
53147.271001,283.849326,failure,3702a9d9c7a2cb69648377293da11f54cd1be6a3e0bd52a4be071ca3308fbf76
53163.772695,267.628085,failure,c55a5c0af0c9994e16a859252196749fc8294c5797f2ce1e831639e9d35e300e
53184.269002,247.405779,failure,8da2181d5c5aff9485cce615e7511a7101ac5fac84c04020088e229a726ad6b7
53200.671171,579.874487,failure,0fb95f0a3546fd6f4cf94f5cd7fc2be8a85b4916b68065cc4d409551ade5fa9b
53221.131742,12104.388715,failure,a1e887ab0b02860ac1c39abf9b8b7b261e57c9ce5d25862a0e48fa50be0ccebb
53237.530454,13416.807567,success,f03bd725e50cd93d16123792573a38411dbfbfb4012ac8a6be0d14d821ad668b
53257.944648,185.718388,failure,5e2b6910397fdc4f71e2b650e91962e76fd793dc189de14831edd98d7b27caf4
53276.421227,168.953863,failure,16214bd01db07c34ab34a52b88188a6695510b922dcc859284063edf65e454ad
53294.940115,171.326359,failure,39b206b4c82cd31c9fbda7a28f970d707eed31851e5bd372aa63c42ec8bfd807
53313.435549,132.377177,failure,629a15c1b3a43d3503a62c980eed2df24969d1a8b277719ae871cd2af580ba30
53331.883525,12285.732291,failure,130cd68e363737a30562088c09dd930996d6963b0a66f291b68af57dfb133aa8
53350.316022,117.969268,failure,3fc03e54eea3ca7ff9724ea17e3468c6bb4bf5ac3c1e57a13bb8a5a7473d86af
53367.687469,78.413004,failure,f474d631adfae25328c9d74707987b3313ff6fcf6d33f3b9b6dbb50788e0608b
53387.095867,10298.523813,failure,f312e2807d0df280a4c34c895f7dbbf48963cee043bf01e8d55e87d46a690fe1
53404.568202,10332.926678,failure,68a67a351925bfd1a8c013e2996d96af5794092bf3b57ed6ba1b4e52af147999
53424.123113,9926.943830,success,f11c3764cf5ac47a1b6e61086fc601153e201a3a40b0131f7dcd891d270010bb
53442.251142,7.973304,failure,b5567f4b1d89add056229f4cb68989a84c78cfa9919c837e711774548728aa7a
53460.215576,5.756899,failure,461f480a81d8c00a373e67fabdd6fac0a5f9a2119a656e15900389079b156f61
53478.812389,3.770264,failure,1378c988b8ae82c004a4662247c1be0d84110e3a987c3d14c7d8021b9d75e8de
53499.115666,17.957390,failure,81cb5c75112f26bb6fe69b3a3a32d37989880b075c573cda027e51f859409035
53517.606832,10781.946647,failure,281fe6b3b10b7a492af31028d48cd9d681e58cda3fc21830bc7c625d86e1902b
53536.042314,3.466978,failure,29661257c1b484d0ff54fa277e008161d7b44c746568834571a08f2c5cdc0b6c
53553.019376,3.495822,failure,02d6f388b29f10f7134e15bd6777f2340967052a5e2503bc7a45e2daf047619c
53572.043496,11.461452,failure,e72a972e730c77953fe64ca991e34a9eb606edcf9e4fce6f1faddebdc7ad7aa8
53590.004985,9.498159,failure,2396f389d179eef60d3fad39061eb94d24a79b06dd67c07e3dcfde4ca1bb4fae
53608.990684,4.496488,failure,7d9ea3601acaec305510d66d3279c6c0fe57522017a9d4224212cf2dabd6008f
53627.037020,20.835890,failure,ac6a955a9143f56da0ba5a6b41b1acf00dab2fa105a437db72372cb89b0cc0e7
53646.292793,10653.632088,failure,ba793b39d5cfeb1956d4e9a0887fc910f5504cab9dcbb7b5e2b31fcf16588c80
53663.847732,185.069807,failure,8cbb6aa68e3582cee459b769d7dbbb4093ca6760d70e750699717f76a7f962a3
53684.424119,164.810591,failure,3835d8804f0d27c576c5a5d779d5c90bb5bc2be920f5f9528da7b3bad80dcfb5
53702.080177,147.423044,failure,33a2bf5983fa3edcd016ffef16b826b40de23943760e72912bc617f0ec9a9510
53719.592537,151.947665,failure,fadad63eda3222d9b0a9fae9ee15eeef334e58781494a838a5b75194378d5a8a
53739.122471,11930.416884,failure,f35e40417a07dfd45becfaf30a5121166bcd201f0f07e8a125905b2f72138cd5
53756.622739,169.309784,failure,84be20ec7879899a59b8ffe67f3a0e13903545f390275b39e2604c39d8116a11
53776.137254,150.161683,failure,6898b1183bc015aa3ff03afc2ac70d726df3bebda19f44b098c1dcf207d72cbc
53794.095135,132.593479,failure,0d2163cf32a063a37a9c2d7e45139366dc05a14b6cf813b87d5fd81e25b59cb5
53811.880344,11396.681877,failure,da6f2451f8999d9f2675ef3dfa0b4bac05ab2c546ceb8e9af984743ca99956ae
53832.541949,77.304836,failure,d0cfbf5d3f8bc53476bba7c1f6112778ab289faa304f02c0c6373298ca062b3b
53849.938944,59.599826,failure,8566d42be98865af1ccf09f412e4239d1bedc259ca6d341d231efd1fe72a840d
53867.641138,9700.845368,failure,fced9c34f26809d5342f2c24f1a09c89da8fef5cc57fe1ef9889642f7025c91c
53886.631636,11758.876811,failure,1445cdeaa7580adda94e950f9cbf2b60067a8f61108d38349bd6f8c193f4bdaa
53905.637372,2221.873187,failure,149879b9fce4483b89836bcde3dcaad31f33c1c23d8d113636ec876ab29c75f8
53930.766381,195.854495,failure,3af3fd891f07e5d7d210290504147299bea6358b95cbff2a825ff1692d383fc8
53943.373550,183.534552,failure,2bde522b9d47a13449baef37fd94384811f82edbff40de9bc1ecd5d2f7469182
53959.800405,167.352433,failure,63c8cf657c96d4b1f90d95908b2997a98ed935a3b7230924f15821c3939b6d6c
53980.285481,12486.235737,success,7d0c3dd8c06c25e3e3ef6e352f019a35c5f28d8459e698e903ff9fe64b507838
53997.722621,10891.507273,failure,d7cc513c070798aab5029668ba5ae7349dc5887381f8f749ec4ca025433f64cd
54016.643549,11956.307982,failure,bec9d52eddb51c4a29a5c8a5e3e485383cdeb08b4769c9c8776c102f61f285fa
54036.134610,9315.057226,success,e3b5fd5a63d9c3dc953bc96594e25a94bbe7caceee6348e3b372d6f82b999b5b
54052.488078,107.253115,failure,7ffea3a17e88ce4638e4f9d397930931350f74f01d7ddc43ea22a7318dc024ea
54072.913913,85.156173,failure,019678c856d494fae3b779fdf19e7f30c3d8e940bbc882522396d3f1f8e08970
54091.381325,68.203246,failure,e70ef94f56698b350c3b1287475b592cc06012caef50b56e48d93d09b8ed3cfd
54108.741361,16.895439,failure,92054f9dc3632721cfa36f9b02754af10a8333ec0078176659ec48069b4c9c36
54132.279112,11809.489591,failure,f1fe756589ec381d0f5f387e6d680f11af62c79bfff7dc7a957562b7c4c3d4c7
54151.786473,6.738672,failure,4be95cc1c90293acbf4e466f8283c104aff6523050a9ca05a7d6c96318994bbc
54164.843562,26.338185,failure,22ee85e856abfab01f72a6c88b4060228cc538f14a96a063a4941504e569c348
54184.434029,11183.489417,failure,609d8273eb2f3cc35cd8f7d4894dbd8405cbc88e3ad08e1f57cd53d68354e8d2
54202.237392,11006.044707,failure,550e2c0bbce0a7fd5498748d3fdcc4d2dbca31e1d4940431f8433be1d305e9ad
54220.046826,8.443742,failure,3b2921c43b11f89675e904372cb674544e377f182780d5c89ab8e19ed17ae2e4
54238.002062,11097.827255,failure,c8ae427b671631c0f61ad1e058bfc9f3df6f8228f29c4b0204e1e0476cd5f535
54257.006816,7.466149,failure,f61338d85c1b4fa54021ec30ba2cfbfa36fe02515ddd9121e8be6c93edffbbbe
54274.974155,2.499694,failure,c72c632c4a40be75523945a4bae159e19598a62e501462a39079fe18821d9bca
54293.959874,8.517169,failure,00033e75cc3a7b82e74f0796fb550fa500ba818cc150376549324dbe7eb1741b
54311.972918,3.497695,failure,9946d5b9c8415ef2dd5ea3fa71d708aa6b0efb46aa23a0b587c2c596db35d14d
54331.956107,7.529758,failure,75e306addd9c624fd7eac262df3b2f91471d15c60cca139ee8cdb473537abc44
54349.969332,9.497598,failure,e97f2a534b89c982c5fb62b3c46fbdb0242023c6a4b0830524fe0563c5b5eb90
54368.943990,33.574334,failure,0469eb374c961985103967c02c06b5456ea2f5f41c578ecbe1e3180eb7481730
54387.463098,15.322826,failure,db42647a253dcb09e29b4c9c1cdf72c76dc73d6506c1f1daaa91bd523381349a
54406.269342,3.183890,failure,cbf9c269c458406e486d85e50b5bc1783d26faf01d81b768c8b824b258834975
54422.930194,10785.387511,failure,7ec124d34932e1a98c03de8341aa071d94a30f96e3e62f94fef27caac02c6ddb
54443.455264,25.053819,failure,4449b889523b353e40c56beafb80cdba5085b6e9f4d95568742796bf7c5bda2c
54460.946765,10380.538175,failure,e31d1f2af0a8868b13ef7554df519ef374e147ce701dd0a14104e6c477ec6aa9
54480.249926,46.431259,failure,7a2ebb0d9e2a36e5adc443b720d78bf94656bbcd0611e3bcca38beb762cdad0b
54497.788435,29.165980,failure,529cab8f139c29474369bec6caf6c266c30f6ad4e5292812864b2824c9d3d764
54517.313229,10691.081981,failure,5cc5b509529c2ef60d15e880146d0fa8ce5dcc2f3bd63edb2839286ed76e1aed
54535.545462,94.081693,failure,cd70fdd8c07a69b7cb9577652bb52fdac2ef756413b510bad4aca989de08e763
54554.145351,75.780642,failure,7aa3c2afab43148df59610ecc745acaa5b051eb2301856a3bfbf1e308fb946a5
54571.674833,58.514972,failure,1a7eb4b0aefcb245dd9013cbd3251aec1adf57a124c188c3effd5313b415a5a6
54591.250703,39.203856,failure,db3613108973cbf4bfc6fdb875e5c5297395acc40b9c7558c3f87384c0256d1f
54608.728268,10104.362524,failure,487c9b5b834cfa08bf7319794392f4e87db8da61841b2d0fe8dabb369f2cd0c6
54631.030624,52.487728,failure,b9bd2fbff9ca9815b7d30fc028ea767ab19bca4427e81162d8bb359fa17424a9
54646.374779,37.404239,failure,ab45ddefba1fb1f13b04e59ff27edf756ce669052194b3c6794fa1ca7da50a5c
54665.014893,16.521652,failure,b27268a2becd3702cb5e17d1ef9007d0b36a354a2cda31d3a8fc8c2b0caf36b1
54685.729016,9835.755308,failure,c784d480990748c2e7fee220bac39083a9a37bf5963a0da998df5da1c2ddfc6c
54702.221243,401.261636,failure,65c16b54bffd3a5e92c1659ffac15ad3db8b7bcaee16ff13e1e9b0f929ede467
54719.736759,189.113537,failure,3685f164e2f0ea6d518d90993f4c1f6fedf0242de7039c6e26dbf30dd2b83627
54739.195920,169.903791,failure,be5f3c6eb64fc91b5736cba1a5e8b666177c86d7d936348798ebe236e647cdac
54756.600449,152.002736,failure,6bcc4ed9f888e9d49aa41a8c3e9a095b5bfa38dbfcc19a7edfee7883e3fafbe7
54776.031108,326.528529,failure,e5ee83604e2b08713107b85c294baf03046fcb59394e11859f5505591253c3a2
54793.521096,118.918656,failure,2ea558f846f6c1ec5b5a0fd30fc9dfe8b9678a0d99146e3dcd6f78939c2df14d
54813.043135,290.160252,failure,fcba092e72d1ba61fe585ead34e5a1937a123f9782f49bbd54ccb3ecc85eae1d
54830.541669,8696.444039,failure,02f90e2435209b373a87e334da24684ba5be112d0766bce208f5692bf2b3fb42
54850.526551,11612.720509,success,4c3a998fec85a8332a6273826b82d7ca3d908a0f4fe615ae11a473d30322aab3
54869.376376,38.906251,failure,a7d4e6a4914e8dcd243c6a53dbf4e57cc90606ac738b6f0f583a00aa90a99bd0
54885.912354,21.764904,failure,4a8445daca3cb9856062c750413b950a463a2c337969c21fce6ebb109cd6c510
54906.377212,196.512761,failure,a16fb66667948f38ea6cff31abe8a26e8f2c3c338914fb50c8c05ec4440b3785
54922.994993,10444.535230,failure,315d813c140b1efb1d19dbfb09b78440ed9e4ee15a75ba53fc30a480507d7725
54941.903678,163.890984,failure,e78e52a90df41bc2a5a906de198c7b2b4bfa475b6ddfd82cc7e64b200adec88f
54961.569024,143.952328,failure,60a0b427730e62e7f0dc0f335231ebd058b533898d767731e35189b4b5985a6d
54980.666692,10962.968563,failure,7aadbc9a3b4ff35610876918b0015528db1c675059050c9819907e5d61d2b8b7
54998.807995,107.469006,failure,e1bfddf8d23c63af68c98a4050739f93a594ad2b718e3e7d9c3a4c468eadd11b
55016.919091,97.552337,failure,89e7cc6974f6427d20130c31ad0483dac6e8748b2185f085129d7e10283cec93
55037.689650,153.821609,failure,1bc9cecd2e923a78a81a84cc2c5855ad9c647166fd8d87fc88302c659a66ad8f
55054.349880,137.444787,failure,f80089f2968542fe87c91c7db02266c9f460cfd0a6ee50a5a3aea6dd6e5b32af
55073.667337,118.390551,failure,98aca3c18bf50d1456e496249fb0a268a2c4a4b9b8226bc66e2545a18c69e3b7
55091.310812,100.992414,failure,db3431e4aa9a66e7d08f23624261c74479fd1f06d61e9b544f0e39e20c9ae20a
55109.104767,100.376415,failure,2a686fba1f2533b7e23be2f1af6f3a9a8a76f6c9c96770b1e961cc4404871432
55126.942604,66.698127,failure,fe73aeab2d1355cbca32a0cb9579ba2efbee4b0da92c76f87d7b452acf7f87f9
55146.608050,47.270916,failure,c683085468ef5dc819cd2307edca260a93048f902dac99782ef7de0cadfd1583
55165.139411,9089.376043,failure,a9dbce8f23dfef17bbe665b794ad7b0c7bfd6010e27505c4225f012eceeed743
55188.412818,4.689058,failure,46677bc23ceb54961fc5a81f599b2516c73f2bef6d55c2f0780fb592d90aec10
55204.118077,9626.377854,failure,e9202d764988d3545fe0900e9917296c03dcfe5aab2544a6fbe7258b0ee0fc91
55219.954240,9753.599383,failure,18f50dda25c51833df2573945e3e039b63efcd77e646a76940e98919364dd52d
55238.556192,9969.870988,failure,a992ce3c8415331c07bd3ccaf0b419d02c95690cd5ccc38d556486ad0ebd314c
55258.123506,78.395769,failure,d229fb838c09f97268db8d30eaf0ab7e0b02c62d588061956410f9aecee88efd
55274.750284,62.074822,failure,d1000e7aa6be4c115c44e2ca93cbdc034312ec244ab530f72b4f3220dc05ea97
55295.425363,10083.145104,failure,5ec80b4aecf2ff250aa3a0d68fe3841fb205aea69ffd6b573d0c37d516dcd22e
55313.003857,28.873364,failure,9f89b8fed695f206bc17afc3635169a5853d48172663e5c3ffe0a9cd6d1e6a2c
55330.852394,10.453361,failure,6f9edf0a198edad0ac2e3d846fc5dfe268d6ba67676053dce021b447cee441b0
55354.829073,9935.618719,failure,c6ba487b06a4abbc3049eb9c31ab4636931a52a8e18c32242f5a3f1286f856f9
55370.729826,14.754545,failure,0ec10290e14b41a9c92c526e42c6b890d2989e7e7c51645397b65b3892cda74d
55385.938428,33.963089,failure,048d1a992ad9f0abd16e389729056aa36c55c1dd6e4c2e47623fc6c16b3b8054
55405.605919,13.940957,failure,c90b6d7293b75677e85cb7fb133cd3a034230d413f4e306cc3b853d5b72788c2
55424.453880,65.053539,failure,6bd61285594faa797b075090e5826f2d1151f78b6c7ac1469cf887c2a121ccf9
55443.150249,46.642583,failure,78323c6d0fe1c80806bfc6daefbbeb5064560460bda11bdd43e7c200d7acdc7a
55459.636564,30.415181,failure,f5f3578e78864f95513494a3f95a3908ea5631fbe98df4939d011f1ae6c8e3e9
55480.128112,10.164122,failure,2e22c0ac701f1a41b15fa8bb91dd7c8fac9c4f8f7b48069d7bb124a311ca0644
55497.774402,27.954309,failure,f3ed1296466f964721fcb6619c1302eec378ddeb2c9fe103b7d2bd6a10c24600
55517.334672,8.136549,failure,df2303f03d30f2da5f6aaad9210d4d129f2ec3ddfeff270d2b670ab96f60de05
55535.246908,4.279634,failure,932ad95ed8a9477f4a809ffc19f033a4d35968640d8c2f00ccea2e57c5d824d2
55552.987704,1.910233,failure,23c870f2987c20b1363c4c361a508e752ea7024662b9ccd6258a129c8d9b3e3c
55572.393686,1.729356,failure,f16d3aa360b2f11a56f132788b36a6c59e80ac2660c584ecb4e69aeec29a4d2e
55589.695604,2.792259,failure,98a561df7903086479848574f4595c7cb86e886ad3b9bcde59df8101b6fff17d
55610.015571,36.823245,failure,bc94a7943d39cd31134826c23052e39a29dc3dd49567c2f2b3c7f0256b555b3e
55626.563792,19.992627,failure,d8698c3f6894b66c81f68586ff3344fedb3eb1b6da991b7efd26ad843a20e8e7
55647.197645,6.279715,failure,5445c7496838af2b0c00fc526ed5f31da4aa42761c402fc74260bf47e1780673
55663.967851,9538.689345,failure,8b0e4a8e39e80dcba1afad4015f73454558f9ec030759c443eb37df9e1834f3d
55684.179155,10969.905554,success,9ab3d7d2d526e1faeeb7a68cfe6e4c4373d2ca301a5dbb15eb1f496209fbb41d
55700.606621,9573.901667,failure,4b9599c2fa29be31591d51c6900b658b8a20b4ea382d6519e1b006baa70cdd8b
55721.474441,9844.009287,failure,cffbc8f07b80b624da40365a07d774d0eb5c510e255c919521c05b94bf3db14a
55738.582346,10915.825606,success,72659a1f964dbc50fa9a3e72521ded78b0d16ca67c54f77e64a653beaa61e287
55758.498730,10701.493037,success,e822d79d6f971d5c38b034fafa18a0eda8c0931cef2e9663de7c062d786a7750
55776.214860,4692.083024,failure,f4cfe42c4e41c65337e5b7477eda476780985c9773ec7bf7920f97a97fe53324
55793.980873,9917.620024,failure,f69bc502a10dc9ae515e21d3fe9fb50dfb4cce58a77c658f131555171450b1f4
55813.476753,10841.069136,success,d0c25c95dd331616ee549b0cb1ef6b9f4e36f19368d728717769ba1ad18e8105
55831.971756,137.598292,failure,fb30773032994d9b2aa5815ed19d1f91e37cef8e9a0c9ea0c2c29ffb64ecbcfc
55849.449781,120.198924,failure,06798101b9d5a1720b4d9cb521d87f5fabccf182fdddce9434f4f89dd6163aa4
55868.922027,212.976311,failure,841272e94398d43123788a68e6573e48553e471af3a106086a11f6bb64c631c7
55887.446345,122.559948,failure,ae9d15205965cb09063bef805a63826d8ba24eb1d1e34e685b301080707ad517
55905.886595,9399.301093,failure,4261c88e0907817284694fcbae313e951b825be49a47e74ff7ddec59ecb9eff5
55924.338478,93.232096,failure,5294a4d6582903c38c87d28e09db246421c5e4eaa087393db40631f618119204
55941.725844,8657.944150,failure,6d75670ff2968df7e4154f0ae981931b83fc96c7c41c63d3874d4f7de9f77da7
55961.199773,48.884525,failure,5ebb5a43d37a148f592f9f638a3e6a3dc0c8c49799506fd3e484589257d7b0b3
55979.105346,29.139531,failure,0f6309f42b5e5e1f0ac46b5980cdec048d2fcfc753ce29269ece14a847b7d07a
55997.582065,16.517864,failure,490382df4f6ef039194e2edf605630e1a5a18f29e2579f11692f769fd6ca274c
56020.346071,44.983708,failure,b0a69f5866521b877125cf2483114fec446463c9399524ddf97a56638075a956
56037.907633,20.610670,failure,45cfe02b2b64118ade7c300e686337de00c2370d14706b1b183f63fa01635edf
56052.802469,46.008951,failure,49571da5aa2faafc5b9568b9974546a851b272ae5f706b838f1a3ec03521f875
56071.589447,26.929578,failure,88e372e67fd5be2306b36eb5c62947e668199f117995bb8866564087c219eb95
56092.120769,29.693413,failure,2e7f14104a4352685116b63509e57f4251260e637b8f0c05aa53a9e108f0af7f
56108.663329,8802.854652,failure,ab091102171b3abc79a9a3e1ec8e65d848f29363ec669db8fe3d04edef53c456
56127.986296,37.335541,failure,f3c5ba5367ce38cfff2081a8eff4c3caf19811bde66fddb56985efae4aff0533
56145.561604,8837.952930,failure,824d75fb4574c9c2ab9ca50737c3932ce803c7527ff52f836163ba38f1d6ad04
56165.696435,5.824877,failure,dea80b4a3408793ce02ee253255f678780294f4d82177c9ec40b3536d4acbe2d
56184.445442,6.161564,failure,cd9639f9575ef573742a54bd9eb25a56c88bb7eabc95974f42e1390c9d0dfe19
56201.768739,23.268638,failure,e5aecc91d23a4f95b38fd90b1b687c4a8d44b3a4b03a8d22521571de6711cca5
56221.339138,8491.405809,failure,89905c203fe45290bdeeedbdd274e84138c4e75068d1a81ad3ac3e2585742375
56237.585566,6840.866361,failure,baba82cf450c3c58097669710757ceaf4e98496dfe2f2a6b5e6a3888a006c06b
56258.252440,5.311920,failure,7561ae4a4ba4dd25a5d8826dbac557a4037985fce834b6459eb867a2051804ff
56275.095782,4.837885,failure,e8b4a6e9a41879c99496a0d0d1e03178167bd8500772313c02709f76b83a0dd2
56294.552499,9683.072610,failure,0c41863fb189cc097c18fa4a84838710aa58dc9bb49a4c629419010ecb6063c5
56313.307857,9.184424,failure,54b06cec2447fc207faf1ace785de59ed1803c7c029046138b970929007d10e6
56331.322474,3.177477,failure,9f48a2436dc6f42ed17082bfd6d7e413a4d67faf653395182bbe36eba52c9217
56349.054814,3.451208,failure,5d68d1842005193c3bf20d6c453ce624eed96a571127212f768743091be760db
56368.010566,3.480243,failure,e07349e129994a2f89d550df99143493c85fd12c8241c7fe015c8df738d8a2e3
56386.010305,3.523152,failure,ef655de16d1c52a09e2bcbac719c99fc84e92cc5e1540caac67e5f1011e364f8
56405.272579,10248.988018,success,d2cac73716f6a4cb651eed8360451befbcaa425296c138042092626a66b24eba
56423.029625,9.472591,failure,208fb25ce92b5e0e6925c05156b4de389016872489631a5b2ffe9c5c04142a5e
56442.008571,2.467172,failure,3225cb09e51706d7fd9d9bcdbbdda15193f16830a75e6b322d41eb579888a22d
56459.966131,9540.377578,failure,a5cd57607447096e8f713213a1e1818a5e5b4a2ade7d13a0a157968fddadd550
56480.480060,9980.944941,success,065e36f38eee1226c1f6330f2fb2c9f9200a2772079a0965dc018cbfa172e1b0
56498.970615,193.547065,failure,a717e42922c33b0afaaafdf6228bbfbef4921ffed88032207fb3096875f49f5f
56516.465672,176.359692,failure,06ea33ebcdbc1f40ee4441f2d8124e95d5344cac750792119f0f97e6d8be8c1d
56535.960640,162.757147,failure,5d52a2198cae945d87957b6c63ad03ed859d8ff4f0b4b5cd45a7d8fe2b23f306
56554.494766,298.985241,failure,7b5172202fad30faa7c338b48ea9b610bc69b0298929363576f5f6813823731f
56573.134078,133.519613,failure,015049ba03ab3b8e73742a04f06809743e49275695a242e5d920c446b4d85e87
56589.582703,108.877393,failure,7836420112bc967c0614abfc46f411552819ec1474a48dd1b6358fb9a43fc95a
56610.022764,96.100808,failure,b03f1cf34bf4414bb1e87cf77aa89a97f8649160c3990690eff69ccad9b0292f
56627.509556,78.347579,failure,94467a7f911dfdee2d066ee72210a6460e14c21977bb8561130e1f40eaabe0c0
56646.945324,59.463160,failure,3c5681e77775d7081038bb281b00741c3406bbc85b4e13ae22bcba7b649aa216
56665.379804,9988.615749,success,028ca27ac1ab4843d86c1adfb254ac0a4b36511b40c631cc71deaec621255c97
56683.509656,9.639763,failure,4c6c2d06142f0829f577d5ec8c10b4d97908af2af54c755a9b969047c0b1dbae
56702.160128,3.343758,failure,e81aa2cec416e8ae02b1bd588ee4b506eb627f1872897c560cb698b2afa9cc2d
56720.111277,2.358169,failure,2c632d9aa07f64b011b77e1dbfe7a3c710df9c98f516013ea4d2884e816ffcd3
56737.960324,2.509883,failure,379cd64dab9cae4781feb5dbabe82e8b8ec0711c34b696da6d0c844b5d5672ce
56757.962308,6.611444,failure,c34ae9e7c856d1ab14b7eb92f1893fd1fb8154d0f69ada8f8a1d97d8c66b1d71
56775.106120,3.370027,failure,b6dc86c7babb7a3678dcff2b797a697a5fcac5113c8978d813b018508676728d
56794.001139,2.492169,failure,7e0f3f25fb47542e16571564b9886bb69cd412840a1d5b5759f6c3c83dfea999
56812.009764,16.497106,failure,49638d1aa479036af8b4508501934f7d5989d443c86e0db086bd8eff888d1247
56831.057167,15.427761,failure,83ae835a6c2e8912c75c56ef6845ee1df226690ede991172cd7b1a2c3ea3146b
56849.010960,14.482357,failure,6583ec016b3468f16dd55a664b56680a7cc3690b85e5a063b08ec3ade9dce840
56868.153541,8565.681538,failure,2c89688226eeda6af788ddfe22c7d394709b875fe614176cadf46c05e9a41a3a
56885.595519,2.995818,failure,80f02eaa85533bb33d633ad09a03c7338ab8abcf76ba5bc39b0b62fb9eb941ac
56906.110329,9558.762524,success,aa1633f2edfb47b2d784b5425c5d7b757c6784478955d24f8db53efc097ba182
56923.103340,8280.771548,failure,c0acde969f9714ac48fc049832fc20915f4030f04e988900b10fc215b9a48b38
56942.795075,94.722375,failure,395a306928ff0bbb9ba2d4fa0b328eeb9cc7cb46a3a4a94f97af658a2b64b6e3
56961.573657,76.242651,failure,5668301fab12946519c5c38e115ebf66ee3857aade1d655dcf2c57589beffa87
56980.119033,57.968651,failure,d72afd512f439299b2edbd16fbf235642bc4108f04b212c169d0ef9573ef2b27
56997.567063,40.775647,failure,9e681e4b1bac6fed058a4d75edf95413079c7b08bda29354a899b3d7bbc10a8d
57017.060558,21.544000,failure,9146542de7d0e77b8d919474130f90c347cb2676c596a180beab09702f3341e5
57035.002368,6425.499459,failure,0afff1ff9e3dc3fd1c368a173aaf91b9a61f5644ec5f32661bb2b78ac06e240b
57053.472544,79.247417,failure,eb9dbe685ec7f80ef873970d7a0574a40008aff08193556c20a1ac8f8e0b2f59
57072.969286,59.482375,failure,0e923c2cf52c1baea5f1b20f416ea000583b7c415ad45edb6115cbfdf89cc058
57091.423893,9376.037458,success,626c97d35ef55103d447a70008e2e63649f63019ca2af431db921e8e8829591d
57109.873791,6866.625865,failure,40dab54eaaba34e122b572cd548a889b962ea7b0519338e6b691d639f0260632
57127.593007,3.150537,failure,f4432a5b53eef84cbe5f02b9d27fbb2bbd17ebdcd5e51fec6f68af4abc3d73c7
57147.390850,25.826449,failure,6216ac7794629131a1b16c48b255792df5565a9d32dba7e14dfc3893b25cd3d1
57165.284971,7.242812,failure,1b4aa891e6530af1f32a0c083d671bf6cdc0d0fb8a4bbe9b94e01503f1915439
57182.721519,7462.043506,failure,ebad73653b279deeccce6df9b21ff2ac765f59b9ca3a015e3db4a275b89cc2b3
57202.332003,138.148497,failure,384c7fd8f785684d8eb69754cfe1883c6dbc52b7e6b2d0b6860990690fb20db8
57219.781836,90.033608,failure,e4e2ce6c18f4ebe83e465708e32a378c8ddf935d1a67fdea5f6047f38c2ca33d
57239.264310,7965.123224,failure,2c021bd76bf241c8f5745cedfa07ad0cbb7e1f3e290ec6822e3476daf40351da
57256.657127,53.562812,failure,ee080e4b131d0302e85d1c266d4a9df15c74560dee75691da0f2f6ac278153b2
57276.085220,34.483820,failure,4eca72fd6cb7bf76a94b30c12f09fc2618075bcc845b706209066b33b365c0e3
57293.502161,7725.977453,failure,a8910215f0b1f368f1881312d4f84f945fa0ff27468009f22466e6f352e449eb
57313.055218,3.787956,failure,3d5bd7c1eeb895f8141fd8e414ad03944d5b13caba190b2927d782374aaf192c
57331.338515,18.658017,failure,fa5372278aa145f1c622161bf077bdfbcf49e73252c82ce069ebc4641511714b
57350.475135,5.008533,failure,91365184806dee52199ca2b27e7eba50e4bb9a66f4a82fbc96994748d0f1c552
57369.401963,3.376188,failure,6c231f681c0bb487227612bd9e35cc10ed29a421e0618dd5bb01df945571a317
57387.764969,2.216606,failure,b854bc61330fbdbbcb718787a0c7fae6c86df00c6c201beac3cc134e1291339c
57405.977866,30.930120,failure,a544e168fabbf22f810e0114d16db86707320c07552350028332abaf9f9beb42
57422.723164,13.869884,failure,a04aad3d4c21cd1e631b08d212a0e421430178315e6c800805f3b71afc81c333
57443.050525,7765.442307,failure,718118a669de16678f9d1e5bec30402d5b8d4252c91f321a4636046bb31e1e56
57459.567067,6727.897488,failure,68ab4a4cd7a6c8b9cd86d968d7dcca3627dae28143cd218a3931eafda217b6d2
57480.070286,7724.555202,failure,c41e3e716e3e35115d0af7006dd9a4789b77fb03e19c4931d9ee32c0e6bde00f
57498.065526,43.086979,failure,cd79c690ae78558e6d13a69af69e571e48606e7508aff81c0958053d7d0cb5fd
57515.526319,6656.940619,failure,1d1901b672e74881aa9383cde6619cbd8e80fe3043b644d74e04f238a5ee9e53
57535.969626,15.057610,failure,3f8fb5b28032e63f7543ca2f565df2c9276ebcaa3e910561237db5c6a8f97ff1
57553.955840,3.758772,failure,f9e0f700323c8f6498b6fbd1189d3de8988f195e81002d9095f436f76aea6335
57573.066921,3.417516,failure,a3b2d5f7a0d151810c8d6fd1084b54bb7c594d005cf446d288f91120c756d313
57589.931362,2.512768,failure,841f99d8a0a45d671dcf8b92f5cf761c2b804c58a79ae01e6a9cd3c59f74bf72
57609.982107,2.493872,failure,177f80d3d1f94bcee35f530428c24c7a37b158031a91d85ee25155bc4f13311b
57626.973074,2.508580,failure,98e3f1a521acfef66ab493bc9f157d48835c119df609281c2e8410f2a2a7b653
57646.944761,7.813316,failure,2d0a068bcebb89adb6b249b0c55ee9e51eb8ecc8ed561800bf86a42a615feb33
57665.280537,2.614186,failure,5b6d12714eac5ff9089ef9ccddceed56efa690dc5025306f56f3618d819dfba9
57682.724589,2.727648,failure,8b1267f9e54ba9a06c2abf0a289e0d8cfa8121eea78b9ccbb403215cacb283a5
57701.945165,2.434161,failure,d9c8b0221def376e184ddace201172460988045ee9227fbc13aa90a35cc608e2
57720.866823,27.944130,failure,0be7e2532bad719bbd0713e748e6f9fc2b87c907583b2bc45103d64abfffa989
57739.408042,9.121015,failure,265b8f4ac2105b76b9051f274feb49feb537eac80cb34067660931be492f121f
57758.312538,4.181320,failure,66b866481faa75e63bb8fcb9515f0f8cfa2b65c6dc4dc176e32ad15f16742228
57774.950005,70.827479,failure,2dbf8f70f0cd7b95c82f0cbea4cf350460adce068a823afef4a274f782cbbab5
57795.459446,50.560069,failure,1e95ebb3fbe85f0afab303e912b21008034aff875b628eddd11054d34c6d0ca3
57812.905842,33.351096,failure,1af635a45d7effc5cf9afadb4bdebe26ab7df187a67f4be7a93be25725af4392
57832.304430,13.201898,failure,2632a7fe9464b14764d5bcbc6ee07a93b21b6a88a996b6c57faed5ba65673b56
57848.740130,33.232405,failure,298200ab80804c81b79501c72fa7fcbe21af38b700040b4393df9e8b19ffa152
57869.392968,7141.139416,failure,06c9c89a7ebaea895d4c973edef2eace80ea1496fe2d38eb24c09c988b55625a
57886.498949,13.035177,failure,3abf81c9fe62b75cd9a71e22d92a880dfdc5cc6f00ca0a9fa13711bfa1295012
57906.057546,35.711760,failure,cff8aaa2e087e2c643127f8cd0f2da26e34c6cc4cec9eb452d3788ff64e94fa4
57922.721492,18.781878,failure,ec2df5258ad7d95c7846c588dd2851487b79ff758cde109fdd663667b291851d
57943.193062,11.285242,failure,8d5a3424477ff567e2c97b92c1a2e834aa693a2a61b7794c359ecb830d42bb02
57959.967975,3.492907,failure,531dae3879218f87faf30a2244f1552290232b8035a27c76f62aad344983ef83
57978.924278,49.897965,failure,12d74ab45f1c9f07d3f8a4861d405bf9fb3d3880f4a69e4e1275e536ce8eec03
57999.417639,29.658337,failure,bbeca4ee7b112fc62cbeb44f2c8e4d855321190fef02dc12855b0287112751a5
58015.834073,12.709500,failure,8942faf04334ccd07ecbd6ee34860bc60f7fb9aae6f02c82ff71062c68f34ad8
58036.496760,8617.665704,success,f0a8815e074ea4b2b4d87b291d9a41d468374fd0c6b2cfb7cb34cf157b9b9bc7
58054.067438,7154.391010,failure,b8988be4bf3a5091bb01ead0cc2650f61d584b6e1acd846cbbbb41f1d23f0fd2
58071.512812,6341.030461,failure,0d28f300edb648a957a3fc66a34102dc0b7571f8ebf8673d3092cf898b99a6a0
58092.384919,4.162775,failure,804ef9ee5b05cbc8188d8ee3852cb21b9c15767f4bbb6b94eba3d3b146d0fdb9
58108.642407,5.907380,failure,74f797ff1b716c7abb3b8ae2ed49bc8dd190d99741c0c3e21ac5ae21e9b5a4b9
58127.555189,555.596071,failure,e463f43de6efab3cc88aa63e186b1f161386e37ded610753d468ceb109af9026
58147.059263,536.338938,failure,d0307bfa96a7825589066523c36cc4c6edeeb81cfcee671fa8bde8b12f2b9eca
58163.529038,520.100074,failure,0cef1a8e5ca8d5ec69586fa2d2d4e1f48b0e84d9fe216ad1f0352eeb059e1e93
58183.987142,499.864014,failure,711082a94a09746fbb7ffedc060b7052df770e3f438b9e1605375d565fa4da42
58202.424517,481.648102,failure,d256bb19bd6cc831b629d94ca6ecf959ed45eeab4399beafa7a7e79c179cac46
58219.841508,464.460159,failure,8abbb1182924e925cb507dbc47999725444bcab4e64a73688534e3c23027f613
58239.254203,445.270389,failure,e360f1f8d7b48aaaa5a258f3fce79bae0277618904f0e2f1aee5dc9bdcfd0969
58256.609399,428.132198,failure,651c64bc7fd832c065fda1cfb3dd41532fd768134a04b0adb7336700c5d245b6
58275.946772,409.017380,failure,4ece92e2787bbe664cd7b1d72819e314070a6b8f695f0a551184531060c35e58
58295.509487,389.672632,failure,8617ee05b3dcd29583138c2a2b92cbb2781948f7b5e605fea04d45006a0b3456
58312.956213,372.616144,failure,b2c4ceefbf007751fffc80cd9df1c91a29499709f30392095c15b9a0faa87a30
58332.395387,353.412980,failure,9930970a321e36deca1a6517de4352f557b880ef361806e0053ac51d9a600f16
58348.762380,337.271919,failure,aabd379bebe74691f701a8b658ee46f37806b0854e337dff32f4c58f24749b65
58369.212609,317.053202,failure,fd4484987b97a7cdfdbabdb7775aeb31a39907acda1c5c55d5f5f19c56a8312b
58385.624405,300.869241,failure,45763918bd9b163f4fa89815e9ab0a55bee083d4545559f17e99bba330724cb7
58406.070217,280.650442,failure,4de53e61d6d1227813311426f4abb8c0baff1070937e33005ec8a64bca8fb334
58422.501429,264.440232,failure,ae505e08c54e8f93d993c8cc8533055118845c642e04bb4afd011705dcaa3b21
58442.959003,244.201236,failure,40c20640345f907038b6129e3ca0a076ba4bde43311e328401ffded268e89a47
58461.410023,225.983131,failure,520ad2ce08c63272b1ed7b123b6bf52e2e7bacc0f2c150bbd166da4eedf80e79
58478.950856,208.669932,failure,5a4467e8566d5c29043c9432129d9124165edca20833c60591ef40910e319991
58498.434542,189.404764,failure,6a40657919512fdf7c83a7c186ea246054bf0dca7d95013234c532657b05d849
58516.876025,171.183552,failure,47d6215bd67b912d5b0d08cffc3353dd5c001d57e679aebce9929a4a78a9ba45
58536.290993,570.220850,failure,27c0cbd32af9319236168a17368a24a12d4442607a6447e6acc069eb7712de53
58552.627319,6689.949143,failure,19a3fdb779ca0fcaff8b8d40721739a69ab7f2f01fc68787ed1b689533eb8d14
58573.038706,117.192041,failure,4c376232f3bcea643fc737e653cfbb650ec047c268dfea27b64ef30969f85c2d
58590.432153,100.070612,failure,79d4777f164b66acf11af22dcebd3aef7a338220338cdf1b7a0959fee0d3d9f5
58609.845659,80.887005,failure,5aa648ada42918ce4c232631b91b9b2bc37aa570e5e6b9015f6e293f88f803df
58628.241496,62.714164,failure,96a038601a5f2de1b8c2cdfeb9ab941ebb723cd4e2656c6641c40fe629bfd0d9
58645.597344,45.585379,failure,f8755a988e65b1d19424d4a5c0aa1164a31a24ac3aa71975f46cb291d6323aa4
58665.006361,17.551863,failure,0cdd4034ae2204d636172bcec3b11440c7cdcb8a8b98d336ff56038e0e53652d
58692.977291,6775.507494,failure,03f38371c470ab7d5c69ef5e3bbb361558e295b192ca9954c0a10d4f85a86855
58701.556215,6506.972514,failure,27185f02ac0a4c38a46b364343d99015119f0a91433a1baefed2eaab9c047acf
58721.380868,6039.137326,failure,461859e5817032b1a2e8b04169b76ced8b294c1a6aafa7b7b01cad33ec6e7bb2
58737.903831,7229.057216,failure,5bf23a1d9341a41ba004e19d8355364fa3ab73df40274d292c4339775fa58056
58758.394997,6529.127498,failure,dc734bf57ca8fc85c1cf2bf5053a08bc1d0c0464ba7ce158016cb8e369fb2d05
58780.185877,7220.043529,failure,af8beaf74b2e549f625a5119c5fd645a96da3ca745893b5f25a4d46b8fbc5e3e
58797.634778,6479.834103,failure,4306f801cad9255054bce5c3cdc45dff7477d2f9128c0162f7d1d4eb699b7bc3
58813.068730,6177.458857,failure,c758b41f7fed5611e0381fb10112bf442fb6a366617497a44adcdcbb2ccfca8f
58838.305198,5.554863,failure,7bf9d427b87c821bbf3a54ead08fea3958c2fe3f60346ffd213f6eda96269521
58849.498279,6354.126592,failure,f9a083620338a2c0f005438fb11a78b87d45809073995e980387a914902939ef
58869.099024,12.401575,failure,3c22813530d49c380096ead00ce5098259a506227ca4bff8b458aba74beb616d
58886.512729,41.274236,failure,4835608f5617da7e648d3ef66be7b7e69dfda2f25998d43803c8d09eb46c7bc0
58906.077036,22.006262,failure,be84d7eaeded3cdef11834a4255c286c7a9fe38ab1c734035118133471df3b25
58922.529658,4.963409,failure,9f47f7e24a98f8e9ca29919850fe9d04eb93536784b44e409f4491eae7e97626
58942.600459,6962.092703,failure,edfea6f844e2e9f23c70a6f772a5874d2a13785d53e0b15284e93770bdcf725f
58961.219222,43.608922,failure,d9f3508826c89bce97771c7ac670827b77b70e168b0842f475e7d5f3c4cbef36
58978.707787,7675.123098,success,155717eaf6a9305376f84634e6ae5c1b2aecaa016e0a228119bf318ed75d8f38
58999.196919,6204.154823,failure,64a9ed49a86d953062289bec556b9e6a996cd0aadb8c5d1cea61efde5cfbd25b
59016.372179,25.533993,failure,465eb7580c1627ca9ced1a6a1dd4fb44998f2ff7aecd87ab4d25ff5133372b6d
59035.081080,5853.650124,failure,7685c468a12c8fea676d5c9446e761f09a5d0e2ec0040a1e1d1e874cfcc36df3
59052.690941,8.915502,failure,554f45ec55cee684048d05f15bf95bb33e3d4168f43670bc0d3e955393594ef0
59073.113820,55.151384,failure,f03eba1a9cd9a6d5ff657f09534679b14a2e0edd65023c17eac5086db641d7cf
59089.644998,38.877826,failure,58874c23eb993aae92e49221375b03f4b84ad3fab05d40f4560a6b052418a0d3
59110.072856,17.856702,failure,2599124f8a4b3ca760c5d0d83e5e7ba2d71c44715eba302078dd99c06177d6d2
59126.633810,29.100747,failure,d2fee48dc57c0d7beff74cec8a73afa891cad65e7114f86f7c2c4a61d32b2f37
59147.068872,8.400110,failure,14a34f9ad90a2f6355e6c09c307f0185168663f0847b64edf8a7239a74e32357
59164.202033,3.248040,failure,130849ccf367ca5c72d5bbe55948374109e0b2e39d808e23afa36ae3bb239d7a
59182.971788,8.520214,failure,9416dfad072b4ddfc77bd843a908316ed1cb39f66b92d6cc7afeaddc06994038
59202.479810,25.286482,failure,04a8ce07582a07abf56f97226c2014dabe21bf2807967473c45b530ab0bf8821
59221.006130,6389.793070,failure,a6a44b21bf724e1c6bcb385ee849358ac0f53ab8c63ffd57c5b36dc98d7696e1
59238.288851,6.192813,failure,50c1ddf05043e60b2ebf8763cc67bbc4a26df48a81ed77a4670ada36082a4e6b
59256.960673,16.519998,failure,01dbfd3dce16808fd07a4520f8fe56021234879973e3ec3415ace987c08739f5
59274.958738,10.524964,failure,a11226f9448239c790b7beb59641f9b8c6701fb0cd9ce07173f9b0f2d5bb7bbe
59293.952360,3.514106,failure,e3b6097167bc36d04f08f356ddd32b2ab136fc70b4637a58531fb44d089c364b
59312.936976,2.460039,failure,716bfd028e31377b728fcd1702b9c49b44354269f620cca63926493ff88b68c8
59331.858364,2.448197,failure,332bca120e0d422bca76eacf841591e8eebe34aca4dd06d1f01d201c8e7499ff
59350.049899,6333.517514,failure,cdb4328ec5fe7573cdfb6773ee483d866c190b301cad6d4343e3fb6d1d3ec0e8
59367.909076,7.619644,failure,496f49a7dd5b5be8f283194e5280d37aa26637428de9fcf9273e012ec423c2e1
59387.272848,23.611868,failure,d6249d17bed3dd4f67186e952ad06175c27516698e909c979a7bac745f8d1b91
59404.701331,7060.479997,success,918ea1bd65ba5fb32dbb3b44394c9e0280a58216c420d05a202f9422ea3b356c
59424.673278,2145.870756,failure,49352118576efddca7c7198230d130c04719d9b1a9db7aed2358a5821d546011
59442.813298,5864.678418,failure,420b4e9504790287ba4f8d22c58fc92316a26cfb678155357297e84194ede5a2
59460.697351,5539.023104,failure,f5832dbc9b9e70b1b58d837a2b4bdd3013a61e1826ac2b8ca2896db5a02ebac3
59480.383755,421.481255,failure,a5ba0fbf0d567e7ca06079b30962020a1c41fdec4da5081c9badd2cba73864ae
59498.545355,403.822042,failure,d01536c82bc624db06e21077c2231a38bcf00b0234b469875d81451a149b23ca
59517.060986,385.767882,failure,22dfacbeab7e9162458f07903dac481be717652db4f293dd729b84c6f6d4b4b4
59534.526057,369.082926,failure,f8c7d96fe9c0b4b136af36cb2f3861a9cb5604df69da5bd5d3f8bc8764ab0c8e
59554.025803,350.037107,failure,d147df8ab1e9305a4fd9cc8eb6fd1878355e1300ecfdfba95107697fadbfe908
59571.504630,350.969916,failure,9b424c0f1db88f0793d2774f1dbb3a63fc1e20ab49fde040213eed3c55325240
59590.946879,327.990779,failure,9e3cb83aad6bacd2b377ad6d90bdf303550b11fd3f9e92a9614ba0b8288f925e
59610.378037,292.919675,failure,09fa1576e388e00049b2656790e23622c43f2ac0c4376ade9b3efdf622204df5
59626.726786,275.392698,failure,378063d9ec7b09b291f4f9559460a323ebbe8dd311e34dc080a6bd325aee5b1b
59647.140768,255.460154,failure,9bb3014981734cf3b11408f9d7d32873bcdcf6655f2e5e8c3277bebad9e754fc
59663.512348,239.548132,failure,9a391435bd01d69c72b6210987eb1f969ae7253a189eb86bb391d3803eb8f801
59683.922483,217.616799,failure,e4c0b263dc604c0242422f2e2ac0cb044420a96a593bf7f2316a5a0c954df66a
59702.298604,207.929617,failure,93ee546997858a5d94d16d337be33aef1980daae628c76970c20a33d8c8944b3
59719.638160,184.198418,failure,756e85e9ca444cb90907243306793d2f700e2a336706662388017211390de416
59738.707514,180.475001,failure,668e0d4d751f5f1b32cd8a7e7f02c773146c20c9c886194d64d3916136fb7062
59758.381455,177.760187,failure,52051d7228b01374bebe78e5d90a84e2d97118aa22afdd2982a327cd07728cc0
59776.266439,5612.201541,failure,e6568aea29a66e179bc78503f3e7e1ed9948df498df5adb1aae6ef0921b6143c
59793.610073,134.235362,failure,de36b25104232af61319314114e4e89bdc5fac1c6bb1ac854d862947da80b65f
59813.001277,120.838901,failure,c382235c8cd7aa4f325149b32d3f91d5a96191f6acc4f73163ec043d57b42510
59832.383334,101.695670,failure,29637e46eaa5e37a8721f9fd6938d319f5798f60a84e1df1a483e04b3bc4bd97
59848.678983,85.652352,failure,2621d7b85935ea3d7ea9205145f18daa59767ac278bede2a29e869b14145051c
59869.056035,66.079630,failure,3703ed5eebc4a5d0d35c02dc11fec907b3c18e63e4df0cf46cb99b5068800ecd
59886.541965,48.363711,failure,f9f2aea5bdd48887fcd400c9ad33ac601f2aed9b348452074370d0a7f3c5ad49
59907.686990,10.937264,failure,9f61f8d4ef0bef4424e79c39e814eb29ac490357f07ac5f19ca97ecd7a3cdc5e
59924.012816,10.565029,failure,07a7d78d782b6045d75132ae377a3b8d3e4579a040bbbb2944329a1ceb82176d
59941.718245,6.751114,failure,1cac2f9d7596c05d37d6f9efd8bfa8b8611f7f1cbbc54cdb980ae8734290354c
59960.968506,3.487696,failure,c6f2c3bb30c4664ede2f6183109b839c49a220356627328178fa2272c81da841
59978.928389,2.486729,failure,d3dc446bf097f040b41988c574f930f3eb5dbbfb102b42f37d940aedbd753196
59998.880650,46.743308,failure,7037081375faa0d18a08c8e44b33606b240f422961a3180901cc5c45fdd5a935
