config,run_label,benchmark_label,block_number,tx_index,channel_header_type,tx_id,envelope_bytes,envelope_sha256,validation_code,validation_name,endorsements,block_classification,accepted_for_tx_mean,orderer_message_bytes
sphincs,blockutil-54-v1,blockutil-54-tps,15,0,3,0cca7ad9de55175ab62b9a96979bbbc74fda2a5b826bbb89aa44709d00a46555,19704,77b6da0293f7505f47d5329602e1611cd56a2f0ff0351fd811f7c45bdbd2a17a,-1,unavailable,2,ordinary_transaction,true,19698
sphincs,blockutil-54-v1,blockutil-54-tps,15,1,3,7e18b3d826338ee89c84a56896c3552d65cbb54e1f74a2ad251140b7a8ecfd0e,19702,1fc03a3f491e96cd033c5c2e6688bf6d5ad1b9795ce6d907c6802771aa5e25b6,-1,unavailable,2,ordinary_transaction,true,19696
sphincs,blockutil-54-v1,blockutil-54-tps,15,2,3,b65ba1a1e1db5d3e7dd18fcbaabe019f087a58888c90700e446153b3dd5080bc,19703,c21522bec848a8e8c1bc4eb091c3fad05170103c1dee460fc35eda0fc108804e,-1,unavailable,2,ordinary_transaction,true,19697
sphincs,blockutil-54-v1,blockutil-54-tps,15,3,3,ae6f0805a171a60ce66c0120d7c6966d2e9167a5834d2717830a08497c02ea24,19703,84d22ee2b84cc6d66428cd0a0cfc25b0af44d16508f7a5d9f3ab28ee3d7b43d1,-1,unavailable,2,ordinary_transaction,true,19697
sphincs,blockutil-54-v1,blockutil-54-tps,15,4,3,c73b1ffd5145c64adffed64876b0887d3a1a0172646f43000faa20d8fb5ba491,19704,046e4977fd1facf59fd9f776592d58360426ffd8049e6027041faf45737de7af,-1,unavailable,2,ordinary_transaction,true,19698
sphincs,blockutil-54-v1,blockutil-54-tps,15,5,3,8af95690293cd56824381592813e48f46bb444d067a8de0b4c724d3dbb2f4a7d,19704,4d08b171cea4a5681353e5731df6c10cfbc7ca8259ff2cddcca5008165e5bec5,-1,unavailable,2,ordinary_transaction,true,19698
sphincs,blockutil-54-v1,blockutil-54-tps,15,6,3,49c914220edb7bb5e94443b64bcdc4d5eb23cc551e1bf7037e541d5387e5d2f6,19708,95b2fffcf200093a835998beba8771e11b7586922236d27e270e62a57deef050,-1,unavailable,2,ordinary_transaction,true,19702
sphincs,blockutil-54-v1,blockutil-54-tps,15,7,3,bcd50f119f8956e352e433af682c79120f518c31d247746e6d93fe5ae3254c72,19703,7c7773eab6aa5b48b59cf9745f4b70d40a5c92502da2314a005569ddacc1b8ec,-1,unavailable,2,ordinary_transaction,true,19697
sphincs,blockutil-54-v1,blockutil-54-tps,15,8,3,439d01cd4f3fa06153d818345593c0c37759675a2553e4b4b46839259f8893c8,19703,02fcf761977154ae04a647270f4f3c00a601e679d514edc9e110b25c6c445b3d,-1,unavailable,2,ordinary_transaction,true,19697
sphincs,blockutil-54-v1,blockutil-54-tps,15,9,3,b457e3eda30e92cd40092ae57d342906108a1cb06065281501b17659b67f00b3,19708,cfa6acd8a7880ae0d4f8c1091adb813fec1ec272b3938c362b451ed3e85b17e8,-1,unavailable,2,ordinary_transaction,true,19702
sphincs,blockutil-54-v1,blockutil-54-tps,15,10,3,84b9c1c512b85223da15ac7df4be122c3489d8ea1ed5da3cfc3a656cec8d7a5d,19708,9356e21884c7c3a6ef903e26253ea8e624f0b8cebc79cd55fac9efa6ebc2fc09,-1,unavailable,2,ordinary_transaction,true,19702
sphincs,blockutil-54-v1,blockutil-54-tps,15,11,3,5cb82720af813f54747ccfe6777fc24a8fdd4ad4b36c0128c315945555b2458f,19703,add4ca5e2117d90a5e2551d1d2375633e1d1a56d567c09dde6d8bb485ddf5e78,-1,unavailable,2,ordinary_transaction,true,19697
sphincs,blockutil-54-v1,blockutil-54-tps,15,12,3,10408d2642c0f1a61d3cbb3013b4f17df2db744620fc6e99c26a7e5dadf8d55c,19708,ec17ba22d8504d91e6e5b5201dd3164fe23d93f28597e9ce4296ec8f006207db,-1,unavailable,2,ordinary_transaction,true,19702
sphincs,blockutil-54-v1,blockutil-54-tps,15,13,3,789d1f7634a820cbd429cbe1c03193c522c3684cd008f7e1ed1c17f73bc0ec61,19707,cfe9548f9e50f662de2a1abcdb130d557fbfe0690be51af4ffdd9194c074f962,-1,unavailable,2,ordinary_transaction,true,19701
sphincs,blockutil-54-v1,blockutil-54-tps,15,14,3,dfc3f3e6413decbbf61be77c2c9a17ca99278f764f98ca8fcf6ef0c888cda9fc,19704,ed8eb8db4bc9fb2a552d0c9942c9d85665c75bee47a818a3d18c7c72955eb38f,-1,unavailable,2,ordinary_transaction,true,19698
sphincs,blockutil-54-v1,blockutil-54-tps,15,15,3,d716084d7088ac05f29370f19f9db2391936694dac0067bdce03a920cf5a3e4d,19707,bdd64f9f646140f2ae47cbc570b3c388cbcedb3cd504717aed6d7bc9636bf021,-1,unavailable,2,ordinary_transaction,true,19701
sphincs,blockutil-54-v1,blockutil-54-tps,15,16,3,8fcb4faff9302be8967f91a6cd02cd24eabb5e66ac1316ec3a6e41db8fd11a3b,19708,6a0df852251cd2199200fbfe03b3cb28130e72d955799807c72624f7192f9c64,-1,unavailable,2,ordinary_transaction,true,19702
sphincs,blockutil-54-v1,blockutil-54-tps,15,17,3,3f056e988964784601d743d83b62b3f73fbde8aee1b4d7da60466427f94a6779,19707,61b979439b4aca7e5852343246494b3b9b76c31eeb8b924d1b6c4709da3c44fc,-1,unavailable,2,ordinary_transaction,true,19701
sphincs,blockutil-54-v1,blockutil-54-tps,15,18,3,c6ddb56e1837c934bd8ad0e1c286e52b2745db4332330e9a62195f470008e4c0,19707,2b266fc068dc26861821719bd2a7a021e659d2356d4b32660e8dbbd053bd1baf,-1,unavailable,2,ordinary_transaction,true,19701
sphincs,blockutil-54-v1,blockutil-54-tps,15,19,3,282d93d0b6fbead470ef46ee89caa73f922becdbd0f4631440d5b585f8944d2a,19707,15b85950c67ddb35546d46616848e9c4bef1b1758a947a98d03f016b26a75954,-1,unavailable,2,ordinary_transaction,true,19701
sphincs,blockutil-54-v1,blockutil-54-tps,15,20,3,d2e39b6cb96b8db910ced719542d1e20de7e9c135fcfbafef0902d95fee858da,19707,f61ef67ec33c8659e22a4318b43ea895bf03afa03291d6ef14bd8e49e89e3300,-1,unavailable,2,ordinary_transaction,true,19701
sphincs,blockutil-54-v1,blockutil-54-tps,15,21,3,b910ceaaa4d1d92a64857d9398e8f3e382a55ca06451a1aac7e56df5b3df0e65,19708,1cf4d7012ca219475c502d8a717c08487bf5963475fc308303e7ef5fe1c78915,-1,unavailable,2,ordinary_transaction,true,19702
sphincs,blockutil-54-v1,blockutil-54-tps,15,22,3,344562aab9127c8b938b39e1e3ab5a3cd0f6b9d5279cc7fdebbe4de9a79d1907,19707,99200bb259afe1dbdfae8140acdebe7b6d450ec31ea1291d29ca8fb8ecad5005,-1,unavailable,2,ordinary_transaction,true,19701
sphincs,blockutil-54-v1,blockutil-54-tps,15,23,3,cf86a5163e7527a07cbf66e53073e55544ca7934df1f057d883bbb2226b60fcb,19707,41f62c5d8f40a7974cbae35f648dcce3ede20882d832824f0009179c49119c0b,-1,unavailable,2,ordinary_transaction,true,19701
sphincs,blockutil-54-v1,blockutil-54-tps,15,24,3,d4094c4774f11f6c3f5ad4b1609f057b12b7f33089147f3df1fba5ae650371ab,19707,b23e766a0c68bdc21511d96abbd535442c1e19d49a42702a9deba1425ddaf5c0,-1,unavailable,2,ordinary_transaction,true,19701
sphincs,blockutil-54-v1,blockutil-54-tps,15,25,3,f1c3a0648854cd1e08427f143deb86ea45ee1b4088e66f93c463c47dd63c9567,19708,5ac27390a52bb7d9641928ef4cc94839cd224d71a8d803ad7bd363aab9eb8c28,-1,unavailable,2,ordinary_transaction,true,19702
sphincs,blockutil-54-v1,blockutil-54-tps,15,26,3,fcce856fa9bc01de2da0ea3093968bbb21b8522c4291d4c045a15e29727ab0a5,19706,5bb6c9ed2edc319ca6d4125e5b6568b0ae10dc97f7724daf103cef73e59025b3,-1,unavailable,2,ordinary_transaction,true,19700
sphincs,blockutil-54-v1,blockutil-54-tps,15,27,3,41804af1050b9d011265252d8760fc932d5251f4690490e4e7273ceb5606a780,19707,749f30daf29cfd077a449a560c929e8f2499fd4386c8cfd28e4c7e09562fd5b2,-1,unavailable,2,ordinary_transaction,true,19701
sphincs,blockutil-54-v1,blockutil-54-tps,15,28,3,e4853d948c7bde8c93b166c70fa2ba1963be534beb3b33e2f28909f9ddcf736f,19707,5444b6fc17e644ee907f3a24ecdef0fdf9ae0930db1fd72d537f421fb2bd7ffa,-1,unavailable,2,ordinary_transaction,true,19701
sphincs,blockutil-54-v1,blockutil-54-tps,16,0,3,6928502f989c47b816683730d08db686f5427a80ffbc164523e90a57ac81b9cc,19707,b4fc00bc65fb17574f875041009deb9d122e59ea76e4438cfd150dca7bec7719,-1,unavailable,2,ordinary_transaction,true,19701
sphincs,blockutil-54-v1,blockutil-54-tps,16,1,3,cc09429d5de6829f995fb5bb2b6640de7720ac843ec6aaa2c35030b96ae2cc42,19708,2e79060d91cb0538f149a54c991b1f672a5e0ea540534d73c6e0310f279cf47c,-1,unavailable,2,ordinary_transaction,true,19702
sphincs,blockutil-54-v1,blockutil-54-tps,16,2,3,417322e2b6c50d0437e0992ddbc4c8106500dcac8b7c6bcb605d7cad3b4c52a0,19706,a9ca429727e7bf9f0c99cead551f1e57e491415ee9e702b4f557eec3cabdd13c,-1,unavailable,2,ordinary_transaction,true,19700
sphincs,blockutil-54-v1,blockutil-54-tps,16,3,3,b47ac12d962ce457ed2d046ea1dc9c87c825b2c59f4c58b2e5607ee4aa51f59d,19707,ac94221dc44638f4e1acc46eed9c8d8c68198e00eaa478ba1811a23e83b3db08,-1,unavailable,2,ordinary_transaction,true,19701
sphincs,blockutil-54-v1,blockutil-54-tps,16,4,3,d9600306978d90f7d35c1b39307e93299b310a7dc26661d494bbc0d50f4b91a4,19708,e4c666ca806ea9f56a2c733b901bba74a43fd432660f0689f1877247947fd28f,-1,unavailable,2,ordinary_transaction,true,19702
sphincs,blockutil-54-v1,blockutil-54-tps,16,5,3,023f98e0b6daeabd021a455346027c5f18e35910df3a91c8e41a2ca37225e04d,19707,6a9f2c6346f1ec1ac538d053c298eb99e7069db46874af26c459d832b7292db7,-1,unavailable,2,ordinary_transaction,true,19701
sphincs,blockutil-54-v1,blockutil-54-tps,16,6,3,a51867b39d8491e7c09d88090406ca54845e2fb5ec151d6a3107a730b4cddd02,19708,360d428ebfd1ca2ec18a641956c8fb392da0939dc1d1c954f79eb238466299fc,-1,unavailable,2,ordinary_transaction,true,19702
sphincs,blockutil-54-v1,blockutil-54-tps,16,7,3,1078d7a3eb5b38f093119c642a217ddd583022954c8e1ac7868ecb0ce3904dfa,19707,2db9b208d6310ca67c410fd83e700b0b84518238d6a9d4a7c7b853b065792ca9,-1,unavailable,2,ordinary_transaction,true,19701
sphincs,blockutil-54-v1,blockutil-54-tps,16,8,3,a20a73f0c0e571dac418a490803c6feaa0402932490b07ab633bc68e91d38145,19708,f47a1b38609950b9ce1b1a220d2d27f96ff51a6ed03a991e29fe8d3ee0cd61f7,-1,unavailable,2,ordinary_transaction,true,19702
sphincs,blockutil-54-v1,blockutil-54-tps,16,9,3,2ad2ae9e2c32c1bd38a5186caadf5e7d1ba27153d01ac58c5d96ae51ae1f3575,19708,0f5a4f488d17c8e8ad6652544d93989e3f039478be3a0585789ebfb6f2e865b4,-1,unavailable,2,ordinary_transaction,true,19702
sphincs,blockutil-54-v1,blockutil-54-tps,16,10,3,f3f115c12cfa1b956424ecb2d956903bd47cfbf9328a277bc2987d9d055a92b5,19708,39f60c76b16656c05b4a882eb5e2558c7953a0bb1387c9133adec034dd074eab,-1,unavailable,2,ordinary_transaction,true,19702
sphincs,blockutil-54-v1,blockutil-54-tps,16,11,3,5f60b53738d789e464bc0f7ec9fa703e79963b131745a1a4f6f2829719243664,19707,bcc843d5cd0178c132da0493fec6ed7bb48e04786d591674e683ee43245acbd0,-1,unavailable,2,ordinary_transaction,true,19701
sphincs,blockutil-54-v1,blockutil-54-tps,16,12,3,fbd9ae853c16351598e9949a053367c06dd7bfca61aeace9f8ca1cdd23d7fd7b,19707,3b1514bf7ac77e4b6edd3851efce126b89bd557aa61a37581564f35751c6933b,-1,unavailable,2,ordinary_transaction,true,19701
sphincs,blockutil-54-v1,blockutil-54-tps,16,13,3,89f384f2748d481937a21503d0fda61e5c900f9f3debf7b19882cbd65105ef6b,19708,d8ebca4212d16ceb7908f9a5c33c4b589f5e92a16591083c7e3ec5b2bc8d3b9c,-1,unavailable,2,ordinary_transaction,true,19702
sphincs,blockutil-54-v1,blockutil-54-tps,16,14,3,9e9029b0cfb971f76bfd86803d3e4112a6495297aa59dbfd03c68cf11b0ec37b,19707,1022ac56053e60664cf727ca66ced72d75ce394c6f38c790b745c7de3656319c,-1,unavailable,2,ordinary_transaction,true,19701
sphincs,blockutil-54-v1,blockutil-54-tps,16,15,3,5496b775fe237b3e0d5ac3362190929e831bf3265456f79971e2a8795577564f,19708,c2eccf10adb84bc8899c341da9d6468eba644830d3ce3f3a787b94a36b5fd3f2,-1,unavailable,2,ordinary_transaction,true,19702
sphincs,blockutil-54-v1,blockutil-54-tps,16,16,3,938724c7e32e6ff08f72f98f316b9008b23833da480dda0b088e7091db858568,19706,450d8d0d75906e0c34077310b50907d08fad3a978f45ef24ba4bad632d58e581,-1,unavailable,2,ordinary_transaction,true,19700
sphincs,blockutil-54-v1,blockutil-54-tps,16,17,3,63aecc039102c8ab545d2ea3756e789af74f7fcc4bebfcc9162df83ae4c523c3,19708,9b4d9ac9ee293e93a92932ab1e4896d4ccfe369dc202db92858b13de493bae31,-1,unavailable,2,ordinary_transaction,true,19702
sphincs,blockutil-54-v1,blockutil-54-tps,16,18,3,b1bafa8ef03786938c7c97b66ea1e1f03a90f158fdb8a36310532c9629cbbf43,19707,94efa56ea91ba13dae6b496daeecbb0f333825cdb6d8e876d87e689bb160c191,-1,unavailable,2,ordinary_transaction,true,19701
sphincs,blockutil-54-v1,blockutil-54-tps,16,19,3,aea6f3dc06b28ff6e32c5a15214e4448c6ee69e426c93f06f1e4d78268b713a8,19707,36ef9093ec750c028411008efba1cd09ae9c2e0d8b531724b42762dc4432cc53,-1,unavailable,2,ordinary_transaction,true,19701
sphincs,blockutil-54-v1,blockutil-54-tps,16,20,3,c432ee40ecb230fd49071e99ceec4144572c897450e412b1eeb9405b0cc6f283,19708,e17a22b5558e7d6c8ad23a3c1916a763250a1091229b16946df5ebe61c3219e8,-1,unavailable,2,ordinary_transaction,true,19702
sphincs,blockutil-54-v1,blockutil-54-tps,16,21,3,3d6198a0944ec4ec094b1d897f81a1fa6c5196b40f95c0988daa1147fe39c45a,19712,15889e62aedb12587f3a8af20a1d24a6537fca231dce384c4152ba37ca14eb3b,-1,unavailable,2,ordinary_transaction,true,19706
sphincs,blockutil-54-v1,blockutil-54-tps,16,22,3,1b0e4876c0bd04473a23c79f410785c13a61682b7ccaa20424a17857ba958476,19708,91c6c9867a1904172c2d8b568ad54fc6774740020ca38b0d04587e41203fb617,-1,unavailable,2,ordinary_transaction,true,19702
sphincs,blockutil-54-v1,blockutil-54-tps,16,23,3,87b6eb312d0f1dcb81b7ca4a573d7f72ac22bc961eb770712b1cb058d12cdb0b,19707,0b041cab9dab780c6a3812fd0bd746f278b8fac8acd0b9625a56dba52817bcff,-1,unavailable,2,ordinary_transaction,true,19701
sphincs,blockutil-54-v1,blockutil-54-tps,16,24,3,029769aeaf3b6f00ed9424bfc1dccf73f2adb390b54884f09b2fda2351cd1d8d,19708,b1c5f247abeee19eb44c37c464b23cb7c8ba33640105211ad7f2f5671f2df0e7,-1,unavailable,2,ordinary_transaction,true,19702
sphincs,blockutil-54-v1,blockutil-54-tps,16,25,3,525252df712347c60753a637d18237a2c6057a5a161a5be267857174176ac450,19708,0f6d1a3bd66a2cb26f4734bab9883ce534a09a0d8aa23b85fc587785785353f7,-1,unavailable,2,ordinary_transaction,true,19702
sphincs,blockutil-54-v1,blockutil-54-tps,16,26,3,238785773a11e82b3e0a4c65f6bdbd20e394da743dfce8f0c7e1fff1617e99d1,19708,0223c02d866b6c4e88e319527c2efd9c0220808e590b6418fc3fb907e67087a4,-1,unavailable,2,ordinary_transaction,true,19702
sphincs,blockutil-54-v1,blockutil-54-tps,16,27,3,ad1656a081252e904c20d09037cd75c5dbdd3652db91eca239868fcd91255251,19707,d28d571bfe4363349bdcc88dd16914681cb682cb10f53ab857c626402c48e52b,-1,unavailable,2,ordinary_transaction,true,19701
sphincs,blockutil-54-v1,blockutil-54-tps,16,28,3,89b9c5a69b38b29de5635ac4f51f27bd93f7315e1c04c0df521f199701f51ea9,19711,b4959b0c737344e6f4ea6918fbc54a56a58a12dc3e864ceaa6cc968f55254c5a,-1,unavailable,2,ordinary_transaction,true,19705
sphincs,blockutil-54-v1,blockutil-54-tps,16,29,3,09f8bb185fd8c137ab224a827b0cc648931f0955b40bf074d6e5419aa3c44438,19712,ff6e9659991b58935f187d7d16a8e9db6b035ac1d66dba67bbf6e218518dfc93,-1,unavailable,2,ordinary_transaction,true,19706
sphincs,blockutil-54-v1,blockutil-54-tps,17,0,3,d7e39574649f14cd499dc0f6eedbe06b50010fc536f2c206c9bf8d1ffcc0b87a,19711,5ec5b8e17235e5c7c83d30d786b9f693e7795c48d15029119547686154116c3c,-1,unavailable,2,ordinary_transaction,true,19705
sphincs,blockutil-54-v1,blockutil-54-tps,17,1,3,77a5537694daa76e74ddb92e899975c48db077c57fee6b1fe6a527c8424f21ab,19707,bdaab83ece8acdf0c2ec4eb5d3f3aa13c376c3309a9939e7e017b62b84b0ad59,-1,unavailable,2,ordinary_transaction,true,19701
sphincs,blockutil-54-v1,blockutil-54-tps,17,2,3,1ca8388b5451b4c5675e8d717aee46620d76c81572d4701c469546abfa5b04d3,19711,93111ac8ace6b4cd50ae82c0891d1921b2012ece8b1ce1ef41e63cb298f8b79c,-1,unavailable,2,ordinary_transaction,true,19705
sphincs,blockutil-54-v1,blockutil-54-tps,17,3,3,d92aec42d47d015cb8e60d658ae147ecab1ab35c2c91449f94e99413eb204f0d,19712,aa64a7749242a0ee084dde911b5cd3646364e76dcfd70e29347e6a8401116dd3,-1,unavailable,2,ordinary_transaction,true,19706
sphincs,blockutil-54-v1,blockutil-54-tps,17,4,3,222fda4d946ab95b5435926ac01f10dd10fa43285624ac068ceecca292c1bb74,19711,8fe0c16a7a7a9974faf5d1d352187da4ec2a0d537f8298128b10f77012823281,-1,unavailable,2,ordinary_transaction,true,19705
sphincs,blockutil-54-v1,blockutil-54-tps,17,5,3,a0cd2419c8965b4a7a96ee4283b7f975c42ab2f5de69997b250c641cf8d38c54,19707,b911e050494f4a0f208e554c5d95c3d9dd05c12453250c803675375d04885864,-1,unavailable,2,ordinary_transaction,true,19701
sphincs,blockutil-54-v1,blockutil-54-tps,17,6,3,04ad49064661be3721f571fde746740778ed4fd73cc6f4cf3de7d02ad81abf43,19708,8fad1b856584f49ac018600cc3161d9d01073e025cc90b98f0830bb9e7c31338,-1,unavailable,2,ordinary_transaction,true,19702
sphincs,blockutil-54-v1,blockutil-54-tps,17,7,3,8635f2034481d1ed9a48fc5eab77574f9e3c55059c586aef9e19839b8d2506b0,19708,45b19b0eb3990b4fe80d74427521017b19669b8d4bf156913a8ba1bee3e4ea0f,-1,unavailable,2,ordinary_transaction,true,19702
sphincs,blockutil-54-v1,blockutil-54-tps,17,8,3,8af652a7783168462f89dea6a266a7b743c941ff20512f53e5bf5c9e6b43d7b5,19706,93896ebb8d3f79ca353678859265d27537363dcf0636c56210c6c4f5ce1c846c,-1,unavailable,2,ordinary_transaction,true,19700
sphincs,blockutil-54-v1,blockutil-54-tps,17,9,3,aff675da5a0a9e27ffa85ec2f2092298e2b0e5383a8c858147330c49921cd602,19707,9b5c6be3ef088848152223160208b372908fb592fa4cbafa4c165c24a831aa82,-1,unavailable,2,ordinary_transaction,true,19701
sphincs,blockutil-54-v1,blockutil-54-tps,17,10,3,bfbd3a1ea522d44affe2bf71a52d1b3577f0a09424c04bc4252207d64e1c3ccd,19707,0f0b4f4dbb3fca97d600a089eee40f92fde49ba732599f6df67d7f28e6cad09d,-1,unavailable,2,ordinary_transaction,true,19701
sphincs,blockutil-54-v1,blockutil-54-tps,17,11,3,30935f8a82982fb1a10af39ba60fde29b080688ef8bcae5619b83416c76c3353,19706,6b0d0dd04ed0fa65ef997ab459a9e8871741ebd9a19091bc4acb915b192ccf80,-1,unavailable,2,ordinary_transaction,true,19700
sphincs,blockutil-54-v1,blockutil-54-tps,17,12,3,9d9215d67f86ed120fe897bbb617f638693a6b5c1d60342bae7da8bbbc1960d0,19707,cbad01d2cfa44e2bf6d0d3c60ee45c3dcb8e6e80500614f94bcb5c5bf983a19b,-1,unavailable,2,ordinary_transaction,true,19701
sphincs,blockutil-54-v1,blockutil-54-tps,17,13,3,e78dadd0b53afbb5fd2706b6666d0033ac9c52f30f8ebc331a769d21b1a0a25a,19708,97c71a75936df27998ba3be46df18feb5b046aa12da1c306ad2ea48883b7d63d,-1,unavailable,2,ordinary_transaction,true,19702
sphincs,blockutil-54-v1,blockutil-54-tps,17,14,3,c7a46ae336299639a8c8d4a02998f8d61552905c328171944e8527212281b8e5,19711,cfc6406d779019cf083243f2b2f1a783731c0ee08c24061ceaaf3ba370f38a4e,-1,unavailable,2,ordinary_transaction,true,19705
sphincs,blockutil-54-v1,blockutil-54-tps,17,15,3,24edd7549e8c5193ef80bdda92319df61cb346a2f8aa52f7e676de8f467c3577,19711,f5c6d9ed51820ead98ae3baa9bda8d5c37847d0f06d6ca68ba5791f4eb6889e0,-1,unavailable,2,ordinary_transaction,true,19705
sphincs,blockutil-54-v1,blockutil-54-tps,17,16,3,f78bd7d7f3d77bf7d44fb4e0a7a3d2a5fc25f80c55056b304b2f47c7caecc6ce,19711,bb88c1a06ac62414dc56dd774bb9dbfab37fbd5c33952d4f4aad82a25c4daba9,-1,unavailable,2,ordinary_transaction,true,19705
sphincs,blockutil-54-v1,blockutil-54-tps,17,17,3,57b31cf53fe9820ba97ea71662822cc956e8c86dc4165891c06d6f9b3fdc7c01,19711,633ca29c71d0e9c939bbdf02a6095000b0a44276baeade598288eef5919d5b12,-1,unavailable,2,ordinary_transaction,true,19705
sphincs,blockutil-54-v1,blockutil-54-tps,17,18,3,856c4fd3069745692b1850408c41550c641404adac5f5f3de9dab02c65d2eec2,19706,62e73ecb885cd1e11b526ff4b2245ffb82872e21f59b6736423cdf74d068f395,-1,unavailable,2,ordinary_transaction,true,19700
sphincs,blockutil-54-v1,blockutil-54-tps,17,19,3,1a7724bb21c6a745d4dfef36cbb496725efefb86590f13b1642aff9818d224df,19707,8fba32d884c766acab54399b3a13f272e85023a6b524fa8212cb269b5ed34828,-1,unavailable,2,ordinary_transaction,true,19701
sphincs,blockutil-54-v1,blockutil-54-tps,17,20,3,0e2134880062842ef9e4e0665011db893493248e4ebc6a54885d346f5bd93851,19711,1b9772b6ade339d224b3c32938a719a733d4283916d28b38c5b6cd0350102e03,-1,unavailable,2,ordinary_transaction,true,19705
sphincs,blockutil-54-v1,blockutil-54-tps,17,21,3,61b8b9671dcb686ce960a2e1be2c7b5f80324c88ef8ab80270d303f2e0c6d0d2,19708,da00407c38a637ff8476faee8a6146c0367e0f79ff6f2a85ff791e6d0b4576f9,-1,unavailable,2,ordinary_transaction,true,19702
sphincs,blockutil-54-v1,blockutil-54-tps,17,22,3,bd20cc17ff0c0f703a8b4b884dcfb106a847e00396a3de9204b749414bc4d1a2,19708,0d01bf56fb4819d9f4144537d3501feeca3bcce2df39853c5b70b2dec27ef077,-1,unavailable,2,ordinary_transaction,true,19702
sphincs,blockutil-54-v1,blockutil-54-tps,17,23,3,4a8cf9d41f05903f462963ac424e266cc070c548ca297082e95c60d9d0880682,19712,2f8394365f61b3409512e416408de577ba74e63b8b14b357efbdd398ab1faf46,-1,unavailable,2,ordinary_transaction,true,19706
sphincs,blockutil-54-v1,blockutil-54-tps,17,24,3,52bebd0c557dd34cb0b99c6fd45b77818acc15b9e8720776c4df4e894ce0f6d3,19710,51fa0db0bca2a49211f412af7f86406000a1847872585e7e7dcd7f95c9a0135e,-1,unavailable,2,ordinary_transaction,true,19704
sphincs,blockutil-54-v1,blockutil-54-tps,17,25,3,7128afaab3a019b0c3c840848dd94ead48afef707fe4cc8217db214f5579f6bb,19711,c982f6b260adc7f7910848b90cc9d9073028335a03653ca5342a2015707e8635,-1,unavailable,2,ordinary_transaction,true,19705
sphincs,blockutil-54-v1,blockutil-54-tps,17,26,3,3cacefd1874307de0d74cb4afbe1e644aa2b54a871a144cec860a2c552b748e4,19706,b813a0f9cc2334561892a079f724e41c9b6f71b9ddd2cb0bb004665ddaa53287,-1,unavailable,2,ordinary_transaction,true,19700
sphincs,blockutil-54-v1,blockutil-54-tps,17,27,3,47cf5b6544e0c5b842372c712b58863a0c376cea1b26c22bd5af0c9af72e6ae6,19707,395c9ec961ddc8ab660f0d6b30911403e15986d104511ca6fcb4b7aa543ac5e5,-1,unavailable,2,ordinary_transaction,true,19701
sphincs,blockutil-54-v1,blockutil-54-tps,17,28,3,b3daf35c63694b5a7059af5de8a4085ed7bd8a66526711641c809b1a63013bcc,19712,fd6b2d7e334c39e09d927918274b99cb108ac9cf4192dc98f2b760087e5f3f94,-1,unavailable,2,ordinary_transaction,true,19706
sphincs,blockutil-54-v1,blockutil-54-tps,17,29,3,6943a158961b7b67df31e25647e38390962238eb4819c87274f63120f135222c,19707,afe74104823547442d09860c75d82da6f8fc086abe16d607b888f4d174f950cc,-1,unavailable,2,ordinary_transaction,true,19701
sphincs,blockutil-54-v1,blockutil-54-tps,17,30,3,6d670853414310fbf6bcb948a95c2d847f50e7fa1d4bd54bca865fd906059e29,19711,6198e3b8af01f56254c983f3add4e7b33692dd13e95c2ec0b4f57e40611f96cb,-1,unavailable,2,ordinary_transaction,true,19705
sphincs,blockutil-54-v1,blockutil-54-tps,17,31,3,91d49b239bd67584b0aa4d9f568c3bdccdfbd76ce6d7d85aa929a82c1ff41d13,19707,78b0e49825a2e772d8e59c4e7a163fd06afa407d815a10e2e43ad7011cd904b0,-1,unavailable,2,ordinary_transaction,true,19701
sphincs,blockutil-54-v1,blockutil-54-tps,17,32,3,64ab601b6a90cde6a9d3f529778a3fa1bf4f178e2929eece38f3fc5f6b2dab22,19711,e73210aa8349baca2b7287cbe83e309b7e3b5a7d60f60ecfcbaf979ffd0ba818,-1,unavailable,2,ordinary_transaction,true,19705
sphincs,blockutil-54-v1,blockutil-54-tps,17,33,3,8efb5ae60b8e6c19339be23c967d0fa633b7b572f7bf81fd680f27bf500f2d6a,19712,27679794a683b24e3566eec4df8308b51a0387d97795c6f9ba90938ad19a0710,-1,unavailable,2,ordinary_transaction,true,19706
sphincs,blockutil-54-v1,blockutil-54-tps,17,34,3,50309579cbc3682029626edeb229913f0b3157a5862838bd1c2b574ca19e911f,19708,911ea7263954a3195aa75b80e0c39df30aeefd6cd1c980d149deb2771e89dd9f,-1,unavailable,2,ordinary_transaction,true,19702
sphincs,blockutil-54-v1,blockutil-54-tps,17,35,3,042ccf7961d23802cd174e3bd9db2cb8c9c98d932a9fb0482b982940bcfb0856,19707,6f27b87821f7df3c116184f9369e66beb1c365e2400caedeee39c621b9d0c20c,-1,unavailable,2,ordinary_transaction,true,19701
sphincs,blockutil-54-v1,blockutil-54-tps,17,36,3,fcd4dc2804384715fe9b6c896503a1f0d6dd45f163f0f6b064530631b242f4f5,19710,3e4a23e281d128e9ce6e8677e127e2cbe25641c46a7e784837b6c7db26e8ad9d,-1,unavailable,2,ordinary_transaction,true,19704
sphincs,blockutil-54-v1,blockutil-54-tps,18,0,3,7f3bc3057db163cb5a0705c4147369b205c26d22a6c03abbe8fbec8c74451526,19711,612e76cb593a3d09c59e9a49e57187bbf698f7453ae3264eb666f89711ec6dee,-1,unavailable,2,ordinary_transaction,true,19705
sphincs,blockutil-54-v1,blockutil-54-tps,18,1,3,1c12cd467d81ca003fb1598cc0e410cea9f37995f6b67171a8608eea4e998d0e,19711,f4de0eb5f07262f89b04c8244e2191481e45f7d7b92eeade6d5fdd05b90f2073,-1,unavailable,2,ordinary_transaction,true,19705
sphincs,blockutil-54-v1,blockutil-54-tps,18,2,3,236231c29c6744f54bef94b6a74c2076247a5b8a11d0ed07459b20fa53d89998,19711,156bd7f6c344103be870e4f82777e076b0f75c67d5a3fa417ce009f70cf15492,-1,unavailable,2,ordinary_transaction,true,19705
sphincs,blockutil-54-v1,blockutil-54-tps,18,3,3,3c31bdc724c677314062ed881971b91ce29d6e2cab4a4d727f6cf103d0f37925,19707,d67888940b89bf9a7180dd95234b5b31d46197f876bb335a3e7a5aaa1f47f59c,-1,unavailable,2,ordinary_transaction,true,19701
sphincs,blockutil-54-v1,blockutil-54-tps,18,4,3,6730ee97cdfa1b9eba48b30df85485fd7a53c5ae266e9371064606c5cef10841,19706,b348af1dd813d6a24e09104380444793e963ce9372c03abee8e38272ae280582,-1,unavailable,2,ordinary_transaction,true,19700
sphincs,blockutil-54-v1,blockutil-54-tps,18,5,3,419600c012bdf735451b9da8d3fa21487b9dc1168f89d977a1a460dab60e3429,19712,0f34da7088732bab1055d84a482bd0248072491547fecae265975861b6cb8739,-1,unavailable,2,ordinary_transaction,true,19706
sphincs,blockutil-54-v1,blockutil-54-tps,18,6,3,eadb6372a2cbaf623ffacfa4e1c1f9b9c6941463fa44ff3551a31df09bd23ea8,19711,b8f93cdac30d577682e59d38ea49e47822d09ef2a12dd0d8e1f00d5175cbe5ee,-1,unavailable,2,ordinary_transaction,true,19705
sphincs,blockutil-54-v1,blockutil-54-tps,18,7,3,039317d17c3ca8e1f66f818593f83cf6adbd3a385cc8a4211b22fedbd745cbab,19708,57a2c05c975754bbf96a592033b1c240d147a9d2d71a78d7fb29d3689fc48c0c,-1,unavailable,2,ordinary_transaction,true,19702
sphincs,blockutil-54-v1,blockutil-54-tps,18,8,3,b936d026eac4633afa4e52a64909ae582cbca549da6a053f11c84db88e85b078,19711,31f78e9619ac3f7aadc050c9a0b548b19718c72c8784401a9b927ffae9d5501f,-1,unavailable,2,ordinary_transaction,true,19705
sphincs,blockutil-54-v1,blockutil-54-tps,18,9,3,d490e6301402b83f3742fc67785c3233c066579e4ff4fc6a1434f7430a3b893f,19711,836b6716b2096f932f2e7789564f226ce8efd44ae9440e530e48356b4d881de9,-1,unavailable,2,ordinary_transaction,true,19705
sphincs,blockutil-54-v1,blockutil-54-tps,18,10,3,173f6fe62ae394f93d40538b42cb3bb469111cec8e26d2f46af78d62fe68afe1,19711,296dc4c1777973b3c41b6c4a87c0cc67d5e607f87110125d851936edf6bc9bf7,-1,unavailable,2,ordinary_transaction,true,19705
sphincs,blockutil-54-v1,blockutil-54-tps,18,11,3,a85b733754f47a77ba23d18a53baeebcaaf977130b7244b8274ff937d2be82ca,19711,13b36ac78effa7e36d3b7b49fee42bf4df99050e4fd2723760ae6486f8cc6ee6,-1,unavailable,2,ordinary_transaction,true,19705
sphincs,blockutil-54-v1,blockutil-54-tps,18,12,3,af59ba5fb994a78bd33a752f6e6759898361f1cb8972bde231c9c44ec06502b2,19707,b5d1074e84493777732408966b9f025c3e1e1cb078a18f07d4e13ce3f7334975,-1,unavailable,2,ordinary_transaction,true,19701
sphincs,blockutil-54-v1,blockutil-54-tps,18,13,3,056516159633ebd446e380a4dd07ca409a368e95667f4ffa8da9604ea5723f5f,19707,9f1278744ef1541090c8f7837cc088bc95750ead8b0b7ff091a25c7cb380c86d,-1,unavailable,2,ordinary_transaction,true,19701
sphincs,blockutil-54-v1,blockutil-54-tps,18,14,3,ba7e84d7d578a05bbf716fabf3f260019275f1e3fe07cf036078ef2ebf2b18ea,19712,cdea25e0ea93575e8850cde938974dd1e167dfd7f9b8cead4cc2724b90f89a4c,-1,unavailable,2,ordinary_transaction,true,19706
sphincs,blockutil-54-v1,blockutil-54-tps,18,15,3,7f9fdfa56f3d09641bc65bd2c0e9c4467dcb1a1c0087acd0ee8b14112ce03b6b,19707,5fb807d29a28001a90e2b66f55cf74ef80d05811eb704f46ee2b0f479c022ea4,-1,unavailable,2,ordinary_transaction,true,19701
sphincs,blockutil-54-v1,blockutil-54-tps,18,16,3,c0cd251354135f0a85c66bda46b8231eba1c07fcd11721560017ac3e43c93cc3,19712,2ae9a56fb31beabb095c544644365db234787d5f56ad8ef8925a274abdcbeed5,-1,unavailable,2,ordinary_transaction,true,19706
sphincs,blockutil-54-v1,blockutil-54-tps,18,17,3,6c54bebec8e253a1ec348dc7c58370997a3a9c4fc74d28dd4e706e9d318f7e9c,19708,d8ca1e6e3122ef21363a3ff74f345cc43ce215470ba9bbdfb88ff67784771940,-1,unavailable,2,ordinary_transaction,true,19702
sphincs,blockutil-54-v1,blockutil-54-tps,18,18,3,841a04e838ec70db3b7123ac98322e58094ff10211cdc7fd9f051d9233a42054,19711,b5c62c7c6916905639cc181ab09843de30494f4097bafc2ae67a19490458b8da,-1,unavailable,2,ordinary_transaction,true,19705
sphincs,blockutil-54-v1,blockutil-54-tps,18,19,3,f6e4e5b28ec0c92344b73ea639ce31fe48a0263af9448d0ec2f97c7ee2df8cb8,19710,816e888a0ddacf7081b431eefa0a7a8a3eae5bde16d4bffb9053cf2858d73455,-1,unavailable,2,ordinary_transaction,true,19704
sphincs,blockutil-54-v1,blockutil-54-tps,18,20,3,b78f73eaebf5f096b7e2fb2b974da5ef99e8de9ed180c00679c3eab517e93b00,19710,7ecf2fdf962a0ea674c695e643fa76156298544f8acb25bc5eb1c4bc1f1483ae,-1,unavailable,2,ordinary_transaction,true,19704
sphincs,blockutil-54-v1,blockutil-54-tps,18,21,3,3ed1573216340848929c2f63096e79405b26707666add7778269502651ea7edb,19711,2be54f7437bb7642f4a4dd08691a3f8d5f51eda177ccfa686805b590b8cb35a8,-1,unavailable,2,ordinary_transaction,true,19705
sphincs,blockutil-54-v1,blockutil-54-tps,18,22,3,4960e3d5890f1b1b1fc128647317a1f12bf9f3975bedbf5fa5c45e2d4470e29a,19712,4fb2a2bac08f050156916ab6d2b1a7afeef147ab98208278633136541b7c21d8,-1,unavailable,2,ordinary_transaction,true,19706
sphincs,blockutil-54-v1,blockutil-54-tps,18,23,3,96fa2f81d1e45a14c0ce3ae223bf5f92949e2b0945c293a825f7292a3c45377d,19711,6d36e263a3d03829f0457eca5fd7ca2a90dc35c177ff3912444c208120761781,-1,unavailable,2,ordinary_transaction,true,19705
sphincs,blockutil-54-v1,blockutil-54-tps,18,24,3,5da0fa9c7d30a9972e604bfb8d1292633aea9e01005a3150abe50572c5cacb7f,19711,346fb3079baed190f68c4bb9dcff27de284221c6a842914a6ad20972a44b6931,-1,unavailable,2,ordinary_transaction,true,19705
sphincs,blockutil-54-v1,blockutil-54-tps,18,25,3,048e710fd16ac14f0fb00fe13d1f95f09eb5ef03ed6ec0657d495fcb24f66d58,19711,927c2b01ddf6333e103e09546e6a0b1e18bfedca2198c1178743ed86df806f77,-1,unavailable,2,ordinary_transaction,true,19705
sphincs,blockutil-54-v1,blockutil-54-tps,18,26,3,ffcfeb3dc09f48873301ea37298877114d770efa0656b380d18b6e884864ff4a,19712,8e85b7628d2fccc0b9cd344e414e7e7b7d2d5969eb0b0ef4846ab24fb8b386c5,-1,unavailable,2,ordinary_transaction,true,19706
sphincs,blockutil-54-v1,blockutil-54-tps,19,0,3,2cca691a2b9747300cebdb5ac9ba118ef232af29a1ea05a30d97319c756a86f0,19711,f22123dc058112e95599e5506cd833d8c5a9f0a9302967b19d6fc16428b3633f,-1,unavailable,2,ordinary_transaction,true,19705
sphincs,blockutil-54-v1,blockutil-54-tps,19,1,3,e222bb95a5c03da38594930d781247b51a5fb0b739746ee8b88331370c2d65e7,19710,fcf7192435d9edc2cfa4c669953260c02f8e18837b891d38f35aa98b7c7613d0,-1,unavailable,2,ordinary_transaction,true,19704
sphincs,blockutil-54-v1,blockutil-54-tps,19,2,3,a9db45c758afd28af097440d0d88c2232b9cf44c7524f54196e084ab68a3ba83,19710,184c2fe2ed164c806211b212b75e21197fd775967e69c49817c9840737cbf9cd,-1,unavailable,2,ordinary_transaction,true,19704
sphincs,blockutil-54-v1,blockutil-54-tps,19,3,3,9ba26e76a3c35593ad728d38bcdb1ccd4cc4f1ab3607e5536316b0175841a3c9,19707,621af798b53a3deee0ae2895a3dc2623eb2fe2cd03e1c760371b74d0c6a9163b,-1,unavailable,2,ordinary_transaction,true,19701
sphincs,blockutil-54-v1,blockutil-54-tps,19,4,3,25355c7750f576be4826894cabdddcf71cb0e3405ade4fcad38aa142069fa15d,19712,7188a394f16cd20a288f2979804769d16d7d023b94b7537c7e3e3dc90926fa05,-1,unavailable,2,ordinary_transaction,true,19706
sphincs,blockutil-54-v1,blockutil-54-tps,19,5,3,8f1964cafe96fcf3b9914e7ed5f6b3f113f67c5f97b0aa5f1d982a64b5aa14d9,19708,bc67eddd320a4ecf6114f4e0f629742b88e30f11de0fe1dbf44987f24e08e737,-1,unavailable,2,ordinary_transaction,true,19702
sphincs,blockutil-54-v1,blockutil-54-tps,19,6,3,2f8df23d99a498b06c26cb9125d94505733f4b0a4272cdc2b891c215f5a7b53f,19712,c3e3873273ad87c8d4b73518bf7410dbd0d66223ab338114bec01f5c2c340ac5,-1,unavailable,2,ordinary_transaction,true,19706
sphincs,blockutil-54-v1,blockutil-54-tps,19,7,3,1dbc1fe8ad0e06a8e37fc634d4f160f1df47b23ebe26d5cd425f1f3ffc904dcb,19711,967225280ee615346112dc84b110ef7c50d529b3237f37774f4196d6172fbc67,-1,unavailable,2,ordinary_transaction,true,19705
sphincs,blockutil-54-v1,blockutil-54-tps,19,8,3,2e7eef32838a9af7dd034f945033b5812eb356b420d62054d3bba786dff7e4ff,19712,6c0897dad37c001ac6b7e8df3280dcd3010a6c2d0d38384b99e9f81b30373f4d,-1,unavailable,2,ordinary_transaction,true,19706
sphincs,blockutil-54-v1,blockutil-54-tps,19,9,3,e0f9cd237e5a23dfc1799bf279c004063d2078e20b3d428acae13b1842b18cc1,19711,df380be41f895f4b868d16c22f12d5f9d5d9d729fee6b800717dee808ae29100,-1,unavailable,2,ordinary_transaction,true,19705
sphincs,blockutil-54-v1,blockutil-54-tps,19,10,3,3396c333e49ddc2954b267911593f7f136dbcf1b416010de155f3168a6e3caf8,19711,af35bd0fab42c81c65974cb32f7abbf24a96802e091ae45215546707e949f483,-1,unavailable,2,ordinary_transaction,true,19705
sphincs,blockutil-54-v1,blockutil-54-tps,19,11,3,be9691dd14875ef8f2e21b32fbec8ae89417cb6369a2df7be9584b0e1a744bc6,19708,1b359f8fd71f6ac7176f4c0d0b26b81097da00fe5cb9049c4bb4efdf7b9a9076,-1,unavailable,2,ordinary_transaction,true,19702
sphincs,blockutil-54-v1,blockutil-54-tps,19,12,3,cefe818e2f5d2ac9f8b381f5f7b4f63c7836621962ea5c1117a6cd243e70aa35,19708,ce4d1550f573a56de90c2f48ed60fc5636124b468e8002e2fa3591c2402a7a4f,-1,unavailable,2,ordinary_transaction,true,19702
sphincs,blockutil-54-v1,blockutil-54-tps,19,13,3,8f7b4da86aeeaeabf3487137e9744e048f5c56b6a7aeea5920be35fe9d71396b,19711,29fab562ca64cfe667d9936c05edbf5c91e5bd719b4346b7c723be883e6fb133,-1,unavailable,2,ordinary_transaction,true,19705
sphincs,blockutil-54-v1,blockutil-54-tps,19,14,3,c9dbcc3929f7df13d7e4bbdfb88c4b33db4dc3a64e43e8d466600f5a45aba568,19711,f1231a67f788c953f93492405bf9b378501b90e9fdd71556577ee35b2e16023a,-1,unavailable,2,ordinary_transaction,true,19705
sphincs,blockutil-54-v1,blockutil-54-tps,19,15,3,e3ea003faa1e7b17e937c22ea5e48ca8fa855ed2760c8742b9909d50ecd6c8bd,19708,ce3151b50d5b5c8296dac7165d26f4b80b26fe43dda698faaf2f9b7391dd4fc2,-1,unavailable,2,ordinary_transaction,true,19702
sphincs,blockutil-54-v1,blockutil-54-tps,19,16,3,ebf9fd8893226b43d85819dd7534984c255db89919354b98b6824691de65c74f,19708,c8d2a5fc33a05ba2dda5845a21d1753ffa6149e04ac7fdf489887c94df2a9990,-1,unavailable,2,ordinary_transaction,true,19702
sphincs,blockutil-54-v1,blockutil-54-tps,19,17,3,fa59dd23d318039b1494add02fb31df97fb90c380cfc5eb406ff6dbf6b9eb614,19707,262194c11d9b0155ace2720d3f9b32fadfa9c1768f48e2b956548295bbce380e,-1,unavailable,2,ordinary_transaction,true,19701
sphincs,blockutil-54-v1,blockutil-54-tps,19,18,3,71ae0202b7b678c24b6288546fdbf479f0f868fd62dc9b7f0135ed9768377fb8,19710,24d71750a481482a28835863683127fc54b2cfa3e9e697f70eb93f87683d13e7,-1,unavailable,2,ordinary_transaction,true,19704
sphincs,blockutil-54-v1,blockutil-54-tps,19,19,3,7035e7b0cca3aeddc09595cdd49fd01a11844d44b70126b0970b79a12bdfbdb3,19707,2d26c772dfca9f8592ebd5487e24cca5a022b72ce8b64e648350bfaccd046ce7,-1,unavailable,2,ordinary_transaction,true,19701
sphincs,blockutil-54-v1,blockutil-54-tps,19,20,3,618d4a26ac8dc31a6a64488785ba0271ebf7c6d2f27d4830860e7938fd30e304,19712,cf1d39e5ae262b226d5c3c9c3219e0abdd0721afb4b169c2cfc0e2d9fc4ed3be,-1,unavailable,2,ordinary_transaction,true,19706
sphincs,blockutil-54-v1,blockutil-54-tps,19,21,3,9f5555512611c09d1c3b9ebd6d4f9d28035151899caa8892190bc927f71d8bca,19711,a8b9a0ab35daa132f8af8ab17c4edb528674e90a011942c6b901c2e139e66498,-1,unavailable,2,ordinary_transaction,true,19705
sphincs,blockutil-54-v1,blockutil-54-tps,19,22,3,dd8f73f958b1545d04e6faeae55dee795720be34910653b425309b0732875670,19708,faa7fce12f7b8e49b4a6f64ec8daf8fd892f742a948b7e4307b186f8a37e60f1,-1,unavailable,2,ordinary_transaction,true,19702
sphincs,blockutil-54-v1,blockutil-54-tps,19,23,3,2c06c276faa6747df6eb7738ccf58b6d1dfa4c979f6583b1e9575ff0fdec9b82,19710,e44c5c5f4082868d12a4fdbedf3c532e93ab31b3fad3e5cf684fe16f09c296d4,-1,unavailable,2,ordinary_transaction,true,19704
sphincs,blockutil-54-v1,blockutil-54-tps,19,24,3,9178f4b94c74df57af77fdbdfb4550258723202f91d67907bc19628400133347,19711,018640dbe057876dc0c469e7da9f1e962d4f051caa8b5ac22fb8e339079eb912,-1,unavailable,2,ordinary_transaction,true,19705
sphincs,blockutil-54-v1,blockutil-54-tps,19,25,3,4eb90808afdd4520228f1eb583b63d8a04485c95bd5cefecb4620c3c50b455ca,19711,e3ffa6323dd72577315ac8f8cfc3802243cb5679accaad28534ec2dbe2a620e4,-1,unavailable,2,ordinary_transaction,true,19705
sphincs,blockutil-54-v1,blockutil-54-tps,19,26,3,3d60176bb11ab2dfff5c9c34e7a12ec8bae99b301b4ea75c28b5ed4c49e3ac40,19711,eca0ec0d5ad7cf0547fd6650d452525ef18b98d00afcd7b3139a31e08fdb4e75,-1,unavailable,2,ordinary_transaction,true,19705
sphincs,blockutil-54-v1,blockutil-54-tps,19,27,3,078364774479c3ee00b484ee034774ac378cced1d81ba95d2da17d8811ad12e6,19710,27bd5ec1e641e582f1ffb4f620862643d2a925b98a7371505452481ec225988d,-1,unavailable,2,ordinary_transaction,true,19704
sphincs,blockutil-54-v1,blockutil-54-tps,20,0,3,b6d9db277ae9c42bc979181e0586c898a8cbc03f07dd5f333a6a65252baf9a69,19707,68b54f167b743afd073e5f2098bb75113df37e0de9db8c6ab55d9c7d5ba2c95b,-1,unavailable,2,ordinary_transaction,true,19701
sphincs,blockutil-54-v1,blockutil-54-tps,20,1,3,4a0e8dec9468dfbbc5e7625e159937a0cd4b931b7c9697b76d84a3d31e20ee65,19708,f627f84060ae921fedf250fbb4ab0ba0b73598e82f2d9f93eafb7e422a988ad4,-1,unavailable,2,ordinary_transaction,true,19702
sphincs,blockutil-54-v1,blockutil-54-tps,20,2,3,0c0d96ec5b2022273d396640a2158e909b0d3c516efb2c886606e8b7e8621ed7,19711,9ff2a41da607e0aa729ef16eb41ce5b7e0ba7d780bf6795e66e0156526fb91f5,-1,unavailable,2,ordinary_transaction,true,19705
sphincs,blockutil-54-v1,blockutil-54-tps,20,3,3,94c12d397624c8328b5c5ec864c0b148dbe4dc36ed710bb985d60ee41ff64a1d,19711,e38665df4bacb711c1cb5f0ca9bcf0ebda232c801f61600ce310c69fbf6c0892,-1,unavailable,2,ordinary_transaction,true,19705
sphincs,blockutil-54-v1,blockutil-54-tps,20,4,3,7568f35ec8c683582271bc28e9e8d7b28f5ca5270cb5872cf9197f6bf502b432,19712,5d3d3e6be928591a2ead6e8a431af77319466213aa586128d700310a0efa33ed,-1,unavailable,2,ordinary_transaction,true,19706
sphincs,blockutil-54-v1,blockutil-54-tps,20,5,3,56ffc256a4cabc37b0a46c87e32f454e54fdf1393f103fae3a24b5ffe930585d,19711,4d76a273e787c52f5dd5355f5cd14588637147b5453f2a4d5a45d4ffa08e12ff,-1,unavailable,2,ordinary_transaction,true,19705
sphincs,blockutil-54-v1,blockutil-54-tps,20,6,3,f857b13e2818a1bfb0b31f8c7191a86e5ca4fd63a81cd7dc7b521e5e2428713b,19712,edbbb2e20d0d7057ff6857c2d8a2829443fdb88b3211e0ef1c244b40a5a9dcd0,-1,unavailable,2,ordinary_transaction,true,19706
sphincs,blockutil-54-v1,blockutil-54-tps,20,7,3,c93489c1e8620e2365ba52b226a4e71af01880a9163eaaeaa53c0c808f12f910,19710,80494aa8c73ce6506ddf89594eac44046353e51579ce0f974fa59443d37fda4a,-1,unavailable,2,ordinary_transaction,true,19704
sphincs,blockutil-54-v1,blockutil-54-tps,20,8,3,2395407abc3249f89c865afd4c35b8226d76390a7c980cae4312f8b93249851a,19712,988a7792dfef20be5ee25a317c4a975d0551d1b08f8e1c7722854679f0297b8f,-1,unavailable,2,ordinary_transaction,true,19706
sphincs,blockutil-54-v1,blockutil-54-tps,20,9,3,0afb649e04d3c36f841fa71b563080802c522fe7ea75cea549551760f33ab00f,19710,b2f8f90aaf73913abba0b6d41a7b75042681837e1cfa5f4a86bc33fd28df0e9c,-1,unavailable,2,ordinary_transaction,true,19704
sphincs,blockutil-54-v1,blockutil-54-tps,20,10,3,9af668b7d6f316d1c4f57faab51831752d4baeb59c02989696639b5caf059da7,19711,bc918ed58037ee71c6f32d29863c9d1ab30b5a9b0cf833e84ebce9051ef0878a,-1,unavailable,2,ordinary_transaction,true,19705
sphincs,blockutil-54-v1,blockutil-54-tps,20,11,3,e297d4755df9bda47faddbcdafb1102e880f35b67984b058b9327e292110e186,19710,6a7c590c9b4da8dd41af3fc5e32d4f8be9a08c59319b4af9f4e66aff074b53c8,-1,unavailable,2,ordinary_transaction,true,19704
sphincs,blockutil-54-v1,blockutil-54-tps,20,12,3,6f820f9447b740e294ab363c05711696475e989d8c34b516b96e0fefe1474a17,19712,ab227737db6903db023fd962113d2043e9f99ac8da1a05c82fc42e7886749ea3,-1,unavailable,2,ordinary_transaction,true,19706
sphincs,blockutil-54-v1,blockutil-54-tps,20,13,3,449a3159a49400ee25f06b4f6bec36809956c9f5ede2699340b25f515b0d2c7d,19711,c2eebfe503002c388cc518e9c3dc59e42428b8130e7d9b99037e9b2e90e401d2,-1,unavailable,2,ordinary_transaction,true,19705
sphincs,blockutil-54-v1,blockutil-54-tps,20,14,3,9e57a05ebd3de71da3213630087df2d8fa97bd68840b3212393dd0eb796c3f45,19710,87a782712e995c3ee0fc144dec8a4f13752e5cf2537f88274f17ced6a14e643e,-1,unavailable,2,ordinary_transaction,true,19704
sphincs,blockutil-54-v1,blockutil-54-tps,21,0,3,443b98b82d680003a9ee500bd21066be5fd9be288b5ce18fe53c8aa103e3fe80,19712,5ef4238a976156d179e7b8487f578c2e7e4ee02a80072e5a0b04d44f0a4c8826,-1,unavailable,2,ordinary_transaction,true,19706
sphincs,blockutil-54-v1,blockutil-54-tps,21,1,3,01f7111ec2f423694f599aded26633f978e4a7a629d97c7cfb8fcf620d67bf75,19711,73d3bf2bd771f24e853cea8b426430438634786a81035d0302f27685cd06a4e9,-1,unavailable,2,ordinary_transaction,true,19705
sphincs,blockutil-54-v1,blockutil-54-tps,21,2,3,961f055f1b2860b545530be77f1364b6555671a9370e88fa9a374ca9210e8129,19707,0fe7bbd71c24935ad635992f18e76c3c15428ed627c7d4e0823792df698c48d3,-1,unavailable,2,ordinary_transaction,true,19701
sphincs,blockutil-54-v1,blockutil-54-tps,21,3,3,dc8288fe3198b2c732facff6222f36d81fb58785d84b8309dc04d05913940ae0,19711,718010261ba5152516fa0d8cfefaea62b37026202ffec841baf41b14c449a2d9,-1,unavailable,2,ordinary_transaction,true,19705
sphincs,blockutil-54-v1,blockutil-54-tps,21,4,3,d03d7e04e81b10acf0637fdd56f9d0d2c9b1dcb4ea6751396bbe4dec99a2abfa,19710,ade7584c82e0936dbdf16c625d8b4f0e82ad84036713f68d72d03f2a03af0830,-1,unavailable,2,ordinary_transaction,true,19704
sphincs,blockutil-54-v1,blockutil-54-tps,21,5,3,529281fe73606feb68b1e2b0fb3074e992267b7832721f527a80415d60ac6747,19711,1ad72d2c64e4d4c0ba6669c0c6b8b550e0b5fd6f05030eb3d7cf3e4f495a7c10,-1,unavailable,2,ordinary_transaction,true,19705
sphincs,blockutil-54-v1,blockutil-54-tps,21,6,3,192776aa3653692b2aa156e82defbe714d30ab1d4f191ca327ec030357fca93d,19712,95b332057de13c68fad956e867933ab709e0ab507077410f255d2374effee9a9,-1,unavailable,2,ordinary_transaction,true,19706
sphincs,blockutil-54-v1,blockutil-54-tps,21,7,3,cb51f7ebacb2f311c71cfab3e6a54fe34bdafacbb35710cc7cad797bac9043e6,19710,8798d1bfd47426392147763954bd5f740b031fd44610166fcd96d7ef7ba1791c,-1,unavailable,2,ordinary_transaction,true,19704
sphincs,blockutil-54-v1,blockutil-54-tps,21,8,3,4f3ae2a8dbff2b87749a4fe7d47e13f3df1486d5dd968f3fe8e77e9d55c37fa4,19712,beea00c37fcccd782c3a2b2f950874a33c7e2000fb3c6a0e095bab4092201f66,-1,unavailable,2,ordinary_transaction,true,19706
sphincs,blockutil-54-v1,blockutil-54-tps,21,9,3,49e91f40422a2d94a4be6062937e808f5b7ca9153fd9c98669ce3556c7fce3f5,19711,692c749a423f09220497ce136e8eeec28c610ca3b54d023d38d554e7a2a6f7b6,-1,unavailable,2,ordinary_transaction,true,19705
sphincs,blockutil-54-v1,blockutil-54-tps,21,10,3,ca2d2d382b146d3500f2ab9a506b44d72665438dac72d2e112985f6c51d1a4c9,19711,842a6ea4e8df7fed2422edf47c458329636fd4b3b69a4ea3e7ae5f3dfa88d905,-1,unavailable,2,ordinary_transaction,true,19705
sphincs,blockutil-54-v1,blockutil-54-tps,21,11,3,ad502bbd2a88b6a02696bf7fc855573c107938890aa0c58c79e0e74aa817d2d4,19707,41f3cc33809fc1e2732c551c1d08654e36c1ef80065b4068969e829dddbae012,-1,unavailable,2,ordinary_transaction,true,19701
sphincs,blockutil-54-v1,blockutil-54-tps,21,12,3,a494bb9263ac9489721bd438838cadc0975827cc3e74e7f5e7216e74432c6b72,19711,025b2abd34f8b901f3b7ada9bf485f767ffba9e65e42e5868966eda6aa6c6feb,-1,unavailable,2,ordinary_transaction,true,19705
sphincs,blockutil-54-v1,blockutil-54-tps,21,13,3,75e5a3e4a8e8df9eb105287203f16fbf0400787f9f620be0d03555f75139ba4a,19711,b59adcf45e0ea48f32606dfe02344fc09007a3f10187788033e12618905b6c74,-1,unavailable,2,ordinary_transaction,true,19705
sphincs,blockutil-54-v1,blockutil-54-tps,21,14,3,d38c366925250fa017a8c574ab42be47f731c70f56d483444b8c91ca132fa4a7,19711,cfea368b93de172a39f531f11af150d13ba60a3aaf3c39ca6a7434defef47044,-1,unavailable,2,ordinary_transaction,true,19705
sphincs,blockutil-54-v1,blockutil-54-tps,21,15,3,6bfc27d78b576e5a5eb29d49436c1d3574214b410b8bbc31fee0d85d25194455,19711,e3ebc8296ea48af7e5ad81fb054340ba4fb96abb2638767d9ddcb6c9a7533c4c,-1,unavailable,2,ordinary_transaction,true,19705
sphincs,blockutil-54-v1,blockutil-54-tps,21,16,3,5cbfbc14c50645660c8f705e40facb48f488de746ada7f05db581bf849806ab8,19712,879cdf808f7d210f56d0bf84448ea8670bd31e21fadd21e1ff70badf17a4d7a5,-1,unavailable,2,ordinary_transaction,true,19706
sphincs,blockutil-54-v1,blockutil-54-tps,21,17,3,29af6a0ccf13a8801e89d7b9ce653cf4e85f9c00f9b17259a31b50afde91d091,19711,efe3c12ecc592c6e4a786325f92c18f7dfd6d5c066a4dbdbe289876f97947d42,-1,unavailable,2,ordinary_transaction,true,19705
sphincs,blockutil-54-v1,blockutil-54-tps,21,18,3,a42cf3188cc572d421ca727c3e9921be7e63a5a7f54375af99104232e06fa50b,19710,bc7e9cffb082431f0af7551986b3aa4a1bbd257940d73d00591cc3b5fbd144be,-1,unavailable,2,ordinary_transaction,true,19704
sphincs,blockutil-54-v1,blockutil-54-tps,22,0,3,5399c54dfb4735c17ebf8bf2895d11555369c9b73d4491bd6a45cb81f7d806b8,19710,32dd4ef1069e48bcb19e6cca5ff9a7649987c29daf48dd011e8718c7a865cf2c,-1,unavailable,2,ordinary_transaction,true,19704
sphincs,blockutil-54-v1,blockutil-54-tps,22,1,3,60812f3488d75167fdec91015e9e6a930e903a516e3957cfc353b05d201acda6,19711,c5894e935d5e15eec5ae84f785111050001cff98d8c48569ca86e45efd31a93d,-1,unavailable,2,ordinary_transaction,true,19705
sphincs,blockutil-54-v1,blockutil-54-tps,22,2,3,55f55148aca0e78c642bd68402e69079ea54ef130d4383eb15efd60dd8eb532e,19705,282145ae1dced6bc3f6592d5c3194ee4192a7dbcfcc3253d331b4b57b7c1794b,-1,unavailable,2,ordinary_transaction,true,19699
sphincs,blockutil-54-v1,blockutil-54-tps,22,3,3,c6bfabd84e4fcbea4440278b820c498a212ed8562136b73508fb084d733e692b,19711,da2851d480f38eb1857329254c7864e39e87ac593e69ef4cdf0f1b6a6e4da17a,-1,unavailable,2,ordinary_transaction,true,19705
sphincs,blockutil-54-v1,blockutil-54-tps,22,4,3,677439ba76ea84fe02938c06b7e6094a0edade0531d6726a5ed1dc7e627cbdfe,19711,55f7b7b8c1fc22b624aebfcd9ff93644d8329bce41ae3d0825ce431095ecda87,-1,unavailable,2,ordinary_transaction,true,19705
sphincs,blockutil-54-v1,blockutil-54-tps,22,5,3,46f70a2b59f5ae8e8140ab0b10313d2b154845774db0da843c59212ee619424c,19706,49005f0c55377241f7d008f75437503b6efd4a96b0c7a4346a4714e26ae14afc,-1,unavailable,2,ordinary_transaction,true,19700
sphincs,blockutil-54-v1,blockutil-54-tps,22,6,3,b01185f4eb463d100a8f072222e8aba4ef6d25b700c7def952778e7e648a1726,19711,9aad0668b99af2ca1c0d30f3f7b65d5e07be3714e2445a4171281d571e076138,-1,unavailable,2,ordinary_transaction,true,19705
sphincs,blockutil-54-v1,blockutil-54-tps,23,0,3,681a2a290de77213b48339294c7154d5df389a323e557d2e2006055cdf062bd2,19712,8d49cb99e91e3515095b4787059cf231acfa4102356fea1c1dbf5ea262c89ab0,-1,unavailable,2,ordinary_transaction,true,19706
sphincs,blockutil-54-v1,blockutil-54-tps,23,1,3,1f81b792f1052e982081519e16e3c271ff0ed26d39b38df1934fd2c371a66a50,19712,a17171c07a498af8892aa1ea3845a07ac5cf14eb57dff128431b27f83bd14a61,-1,unavailable,2,ordinary_transaction,true,19706
sphincs,blockutil-54-v1,blockutil-54-tps,23,2,3,ac2187a6934661ae2ced76787207ec4782b06c8aad3c7e5c94b0fbea144bd3fa,19712,520e5a370365fba4c927246c8dd177faeea11898748be7feeff044915fbb55c8,-1,unavailable,2,ordinary_transaction,true,19706
sphincs,blockutil-54-v1,blockutil-54-tps,23,3,3,5b99258d53b0f8bf04d92f2bf1864eac1bed60e00703b4381c5de6dcd9023571,19712,9ec6dcad790698a311e2ef7fd0be2b9288d973d1306cba10a8f4fde1de218b03,-1,unavailable,2,ordinary_transaction,true,19706
sphincs,blockutil-54-v1,blockutil-54-tps,23,4,3,a4bd9b7d445b847300a310ebc85ef61e0ec59c636fae4aa5c6968dd0a78bfd8a,19711,3a02e29bcbc3123beb6ec5e93b1531ad82f61faa412b82343895319187fbb577,-1,unavailable,2,ordinary_transaction,true,19705
sphincs,blockutil-54-v1,blockutil-54-tps,23,5,3,d5d48825fa4f6ef2cd03911d6899345ae1b92bcb63126747910df5129528b019,19711,c11aa58f447dc8680480c0165ab24de55a89cdde45afd4d9214aed0798a4fffb,-1,unavailable,2,ordinary_transaction,true,19705
sphincs,blockutil-54-v1,blockutil-54-tps,23,6,3,ae1c953f578a11322f8fb54c39334e60066deb6ff327ecce7e9b130a0c0b116f,19711,7b357d3809fc35080cd2126a3ac994dc97485df76300220e0a2b7eec3a48e2b9,-1,unavailable,2,ordinary_transaction,true,19705
sphincs,blockutil-54-v1,blockutil-54-tps,24,0,3,ef9250654db951c15c8c16117f3adcfc1f6f19a98e4cd69abd36794154fad597,19711,53d190be19c0d1a3a94d742148c2c6b3fb598fc2ad3e6676de6c3cd68c3e965b,-1,unavailable,2,ordinary_transaction,true,19705
sphincs,blockutil-54-v1,blockutil-54-tps,24,1,3,6f854f76a9eb2777dad5ef324893f8c68166cfd42d244a4f69d81166827810de,19712,951119dd7d5319687eaf87a3089fb9ee73874bf93d90f75cfe4ca3bd3f909c45,-1,unavailable,2,ordinary_transaction,true,19706
sphincs,blockutil-54-v1,blockutil-54-tps,24,2,3,2c8cd826e20b7cad6fe6ce8bc103b757c7705aa35a3251e0c41014aaca7d3ed1,19711,72808acfd6fa2172c163557b6e52ecbab875af7a48938c57a096ec67b163efa4,-1,unavailable,2,ordinary_transaction,true,19705
sphincs,blockutil-54-v1,blockutil-54-tps,24,3,3,fe74b1f289c8c8ab302d72a9b4c353920f3658d6ecdd68d0ae9e6279a26fa238,19711,5414b82aca69cd7e374500060718fa80cea387dc7c13c3327144eb2f384df6b2,-1,unavailable,2,ordinary_transaction,true,19705
sphincs,blockutil-54-v1,blockutil-54-tps,24,4,3,ecfd6ba2cde11de9bc91cd1ea5c2b10a12751fd44185b6896d8e5e5711ba9f01,19711,509c39c324e6a8d2f0a5e46b3b82a45ebedcd658c50ca14e06605bc7cafc2ed6,-1,unavailable,2,ordinary_transaction,true,19705
sphincs,blockutil-54-v1,blockutil-54-tps,24,5,3,85ed7203f971a07778110a8b5312bd4ea6b75d09ac1f6fa2ddc33c04cddb0368,19705,6a294a829f0dbe438eb54ef44504bac572d1c9f5a55f4ccaf5b0382e368042ab,-1,unavailable,2,ordinary_transaction,true,19699
sphincs,blockutil-54-v1,blockutil-54-tps,24,6,3,197b28117427ab3acc025a0a89f2815e77aba5643397e0b4bc39a284b1283cd1,19711,ee8941c3339e6babc4ce063a63c990f2f3eb1a87af3ef7c6bb472a343b19ccfc,-1,unavailable,2,ordinary_transaction,true,19705
sphincs,blockutil-54-v1,blockutil-54-tps,24,7,3,5c4480ae1b833715df64164304701a15a8229c35484bf24f9bea8eb5501a328e,19711,0c0710aa1be6ce94d1e1253dc4662f78c6923db6311742eb69c3fb553f1f841b,-1,unavailable,2,ordinary_transaction,true,19705
sphincs,blockutil-54-v1,blockutil-54-tps,24,8,3,a3297592596a441d6fb627ebb5528046d2966115a429e2e9da84405a80a2b682,19712,de5c996c27ad5968c1b865f910c18aea717066d4b235bc144a2a8b068b458ada,-1,unavailable,2,ordinary_transaction,true,19706
sphincs,blockutil-54-v1,blockutil-54-tps,24,9,3,a7a2de8ca798ec5eb4538ea2f824a808dc550816c518d27e2a7309410d12f3ee,19712,26b5ba33e71f677c02e66b81a13445da0eab011f47522d6144fdd4b0c458f3b1,-1,unavailable,2,ordinary_transaction,true,19706
sphincs,blockutil-54-v1,blockutil-54-tps,24,10,3,9cf19426d34334728bdbe7b8dd69070f50baa9c7918f2a7dcb034d4d852c1ffa,19711,a43b07e07857d2882b54b14c8b44f02c96131d049f1f4f2391735140dcbce49d,-1,unavailable,2,ordinary_transaction,true,19705
sphincs,blockutil-54-v1,blockutil-54-tps,24,11,3,4feec1822e71165af1e7cc747e08d485107d8bb767f8391ce13500aeb913e00b,19711,cb5adfdb34def94287ed640a334a455f815d9efbbbe8dd39e59f10e3e5ba432f,-1,unavailable,2,ordinary_transaction,true,19705
sphincs,blockutil-54-v1,blockutil-54-tps,24,12,3,79eac45ea89defd310afe5ba7a1362abab79c4d49efe3ec295df7a81cc9dc8fe,19711,7774d79a93ce76866e71765883c37d6a4cf4966feae26073b6dab7ffbc7f7466,-1,unavailable,2,ordinary_transaction,true,19705
sphincs,blockutil-54-v1,blockutil-54-tps,24,13,3,5db4f54a9bcc48f622b682462b35384ac59db6026f157cc3cf67c888852cc071,19711,14d7f708daa18975601a78b7b3d918b4ac5326b11b2cdc5dc76821ec02416f14,-1,unavailable,2,ordinary_transaction,true,19705
sphincs,blockutil-54-v1,blockutil-54-tps,24,14,3,d8b7a2f459a9cbb105dacede19ea83a35bb61825a58c5f1e57950cd4359f8042,19712,a4d23590602d6a8e56ab95b094fdaa1d53cf327b911337cc4a00c542c1d93828,-1,unavailable,2,ordinary_transaction,true,19706
sphincs,blockutil-54-v1,blockutil-54-tps,24,15,3,05e00f7ace3cc97cf39003cf2acc470ab36d68ef19aff305d93efd2129435ef5,19711,04c57383fc8bde6fe3a4b5647b48f6017f18e51f0c28e26e35ae68f0cb01bc7a,-1,unavailable,2,ordinary_transaction,true,19705
sphincs,blockutil-54-v1,blockutil-54-tps,24,16,3,2908f35bebb39f8b0df9b95028816c3d5f100f93c7f32b5acaea14dd25e38017,19712,3330186134de24796ecae383d02b89db90ccb07f93f2a27d1a553c092f3b5d97,-1,unavailable,2,ordinary_transaction,true,19706
sphincs,blockutil-54-v1,blockutil-54-tps,24,17,3,0deb8c3dab378fd3e5956cb6a8518871549c13c48899b63ef1cd8283238d8fc3,19712,d12cc3f69d40535ed6f02dc6206daff6814e30eb6692d99ef9f5197b127a0cb1,-1,unavailable,2,ordinary_transaction,true,19706
sphincs,blockutil-54-v1,blockutil-54-tps,24,18,3,3035b1b0956476b23a76c9f60142a32e00d835b64a0030d67f7bed6a07a19d56,19712,5f7f772a2d28751400cc474e45f36fc6ebaaf24ea3239ad6657d7a0804901a7a,-1,unavailable,2,ordinary_transaction,true,19706
sphincs,blockutil-54-v1,blockutil-54-tps,24,19,3,be822fca1b0c9f078bc5dfe741bf39ce0949efc02147f4ef3a3a7fe213163286,19711,61308d7b92699d7168c5e95988384a2dca3d09c425066476bf6d006da3a51225,-1,unavailable,2,ordinary_transaction,true,19705
sphincs,blockutil-54-v1,blockutil-54-tps,24,20,3,7dfb653c9845142d5e944a3b45c899939f371b5762b712ed21f7226bd1ba3878,19712,2979e7beed97835ae4acc32dcc0c80c4ffd14ff1b8db396d6b0b192c2ed8ce16,-1,unavailable,2,ordinary_transaction,true,19706
sphincs,blockutil-54-v1,blockutil-54-tps,24,21,3,82443916dc66beaf5c080bea9f1a702471913ea491275cb38dd9548f54b1c8d8,19711,09c11220dfa1bed888dbc3f6eac17153d3bf52af52674b42e623f606906dc151,-1,unavailable,2,ordinary_transaction,true,19705
sphincs,blockutil-54-v1,blockutil-54-tps,25,0,3,df2c9cb5e896b4f04d596093ece464b62f09c0c679fdf1550793560aef910773,19711,515918e85017e5dc7f6c3e613ebb67973090a6ca378ea8d700d78adc6a5a5a00,-1,unavailable,2,ordinary_transaction,true,19705
sphincs,blockutil-54-v1,blockutil-54-tps,25,1,3,f0d3fb7692a43996a5ef0b70f976d8d3bf39bb77682cc4bfd3123694c7f6e1fe,19711,c4b4d522a22bd099b876ec42a3825c67bc8c393277b39f070735963931e7c282,-1,unavailable,2,ordinary_transaction,true,19705
sphincs,blockutil-54-v1,blockutil-54-tps,25,2,3,48d2dfa33faa2d6b7be717a9f2c5bd155080d377742e754b6ba8f4acce056536,19711,87f2f9ba510c1616e9048d92918cc424b9db7b6fd57366f75b6e2ed231cab6f6,-1,unavailable,2,ordinary_transaction,true,19705
sphincs,blockutil-54-v1,blockutil-54-tps,25,3,3,3bc67843a223c40595553eb7fcad4ef473a60854007f5cd80310d1cb61f9afb6,19710,42048c0180d73590496f64b33a0db2d0ece2216094ec7cf809bf8237e335d6b9,-1,unavailable,2,ordinary_transaction,true,19704
sphincs,blockutil-54-v1,blockutil-54-tps,25,4,3,de826831b08fcfa470830bb76c0b92b8498f8d290b649651bb0521d1fada970d,19711,d41fde639f9b51846c0decf5180d395a5f3b8b9f38d5c94fc78b95e8232bcad1,-1,unavailable,2,ordinary_transaction,true,19705
sphincs,blockutil-54-v1,blockutil-54-tps,25,5,3,52bf3d9b7748eddcfc648e73df6bdcffacebdb10c7534359a8e3b115adef653b,19711,54b84e30cacdc3e0da4f87dc530b3b3134b796bbf134dd4e129ed9e6cf8f5e8f,-1,unavailable,2,ordinary_transaction,true,19705
sphincs,blockutil-54-v1,blockutil-54-tps,25,6,3,d0964ff3e6d028acdc2d21004d7e15166523f742cdf30abd45248f98e4b8e1fb,19712,4b62e3352207cf0746864059a3909e7274dee597cd1488a061495e887c0bd51e,-1,unavailable,2,ordinary_transaction,true,19706
sphincs,blockutil-54-v1,blockutil-54-tps,25,7,3,4f438a149ac0ccb1cf640c8d744b801ed5943be9d6e0fdd98affbaaeb5b5485c,19711,4ba5f6ddaf345a8e670abe3847fcf6c29e2f09b045235d9d9d9161da17d0c6e8,-1,unavailable,2,ordinary_transaction,true,19705
sphincs,blockutil-54-v1,blockutil-54-tps,25,8,3,49cd868ee72e7b690abbd28e19b7badbbb2a88b59341ab4d99a4655d6cfcca46,19711,8c9936638b88e56088bf08d180795256c6b05db1ec64b36132d5f018a353759d,-1,unavailable,2,ordinary_transaction,true,19705
sphincs,blockutil-54-v1,blockutil-54-tps,25,9,3,1cd20328be446457f44fb65e5e2531a02c402d02d7158f5b058af69ff2f561f6,19711,5f41236d3077b4714f39e6eba7a0dd2dd22fd073908d55c289e83e5ad17ed3c6,-1,unavailable,2,ordinary_transaction,true,19705
sphincs,blockutil-54-v1,blockutil-54-tps,25,10,3,eecc9f80e43fd0e14c1b0bb02050e4236f60169c0f30f30b13aa92d6400685e6,19712,5fbe1b61373d2ea62476cff8b94d8760b7482121c4490a94ea89bbac2249542d,-1,unavailable,2,ordinary_transaction,true,19706
sphincs,blockutil-54-v1,blockutil-54-tps,25,11,3,28598d22b039263bd4ae37e41e2f0a9fa64d813b93c57e28b6ca6fc3dd5c5932,19711,53b765420f6533d0af875229486cedf0db6436cb4dd8049af57ee313ccbc30c3,-1,unavailable,2,ordinary_transaction,true,19705
sphincs,blockutil-54-v1,blockutil-54-tps,25,12,3,16c681cbc81e6adf3e5b0110392be627ff0546749458d18b91abd0a3cfc4b376,19711,132d95cdaabcee0170921b1a11554f3f0ef335fb7cbb857f39c708f2ce0d5e38,-1,unavailable,2,ordinary_transaction,true,19705
sphincs,blockutil-54-v1,blockutil-54-tps,25,13,3,652426c5d9b5dc2a4dbcb5b88129733f84c9e0ec20201c94210850e086387313,19711,778b2d3a3bf989d8dec35c729f1e70394e18572f895727bd69a34f40db16f5e3,-1,unavailable,2,ordinary_transaction,true,19705
sphincs,blockutil-54-v1,blockutil-54-tps,26,0,3,992dcb95f6cb881bfa7602fb26be3452166d1ab2bb70fa8d40f0c4ce895ce7b8,19711,53bf5056a251f3740017c4dfa91d85edbadeb6a6d214721a7b3a3f1d53d0fd38,-1,unavailable,2,ordinary_transaction,true,19705
sphincs,blockutil-54-v1,blockutil-54-tps,26,1,3,a7573994519ec039531b42af8d96d5328491f81395341e6835afeb81a4d23e08,19711,9ed5c463c26336851c689165636048c0abe97195a68485092d0f90b78446922f,-1,unavailable,2,ordinary_transaction,true,19705
sphincs,blockutil-54-v1,blockutil-54-tps,26,2,3,1940b7c95dc7bd9aafb96fb7ed7fae0e859c22febce7f07430f5e189d4a217f1,19711,e37554a8626dfc791eba7215656a0bcad3c48fcf78555cb283c393fd33bb5143,-1,unavailable,2,ordinary_transaction,true,19705
sphincs,blockutil-54-v1,blockutil-54-tps,26,3,3,9bcd18f3c3d585572a36263dc998ef8b73dc7d3a308708514ba5e52892f64bb5,19716,cddf6682d32368b914c1fd767b9b0d3a9baaece9c2424e8528b402a698484ee5,-1,unavailable,2,ordinary_transaction,true,19710
sphincs,blockutil-54-v1,blockutil-54-tps,26,4,3,c2dc1ff1438c136848492cb49e75aa56db82f6b16a9f267658b9f110016b4e59,19711,eede29244a64c26ec3e8202398ebde5e6d4fbd5971745c11a3f330e0f615e8d8,-1,unavailable,2,ordinary_transaction,true,19705
sphincs,blockutil-54-v1,blockutil-54-tps,26,5,3,4ce94ef9d3d8b8a0d491019b32b38842c73035dac0a03235fc52827b90c0ddb6,19715,cd1df29f322bfe0e3dd930b63684322deb18b84f4e6180fdca4a6082068f3937,-1,unavailable,2,ordinary_transaction,true,19709
sphincs,blockutil-54-v1,blockutil-54-tps,26,6,3,564701602d50b2034ea4bf24b4cffedba7b15fe1fd1f04d1b1dee9c8ab2d7225,19714,3ef50ea0f722c1a22755e46330b1e307ab6793f1cb1248195894939b72c7fcd2,-1,unavailable,2,ordinary_transaction,true,19708
sphincs,blockutil-54-v1,blockutil-54-tps,26,7,3,da77f4ae919570a1ec59fbe4f4258ad555a9d68d0c6b785a1d282e2cdcb3c288,19712,777f9674e306e8a54fe3e0b869b52ff5f2550feea2bdbf0ddd277e52d7168281,-1,unavailable,2,ordinary_transaction,true,19706
sphincs,blockutil-54-v1,blockutil-54-tps,26,8,3,8f9ec6674ac05a93ccf8f8de64b6b421133bbc1fc1ebcdaf97db57066c268afa,19711,a6453946fd4310fddbda341a856ecb23626e66571dfd4e51667f0a4560e32d33,-1,unavailable,2,ordinary_transaction,true,19705
sphincs,blockutil-54-v1,blockutil-54-tps,26,9,3,dd68df4b607aa171307bf99380d2a78ba0ed891ce70b736e4efb286c204c76db,19712,029634d18666a3f1bcfc76045f61806d640fe0bad4cccc29d436d6dcd2f70057,-1,unavailable,2,ordinary_transaction,true,19706
sphincs,blockutil-54-v1,blockutil-54-tps,26,10,3,b2c50a2c0b97ce19f279106b7296b2548f56df716b08953a89e168cc70d937be,19716,2c855ba466eb331c7fd27131fe9a9c491cba89e943b8e8dcb86ee8b4b23c5e55,-1,unavailable,2,ordinary_transaction,true,19710
sphincs,blockutil-54-v1,blockutil-54-tps,26,11,3,7e557bd1e94a9c75a7cbe47aa96e0655fdd1fda2f593a915fba353c87a511b7e,19711,32a9f6cdf8617052dd1e9cae290d568137a7be470ec4c54af931c51986803d67,-1,unavailable,2,ordinary_transaction,true,19705
sphincs,blockutil-54-v1,blockutil-54-tps,26,12,3,8d6e0cad9b5ff9fb439b5e106f512c59ebb41e4469c3b7a0307c9e419fe494c5,19711,1f4d4cb79a0bb6f4d821a93cde5962fa7a61030e42ff8b05e6b505050092268d,-1,unavailable,2,ordinary_transaction,true,19705
sphincs,blockutil-54-v1,blockutil-54-tps,26,13,3,fe1ed4780dd0c3c2608be2f288d57ab70a7a537e9b173da269b06f06c057c7ec,19715,9da8518682743ba652a45d781aa81f70158418a7f17ee2d9b2c8c43d7e85183f,-1,unavailable,2,ordinary_transaction,true,19709
sphincs,blockutil-54-v1,blockutil-54-tps,26,14,3,d59256ef9798f51e6ef8a648f8ad19b663515904969d8819257c47ddfb5184b1,19712,2c265ed46cdf6763ea3ca7431ad618aaabb47a10001e317878903daa9d98599b,-1,unavailable,2,ordinary_transaction,true,19706
sphincs,blockutil-54-v1,blockutil-54-tps,26,15,3,6768b932f6abff031bc187790b466111b300cdabcdaa798bcc27cf1a70b46d00,19712,8324b0cffa5f43b617d1169902a096560c796631ec8975bc2b56d2d8e812b99a,-1,unavailable,2,ordinary_transaction,true,19706
sphincs,blockutil-54-v1,blockutil-54-tps,26,16,3,8dc2b75b81b9ec124b4c636c54cc6a4e248618f2c712193115ef58cb772ea462,19711,1141c69b83bde230375aeff7669e45d28c28e948af4537794dc160ae5dd82617,-1,unavailable,2,ordinary_transaction,true,19705
sphincs,blockutil-54-v1,blockutil-54-tps,26,17,3,bd0e1754fca9e0ba34d6ea91e1183cb48fecf06717246134e0c73c717d37f047,19711,474ac95b7739bfd6c2bc31e9602b8a2bb95c4da1e27e96983211b85438bda894,-1,unavailable,2,ordinary_transaction,true,19705
sphincs,blockutil-54-v1,blockutil-54-tps,26,18,3,cd6964ad9bfa9bdcc04f76c1bbbb94e089dbdd5d0d8955fb8ecdfc4a07f4c1d0,19712,d0539ecc27135cf80c3b220e55ce7b196b72c1b7fa428733771597179fc9b8cf,-1,unavailable,2,ordinary_transaction,true,19706
sphincs,blockutil-54-v1,blockutil-54-tps,26,19,3,33592d81cf318a9fc05043179cff2b130087f3148d7cdd0eba2f6667e71b4e50,19712,43ac8dde43943a8b876438921e7d4a2e602d82946867b8c9954bae47d445637c,-1,unavailable,2,ordinary_transaction,true,19706
sphincs,blockutil-54-v1,blockutil-54-tps,26,20,3,5165d0ee02ff378ad8632c2891383f75a83cadc5d2d1a0c50b524dce16a29e89,19711,e7790310e7974ecdcf92f7a738352577b28b502964b85047f6ca0660c0709ffa,-1,unavailable,2,ordinary_transaction,true,19705
sphincs,blockutil-54-v1,blockutil-54-tps,26,21,3,fb64292bd3cc36898f7a81470b1c7abfda6c713b2acb271e9011e3d05ffa5c25,19712,3fbaf23ac8b31429a6862cfd55062c51bcdb2cf212a3c6141aa9d9f139f770ae,-1,unavailable,2,ordinary_transaction,true,19706
sphincs,blockutil-54-v1,blockutil-54-tps,26,22,3,b0e3842c2a4239c2ac13b0ace05137772237a28db0aaedb4663d982e2e4aafc4,19711,96bd29a86930ce94e624d97eb062c818a13aaee823c0335899f481b0742726e3,-1,unavailable,2,ordinary_transaction,true,19705
sphincs,blockutil-54-v1,blockutil-54-tps,26,23,3,e475e847656b073909901d4417d13ed3c08791eecc9957b2fe2cb73c2b36ad15,19711,d5a985929628277fb22b0fa94bd4616b601096838778e5f5bf23ad06da29d1a7,-1,unavailable,2,ordinary_transaction,true,19705
sphincs,blockutil-54-v1,blockutil-54-tps,26,24,3,568abc00a854d4a741d599fef30e45ca76b9944a38fca5c241ad7aee6484d919,19712,799c77f3008144a565725eb5db3600bd0380f9e8a79cebab3db0e9b5344e74bf,-1,unavailable,2,ordinary_transaction,true,19706
sphincs,blockutil-54-v1,blockutil-54-tps,26,25,3,56bb182988c4556135653c8e14d5194ec388a6b03f7300ddb22b93e7571a2c81,19712,d220a22dfac629c2312113cd0a6b50f7c6cc6fffb6460a39e3d231cf851330d5,-1,unavailable,2,ordinary_transaction,true,19706
sphincs,blockutil-54-v1,blockutil-54-tps,26,26,3,8106095461fbb2a44b7f816aa3cb51d78125ed297e967db5baabbae2b91dc21c,19712,394c1b20ceb935caad15aa52ceb26e3daadfa52a2436d6914783ab128d07cc75,-1,unavailable,2,ordinary_transaction,true,19706
sphincs,blockutil-54-v1,blockutil-54-tps,27,0,3,fde5f8d389eba73568c44e5ae870112d6e73b11b2abdf16a982588251ce64c5f,19711,48fad8e252e9808a32c39381c198300367e723b8827a1601b0bdb257acc2c38f,-1,unavailable,2,ordinary_transaction,true,19705
sphincs,blockutil-54-v1,blockutil-54-tps,27,1,3,eb8fe07acee06251f3f8083c6f8c9c84c196143ad84030b0494427c209bc6d41,19712,d0ee060d578f4e178f6424404c8225fbef7eed8f82c0e43e65f709757a74d20e,-1,unavailable,2,ordinary_transaction,true,19706
sphincs,blockutil-54-v1,blockutil-54-tps,27,2,3,91dfa576ba9ec8e4873eaa563722348bc2e33670f1e7d435b76dbfc869d3f295,19712,e46f4400a1daaaef1f079a886165a1db64999feef0098f528083cc07fb9721b9,-1,unavailable,2,ordinary_transaction,true,19706
sphincs,blockutil-54-v1,blockutil-54-tps,27,3,3,d63c7ebeb9e4427f0c1c849bd54edbfa3fc98b6241c82368140d04df62485d58,19715,2a5b5ed40a892799a52753061bda332e658b9bf0e0e574eaa94e7804d5fc639f,-1,unavailable,2,ordinary_transaction,true,19709
sphincs,blockutil-54-v1,blockutil-54-tps,27,4,3,2b5f89dec0c8c05df00538e8cb3009e28c665859ac79a266b5615bb97b113460,19712,18400f129d5187c841a3872db5c31f8805ea04c2b7eb9af27050038b10e026f0,-1,unavailable,2,ordinary_transaction,true,19706
sphincs,blockutil-54-v1,blockutil-54-tps,27,5,3,374d8a1a18d2bddb17a6e5dff8fae4d9327326ee62fb4dc5d5d077cf9c324b3e,19710,c3f9fec38f53952cb9cf8e7c4c53fb8a8320e7a58da9640764bf5ddb5a953687,-1,unavailable,2,ordinary_transaction,true,19704
sphincs,blockutil-54-v1,blockutil-54-tps,27,6,3,77113ce09e14bb4030b92248250d70db1bfabc3601e38a3e4b8808d03549a28a,19711,ab3a14f27238b632a21a984b241db1a83d7a59fae537de87f7e9d492090029ce,-1,unavailable,2,ordinary_transaction,true,19705
sphincs,blockutil-54-v1,blockutil-54-tps,27,7,3,4ea8a98d6383470cef20250c34d83fd09a438360e822b12621215376f00ef25d,19712,9fb31002ba3e9cb9df9754f6cdfd625d596ce6381420868946b19e4fbd102174,-1,unavailable,2,ordinary_transaction,true,19706
sphincs,blockutil-54-v1,blockutil-54-tps,27,8,3,ad4939e2b21c48d36d02f0f619cc0669945bce7645d3c6ffaa953e844d7c7a66,19710,260010a7a319795c98ba7ec762d67208c33493c969778ffda4147d107855d111,-1,unavailable,2,ordinary_transaction,true,19704
sphincs,blockutil-54-v1,blockutil-54-tps,27,9,3,e0bbb2592d5ddb1b2ebc8e49677994702552b9e754acd1bb1caf9b21db6d5657,19711,bd97cc52bc45b3d56ce6370552ad812368d7d394a7df5e84da50bceff4c73383,-1,unavailable,2,ordinary_transaction,true,19705
sphincs,blockutil-54-v1,blockutil-54-tps,27,10,3,d639d7a4926b1c16f6aa010a0b57c9c4bd470962d0a9ddd1b4c2814bb127eb41,19711,5dd6a80da351f38e2f0d9ebb1d82fb182b1f8d9a2471a0b00ebddbf91baa799f,-1,unavailable,2,ordinary_transaction,true,19705
sphincs,blockutil-54-v1,blockutil-54-tps,27,11,3,464c57876e7f36dbf65f17d07649310b51237081ef91b47020fd90ee1ae7d9af,19711,7f889297177c37c0d6ab24fad169331ee1da3f92890f134a52f00e83551c743c,-1,unavailable,2,ordinary_transaction,true,19705
sphincs,blockutil-54-v1,blockutil-54-tps,27,12,3,be6a0788949fc5ed0f0fdc1800614d3553d5f1acbaaa1bbaff6d54af3060249a,19711,8f7f14f5a697823be541a7f2fba72be66333b75f164093943e439a8575db44ad,-1,unavailable,2,ordinary_transaction,true,19705
sphincs,blockutil-54-v1,blockutil-54-tps,27,13,3,bd7eb65c61d4fa148bd30daedc7fa6d947e2bc18a600666c756c8beadac3ba07,19712,7a6d8c0eb66593ceb44aba9e5dc00eecdd0d2e633472d9367cbfb77b17d89128,-1,unavailable,2,ordinary_transaction,true,19706
sphincs,blockutil-54-v1,blockutil-54-tps,27,14,3,21490704d0fa1c244f1385d6f6c2199929f68b24ff78cadaf7d42ee97a630d17,19711,3ec4cc9ff01d8d66867943fa917975a1c39a2ba3d6c181f16bbc9248e130eed6,-1,unavailable,2,ordinary_transaction,true,19705
sphincs,blockutil-54-v1,blockutil-54-tps,28,0,3,6f7f341e8e2e893daf2724cc26860d0cfc70f97be557abe172c21096692e95cf,19712,ac08988f06f8fbc3d865225bd490e91b836ef728cb9de2b1e249de43077185e4,-1,unavailable,2,ordinary_transaction,true,19706
sphincs,blockutil-54-v1,blockutil-54-tps,28,1,3,6325f83d3b7ef5d23c6ca46e25ff0fc5a38693a6521b7539a07398b2a329291b,19711,19ba392a8b9eb73a297b134151c1fa92db8cc99c2dde896434db156785e73dfa,-1,unavailable,2,ordinary_transaction,true,19705
sphincs,blockutil-54-v1,blockutil-54-tps,28,2,3,b578b7fefe50b32a1ab324973893619c5f73b0fb003aaedf57a4b929e7118020,19712,35f26777f1647b3940e48b1eb4a36ca0d03a7908310bdba8545c24a93f9fa40d,-1,unavailable,2,ordinary_transaction,true,19706
sphincs,blockutil-54-v1,blockutil-54-tps,28,3,3,2dad596a67822fda08741e7ef8528f22c098552fbee6c685fc87d88f6ed78d37,19711,bf6c94b9a2066543077590275f62a2fd461c1131adfaec9fd00fafe3f2bcb939,-1,unavailable,2,ordinary_transaction,true,19705
sphincs,blockutil-54-v1,blockutil-54-tps,28,4,3,66ac1804858ba0851deaca426c6853816077c9e5c40a06af726635040f0ba28a,19711,439a8ae5b061f87b2fa71c4a4fd7a6c119929111ac2ffa98f550b7f067afa08b,-1,unavailable,2,ordinary_transaction,true,19705
sphincs,blockutil-54-v1,blockutil-54-tps,28,5,3,71bc94ce8f9401cf6ef93f101b2796a50a764b1f68518b94b1fabdca11339422,19711,1188fece71a5f958d2ea64f882e75c42846f3b223f0475296e6c51631b670666,-1,unavailable,2,ordinary_transaction,true,19705
sphincs,blockutil-54-v1,blockutil-54-tps,28,6,3,f1bedddd36d8cad7eda9dc2e7f12525211390dca8be7044d90eec2d6cddd3179,19712,a852c25ad557aab9c90a408139cb721c7798b64355decf00b32d6f4d193df4b4,-1,unavailable,2,ordinary_transaction,true,19706
sphincs,blockutil-54-v1,blockutil-54-tps,28,7,3,d1f325399ecdceb404387b8d0ae807a479ef2844ee9dc0f6415d323db8e59bf6,19711,4e284a6c2ad94434316a35e0e20f2c5d2b4d38cedb9995eac9079c1ec3d91ec8,-1,unavailable,2,ordinary_transaction,true,19705
sphincs,blockutil-54-v1,blockutil-54-tps,28,8,3,e9e70359e653246654095da28c880a0872702a0fcc0cb1ce5a486a20ffa91f80,19711,91fcea726305c6e104ba8af1c81b6076d9b51883f22c90bda375cfd2d6efeaea,-1,unavailable,2,ordinary_transaction,true,19705
sphincs,blockutil-54-v1,blockutil-54-tps,28,9,3,5d251c872df39ae00244684a9711eab9864865311dc5b4b73ba3485cae1b63d7,19710,70959f1160d59f256316b197227fe6d146b23b9bc54bc6958adb9dc53c7b431a,-1,unavailable,2,ordinary_transaction,true,19704
sphincs,blockutil-54-v1,blockutil-54-tps,28,10,3,fad43d3898b1f22bafee7e14b2d5accb70c52a85f7c55007dfdc9fdfacc1f6fa,19711,e75988a04ca6cb91ec919dbe2d0ff847a1cef6f4bbb5b1e903f6eecbe274ff34,-1,unavailable,2,ordinary_transaction,true,19705
sphincs,blockutil-54-v1,blockutil-54-tps,28,11,3,4683a5f876475450d0f4ddac86bd723b80dc84cb9f7fd867d36f1210a9e3fa62,19710,97e4d5843809c1caa08c45bf10b679a345802153c0ff11b19033d05c2cf34f0b,-1,unavailable,2,ordinary_transaction,true,19704
sphincs,blockutil-54-v1,blockutil-54-tps,28,12,3,0e4407288c9f2ab0cc1ea6afb597244711983aedc81629d6c284ca1afca70255,19712,d7d96a71dbcfc9fbab40256e9e0e252b3c136b9363e003239f8959d7b40f2add,-1,unavailable,2,ordinary_transaction,true,19706
sphincs,blockutil-54-v1,blockutil-54-tps,28,13,3,88b89e174527e6a81a893cf5d6d28bdc44d94b3750d9124bac50c12f6d64fa05,19712,b873099d278522e820851e6c6e1f7b1ec9e1a7e0976dd30a78f49037a6697661,-1,unavailable,2,ordinary_transaction,true,19706
sphincs,blockutil-54-v1,blockutil-54-tps,28,14,3,a91d5dfd96c8388ec0dadc242666dbc9ea5f2c401bbbeeca696aeffc435b14a2,19711,354268fa01e78e60f39527b7297378f64c79778e6859f9e174f6d6e29914cb1e,-1,unavailable,2,ordinary_transaction,true,19705
sphincs,blockutil-54-v1,blockutil-54-tps,28,15,3,6e832a2ef182ff98e8ece976f05b67165ce2dd02beeb797c9b512a3d863027ba,19711,678ae98e163eaa32a8dedd846e10ec0a5bce6e0aac6d57c2c0df45308968bec7,-1,unavailable,2,ordinary_transaction,true,19705
sphincs,blockutil-54-v1,blockutil-54-tps,28,16,3,8f861d8865a7c9f150897e0d9b5028372a0b913009d1d9540a55aa92529369c1,19712,91f348cd9cd6f91a86f84d01aca24c943fea164ac87719fed0aeb75539a3dd0b,-1,unavailable,2,ordinary_transaction,true,19706
sphincs,blockutil-54-v1,blockutil-54-tps,28,17,3,f4e8bd992eff3a7c4549a3357736437a65a86b5797ccb92c8206fde550673be4,19712,03305ccf1e8d4c2899c71fadbe55bec163f57366a26ca84898e26d29cd684399,-1,unavailable,2,ordinary_transaction,true,19706
sphincs,blockutil-54-v1,blockutil-54-tps,28,18,3,6dbdb53d731692f230d846d20761bcb13da4405edc2c2ae65a01e10b2cd160d2,19712,f73546b2c90a879c4eb1987b220a5352a6aa9265f8e90d1c9f73f0cbb492749a,-1,unavailable,2,ordinary_transaction,true,19706
sphincs,blockutil-54-v1,blockutil-54-tps,28,19,3,befada5bc947c8a14edb4ea6a3b64b36b997ca10fc77c2841ad301d77facded8,19712,f47efd3a10408562e009e0f14b2a7070ef36300f2daf6f5c3cc758c4e82973c8,-1,unavailable,2,ordinary_transaction,true,19706
sphincs,blockutil-54-v1,blockutil-54-tps,28,20,3,983408e848c208a631a6d4cec0e992dffbb4a229aefc0904491f87cbaccf304c,19712,edf77cddb6bf507442ec52b2ae6f8878f265f6e50f4f4a703a8f837ed414e135,-1,unavailable,2,ordinary_transaction,true,19706
sphincs,blockutil-54-v1,blockutil-54-tps,28,21,3,54ad7502ddddcbd0193db2c5f9c9ad9e46deafb2a353f834a5c094ff690e7775,19711,a5194cc8358c0232fda32f4cb21cf7a4665d40ef6f453ab0af044a854a5a95ca,-1,unavailable,2,ordinary_transaction,true,19705
sphincs,blockutil-54-v1,blockutil-54-tps,28,22,3,72b4a07a9f90f8859276efc185271cffe826932c5b6a47f7195b4439b452cf58,19711,9587033102db7c170927730cd9f542a2dd96a0878837cbe682c23df509d4356c,-1,unavailable,2,ordinary_transaction,true,19705
sphincs,blockutil-54-v1,blockutil-54-tps,28,23,3,483f291d0952abd85c6e955893e65631989db23dfc0462c39098b1f0c5fcc11b,19712,2e2db923ff45cd708aa03aef59a464be5a95b5c6135ea4ace800e8eb16b94f9f,-1,unavailable,2,ordinary_transaction,true,19706
sphincs,blockutil-54-v1,blockutil-54-tps,29,0,3,bb600a8a3b9f090bedade2cc7b3358514ffcf4547a2391a66f025cf9c20beede,19712,58aedcf57b60b2f18e68fd7a549e2a8bc96dfaeb9950c389f78bebea4fe5f185,-1,unavailable,2,ordinary_transaction,true,19706
sphincs,blockutil-54-v1,blockutil-54-tps,29,1,3,6642fb144c4bd8254bbe37dbcf556a0145668458f58570538c99987b71b6015c,19710,d349262fa5faa5e48e2f7d7546f6a4f3e28ff696e888e11d9be1f540b04fccff,-1,unavailable,2,ordinary_transaction,true,19704
sphincs,blockutil-54-v1,blockutil-54-tps,29,2,3,ba09c59626aeb9c7179634bf2d5f8749311855f6cd9a588e6f7460c8b86126ba,19712,1dc1e86540d5f1bb51261ee896fb1a628d31261b3fe90eecf1a06d09afe26198,-1,unavailable,2,ordinary_transaction,true,19706
sphincs,blockutil-54-v1,blockutil-54-tps,29,3,3,5d5b0bfee0b421bc8d5543f5b8f83164fa4621bc22c25ab983445d938464846a,19712,21023bd4b4e375b3465d3228848d4a6d3d8f1450dfd21c814fb1575e7a26d555,-1,unavailable,2,ordinary_transaction,true,19706
sphincs,blockutil-54-v1,blockutil-54-tps,29,4,3,bdfe445f7b87ca776e41ec8afab858903048e61738ec8bb0f89de7ba375a00c5,19711,976baa40be0186c2607d7abb181987bebffd44cb5c91aab0d69defc61137fcc5,-1,unavailable,2,ordinary_transaction,true,19705
sphincs,blockutil-54-v1,blockutil-54-tps,29,5,3,94ebcf9a5de197885e4160faa7925dd5b60952c581d487fbb7f21dd2fd34777e,19712,87a8102386d8543d2e9e0cf1f6051bd1f4df292a292573cfd9d6a7585f439472,-1,unavailable,2,ordinary_transaction,true,19706
sphincs,blockutil-54-v1,blockutil-54-tps,29,6,3,997f8611f4dc9cdb25c5ae81c7c50f8f7b54161af3da464aa2ff26d92527c42b,19712,f763c7160fa17d5e7c38476427c51bf8efed132799037f4960e97f147b349632,-1,unavailable,2,ordinary_transaction,true,19706
sphincs,blockutil-54-v1,blockutil-54-tps,29,7,3,5e9cd72925688f4534383cc42a75fbbca288a2b54fad538937addeb46d4fc892,19711,b725c03efd5b5514a575973d3fc360eb16e3013fdafd195d9ca65deb1bf7f30c,-1,unavailable,2,ordinary_transaction,true,19705
sphincs,blockutil-54-v1,blockutil-54-tps,29,8,3,9f821c8bdd7aa8ff909e9566642c337cf6011534be005ddde6843690275deb61,19712,f25ae0a87d177ff6de0c2b4b287ec0d21dfd6133c6cf102a8c4c96b6b3bd19d4,-1,unavailable,2,ordinary_transaction,true,19706
sphincs,blockutil-54-v1,blockutil-54-tps,29,9,3,82c816c1404b8c3858cce71afa9695a55267240ea984d78e9b570afc9bdc1a56,19712,9c69db1996023e2f0f7792dd7b5f0d46f2f208b7564f436bbaddd6a0f931df9f,-1,unavailable,2,ordinary_transaction,true,19706
sphincs,blockutil-54-v1,blockutil-54-tps,29,10,3,a8dced79d29e2a7946b686e64548e153e3e86e121128d94a04dceede1796758a,19710,e4d0eac5686c03e8ae45dcb71356ca97aa94256b654e63e056442fa4f6760d70,-1,unavailable,2,ordinary_transaction,true,19704
sphincs,blockutil-54-v1,blockutil-54-tps,29,11,3,518a1fd3f5b288f88c16ace1dedeb74d46699df41e5cd9157c68f496a2ed9b61,19711,d90d9326067ff6c5ee88bf90740e6cc836bbed60505c5706d1ca49ca0f6e394b,-1,unavailable,2,ordinary_transaction,true,19705
sphincs,blockutil-54-v1,blockutil-54-tps,29,12,3,c721f5e5139825c284ba50354963c5155ecc5958a7186a08120512475832e682,19712,36976aceca3db7f7e0e6a88531fdac0225a77aaace95c4e41211314e4898103f,-1,unavailable,2,ordinary_transaction,true,19706
sphincs,blockutil-54-v1,blockutil-54-tps,29,13,3,c9b2fd73c9b78fc53b3d65a5357034ab18554955eecb57d4f43f8f75a25b31b2,19712,c654e8c1b7d8ed488ea982eaaad0fc392bdb26ce09f7eb7ff45068cc4114d514,-1,unavailable,2,ordinary_transaction,true,19706
sphincs,blockutil-54-v1,blockutil-54-tps,29,14,3,a5d59d79f071f58d20ba07361c0abf913b674758b5d5340871154cd9f5aa73b7,19711,899e6c5384cca3fd30ef7352c8795bf1ab4c69155af4188e96188bb9e35847e2,-1,unavailable,2,ordinary_transaction,true,19705
sphincs,blockutil-54-v1,blockutil-54-tps,29,15,3,32ea7b1070d80e11a6b9cd12df791eacdc310fa163ebb696081cd696169af27a,19712,60a79676609c42810b2c6988c4f51936666ddea9cdee16d649e5d7e32cda9ab8,-1,unavailable,2,ordinary_transaction,true,19706
sphincs,blockutil-54-v1,blockutil-54-tps,29,16,3,9e8191479dc2712494306070eb91af57b20b0b6db98de759d462e2d04a03b23e,19710,e72dea8344e96d78ca563e88011b006eab4bca8512ed4c1facf5b83af84e51a3,-1,unavailable,2,ordinary_transaction,true,19704
sphincs,blockutil-54-v1,blockutil-54-tps,29,17,3,a3e2a6812b56e8e0c1247b1334bdc8ceeffffa58f63e3e2776c77e94f1260e28,19710,5d19a558edbbb4c557241a11c24edbfbd18128b831d61e0b2d2f32f0dc5a1916,-1,unavailable,2,ordinary_transaction,true,19704
sphincs,blockutil-54-v1,blockutil-54-tps,29,18,3,20c85a0d6ba3bc693647ed2a1bd61ebdfafc01baecd7e69ce3cd9fb69adc75c6,19712,b5a0f4ea106d33637bf4d72e471ac0d2fe729ccd758112862ed8489724354927,-1,unavailable,2,ordinary_transaction,true,19706
sphincs,blockutil-54-v1,blockutil-54-tps,29,19,3,c34db9739233ed19a7f85bad959ceed5cf75f3b782b0f55bc0823b3a5d407740,19711,4cc37603a5ce0a6fd8216db5b5c5047297abcc9b3ebceab365505e358b984e7d,-1,unavailable,2,ordinary_transaction,true,19705
sphincs,blockutil-54-v1,blockutil-54-tps,29,20,3,99ebdf88bda56fdfa975914199abb24ccad13fdc9fd5f31c17433002f0636c4d,19711,3af166ac9213637d8c44f42d99a4fcbc719a1ecfcba4313e05457333d19fa96d,-1,unavailable,2,ordinary_transaction,true,19705
sphincs,blockutil-54-v1,blockutil-54-tps,29,21,3,07cdc695e5ceaa1ca7e0b8efb0e39c7a13a0922a74778d54f6ae4298a66aebe6,19711,efce61c9459879264a1a0456d3164c4697c94e48b9cade8e0df17d1855130bec,-1,unavailable,2,ordinary_transaction,true,19705
sphincs,blockutil-54-v1,blockutil-54-tps,29,22,3,879245e85b697d4e5c59741362dd70acc390601fe948b921927d47fef173010f,19715,69f1e424ee6152cdd6049da12b626593c15337ec148127fd1c83b3f45bf75b65,-1,unavailable,2,ordinary_transaction,true,19709
sphincs,blockutil-54-v1,blockutil-54-tps,29,23,3,67694a4ccfcd44e257b0811af8f076e7661500b34fb06a5f3e87cf7a7c8925be,19711,0b514be8e91081b60402df3b3888a202de3224c555e82db17a8d72f9accc2bce,-1,unavailable,2,ordinary_transaction,true,19705
sphincs,blockutil-54-v1,blockutil-54-tps,29,24,3,4220a95cfedf0498e6175aca1a76c55437e9bb871d90345e427ca0e2374c8524,19712,65cefc9c44504769d4bb08a90b4c3c4bffaaf8081bbcd4c85125910208fbbde2,-1,unavailable,2,ordinary_transaction,true,19706
sphincs,blockutil-54-v1,blockutil-54-tps,29,25,3,aa99132add5c22d0d616129f144f3549b9b0c568edf8ac04c56d72e21cef1349,19711,36c6218a089397092c5b4be72becfccb6344306343e50fbb5846f64d80830b19,-1,unavailable,2,ordinary_transaction,true,19705
sphincs,blockutil-54-v1,blockutil-54-tps,29,26,3,fb91a11e6c9e7810faf8ba24b1371076e1c458c1f97ccb64d5057e3d80612119,19710,f8aada6a3215862119e0517298016f6901d29055baf2355a51a0ff7a10778950,-1,unavailable,2,ordinary_transaction,true,19704
sphincs,blockutil-54-v1,blockutil-54-tps,29,27,3,646856659999106da4670ccbe5bc2711e1f11395e57e64f2bdcfacb340eb9075,19716,ba4335ce23b0e6a8621f56a6a46364e534dd3c9382461114b4c297143bab08e4,-1,unavailable,2,ordinary_transaction,true,19710
sphincs,blockutil-54-v1,blockutil-54-tps,29,28,3,61598f5f46f80ec512885902c6e7ec1dde5cd7413df06174fd94cfef3513f2cf,19716,792520f8f5abf85a5f8ee23e3f28c6cba0f88b777f519be544feeffb4b9c2beb,-1,unavailable,2,ordinary_transaction,true,19710
sphincs,blockutil-54-v1,blockutil-54-tps,29,29,3,d7a097d660f379aeb1c146a0e6f4491fc026c39ee165d09b983c6af337128017,19712,319d2559dfe9871556e9a66a8b5067f91547a432f25ff168cad5890b4099dc91,-1,unavailable,2,ordinary_transaction,true,19706
sphincs,blockutil-54-v1,blockutil-54-tps,29,30,3,fd651249918f2b4b875e785562ac0436e55215fd29db2b7e92d41914498eaa81,19710,b89b6e78b32e58329874ec199a462f49344b89f35e8629b2c94235afa1d7ef44,-1,unavailable,2,ordinary_transaction,true,19704
sphincs,blockutil-54-v1,blockutil-54-tps,29,31,3,66410c25a8ea071ab0215caecf8ffa7c817f0542ffd2e0a97d00e5eed616f07e,19710,a8b8eea76c9e8ed42671a3884f9ff0d81dc07a0c24f1adecf3efaa42730ed9b9,-1,unavailable,2,ordinary_transaction,true,19704
sphincs,blockutil-54-v1,blockutil-54-tps,29,32,3,ee9a5c4fdb28d80d4a8f3b1b77b2680f3cc8e897234f92e86f7277b79de41a88,19712,11ba4240e69aa4d390caa1be7692e602b64be221ef46a4aa56c0c96ebd3458bc,-1,unavailable,2,ordinary_transaction,true,19706
sphincs,blockutil-54-v1,blockutil-54-tps,29,33,3,fae215a7acf20daa3167a630551e01f10057e42c07b201af2c21f7d053a2fd48,19711,2028be63357ccdd0a8cc0749d1d85002a1d43384cf8b8274132d434efc96c220,-1,unavailable,2,ordinary_transaction,true,19705
sphincs,blockutil-54-v1,blockutil-54-tps,29,34,3,7afc89ed01825fcd3e6d40b5d055005f153415299cf23b6b6a7c48d0f54b6d81,19712,447c5b77cd3a4d16f6b906bb77ca8e4cfaf4369170bffa946a48bf63573a17cc,-1,unavailable,2,ordinary_transaction,true,19706
sphincs,blockutil-54-v1,blockutil-54-tps,29,35,3,7382e5aee43b095944ceb68d2135437e5b444bf0e117820873ffccd4c2683bae,19711,329db8e90650132724f88863e8fe0c65ad3fa2f071f1b4d28f9fea3456d206a5,-1,unavailable,2,ordinary_transaction,true,19705
sphincs,blockutil-54-v1,blockutil-54-tps,30,0,3,c9163acfa296571b4262645d47b540f974d8838605c206474a6396de87ec4f6d,19710,17c56596cdb17f222697f0300e2371d1ba2c5fb5d320ce7684ab2d30ac948ad2,-1,unavailable,2,ordinary_transaction,true,19704
sphincs,blockutil-54-v1,blockutil-54-tps,30,1,3,a1c6cad6d19e11c21ef0b4b8e864bf12c9be5e2c95f7f448694c44ee8ba4fd6a,19711,7f7649f9e0008459a5da04f2f91fd93ed4dcded4047a6b111429c8a74bebec79,-1,unavailable,2,ordinary_transaction,true,19705
sphincs,blockutil-54-v1,blockutil-54-tps,30,2,3,0325e6cd4312620807293cdb7c4b3a57171b7f53a8a2b071d2af6de56782c4ee,19715,f78833bf22fb9b79279f00d3ea80b4da575b5b89483ae420aa35f2d81a7996b2,-1,unavailable,2,ordinary_transaction,true,19709
sphincs,blockutil-54-v1,blockutil-54-tps,30,3,3,340d91b3e75a8c8fe168dad30f7724c726c48bf84ad0cb177649d3f3e3bfbe72,19711,888761f9a0c1091bad082ba9139aaca33d3f010ec7fbf7673f052db774cc6085,-1,unavailable,2,ordinary_transaction,true,19705
sphincs,blockutil-54-v1,blockutil-54-tps,30,4,3,d75d2b5087cb8fc2294ed8f752d57100ac7b6af5f9a6d5c371308c0bece9f2dc,19716,2e84bf18b7299c777b6f8c0010791e721444dbe5c5329de5eaf1f4992c158966,-1,unavailable,2,ordinary_transaction,true,19710
sphincs,blockutil-54-v1,blockutil-54-tps,30,5,3,d87a142e433d84248cc541df97bf8772a56275b1de6d3fd7744f59893d682c5a,19711,c6672461db708f3826eeddae7b603f2debcbfed6d50d2389b101b0e58f658faa,-1,unavailable,2,ordinary_transaction,true,19705
sphincs,blockutil-54-v1,blockutil-54-tps,30,6,3,9439375455fb20453e28626d4171dcaf7489ad39a6b04ab937dc88f1fb0457c7,19712,cd65c591384499a85016d2cefc469f01beebd769b5651ca81183d5b128fe8e92,-1,unavailable,2,ordinary_transaction,true,19706
sphincs,blockutil-54-v1,blockutil-54-tps,30,7,3,50707ad71e744ee00274a1ec1503268478b0aea1c06108aae8a07e9665ef0386,19710,a6eec9070237e7093847f06a062dffb1b19271009b9534f30b74f2edc796b2fb,-1,unavailable,2,ordinary_transaction,true,19704
sphincs,blockutil-54-v1,blockutil-54-tps,30,8,3,70322b90bd1f1cbd08baff4264521695da9bac3d57feccf6e6a3a1ac75b66d4e,19712,27bee6f42e7f9cf2882bb4ecb1f94c75e27d3a0af33296d2a59c5df01df060a4,-1,unavailable,2,ordinary_transaction,true,19706
sphincs,blockutil-54-v1,blockutil-54-tps,30,9,3,75ddc2d1747b3da477e99f6b966a39d2d04f0547f820e95237854cfea1bfec83,19711,145fe3ecae093c5095309db348ba936ea4b4f3f3b75144e593d6c403cfa8edb7,-1,unavailable,2,ordinary_transaction,true,19705
sphincs,blockutil-54-v1,blockutil-54-tps,30,10,3,02d5f75d12cd6d246f1f5c2c20fee90875ec6b0715bbeba4ab3901dba024fd3c,19712,3dab5e7fc97e803daab4d85dc9493ca2200fce66c02e9cf2b53be65992ee7e56,-1,unavailable,2,ordinary_transaction,true,19706
sphincs,blockutil-54-v1,blockutil-54-tps,31,0,3,462d36e56029453cd674e0a3d7efa890a1c7c6311e9cf0ee8be7bc433eec15ca,19712,2a082148445778c2b74ca62f9c89dc16e5ae17d6aef701d7cc8cde64b6794271,-1,unavailable,2,ordinary_transaction,true,19706
sphincs,blockutil-54-v1,blockutil-54-tps,31,1,3,4515611ff97e42b0ebdb7c0d215f0918e8a4515f1553b016c22ae1d95ced4840,19712,0b8ae53d555d1ea8f0afeed300828fa45a06a472ca6a19e9756824d712896ba5,-1,unavailable,2,ordinary_transaction,true,19706
sphincs,blockutil-54-v1,blockutil-54-tps,31,2,3,c084980846deb075cf218b8817f574c13af9327a1168e6900e4b29fa3ebefb07,19712,295c4290d3121e01f6746769535296337bf0706f8ea704625aaa041e89394dd7,-1,unavailable,2,ordinary_transaction,true,19706
sphincs,blockutil-54-v1,blockutil-54-tps,31,3,3,ea0caa2d592f93bad74ac97cd68bf1c5b2bc05e1e7d92ea47a2e1fbe7fbecd26,19712,06e364ae6399a94604e686138d53bd856efc1d0da5bf85ed82f666a88af915cc,-1,unavailable,2,ordinary_transaction,true,19706
sphincs,blockutil-54-v1,blockutil-54-tps,31,4,3,a53a3864a5eb3e32a9fbdfda9b0756bbf91dad43f0afe6fed47a5a5fad6b0480,19712,e53345f1dc57ffe8ef8455a17589acca13f0f47cd893d1dfefc72b83a8817ab5,-1,unavailable,2,ordinary_transaction,true,19706
sphincs,blockutil-54-v1,blockutil-54-tps,31,5,3,b84b65e72e8538cc748a0c7f1c76ee5b2a432682edcd77902bd5dc9dea42185c,19716,bcf697ff17ac952b19fff523f1587d0db93aadcfcaa658e8efd7239b5a1167ab,-1,unavailable,2,ordinary_transaction,true,19710
sphincs,blockutil-54-v1,blockutil-54-tps,31,6,3,f823697714c4cb9637f7de1663564790279e8ab584d9acf0757568c2df4fcd00,19712,b5813c36f1fb4927f63ae12b4c128fbc78f5bbb167b0a5d54f150b790895a6eb,-1,unavailable,2,ordinary_transaction,true,19706
sphincs,blockutil-54-v1,blockutil-54-tps,31,7,3,463723fb655d03393e2d2003e5044e0d21ecdeedc74fab260dcfa48678b49c71,19710,053f63c3b3f7cc54ba7a8733f3677b3059e2cb1e03a4b4a87f5ffcbb5f033c56,-1,unavailable,2,ordinary_transaction,true,19704
sphincs,blockutil-54-v1,blockutil-54-tps,31,8,3,9e22d456ebe8f2ab2c924acd039438872a68533417702726fbb31e44d97fa70e,19711,e0b06e62dcba0c317de2bebc84c82c98eebd57527803d17d57ce580ade68a285,-1,unavailable,2,ordinary_transaction,true,19705
sphincs,blockutil-54-v1,blockutil-54-tps,31,9,3,103b19d99fda9e304c539a9013ec044e26e4577b2fa0515e2f9c41d1a09493a8,19711,bdb3642f59c4017ea2f119d91768c9be7a3a3281f4715b39b9fb7b7307f087ff,-1,unavailable,2,ordinary_transaction,true,19705
sphincs,blockutil-54-v1,blockutil-54-tps,31,10,3,59ae6e8983b5f67cf9d7943baa3e33e6034ea7f6d1feeffbf1ab423ee96f38d4,19712,5c063cdafef71f493e6c5e2dbb919e6ae33d6bfc4f679e39db2517f85a89ace6,-1,unavailable,2,ordinary_transaction,true,19706
sphincs,blockutil-54-v1,blockutil-54-tps,31,11,3,4dedd52692dda87422aede173d29e3ba595f435b7f70019344cfbc4ad0b7530f,19712,d8997b462ea885a3daff09336935ad301034ce9a665a40d89c7feac28c691065,-1,unavailable,2,ordinary_transaction,true,19706
sphincs,blockutil-54-v1,blockutil-54-tps,31,12,3,34df7bc9744f6eea078cf50679c9808c5f991c6b06628bf02ecef5f59ff446ac,19711,b66093c1c949c0d1ecfef0485780bd9537c511bca1d53aab888f1a29ebabacc7,-1,unavailable,2,ordinary_transaction,true,19705
sphincs,blockutil-54-v1,blockutil-54-tps,31,13,3,7c8a91e16dbcd4f3d31f98c6a9427469d5fd68f19475358039a7e6a82b360b7d,19715,0b83eb1f6e92ae6641dd516b95db0c4b7c313ecc34929bd5ef7baba2fe35f1ee,-1,unavailable,2,ordinary_transaction,true,19709
sphincs,blockutil-54-v1,blockutil-54-tps,31,14,3,763cbf3b4aed069442bf9e2f51dc1ebf21ab2e2a23012cb5a674470f428252ee,19712,02e26387a50182d2bd34a256221ef51ff5e13bbfe73f9ffb4d570d95ec31075d,-1,unavailable,2,ordinary_transaction,true,19706
sphincs,blockutil-54-v1,blockutil-54-tps,31,15,3,bf4d2905a2296d5f792fe41f167b6a980a17733a06ff7d5716a385a3ebfec927,19711,a1a6815b0809595abb4709381db25d11c811699afa089a943004ddadbd421496,-1,unavailable,2,ordinary_transaction,true,19705
sphincs,blockutil-54-v1,blockutil-54-tps,31,16,3,0393a0f0dcc1298089fd7c8a1a79701636e5c64b8b5636b2813dbf09fb3f1a8f,19715,955b9f519bcfd9f1048034040b75cdba71371be4dfdf4f854db6220c8b7422db,-1,unavailable,2,ordinary_transaction,true,19709
sphincs,blockutil-54-v1,blockutil-54-tps,32,0,3,c499f42936b6e2bbd34d00b182c2df9ca849532d96b33e6b61c7aef731de83c8,19715,ec08fb9e6ae1abf4efd9263acc6f625c1484e0e02b03522f362dfc48689101d6,-1,unavailable,2,ordinary_transaction,true,19709
sphincs,blockutil-54-v1,blockutil-54-tps,32,1,3,24170c27019ae02d9da02d44f7b4c68f6efee6c17866a239d74110917504e988,19710,91bbb52823c2c8ac69998e15313dcff33037155a636ef8a0f1cd9e033c0b0b7c,-1,unavailable,2,ordinary_transaction,true,19704
sphincs,blockutil-54-v1,blockutil-54-tps,32,2,3,a7f5e284b410e13d0fce61b767eb6bcdea070fe1f6b20795003fec36db2585ee,19712,8cf6dd82c66b7c83f9a5e786939b20bcd2dbac3b00c90389ffe4cfb0fc08360e,-1,unavailable,2,ordinary_transaction,true,19706
sphincs,blockutil-54-v1,blockutil-54-tps,32,3,3,89060382f61e1aeb551846605a079f67a5878875de0f16e31aa1ed21d64fcfbe,19716,ab501e4731de002f5bd439e7474b784dea259d5f2daf976c0adb8534e0bfeaea,-1,unavailable,2,ordinary_transaction,true,19710
sphincs,blockutil-54-v1,blockutil-54-tps,32,4,3,dbec703f57a6088b86f2d98b3f8ad5ed1f48e9d243298b09c20bccf0d5b18ced,19711,1310aa344019b7a2e519125114235d5f37dcd06324946fd613d03c5ff524f1d1,-1,unavailable,2,ordinary_transaction,true,19705
sphincs,blockutil-54-v1,blockutil-54-tps,32,5,3,f349074b0eb2623ba05356f95953697a7bbcdb9aa41d9ef11c7b27fdc0002c3c,19715,df0996f8f8ebd72ecb1a97501d40d6577481021b1b58618eac618d06a39887f3,-1,unavailable,2,ordinary_transaction,true,19709
sphincs,blockutil-54-v1,blockutil-54-tps,32,6,3,ac227c30ab58213b8f2556ff871b5cf7a70669d1efdbd87295d084da580e5a0f,19712,127becf82fe51074f770f80f8463e5c1f946bc6cfab544df1e888df4e7d8c6d4,-1,unavailable,2,ordinary_transaction,true,19706
sphincs,blockutil-54-v1,blockutil-54-tps,32,7,3,69681dc235e4292cf9a8802272ebd35f3747c3463b8bb82ecb1cdc3afa12135d,19711,487d476a040380438636411caad21da14a78df11c4707d13e8947062c95674bc,-1,unavailable,2,ordinary_transaction,true,19705
sphincs,blockutil-54-v1,blockutil-54-tps,32,8,3,b28c305b723775dd03f036828c79dfe86068d14a55ae69dc99f97ed357e8c282,19710,b24a0fd24c101f958b23f44fd9c95fdd95c6a6020bdd9a823c378c98230f53fc,-1,unavailable,2,ordinary_transaction,true,19704
sphincs,blockutil-54-v1,blockutil-54-tps,32,9,3,96a3e9f2d1554cb5982c645906758d474092ec1e574add2d61553e554d309e67,19712,66d97c49fa69238e2a01070686d13834138a25870acddd42ac17a6a3c4f9c1ae,-1,unavailable,2,ordinary_transaction,true,19706
sphincs,blockutil-54-v1,blockutil-54-tps,32,10,3,f98ae8bc1bb7211e168cd8444d0c53f7b4b02e345ac7df1e7283297a605e84ac,19712,be0b56be60cf7fe2386cfc80124a85f2470a50dc2e458a6aaa339905a4e9d650,-1,unavailable,2,ordinary_transaction,true,19706
sphincs,blockutil-54-v1,blockutil-54-tps,32,11,3,c8c14c16733131a2badcc277842be163e96074b9d125eb60e7dbcf9564f4a96a,19715,0c5bbeb4ee2ec4281a523f05e413d27c14b14defce4d155f9f87bd7f7f9a679e,-1,unavailable,2,ordinary_transaction,true,19709
sphincs,blockutil-54-v1,blockutil-54-tps,32,12,3,e3e1d1cc7b6d13c654549260e9cf056d72f845bb7ceaf92ac707d0cb6adda2bb,19710,b1af8458d9782433b22ac1b81a559cc3c170e2184c7e9e298c62262e43cf5dd2,-1,unavailable,2,ordinary_transaction,true,19704
sphincs,blockutil-54-v1,blockutil-54-tps,32,13,3,9a2c460a9bd9a40183cd38a80e5fe7127ac4461876666054b4fc0ccc626a1cdd,19712,7cc3e55d08744a9d4954054012085ff11bdfab942ddf218a091510933420e7ec,-1,unavailable,2,ordinary_transaction,true,19706
sphincs,blockutil-54-v1,blockutil-54-tps,32,14,3,4e85b36aa1fceefe23f329cf3412098dbfe88518a2dbab0aa221dbd33c1e9358,19715,25d61f74359d5db7914c97c0c0f64496b09b462db352e87feb0c47920781149b,-1,unavailable,2,ordinary_transaction,true,19709
sphincs,blockutil-54-v1,blockutil-54-tps,32,15,3,271d8bfadfff58e2a78adcbc3c8226956cd2ccf8c88a8aeff67bbcf01a043387,19712,5ac7ee6ef3aaaa8122c3ccc3ae004f9e61e6d2087796500b5404f60b1271847e,-1,unavailable,2,ordinary_transaction,true,19706
sphincs,blockutil-54-v1,blockutil-54-tps,32,16,3,c132626c22971010cc5200f5ffad08e4dd8d74d0acef15f6f5f3b0d219b508f5,19711,0197e36f99b75a968e5fa6c76bc22e0ab9e1b9ff603290a2ad9477f750f3b269,-1,unavailable,2,ordinary_transaction,true,19705
sphincs,blockutil-54-v1,blockutil-54-tps,32,17,3,c4d4584ffba8a059acab04797e19b2b08677b09744c0ddd7cd1ae9e3bb8482a6,19712,749287b7a2cb0e24c654e26841e78195ad831553be08e6a11d1e59ebd1d2c12a,-1,unavailable,2,ordinary_transaction,true,19706
sphincs,blockutil-54-v1,blockutil-54-tps,32,18,3,b8c68c6e7a420031aaa9fb741ef096c5984fcf86ae62ce78cf7c9aa0410a1878,19716,6532f5a600a5e243d6fc7f2776e03aac9fafac79f9388beffc86da3f75551d4e,-1,unavailable,2,ordinary_transaction,true,19710
sphincs,blockutil-54-v1,blockutil-54-tps,32,19,3,68f26d95443597f9f631b106f3c5ebd405092e8c1db7b59769314dfb8a807776,19715,8ef2cd0bcdf0c8fc5cba724757a18fce71ae76b2b7ba738043f42e95168c1a50,-1,unavailable,2,ordinary_transaction,true,19709
sphincs,blockutil-54-v1,blockutil-54-tps,32,20,3,0fd0c7e196626001366cadf7490cabe8e6d14680a2db54b12e4b80dca6803231,19712,e940ca8d63e9e681db13cdf2d4b7ffba2a2bf8b710161951865af1e74ef3716c,-1,unavailable,2,ordinary_transaction,true,19706
sphincs,blockutil-54-v1,blockutil-54-tps,32,21,3,617d1a93a3486671b66b3a13b9a793c3c56fc66c19498d1ee6cab89bc9167bdf,19712,f19533a3495e8a1654299542c20d0edb3630b6e4a16a3d365fb076db91fee15e,-1,unavailable,2,ordinary_transaction,true,19706
sphincs,blockutil-54-v1,blockutil-54-tps,32,22,3,8aaa20054e2b012d01c62cdde4b38f14e869bdfff81865a754a01bb7f548a8cf,19711,8f5bdea452a6f6412508ff9f67ffcc057d5cdcd57e2b88da755c4d0f21cf7457,-1,unavailable,2,ordinary_transaction,true,19705
sphincs,blockutil-54-v1,blockutil-54-tps,32,23,3,c71e022d7b161bfc66d59e845872cba1617b8376f7fb5fe3129f9015706a9475,19714,53d1c59345e01f5cfd5e010b35a36aa9326d4f828a37a3304ae617d3f5f305a3,-1,unavailable,2,ordinary_transaction,true,19708
sphincs,blockutil-54-v1,blockutil-54-tps,32,24,3,cf868e2ffd62dbd9f7d1247940598505a9ce7a0188f58b4eb9c4ac7101b4b816,19715,a4ddbe3af4b5671cf44d07a875909704630ab3fe7c6ef05a6bfbe4eaa2f37cfe,-1,unavailable,2,ordinary_transaction,true,19709
sphincs,blockutil-54-v1,blockutil-54-tps,32,25,3,7ea44ebcab3a259170b2762911baf525f6d9591a608b30052572f296a90a4722,19710,3c539289799c197eb6b4c941fda7e6e9ddc7bfdc4f1a20270d909d5598332ddf,-1,unavailable,2,ordinary_transaction,true,19704
sphincs,blockutil-54-v1,blockutil-54-tps,32,26,3,332226c65016e52872093429469325b89287ac9af434a8cef3a20b934cc9ea87,19711,c6868f52523dda47ae5d0bb9ae4e5041f3f6ad8757687efbb6f461829ead9446,-1,unavailable,2,ordinary_transaction,true,19705
sphincs,blockutil-54-v1,blockutil-54-tps,32,27,3,01f2ea8a547a0cf0532dab971ce2568a01ce92c8e367d96f1e9345621f6b0213,19715,384a9f7521e44791b4ae1bdcacad933da09d8895284b539c86ee28d5fac71780,-1,unavailable,2,ordinary_transaction,true,19709
sphincs,blockutil-54-v1,blockutil-54-tps,32,28,3,947089841a124d3e1bedc6a163307305d3ca8ad49b754fe44382efca31a6e1f0,19712,a21903de9d239c25253092b2537f483cd41ef2b10440f4443bca2a9dad98c797,-1,unavailable,2,ordinary_transaction,true,19706
sphincs,blockutil-54-v1,blockutil-54-tps,32,29,3,bdc91fcb4c57c435d9fa9fc12079dae4276199e610f1e99d37fee2010334410a,19711,8529f0947b7c72b2c9a6119d3cf514721cb67cd75454de933b92f3614e52312e,-1,unavailable,2,ordinary_transaction,true,19705
sphincs,blockutil-54-v1,blockutil-54-tps,32,30,3,c6d8a6f2d0286cc3607c1050777c98f497d1d273aebfbf4f3aded23b8c226f5d,19712,90a42ee8d855a257c6af3076ea8ba3371a57d2f92d081ccf1db8b36f130d445f,-1,unavailable,2,ordinary_transaction,true,19706
sphincs,blockutil-54-v1,blockutil-54-tps,33,0,3,af5b92fa7caf3b32e8a5997dcefd080a864858a7add94c0d9b65897ee18954cd,19711,414b67351ef560dafa8a50f3810875a6786127bed5bee58a1dcd667bca79c158,-1,unavailable,2,ordinary_transaction,true,19705
sphincs,blockutil-54-v1,blockutil-54-tps,33,1,3,209eb5ad5476ede25cb044f71060bc80f81dff3cba194a87285d2dd9bf2b73e4,19715,19fb99ca10dbe35db7af7ea998a9852116033ccc4ea78c1b9ad3c785ff64019f,-1,unavailable,2,ordinary_transaction,true,19709
sphincs,blockutil-54-v1,blockutil-54-tps,33,2,3,a052edd177b5e0c9ef01d395b7a884d8d899e5048162f409cb3dd00198dd0de0,19712,cda5fde298c9bc32818dd10c25306f4975c21d806bfe86dc5c8cebd27cad8afa,-1,unavailable,2,ordinary_transaction,true,19706
sphincs,blockutil-54-v1,blockutil-54-tps,33,3,3,5f9e991e7853e6a11b6e84cd8bc5e6a4a44b9d566bac57b4eba655569bd8cf4f,19711,e2ca0c8c86dd73eeb82bce4fe032e787d56e4f54205e3f53424e21f8012634bb,-1,unavailable,2,ordinary_transaction,true,19705
sphincs,blockutil-54-v1,blockutil-54-tps,33,4,3,7f4c51613464d5c30af8f49ace9440e4456d353fc6934585f690e1ab49a2fa88,19712,d2f382201615f1162c7806007eec62864708e96d944008d354b7d5f8aab83b28,-1,unavailable,2,ordinary_transaction,true,19706
sphincs,blockutil-54-v1,blockutil-54-tps,33,5,3,a92888a8e4bb6ec77a231848330360fda41319f35d4fd593541ac405f3a03eec,19712,35d0157d265b52ed67afdf2cd9f492732557680ca53bec9443b7181228264f80,-1,unavailable,2,ordinary_transaction,true,19706
sphincs,blockutil-54-v1,blockutil-54-tps,33,6,3,5f129f8059da9cdb1b3f77172ae2deb33d5bd6128223ec84ce4e70cf15775f04,19711,c09b11df90fb13d1a9f5e2983e5aa3f6367f18b937b5bc90e1afe542744db8ac,-1,unavailable,2,ordinary_transaction,true,19705
sphincs,blockutil-54-v1,blockutil-54-tps,33,7,3,de1334f5ffdc8a59e2dfe52245ca72075a80ff448c0f03e52f6425515222eb76,19710,6d061dba555b719fa4cf37ace4bfdc65a94370ca4cd2886e8363009f745fd1d9,-1,unavailable,2,ordinary_transaction,true,19704
sphincs,blockutil-54-v1,blockutil-54-tps,33,8,3,fd1a3d2e884632e39bd9a67177c7ea8e09c4a4e0bba7c684f8aa2741db4cb423,19712,d89b21e53f7af55bde9aa0a2a4b346c8e9143bdbc1f2624eeaf6132afbe6a962,-1,unavailable,2,ordinary_transaction,true,19706
sphincs,blockutil-54-v1,blockutil-54-tps,33,9,3,381e64fba0117d6ac258fceb5ab38bd9751bb104e58f9d5adcfad4450fcbc404,19711,31d8128ae128325d372805cc30d46f76b1b3ee707b503be1b2cc43e473b4d1f7,-1,unavailable,2,ordinary_transaction,true,19705
sphincs,blockutil-54-v1,blockutil-54-tps,33,10,3,04dc17e2a1c29311c5b08ab795fb6bd813e21a7c2f076e00a58f5df176eade25,19711,7f4f0579622e113c6a80dbf225510103f9213eda12d15df4c69d95c65257843d,-1,unavailable,2,ordinary_transaction,true,19705
sphincs,blockutil-54-v1,blockutil-54-tps,33,11,3,be1673d38a58d8801e5c54ab2675ed1c5ef984845e30f7d0aadd248048b93ed8,19711,fb72f49e8ce7337737fd28f52be235ec0c89c119ae57177fdf25dd0cea6e1d26,-1,unavailable,2,ordinary_transaction,true,19705
sphincs,blockutil-54-v1,blockutil-54-tps,33,12,3,197be00921a304e5aa1013bb09709c33091bbc55a7a42b490994589d457e2d22,19715,d8201a1ce224c5af788f81012a691583532fbb9c9fce68ba79a33800614347ff,-1,unavailable,2,ordinary_transaction,true,19709
sphincs,blockutil-54-v1,blockutil-54-tps,33,13,3,11c00432088736fe5c684b7fbaf441fc34fdc24d82c2d21626ecbe98ecfb814c,19711,2d4d6527dee63343ca03d1b855c7f0702d86b5059f6f4981c1ce81f4966d2efc,-1,unavailable,2,ordinary_transaction,true,19705
sphincs,blockutil-54-v1,blockutil-54-tps,33,14,3,3cdacbd606f921188f858048157c76b5760ba58e3b3dd54b81402985799262fa,19711,84aed6a057df6167bb9b18ac9225dbe96a6ad40c0d2b07999efd39e62b2b4b1c,-1,unavailable,2,ordinary_transaction,true,19705
sphincs,blockutil-54-v1,blockutil-54-tps,33,15,3,ab6b6f470a1e807ce78aeb2b74a698e2083b39e4b5fb494b8c11920687325c71,19716,14b453d3a893218f0f99427ac867698e99edd5f4d7818e239e8c548f77e1481a,-1,unavailable,2,ordinary_transaction,true,19710
sphincs,blockutil-54-v1,blockutil-54-tps,33,16,3,00025d01582609f4bcdbaebe1383056d769999e76d3c56a70bf0d198ef94d661,19711,6ec9f85808ec676c38da50043f32e8c8e9eb2f8b28073242a82e2356b88ec35d,-1,unavailable,2,ordinary_transaction,true,19705
sphincs,blockutil-54-v1,blockutil-54-tps,33,17,3,4b251a8a59f36573076e46f2d7c74d3eaabc168c5d2fbc33bbde3e3faf7dfc6b,19712,6e960d8880f764da271c70a2e36c4b3300bd835b7c91a4812fc78caec268c159,-1,unavailable,2,ordinary_transaction,true,19706
sphincs,blockutil-54-v1,blockutil-54-tps,33,18,3,dca26cda703f03cc6d8be19a67432c398503970f666ee9de2092a2b5fec306f3,19712,66cbb7d97e6e456088c727b2278fedcc5ef7fcdebb0786663686a7f25da8e038,-1,unavailable,2,ordinary_transaction,true,19706
sphincs,blockutil-54-v1,blockutil-54-tps,33,19,3,0c99e967117c77385425ba259715e6b1035c921f03e2ecf6d0c75ab2083ea1f0,19711,b5b89674651c8c42e5b927def2fd23b58a59a7aae8aa5ebd1483ee5db482cb63,-1,unavailable,2,ordinary_transaction,true,19705
sphincs,blockutil-54-v1,blockutil-54-tps,33,20,3,bf8b1e0f0b0cb91786963d52c115aa2dd5c239979fe0d7231ce3e650e9f5c612,19710,a7b22c2dc0f14d8cc6790c9cce3cc4af6560ad58df45e4e5d8bdc22fe2bdc230,-1,unavailable,2,ordinary_transaction,true,19704
sphincs,blockutil-54-v1,blockutil-54-tps,33,21,3,9fe51f9a43a63134080ed0d6626811f0fa74bbb0f0882c6a799e7d32b91cf0f8,19715,230640af426bdfe1f52b847ba1ec085949bf9f88b680580adfa32b8a655a9956,-1,unavailable,2,ordinary_transaction,true,19709
sphincs,blockutil-54-v1,blockutil-54-tps,33,22,3,edfdc4398b551b6cb0fe3f53fbeb68928ca69f7703bde51467ed7a18531bc775,19716,73512b8e55a0c2a4ee77de163dc56ff3aa20e05a4f0656a97470d0167533affe,-1,unavailable,2,ordinary_transaction,true,19710
sphincs,blockutil-54-v1,blockutil-54-tps,33,23,3,3436fbf83176f7955f23202980e435118071c579b84608df4df007a9e8fc4b47,19715,09910e5a09e559ed0cb062edbf58038286e8af29d275f61bb3cf68687f43bfc8,-1,unavailable,2,ordinary_transaction,true,19709
sphincs,blockutil-54-v1,blockutil-54-tps,33,24,3,c069f088373507c40b9d5a1aff652618be18c7bb50aa23ea5c93b94fc569820f,19712,a6dc97772fedadd4af8067bacf2efe544c2d6801fce42de40a5784a3a4d22c45,-1,unavailable,2,ordinary_transaction,true,19706
sphincs,blockutil-54-v1,blockutil-54-tps,33,25,3,ab4918de0f10aa478b63f6894d5d289f92ee168ae6745a7351ead0972e1cc944,19715,cc066986a41ec86858799aecb9b41c4eccd30e6a13f67ab6bb223ec132513b78,-1,unavailable,2,ordinary_transaction,true,19709
sphincs,blockutil-54-v1,blockutil-54-tps,33,26,3,76e8d5d7f345a8894e1371d086243490c0b4ac0d315d6718d06e334547de9160,19715,e6cc3047a47fbc61555ccb52e303a6cc69e165492c1e28be8023574349efb12d,-1,unavailable,2,ordinary_transaction,true,19709
sphincs,blockutil-54-v1,blockutil-54-tps,33,27,3,a9d29e109680e4319be514e33217ea3955cac43537a52b8886b60a13c0c087fe,19715,29f9fc1bcf9fd90f97427a08706103cdf2782bc78286b9bf73bb47322a2e49f0,-1,unavailable,2,ordinary_transaction,true,19709
sphincs,blockutil-54-v1,blockutil-54-tps,34,0,3,586af9890ede4826600502806c00c56c113c430ad9f8e410ed3be31bf501935a,19715,84e9df35145ed12a39593ec6fea3cf2dd53c40e3c4b93177f00289ea0468e901,-1,unavailable,2,ordinary_transaction,true,19709
sphincs,blockutil-54-v1,blockutil-54-tps,34,1,3,89636d7e783ff7deae3a1cbee8e05aa2544aa8f2e0f6907956876c91d9cd7678,19716,39b559e7a78614ccf87199d1be5c32fece0482cbd3a612931edd32504ab621e6,-1,unavailable,2,ordinary_transaction,true,19710
sphincs,blockutil-54-v1,blockutil-54-tps,34,2,3,db747463d22e4e5b86b2d008658a9a9940f78beb9df5e8f6b2bbb1b2e4c23e7f,19715,57c4608287b39bc1fb2e7d5d560c635d85ec14af469af2a37e083929acfc6cce,-1,unavailable,2,ordinary_transaction,true,19709
sphincs,blockutil-54-v1,blockutil-54-tps,34,3,3,eacb70f0b55bd6c377d6a0569d40763d21e427d5849ec0795dadcd58064ae72d,19716,af4c5d7728fd6aa90ea5649c735dbf9ce113b090e88c6f32e51d8ba241c613a4,-1,unavailable,2,ordinary_transaction,true,19710
sphincs,blockutil-54-v1,blockutil-54-tps,34,4,3,707c3121acec77a96e7f5de4b2833587960399baf63764d3e350e3f2f5d19c66,19714,dc5255624cf5cc187b5ade1e9278409ee61c792e125f7fe67cc279a2b00d5692,-1,unavailable,2,ordinary_transaction,true,19708
sphincs,blockutil-54-v1,blockutil-54-tps,34,5,3,3450ead5bff05357ac9b0d1a42775122263aa05eaf62164015e10553889b520a,19714,982770411e636bee66269f3b0164a97178b526703fa1b85650ef711e41c88163,-1,unavailable,2,ordinary_transaction,true,19708
sphincs,blockutil-54-v1,blockutil-54-tps,34,6,3,2e63c0888eb56a4e041ab591011ce25a191df36552831d73c5471f6dd1d9a2d3,19709,d6bfac6db60c4f8bbba2af2ce662def7140992190592e0e6c5b3998a7bec8858,-1,unavailable,2,ordinary_transaction,true,19703
sphincs,blockutil-54-v1,blockutil-54-tps,34,7,3,984a1e2b09fe2028502654cafc7d46bfd7ee95a01d43d47fd3eed2ccc92eaa52,19714,a66351b16cfa8f7e913bcf49ff409f24432925d01387cdbce8e9674d4e2f98b8,-1,unavailable,2,ordinary_transaction,true,19708
sphincs,blockutil-54-v1,blockutil-54-tps,34,8,3,d18615ecf2b69e49b9dd44741b1c63389c0d7a4d2617f01501a1c0f8b1eb5726,19715,42e295560e37a9350a884d331ba287ac49af34da89b3ffb142abb2caae6a7fdc,-1,unavailable,2,ordinary_transaction,true,19709
sphincs,blockutil-54-v1,blockutil-54-tps,34,9,3,ec709192a96c23433dadd53c8cc6c7bd0b7c3f8e85c3b1fbb7ecc255b1bd6650,19715,c1735c94ca529ffb89add66c462eed3caa4919c141bcd187665b027054102f1d,-1,unavailable,2,ordinary_transaction,true,19709
sphincs,blockutil-54-v1,blockutil-54-tps,34,10,3,4ac0db9ea13db45e8e89766295b8d67fb9c70a74c503f5f6eac1a3da66a002b8,19715,472a5fc887a46ff58f7f86c093cd42a33844f80ffb3e90ebb7abb6a8a32dc4ce,-1,unavailable,2,ordinary_transaction,true,19709
sphincs,blockutil-54-v1,blockutil-54-tps,34,11,3,9328520c5c159ef2318eecbf8c8c6d4262f4dea1dfe0b4c700158d8f8c08d933,19716,34c442c7dd713dfca205cfc9789503c536c5117556e40bc6b86e2492a3768d2d,-1,unavailable,2,ordinary_transaction,true,19710
sphincs,blockutil-54-v1,blockutil-54-tps,34,12,3,5b4ea7ff5b03b02241038799a7a52448de2a17f5171f0791e434e2697df3404c,19715,c294e9db87e57d778a3a11613cf820b9665e78358e09505b10df0d48177ddabd,-1,unavailable,2,ordinary_transaction,true,19709
sphincs,blockutil-54-v1,blockutil-54-tps,34,13,3,fe3143ce8919b8a3aa053ba073b1f91c46a5fed41a0f079618cf6396026d8c9e,19715,91cb32580208479329b3711298be19d95ff8f1b50504846bdb2043ba29e92b95,-1,unavailable,2,ordinary_transaction,true,19709
sphincs,blockutil-54-v1,blockutil-54-tps,35,0,3,58df7ff5db53b60fab1c1181b10307b01d7881c7460323ecd5788334d8bb216b,19716,9bcdcf619f053626077551c7d0652405ba7ffc6bc39d87f97729f7af4523cac1,-1,unavailable,2,ordinary_transaction,true,19710
sphincs,blockutil-54-v1,blockutil-54-tps,35,1,3,78792dccabbd4515280fb05d2c49f45a4df9afe55d1516ea8e3be2e9a17b308d,19716,39ec2072ab03255c7d2ee839b7005b4f04c50698c8cf161f039d69c176d9b26b,-1,unavailable,2,ordinary_transaction,true,19710
sphincs,blockutil-54-v1,blockutil-54-tps,35,2,3,a3be474d3b99ee7a93ac97af8edd88583099207178e96317805d28639e9e72d3,19716,81e2585b3c50ce9b9a4dcba8b3cfc595eee899b52c12e6d6a1fa10f6e51a5b3c,-1,unavailable,2,ordinary_transaction,true,19710
sphincs,blockutil-54-v1,blockutil-54-tps,35,3,3,65319874f6986287f02af6f37eae66afd35b28f0f9c86900b2c4357bf96627fb,19716,8571ea1eed8583366568eadfdb3c14977f29dbf0d1937acaea388f242ec99444,-1,unavailable,2,ordinary_transaction,true,19710
sphincs,blockutil-54-v1,blockutil-54-tps,35,4,3,9c99c8a62d1680dd73a671588f2b12e3a7d9c7230284db7312325c20ca964bf3,19715,950d69d2da372031e3e932eadfa54ce651cb6a30d99732d4301ebe2216f68e47,-1,unavailable,2,ordinary_transaction,true,19709
sphincs,blockutil-54-v1,blockutil-54-tps,35,5,3,1646869b8ca9580a32f2a55c7a82a97d02548a94245a13e607756d02694fc4ee,19712,027333e2a5ec69e51f8505b5be7251f7096ef30c2421d73c0957cba9134dff73,-1,unavailable,2,ordinary_transaction,true,19706
sphincs,blockutil-54-v1,blockutil-54-tps,35,6,3,a1b967df6d405bbe951943daefdc736e3a85460904c4b8a207c6eaddcc30a375,19716,6d71cc75041f6e2fd8bccdf5cc35360e534fbb8341977b2fe8670ae497db7f5f,-1,unavailable,2,ordinary_transaction,true,19710
sphincs,blockutil-54-v1,blockutil-54-tps,35,7,3,aa3d8fee684f5a1e4288dc79594fe91fe9301796b4675cfc7bb98036404a806e,19715,1e159707e56c991c77383e62c361597f6391c967a95e2d884b578f238755de53,-1,unavailable,2,ordinary_transaction,true,19709
sphincs,blockutil-54-v1,blockutil-54-tps,35,8,3,dd64e666b54be58a94c81e41ab90e1718a91cf686ae1516988e62f968bdc2e32,19716,6b3cd8a8f82ca374f3ed368e277adb82fc9b31e87a42d9809eeaf29720ab903e,-1,unavailable,2,ordinary_transaction,true,19710
sphincs,blockutil-54-v1,blockutil-54-tps,35,9,3,a3d99c32a83e1b7c77583e7944e2b5759586423182f2a4f1d4cee9ec1220df57,19714,c580870446a2dd597b35ce779e17667ab72573af917917014514df2c4f2d531a,-1,unavailable,2,ordinary_transaction,true,19708
sphincs,blockutil-54-v1,blockutil-54-tps,35,10,3,460049361b11cf0f7a7f6ae93dd79ec0e35066d81af781423d5cafedf97d4260,19716,7d29c562d88c2582a5e3ea15346a7a28ff349218a14d93e78d05a29aaf8d4135,-1,unavailable,2,ordinary_transaction,true,19710
sphincs,blockutil-54-v1,blockutil-54-tps,35,11,3,a93889a56b2b784a51a6f12b09a17f850b2e1eb37a820d7f84e2a6318f431959,19714,75e61e5ee52fe63dbe995a0fe82d8cccf856facd5ab0ab91ded04539445da241,-1,unavailable,2,ordinary_transaction,true,19708
sphincs,blockutil-54-v1,blockutil-54-tps,35,12,3,1c7decf45baeaad73f7b79a8770fc75eb9a0b37dc31d18ba1dfc4b93af3b12ce,19715,c728e2e2385b96218bc2565db89463fadc3585033537213bb02b0469177d87f2,-1,unavailable,2,ordinary_transaction,true,19709
sphincs,blockutil-54-v1,blockutil-54-tps,35,13,3,811048c6048cc9693bc5ce7d2b81a1ffd15a5c5b3463ec4461bd42af5de0d6ef,19716,6e9975ca63252caa27a8567d1a196be6ca922f2079be647357fd617f7aa4f087,-1,unavailable,2,ordinary_transaction,true,19710
sphincs,blockutil-54-v1,blockutil-54-tps,35,14,3,9bea7bc3d4d9e72c1101f24c22d08527dfc0d1f9d42602703a72b876b9678fe2,19715,88491eb1274a1d0523b51357a40a588294e7fc90d22b6934bd037598f67c4914,-1,unavailable,2,ordinary_transaction,true,19709
sphincs,blockutil-54-v1,blockutil-54-tps,35,15,3,b5c78b267354ea6d46653f98cd9e770467279cda971e16155da512d63405f335,19714,8220c9c4d26e635ac93c0a38cd7022d54f352b2d20bb379ed2ee576da70f4de0,-1,unavailable,2,ordinary_transaction,true,19708
sphincs,blockutil-54-v1,blockutil-54-tps,35,16,3,2fa163aba7398117cc9438e8f5958223545703d4df815d65d1c9555e402cf4f1,19716,ce6e7cda3cf4748a370d13823dadfb5349f20f97e521933fc4b35f172e870cdd,-1,unavailable,2,ordinary_transaction,true,19710
sphincs,blockutil-54-v1,blockutil-54-tps,35,17,3,ab20e742b494d88e9e5b1ae22d0d7a500f32b639ce0d17677c19a4056e7faf71,19716,9fbaf68de06c604f35a3fac272456c816302c79463516eddbe6c238954a11a65,-1,unavailable,2,ordinary_transaction,true,19710
sphincs,blockutil-54-v1,blockutil-54-tps,35,18,3,8c58cfb2d2c2f05c98ae223909028410536e080d38dfbcacd2e1a984b4af3421,19716,192fe617234895f28be1f3e3bf818f7bf75c2fe75e557d066feee8b538bbd4f0,-1,unavailable,2,ordinary_transaction,true,19710
sphincs,blockutil-54-v1,blockutil-54-tps,35,19,3,54aa6037de38e405a496929d24360a9036df573a57873291b340bb09a1db0bea,19715,4f08b1c9e963feba22f71228795b0bc9d4da5a55db1f0dceec61a935de94014c,-1,unavailable,2,ordinary_transaction,true,19709
sphincs,blockutil-54-v1,blockutil-54-tps,35,20,3,45709301fc641473bf99ba598d9f6a8760a688da5f5486fa5cc1b23fb963cfc4,19714,a1d0855a4d59fabeb26272edbdf71a620ab2d1fb0a28c6f4aeab98666fdff4f3,-1,unavailable,2,ordinary_transaction,true,19708
sphincs,blockutil-54-v1,blockutil-54-tps,35,21,3,a4623b9493432deaca8c843eb7a9c8dcfddf1e1ea1b5e61dd9dfd86970de4dc3,19716,397b29fd4e717aab24d058608d73ce198e43e3dd0042d785466aa6f0fb964a61,-1,unavailable,2,ordinary_transaction,true,19710
sphincs,blockutil-54-v1,blockutil-54-tps,36,0,3,7025867cbdc994bcce06299914f1c66ee10f1fccfa6710206a62caed99f83aec,19715,08948cd871bb19cf9ed73d1bfcc56f2ac1e063c7675407b07241ac4260e1110c,-1,unavailable,2,ordinary_transaction,true,19709
sphincs,blockutil-54-v1,blockutil-54-tps,36,1,3,76b560dd7c70de013c5426451a543eda388851441446ad7d0dc73873ec8450c5,19715,4b97139919401d55ea3e66578e3e313af2d927a33b90cc0cf9e8a3b6e81f5ced,-1,unavailable,2,ordinary_transaction,true,19709
sphincs,blockutil-54-v1,blockutil-54-tps,36,2,3,1f331753a62584f59ead422d29bf4b9b8fcb77142d83a35e9f9e82df1d54c05d,19715,f965c83f5f4c464b18e844214be362fe9d0ec91f01f683fa13325faa76f139a0,-1,unavailable,2,ordinary_transaction,true,19709
sphincs,blockutil-54-v1,blockutil-54-tps,36,3,3,03f5a25733849e8c0d85d2c916302bdbb2588726f245cdbffc6f952f5c113a2c,19716,af64db2fff1a7869d5994650f3881d76db7aeb9475c0677eb28caf68732ac7a1,-1,unavailable,2,ordinary_transaction,true,19710
sphincs,blockutil-54-v1,blockutil-54-tps,36,4,3,ba63928dbd9e34d31612661b4449997217e79dda72d65679f9ce9bf48ef5aec3,19714,373a97dd3509060eec0cb508a916c1d175a18a0409199ec0b606009063cca0f9,-1,unavailable,2,ordinary_transaction,true,19708
sphincs,blockutil-54-v1,blockutil-54-tps,36,5,3,7bbe7df7e403cd2dc559f46a4a66199ba1488a8cffdb318ad54e2ec8ebd4f237,19716,33a3baf6f93483d15ca2966a9b39fb0983e7616b884bd16b33771ba518021033,-1,unavailable,2,ordinary_transaction,true,19710
sphincs,blockutil-54-v1,blockutil-54-tps,36,6,3,b8fe400e5facbea3d9bdb6e359163dc2c491dc8eebc1e66c3cbab4a3b9e6b89e,19715,680a34ff18aa5611a6713f89b4be1d487618ec0e8a2c3880400eb8cbe230886f,-1,unavailable,2,ordinary_transaction,true,19709
sphincs,blockutil-54-v1,blockutil-54-tps,36,7,3,cd6153aaeb78ad1dc8d430050ba438e05fefc5856c4d1984a123b46906eb071b,19715,73faac150b31c5dbe47577fb9d07d35be5949fdef64d00cf6f0e88f82e3ad224,-1,unavailable,2,ordinary_transaction,true,19709
sphincs,blockutil-54-v1,blockutil-54-tps,36,8,3,04c6f2cad10518c89a9352b2f52dbd03dd02906b4e5d77b3ed9f5a3bc3a3deb4,19714,d51adade0501638643f0d4d52efe80b4f08cf81cc20636ab8ec208b9c0e94829,-1,unavailable,2,ordinary_transaction,true,19708
sphincs,blockutil-54-v1,blockutil-54-tps,36,9,3,b551d9156b7e07de64a4f62cb308e7c27099347f39bf0e1b092b06a59eb2f127,19715,b1ceba44f635ec95c561ea173b13759b53f5a3041f1efdda84384343732420bc,-1,unavailable,2,ordinary_transaction,true,19709
sphincs,blockutil-54-v1,blockutil-54-tps,36,10,3,b73469d81f13c8482b4ee49a5d01e5f0d5bee3355a7e317c18c5d3b90b641af6,19716,b9ffb0de37b1571d4821e397363dc7e63c1391936d9494201da5881602ab9d67,-1,unavailable,2,ordinary_transaction,true,19710
sphincs,blockutil-54-v1,blockutil-54-tps,36,11,3,955a59a5186f2c5ce0a1658abfdd8696340e756030973a243483d4514d233e6f,19716,9f974ca362e7d07068609cb50063d5df5731ec99ddc6004c9bd6af23b85e7ae9,-1,unavailable,2,ordinary_transaction,true,19710
sphincs,blockutil-54-v1,blockutil-54-tps,36,12,3,bb351b7ee81f7f06295d4685600ae632fa0261b1220ddc61413a43803eabab62,19715,74e95ff4eacc56080391d89323834a944a56aedfac0cb44b2e6e0cb77b5b66cc,-1,unavailable,2,ordinary_transaction,true,19709
sphincs,blockutil-54-v1,blockutil-54-tps,36,13,3,0b30626ac0ddf0e8ea7c062e5d0c51a01e1b740b3430857f00de1b8d638930ee,19715,a8653ce09fd43b24109b163b174a68fe6b0b9e79d3dafcc084e06fa620680df2,-1,unavailable,2,ordinary_transaction,true,19709
sphincs,blockutil-54-v1,blockutil-54-tps,36,14,3,82352a48280327a3d3d353b64470144eb40fe87308202048cb7ee0c2b7c557c8,19716,5fccd0d5039b7bcd0bf06ca3fb3f58ef90454e96932619e671976ecf8c773c1b,-1,unavailable,2,ordinary_transaction,true,19710
sphincs,blockutil-54-v1,blockutil-54-tps,36,15,3,2d2a170213993f173a70b5a0be76af1f172d5a2f834f9da51dee0b78ce7af061,19715,c00e9d5c0c38393d918b10ccf4591f6b944c92f195ae2873982b01ac12140861,-1,unavailable,2,ordinary_transaction,true,19709
sphincs,blockutil-54-v1,blockutil-54-tps,36,16,3,3d3af5f3f54f0fd2cf6711f837f8df26e96bec5a28faad8a4f56046220f5fe04,19716,02405ddf1e26855e9d928e8e26e8d631a0f773da51c76d7414c7df6383b52614,-1,unavailable,2,ordinary_transaction,true,19710
sphincs,blockutil-54-v1,blockutil-54-tps,36,17,3,208c4e45e6c8fe5f7eb630993c76ee9fb6de1d7fb1d020951b2281b712ad8ab2,19715,f11b619f0f4d269edb147614381dbc11357db98315609f72ddba219d059e87fa,-1,unavailable,2,ordinary_transaction,true,19709
sphincs,blockutil-54-v1,blockutil-54-tps,36,18,3,957b8e437a111523131ce269b498a07302d6a7171310a859c47dfce5caf2142d,19715,7c078a2dade08060f75a5e0f51698843f6caaa5e52850073a6af972d3e7252a9,-1,unavailable,2,ordinary_transaction,true,19709
sphincs,blockutil-54-v1,blockutil-54-tps,37,0,3,847844537ffc50a8c917ce6b73f2df9ceec57beb03edbaf9de0102a0960445ff,19716,c1958ca51e391d47622f99bf5c6689fa4f4ece84345ccea9201a78503f8fbdff,-1,unavailable,2,ordinary_transaction,true,19710
sphincs,blockutil-54-v1,blockutil-54-tps,37,1,3,8fb506debe2f6e157f65cafaba7d8b1e3167b4425c4c3a4ec4f8cd59e2c37db0,19716,390cb838129baac6affa6fa30fe60c8b41ab5cacb3c0fca43b9c2d70e7edf8ad,-1,unavailable,2,ordinary_transaction,true,19710
sphincs,blockutil-54-v1,blockutil-54-tps,38,0,3,53f82239dc319a22a946832c11e37e3e00ed656b57c5300af4974cf1d1e0394a,19715,996a2d19850be01ad87e7b2db8d7d6dd42de646b07726e70c37eaa575ae7954f,-1,unavailable,2,ordinary_transaction,true,19709
sphincs,blockutil-54-v1,blockutil-54-tps,38,1,3,bc1df7af2320d7d98ade7c73addaf25a6fc0d7e475f6ad1b8de5cede677a3cac,19715,0ccc9aef2ac703286d75f08c9f6c5b8971a773ee3d14f0a632cb2f813431b3f8,-1,unavailable,2,ordinary_transaction,true,19709
sphincs,blockutil-54-v1,blockutil-54-tps,38,2,3,de316606fd4378bb6891a4d175e2abac9280ea9eef0d378549729dd51befd0fd,19716,1d10cd9928695671ccf99600bce797036d8f3153114ff5bf5e70ab88768de952,-1,unavailable,2,ordinary_transaction,true,19710
sphincs,blockutil-54-v1,blockutil-54-tps,38,3,3,aaa3677a7a74f43a93b113a2a114ba52a058f4abd790b1778e0df63ce8d498e4,19715,a6ed6cd16b2bed63034b3d4bebc6980da8a830d1d2b04e81462524a963e1cd40,-1,unavailable,2,ordinary_transaction,true,19709
sphincs,blockutil-54-v1,blockutil-54-tps,38,4,3,1edb8595784909c4cba6e720227af08973326a57d256ad6e13dcc3bab962e509,19715,cb9b39de9c50441973a352dea7541439ba4c953895b7675de601d4f1aae012fb,-1,unavailable,2,ordinary_transaction,true,19709
sphincs,blockutil-54-v1,blockutil-54-tps,38,5,3,ef884786722d658f76e265b33e3b062abca7b3452863ff26b920eaa02b6ad5db,19714,64be1283e033be3768ed5c9cf82ddf39703ec58c9b69687a3e3cda0b8dd3be54,-1,unavailable,2,ordinary_transaction,true,19708
sphincs,blockutil-54-v1,blockutil-54-tps,38,6,3,c579001eaccef09d9db12bc8dda17782f073aa5ebdd37943ae49dff3b0bd3125,19716,40973bbf6d8b1386b3f210705c3a6fa35337b1531a3d308b36b3b546dce10234,-1,unavailable,2,ordinary_transaction,true,19710
sphincs,blockutil-54-v1,blockutil-54-tps,38,7,3,d843382da9c199dccd71fdc6634272f0e6a181b9b36dcb4a0f3a4f34fbc11825,19716,708f547dc603463d3f17f7c1dc134612b2884f9ac652692a300b954b154bd704,-1,unavailable,2,ordinary_transaction,true,19710
sphincs,blockutil-54-v1,blockutil-54-tps,38,8,3,0d0b0f70320e811a18850f7d8c88179bb7a8f5040e292ff45badd0212355baf7,19716,27c9a053019be29920ecc6f583cd39c4ae3dfb6f52115421877164173ecee28c,-1,unavailable,2,ordinary_transaction,true,19710
sphincs,blockutil-54-v1,blockutil-54-tps,38,9,3,a8005199b806b1c87ebef2eeb0057fffa63bfabf3ad4ba88eb13eb3cdfcdd85b,19715,2fdd9d7ab2e1c86215a0cb2870d7ee3b66f057965deb5c51ee782d0eaf38babc,-1,unavailable,2,ordinary_transaction,true,19709
sphincs,blockutil-54-v1,blockutil-54-tps,38,10,3,4c7290758c572c8178c45eb377bfbc5866c319fca284c2057c7bf977845dabd1,19716,ce101692bf80be65bb032fa52e4a51f45476e43411256e197974071894b0f891,-1,unavailable,2,ordinary_transaction,true,19710
sphincs,blockutil-54-v1,blockutil-54-tps,38,11,3,7eb70a632ca2c9334b01efde90f8982fc499ebd32456cacce261db0f3ca4d79d,19715,9ef0ad8e7823bad4dc515f3582444da841cabe2953842ef52a1b83035ac0818b,-1,unavailable,2,ordinary_transaction,true,19709
sphincs,blockutil-54-v1,blockutil-54-tps,38,12,3,ce32955be9a599c8beeae91f51a1665d261356095381d78caf0331ea4fd57087,19715,b895ddd34ebbbf4e942670b8011d4162a2fa8f486540a00cf423739287a5232e,-1,unavailable,2,ordinary_transaction,true,19709
sphincs,blockutil-54-v1,blockutil-54-tps,38,13,3,224427013bd5547774c3a9be9efc493de945473b3697cada2ea6e7fb520a3276,19716,ab24b503393edf3ac160109d136bd635b6c61f92e11d3459efe1b2882afe3ed7,-1,unavailable,2,ordinary_transaction,true,19710
sphincs,blockutil-54-v1,blockutil-54-tps,38,14,3,aa9de64f11d6818ccf82e1e897f027b2eed909c70fa893d9ef6ce2207d07ac08,19716,79e6af9e5ea680388ff69fef1c73b023400fcee5990bae716882501bc1094137,-1,unavailable,2,ordinary_transaction,true,19710
sphincs,blockutil-54-v1,blockutil-54-tps,38,15,3,792a5cc52892ea7658e95c7f92b1f2a0634cb20e227f44d003ef11f81db6cef0,19714,ea981cbe966f5178ce787bd9d13bc27eb49c62a7a00338f71d106976c3370cde,-1,unavailable,2,ordinary_transaction,true,19708
sphincs,blockutil-54-v1,blockutil-54-tps,38,16,3,7bf89d9d7e7cc932a53d5a12c0a2ee875455c24ee7080c4c775046656a1a0712,19716,cb3f50456059101952a340d8364b78f8410eec85e089e5936be799b8992f6d7f,-1,unavailable,2,ordinary_transaction,true,19710
sphincs,blockutil-54-v1,blockutil-54-tps,38,17,3,52969efafa364e4ac09b4d31e6514af35b88e487637ea599873e2ec31dbf6ed6,19714,89576362d50a92bf4ffce50c9b35b68972ed3459c3c7c380f40068716473fae8,-1,unavailable,2,ordinary_transaction,true,19708
sphincs,blockutil-54-v1,blockutil-54-tps,38,18,3,19e5d57c27e71b7fd6110fb2a11e3dd1bb605f8da719abdab6ac92b435527801,19716,584f8657519384b1804d12c43b7f9cadc820afe5805c39e04c192be5a9b2e1b6,-1,unavailable,2,ordinary_transaction,true,19710
sphincs,blockutil-54-v1,blockutil-54-tps,39,0,3,85f82230d0a8a140a1dc9f0635bc8bd26696f692d339083419ce0a641d0b78f7,19714,cba83588b19b7e0a97a8134230997bacc4770d901baf77ada6a641ad35f05a69,-1,unavailable,2,ordinary_transaction,true,19708
sphincs,blockutil-54-v1,blockutil-54-tps,39,1,3,8f9e251db4d7a1a386ec8096937f450a05fd30e92879971a9d5b0c958e739740,19715,b3e0dba248c1f1fd24433596de87a64176450973b2ad0d9aab41217f2f237fd6,-1,unavailable,2,ordinary_transaction,true,19709
sphincs,blockutil-54-v1,blockutil-54-tps,39,2,3,090565713e6b6bcebe0341d3721622dc6a2091b7c24d2103658237e4106ff880,19715,fc1ab53165e9c5686efd065ad92192228ca172da379d8d7763327a74af19e55b,-1,unavailable,2,ordinary_transaction,true,19709
sphincs,blockutil-54-v1,blockutil-54-tps,39,3,3,149879b9fce4483b89836bcde3dcaad31f33c1c23d8d113636ec876ab29c75f8,19715,fce935c7e6c9116897ffc13e44f3185cd102e7fbb87e44d273820ce08a94c78e,-1,unavailable,2,ordinary_transaction,true,19709
sphincs,blockutil-54-v1,blockutil-54-tps,39,4,3,fa62f04c201b046100e482b1d365c372e93e91643cb0265de4e26525e992170c,19716,00828d6faa11fbc8c887584498593a0fd8319728eb6e6f65dda2bf88f31d2507,-1,unavailable,2,ordinary_transaction,true,19710
sphincs,blockutil-54-v1,blockutil-54-tps,39,5,3,812e0087a2e6e993fa3ed0280c1a9cba536e5c7943e411a909e5f03c0f54fb3a,19715,68cc01834c4a6f62a7da05cb1e7653cf9bd835aa19db602bf499e903316d4fda,-1,unavailable,2,ordinary_transaction,true,19709
sphincs,blockutil-54-v1,blockutil-54-tps,39,6,3,bc0d7405cef76735bb39f550e5caa49e5bcca479065b1fc27c3c0ff4ea707961,19714,459423560aee12a621e2652bd847f42e98974c01905984c3f7d8ad663297589a,-1,unavailable,2,ordinary_transaction,true,19708
sphincs,blockutil-54-v1,blockutil-54-tps,39,7,3,afece9126c479958a7825033350e08e63d2202bf785af40bbcbb3076f66c1735,19715,32d6c2fefd28387f7186779086df0b9330712e5668e8e9eaddfcdb13a08a8dac,-1,unavailable,2,ordinary_transaction,true,19709
sphincs,blockutil-54-v1,blockutil-54-tps,39,8,3,6a476232e5ead8fc2e068af32c38b9458887eb77ece41fc11f98a54c71688cca,19715,0bdb35e90a3cafc63d29cdec01eed90f8eb62bad25c800dac5642baaefe02594,-1,unavailable,2,ordinary_transaction,true,19709
sphincs,blockutil-54-v1,blockutil-54-tps,39,9,3,f3c91d7a639a10cc25bfb3bcf7d1dee50fe30ce7cb583ffe5d17184138773a03,19715,1e6303d43f51207d263857a604b3ad24177356a690752c833326d3bd751f7e1b,-1,unavailable,2,ordinary_transaction,true,19709
sphincs,blockutil-54-v1,blockutil-54-tps,40,0,3,d53317152f6014b693244e01a0e6adbce2c57561912e76bb0866386c69ddbec4,19714,df8be516a1b6a5f4cb4c303c67fee4a2a395324cebf048ba978a4c699b5b1377,-1,unavailable,2,ordinary_transaction,true,19708
sphincs,blockutil-54-v1,blockutil-54-tps,40,1,3,de79765bd917d83b96f8efb59e1fae84a2e1364b393fae3d9d621043d439558d,19716,3023af97c7c0cee32e6d2a18e2246d226717a6b7e7e4ca946462088b3729b9f8,-1,unavailable,2,ordinary_transaction,true,19710
sphincs,blockutil-54-v1,blockutil-54-tps,40,2,3,43f2e688fc5900ba2363c66b57ad3d27471c1c67731292729961dcbb1a45652a,19715,ebb9b460b43ba1f1953c88334b56584a46eff9a92d65c594e92c4c83a7083e3f,-1,unavailable,2,ordinary_transaction,true,19709
sphincs,blockutil-54-v1,blockutil-54-tps,40,3,3,0169f2f5418629e5270b33ec08900e1d7627d52176d2c760dbbbc1204ed2733b,19715,73581014e31cbb6a242257f8ea724bc4aa879b1815746bd92a97864de7870357,-1,unavailable,2,ordinary_transaction,true,19709
sphincs,blockutil-54-v1,blockutil-54-tps,40,4,3,432d11749c8dd39f606d3812d1794c01bbb37a807686eac0cbca04280a19fd64,19714,83010c657d615d17317a27c86227668c2e1dd82c44fd6dd4c07b4c6e7471e3ab,-1,unavailable,2,ordinary_transaction,true,19708
sphincs,blockutil-54-v1,blockutil-54-tps,40,5,3,ce13d280c02f6b86ff7ecba0b35a96e8af1bcbc0b400f6a994e4d12e47fab88d,19715,f02bde6f9d0f9f5e8a7ef9001263bc00cb73bfc51519f9a9fc5f2ed01bad542e,-1,unavailable,2,ordinary_transaction,true,19709
sphincs,blockutil-54-v1,blockutil-54-tps,40,6,3,d90efa901a39b6fbd175849ec86fd4bdc1b6fbbc6947f088cc805fa5bebb2d03,19715,2092878cafd3419ef87a727c2cab39e3da6914fd92c4dcea106ce4279da34b64,-1,unavailable,2,ordinary_transaction,true,19709
sphincs,blockutil-54-v1,blockutil-54-tps,40,7,3,1ab22d04e4e4d3443506c0652510af6cb9c712c40af1edd6811d3b428ef60f9b,19709,e1a64d5f4d69a951e8a2ce4e401e3710db9083581379457be80fc5daf625be39,-1,unavailable,2,ordinary_transaction,true,19703
sphincs,blockutil-54-v1,blockutil-54-tps,40,8,3,abfbcce7c1744f61a693664bab4bd69a7a387d11e27ccede224a56ef3f7d25fa,19716,7bff5c394a36d378fa0adaecc341fa4929ef21af8caab7830f9b1ce6f8a9c051,-1,unavailable,2,ordinary_transaction,true,19710
sphincs,blockutil-54-v1,blockutil-54-tps,40,9,3,245e7152ac394b45e0291e672e9037377774f3b4396927d738ec75ccf0d6e6f4,19715,7c0aa959c6a11fd911f96d31af9cd4f66c5368d3b5c3aef03d67e7e804bccecb,-1,unavailable,2,ordinary_transaction,true,19709
sphincs,blockutil-54-v1,blockutil-54-tps,40,10,3,4686c7637f489edc3dc0f3f90b0ab3b33f17c0aa1ef891c01ed1762171fabf3c,19715,6fe4b270956617e0307c7b09dc3d6399bb3ef46ee936240df7aa2dbf5414dac4,-1,unavailable,2,ordinary_transaction,true,19709
sphincs,blockutil-54-v1,blockutil-54-tps,40,11,3,739d3447df12ea8c7fce4bbf41998d46149633530c2d854211fb7931b14fa21c,19715,5259babdbd8d41472a79f78a911f26a3a80f9e9a476cceb778128df5cc4449e2,-1,unavailable,2,ordinary_transaction,true,19709
sphincs,blockutil-54-v1,blockutil-54-tps,40,12,3,e1b9e7367bceba986213d2a50634e02586ebef2732c3852f0a47941e240c2cff,19716,1b799bc78da43e87937d2eee06b053fb8b6d4d6bee44c5946d95b6d82a902c28,-1,unavailable,2,ordinary_transaction,true,19710
sphincs,blockutil-54-v1,blockutil-54-tps,40,13,3,989f5cff83dbf335c9b3d4794d44e7415aacf86af3eb8f02115521c72011cfce,19715,0900918b29dfbf618a902f0192d4f01960d0e0199e737809b39824db64c00714,-1,unavailable,2,ordinary_transaction,true,19709
sphincs,blockutil-54-v1,blockutil-54-tps,40,14,3,3c5aaead3f2576d308cedb12401a9d5a636b500c18f7521804e4d4cfacad6b0e,19715,0ef596deff0a8540ac218e3756c6f0e73fa088984c5dd8aca7066610d676f8e8,-1,unavailable,2,ordinary_transaction,true,19709
sphincs,blockutil-54-v1,blockutil-54-tps,40,15,3,99f27243d77bd1df3eb186131d57106c189b854e5ba04f3d0c9ab7e66b3e6b1b,19714,b87f78300ff430d6267ad457c0c25d7e63d7ea3d3ef8e7c0ee250f3348f3ed1c,-1,unavailable,2,ordinary_transaction,true,19708
sphincs,blockutil-54-v1,blockutil-54-tps,40,16,3,651544742232c90f0725e8fb7624f86ddba53445970f087b23d24767fbb60f63,19715,f4857710e974dc62c607a531e0395322b7f369d8c9ce7555332dedb8f898b596,-1,unavailable,2,ordinary_transaction,true,19709
sphincs,blockutil-54-v1,blockutil-54-tps,40,17,3,c9158a360384574b5310e36c861090a40f85def620c529582dac93755c95a2cd,19716,8d5a55a20e72ef819a0417b6e3ba8390618e94e63339d4e27374a330a243f553,-1,unavailable,2,ordinary_transaction,true,19710
sphincs,blockutil-54-v1,blockutil-54-tps,40,18,3,2526c8d0d4273534f4ed9614fbdcfcd1b13c487851600102575a5b2b20e13da4,19715,3997d3d5fa641d380ff3e8f04da7b31e50bbf2bf89d8ef4f09a452944087a591,-1,unavailable,2,ordinary_transaction,true,19709
sphincs,blockutil-54-v1,blockutil-54-tps,41,0,3,51fff00312b842ffbf6ef432395dbb197446b6bb8ee6f0e1696325e687911fcd,19715,3cd3b103d5a7b7c5032726fab47e251cfa380a2aebd9e01fa6ab4258ab2b567d,-1,unavailable,2,ordinary_transaction,true,19709
sphincs,blockutil-54-v1,blockutil-54-tps,41,1,3,5c4aabc7255d0bb93deb5bf99c12c7af7cbd44ad5316fc33903b77a71038078c,19715,35419e9a2ad7d5c2c2f74d45b461a8dede9d8c79e6fb1e3a797c172996eb926d,-1,unavailable,2,ordinary_transaction,true,19709
sphincs,blockutil-54-v1,blockutil-54-tps,41,2,3,125dc46a991e7e36eeba6523c5eacf301249286525d45cd337268d37fcebec00,19715,c0c25c30fe015448e1f75c2c2df48766f65b5100261fc4a4c0436ebdbe97e410,-1,unavailable,2,ordinary_transaction,true,19709
sphincs,blockutil-54-v1,blockutil-54-tps,41,3,3,f041a12e093ab83b677ef28176df257542ec90e5babbadb6fbdb6209128cee9e,19716,8184a448ba38cebd59b7cab372c28d9883da76341ec8382608ea4faa532b330b,-1,unavailable,2,ordinary_transaction,true,19710
sphincs,blockutil-54-v1,blockutil-54-tps,41,4,3,45f35af1bb81458482fd778817811b3b06c907dd83a751ebf4c585ca29b920cd,19716,a8edc07eed65b6766e171acaffc76179928591091b3424cbed9eb39ea024b3e9,-1,unavailable,2,ordinary_transaction,true,19710
sphincs,blockutil-54-v1,blockutil-54-tps,41,5,3,6d0bd1587da3ed9ac2b53a48181f8618b726560eecda3486f052fa8e996b485f,19716,0b5993aed1cb9cfd66083c2c9fe570103b9f5121da6c3ae8aacbbea830404639,-1,unavailable,2,ordinary_transaction,true,19710
sphincs,blockutil-54-v1,blockutil-54-tps,41,6,3,a0fd09c50051cbe0dd4b6b3aa2dd2019af70fa75b8c2068262d2cdc485dafc5b,19716,ebbc4f86dbbe9193b20353958b93fe7414be88391ae251912de066362c4cf888,-1,unavailable,2,ordinary_transaction,true,19710
sphincs,blockutil-54-v1,blockutil-54-tps,41,7,3,a348b3532cac43248414756480f0c49faff543b1d4e921e86ec12bc4fc35f96a,19714,7af44f4e7197ee0c9ccfacf275cca7eb344bb53a1165010461d64e6c0478ecfc,-1,unavailable,2,ordinary_transaction,true,19708
sphincs,blockutil-54-v1,blockutil-54-tps,41,8,3,6196203b53f5adb8621c65b25d35a42e1aada217f1b2380aa064c820d2af825e,19716,cbcdc61dbd55e3fb2980a6f024f0f9c8c74a083d1265e0cbe7d3856b07336e3f,-1,unavailable,2,ordinary_transaction,true,19710
sphincs,blockutil-54-v1,blockutil-54-tps,41,9,3,4cf1a879be8214fef5972c350f6378ffee7aefe6c3627e31ef7ca9136d016a90,19715,7653455a8966f342346fa3b7f0e57258f52b26d0220571714464bce1aea7a3bb,-1,unavailable,2,ordinary_transaction,true,19709
sphincs,blockutil-54-v1,blockutil-54-tps,41,10,3,2b22f7f2cea618a157d6268baeb71952f69b37276fe942a6cb36365575df8747,19715,eb31aa28505c7b7ec6e13073b20e4e0ee949184afbd3c011fc636c2ae9a690ac,-1,unavailable,2,ordinary_transaction,true,19709
sphincs,blockutil-54-v1,blockutil-54-tps,41,11,3,b8ea6336043cb7bf92bb99bc79aa0d28a53ba9d2e97d99b6f5ea3e16ade71b5f,19715,01dfd3bcb383fcce9c6c932aa588694e4b317889dd86c8356ed833579e33aa54,-1,unavailable,2,ordinary_transaction,true,19709
sphincs,blockutil-54-v1,blockutil-54-tps,41,12,3,85cd8430df9b71f4dd2b735e68ce316165a50b40a6adfc580466822c6dd6af05,19715,950df286fd218bbbbb457dfd51d3947f4aec7b8f32eefdca7b1cf8ccdfe1a815,-1,unavailable,2,ordinary_transaction,true,19709
sphincs,blockutil-54-v1,blockutil-54-tps,41,13,3,bd0f49bbbbec75bd6f8d5ebab6cf175085cc4d41dd615f04bc18aff3f473be3d,19715,5fa6aa81e10ae675a96b212ade8f41071feed92bf6d55c4dd012033ab0603a20,-1,unavailable,2,ordinary_transaction,true,19709
sphincs,blockutil-54-v1,blockutil-54-tps,41,14,3,c730ea57e3c9462df63d74d80f55af35fa272444ed34bb0e8eb4d114bfc3cbb0,19716,cea2b0a7a745156be0496d743b7106048a6c2eb327b91a419769fe7df768617f,-1,unavailable,2,ordinary_transaction,true,19710
sphincs,blockutil-54-v1,blockutil-54-tps,41,15,3,fc3060ddc286396bc07a9a9c331e5cbdf9f13da49735de1a1e12f02b289eb934,19715,14c05c77c7172b14e554ebf332588a65b745a5a3d345a16049827bb716429045,-1,unavailable,2,ordinary_transaction,true,19709
sphincs,blockutil-54-v1,blockutil-54-tps,41,16,3,7d549bd27482326b0e54863d4687e5c6ca63dfbb10b24f99958a3cd1a6f2a0c6,19716,88b9e131a68b8cd7b82a0ef2dc0048efa5c6d38fc117c7ecf7adbb5c09dd3040,-1,unavailable,2,ordinary_transaction,true,19710
sphincs,blockutil-54-v1,blockutil-54-tps,41,17,3,18f4ba5417015cd851ae886188e6c56ec1a6bcf274ad33fd5ec73ccba2804d67,19716,6ac6dd8304d202bbde5d364c5c12958729ed8f9393a9abcb980e56e9da394b97,-1,unavailable,2,ordinary_transaction,true,19710
sphincs,blockutil-54-v1,blockutil-54-tps,41,18,3,4cdd79031037f4568ab0515fd87d4c1d38b5658c768c966e69bc1170fcd4a832,19714,726d663aef76659d7eb0e021b78f2624bf5316c9572bc0ae3a62fd7c406edc4f,-1,unavailable,2,ordinary_transaction,true,19708
sphincs,blockutil-54-v1,blockutil-54-tps,41,19,3,1c6bdb0a6e6dd1ce00bba44f9dde5cf7f8343043250d8fa043054d64036e6d3e,19716,92f5120065f5da6a069fd568550bce3851063f24d10e4a55b44f4c35ab7f5e18,-1,unavailable,2,ordinary_transaction,true,19710
sphincs,blockutil-54-v1,blockutil-54-tps,41,20,3,f3e2c9bf8f7d46f2e1b3a048fc315ba8015c14fedb08e3d9e188fc10d5c27f2e,19715,a60b706a723dd94de1e31d7e15fccd135d08333322485c268a09aedac75607de,-1,unavailable,2,ordinary_transaction,true,19709
sphincs,blockutil-54-v1,blockutil-54-tps,41,21,3,c3c1f41f41084faf6da3de37d8f16801933cad51f7e150f642b2459b71993ebe,19715,614119ec9455fd8879affa889ca39b7963af1f7348cecee3556fd6d897046d82,-1,unavailable,2,ordinary_transaction,true,19709
sphincs,blockutil-54-v1,blockutil-54-tps,41,22,3,7adfe0339593e9eae1951dba74575e3a17c88d207eabc3ce5c6a5fcd5c97e6ba,19714,e3ecb74b2c87f6de3e86d4af4b5bcd4fa0cebf55bf7540c2aca54df8a39f21cd,-1,unavailable,2,ordinary_transaction,true,19708
sphincs,blockutil-54-v1,blockutil-54-tps,41,23,3,2d0663e6d7809cd450515d256655d9c8d3d9852037107a71bdf94e411fe1f3b1,19714,57bab98cd68ea6b67225848ae5fb03bd47863886d17fa47553b69f017c336fa1,-1,unavailable,2,ordinary_transaction,true,19708
sphincs,blockutil-54-v1,blockutil-54-tps,41,24,3,626cbb50d1c54ee560b8b62257eb2a1f6bdedad83556de8c57396f0a7c92c261,19715,35c21e8279fa94bc779bfb4145b12b17fb72b440abedd217b43340f64fad9aba,-1,unavailable,2,ordinary_transaction,true,19709
sphincs,blockutil-54-v1,blockutil-54-tps,41,25,3,c05e3f9de7371b65f8f9dc3718d49d09f212f36194d5dbce3b53d02184bec7db,19715,3cc545ed77c25e5a1cc75fb83072de82a2d675c58544ebffeba680844ca013e7,-1,unavailable,2,ordinary_transaction,true,19709
sphincs,blockutil-54-v1,blockutil-54-tps,41,26,3,151a954246f000166730047faf38bca24a8a3d49b2edfcba185b461d6b41b7f5,19715,3602dc64d40961596795f93fb2565c1abe6596fe9ce4011ab9ef27471133b930,-1,unavailable,2,ordinary_transaction,true,19709
sphincs,blockutil-54-v1,blockutil-54-tps,41,27,3,044ae50cdcdf34541d5a75fb7b0c312f099c5db099a67ab942682676ab88607b,19714,9dcf0c5cd7a953eaddbfb1e4ac4babc76bfacd8849fc13758fff9b7f9c6587dd,-1,unavailable,2,ordinary_transaction,true,19708
sphincs,blockutil-54-v1,blockutil-54-tps,41,28,3,5a6a5d1ddf39d7d41da491a0e1a3d0ca7658d1b49189ea9c746733d1705ae264,19716,7b3df65fbc448dbf55c376bc7435026248042bf212829c52c3c06728e24fd1e0,-1,unavailable,2,ordinary_transaction,true,19710
sphincs,blockutil-54-v1,blockutil-54-tps,41,29,3,06b5f6453e42d46fe31c0949ff8399a705f392ebc1ec771b42d6f88b5f6e7fe8,19715,a9d480f5dc20ac4b046905fd6ed87e527e4ec3ddd07d5aa766ae9267f17f9a34,-1,unavailable,2,ordinary_transaction,true,19709
sphincs,blockutil-54-v1,blockutil-54-tps,41,30,3,4454d8eedc625975f7516eb2516a2f1737f321c6829c09ca07486e4d4fb8b5e4,19716,68cf7d3af8be462533e90cff67ea03c62fd2ae1253be715e257fe0b8068c30d8,-1,unavailable,2,ordinary_transaction,true,19710
sphincs,blockutil-54-v1,blockutil-54-tps,41,31,3,79092acfa08c706aaffbf55e175084af94831e391e5a1a9489ad92d47041b851,19715,ef11e51dba03c03b9e8acf0703924a298787dd6303a8ae3eb789c6982204cdd4,-1,unavailable,2,ordinary_transaction,true,19709
sphincs,blockutil-54-v1,blockutil-54-tps,41,32,3,f11c3764cf5ac47a1b6e61086fc601153e201a3a40b0131f7dcd891d270010bb,19715,1500d26e7ce8eed75d5d8ad1f044affe3cbbf276bfb3e3c14ff1b5c4a2a56f64,-1,unavailable,2,ordinary_transaction,true,19709
sphincs,blockutil-54-v1,blockutil-54-tps,41,33,3,ac9e8cb38787b92b25686e86a6aa023fa923fe75e2b0a2be5daf7f31d8022c70,19716,6410f573bbefaaf75de45f353919cd2793b4c34aac688c8b130784782664b2cc,-1,unavailable,2,ordinary_transaction,true,19710
sphincs,blockutil-54-v1,blockutil-54-tps,41,34,3,be62732fa475bac6b01d81f265d59252380d42fe8b99e36bb1be3a56242b00fc,19715,8b20187a459a974c1f7e786a9d37f07e01c8b9f132bc10d52469199c015a9f4d,-1,unavailable,2,ordinary_transaction,true,19709
sphincs,blockutil-54-v1,blockutil-54-tps,41,35,3,271dca498d7f241a7e9dca7d9b3accc2dc46820846bd9bdb51704a5a47ff5baa,19715,92e5d3d2957b09c94302bd854b14cae39e6dd675fda38f4bcb15e517de5cfb5f,-1,unavailable,2,ordinary_transaction,true,19709
sphincs,blockutil-54-v1,blockutil-54-tps,41,36,3,c425e17e73f05381eacb3666f1910585164c8817d360cd53becffc69a2b68725,19715,75b433a38385e91c2663a9334d34f0c3c782b6a37fbf8f45f920a4445928fa17,-1,unavailable,2,ordinary_transaction,true,19709
sphincs,blockutil-54-v1,blockutil-54-tps,41,37,3,1fef3b58bb41e93746cf76e8bfad73dfbe5776ac8afd1282fa07c5f987a61661,19716,511e8eaafa81b421f0ae0ee348788cee8b8abdfaefd2e7a01457d006e128ebfa,-1,unavailable,2,ordinary_transaction,true,19710
sphincs,blockutil-54-v1,blockutil-54-tps,41,38,3,21f472af4ee575898d1362e3e45e2e156aad7161a76da6d8e9757b7511fe6380,19715,cdd4e9fc9331c6b1ee256993d6f28c86c6b7973e272fd1834eac3f6b52df63ba,-1,unavailable,2,ordinary_transaction,true,19709
sphincs,blockutil-54-v1,blockutil-54-tps,41,39,3,e3b5fd5a63d9c3dc953bc96594e25a94bbe7caceee6348e3b372d6f82b999b5b,19715,97c5d40ca114ce1b30a2c968fab029c7cbaf8bbb3c6151ac40aeae8af35feadc,-1,unavailable,2,ordinary_transaction,true,19709
sphincs,blockutil-54-v1,blockutil-54-tps,41,40,3,663809b83cdca2ad75def3b96afcd6b98a2fed550620d9ad4caf140a089a1456,19715,8004ea7e8f3758d711d3ca836a4afa83ae02795ba5ffba9d305c136364199677,-1,unavailable,2,ordinary_transaction,true,19709
sphincs,blockutil-54-v1,blockutil-54-tps,41,41,3,dc947d80b2e9224306832fd8ab0ad20d7f0b5035ee545a8b80ded4bbd94f8914,19715,24d3ad110216e6236d10d96d5a51053a1b77ad4929d0770e4c9d90cafd2cb15a,-1,unavailable,2,ordinary_transaction,true,19709
sphincs,blockutil-54-v1,blockutil-54-tps,41,42,3,750511d69a8874bf2b31b1621729418683e12ffd227d11700d6b615e720829f3,19715,35b5a8d6501ad7b452d58d7439bc0257cc8eefa4c4303c93754de8576fba2677,-1,unavailable,2,ordinary_transaction,true,19709
sphincs,blockutil-54-v1,blockutil-54-tps,42,0,3,c92cec6b1b4cdd723b296a2a2a344af5068639afddacbdc02158b9cc9c6fb859,19715,8ca717e0dda69a6fe494e58a5579f18f1b7c6190a4d74ce25674be6fb78f8690,-1,unavailable,2,ordinary_transaction,true,19709
sphincs,blockutil-54-v1,blockutil-54-tps,42,1,3,4ee5674a940a953c17b958a0dc83d8c344614f7e17674b25ffd7bb7c04dcb88e,19715,4271fa218b593a72488a9ca15fe9d7f1b508baa203efe1a79286d80de0f514a8,-1,unavailable,2,ordinary_transaction,true,19709
sphincs,blockutil-54-v1,blockutil-54-tps,42,2,3,c44001b1e7ba1289805836575296595a2636e5ed562cd20d356949cdf29e0720,19716,198598690359c264e72d7a2c0a4f004d65b47b36abfaf22b2cdec293cd9bc167,-1,unavailable,2,ordinary_transaction,true,19710
sphincs,blockutil-54-v1,blockutil-54-tps,42,3,3,2c2cbb34c783342d5ef647649cdcebf83519e95153a22178c1f5617419742aa2,19716,6e3145c1cc6d5990dc25af2e935bf3e8bbab6878043e8c0f7bf6bd9571382f03,-1,unavailable,2,ordinary_transaction,true,19710
sphincs,blockutil-54-v1,blockutil-54-tps,42,4,3,9fa3bfc921ff713f5bcb5a553e7ee7bc979d2be334f87ac827d0caad80228f43,19716,d9d102cdb444dd41b62ae7d750b420041fcdfaa0a484dedba0819247debc5244,-1,unavailable,2,ordinary_transaction,true,19710
sphincs,blockutil-54-v1,blockutil-54-tps,42,5,3,ac44a58fe88de15902e8ea3b29cb0920ddb6c562cd3de11e276d9bbb61098171,19716,fd35a248486f1e191ff24c59de3739d4e87be8aa119d86b28ceb35723c0d9de7,-1,unavailable,2,ordinary_transaction,true,19710
sphincs,blockutil-54-v1,blockutil-54-tps,42,6,3,c3fc4cb3e39449bb3d18a530126d7c0eda6787346a4143ebbc3738098d6c92b3,19714,3f345cd08757c76c528e4335a653910b1c8104e36256244ec01576111cb730f1,-1,unavailable,2,ordinary_transaction,true,19708
sphincs,blockutil-54-v1,blockutil-54-tps,42,7,3,e59d387f5c1e68f4f786a46e9977bd4ea7c164a80f52513fb1a52761d9afd0ab,19716,3d4211b3eeb63ffa614e7def00832facdd98e574c32e49c9a19069f1973a78d8,-1,unavailable,2,ordinary_transaction,true,19710
sphincs,blockutil-54-v1,blockutil-54-tps,42,8,3,93c42fc97d794ebef31a6d4ffc787b02447090601daf7789b697cf23e0ad805d,19716,b0f5ec05d433ab278b5b245399d75ed027e6a9880207538b2df0e6f808e1d0aa,-1,unavailable,2,ordinary_transaction,true,19710
sphincs,blockutil-54-v1,blockutil-54-tps,42,9,3,216901e82759aaa9722e85fd55c190e1a6f659e6891706f73f800d7fe0f04b35,19715,2bd13e9352c2f558d9675a37543e75761f46cfdf81a4e93efacfc5e7826bf9bd,-1,unavailable,2,ordinary_transaction,true,19709
sphincs,blockutil-54-v1,blockutil-54-tps,42,10,3,0a35b896d0f611ffa6e27a83537d7e35a49bc943452ea58948e60e9240879b21,19715,583270718c992630264c3b60e33da30194af0132b0cdd52e56ab25f6f1557edc,-1,unavailable,2,ordinary_transaction,true,19709
sphincs,blockutil-54-v1,blockutil-54-tps,42,11,3,42c71172c7ebaf50751d16c317a824168cf91f3c6b2a38ef1c4b23f606fdc552,19714,53dd81eef0b51f246b10e12d36d342d710314eeb7ed67a0d0adc7fca88278ca6,-1,unavailable,2,ordinary_transaction,true,19708
sphincs,blockutil-54-v1,blockutil-54-tps,42,12,3,e60a675896421a3322e03e49a7bd4f400ccdac495a275a40e6141854c308c5eb,19715,cb86cdc86b26e939941f3346285f90a0b101cf70693ce90d3f491ffee764fed0,-1,unavailable,2,ordinary_transaction,true,19709
sphincs,blockutil-54-v1,blockutil-54-tps,42,13,3,f2c432ca2c67182bfe04c8cd1c0c6f21cf09bdb4427af0d984408f978e754b14,19715,e3b14b8485ead41be4fca6046b1b25b97706a00c4f1a0e1ee31f5b59e0e2733d,-1,unavailable,2,ordinary_transaction,true,19709
sphincs,blockutil-54-v1,blockutil-54-tps,42,14,3,b072ae684597305634182ca88d76f3fb7f6b78bde9689f16e41c0347c97db230,19714,80115c8a987be425c32e3bcc1802c55cb9fb4d6a616407848143cfa48312a0d0,-1,unavailable,2,ordinary_transaction,true,19708
sphincs,blockutil-54-v1,blockutil-54-tps,42,15,3,0b1470f85bd7555df40625209a26c57ec72fd8097781b0af3c6eebb6c3e95650,19715,74f04de6bcd546d2b493ffcbabd52b5b49b3cd2cdb5233dbd42ce0a864b27c69,-1,unavailable,2,ordinary_transaction,true,19709
sphincs,blockutil-54-v1,blockutil-54-tps,42,16,3,5de16f299994324132f547e8783411cc98148dcf3755cc3338b43d762299e8ac,19716,fb393b1bff0462d0be8e28ccdbf03dfb89b49af04d0056d51b4d1a8ae6b06636,-1,unavailable,2,ordinary_transaction,true,19710
sphincs,blockutil-54-v1,blockutil-54-tps,42,17,3,ddac7cd88d50e545fee44b745ac8e1953f5fb8729d9b91085a04b08f9e5423e3,19715,a265f8de51fdca39277e2d75473828e278dfa28997b9278dcc265d4f080825a1,-1,unavailable,2,ordinary_transaction,true,19709
sphincs,blockutil-54-v1,blockutil-54-tps,42,18,3,80bcb0fdc77f13bf8fba232ad72aecb1209145ee1a5275fd6d99b158240ed6f8,19716,4243254eb4f0517898fe48446f189c98899a126e00881be74d3ee08b185ce1f2,-1,unavailable,2,ordinary_transaction,true,19710
sphincs,blockutil-54-v1,blockutil-54-tps,42,19,3,0e4287c02f58cb467250d8edc2165d2f347a0d634b322e787644e2c8565c5c48,19714,e951dfcd2badb30a95e2a0728a174154cddfcd1ffbb619afc7bdeac57f0bc49e,-1,unavailable,2,ordinary_transaction,true,19708
sphincs,blockutil-54-v1,blockutil-54-tps,42,20,3,19ff15dc685094e4c260ab10e2b973309cee48a2066c4ca95e3d8b6a3c6b901f,19714,693384ea5679723bf7c91deafa8600aa1d4e38d5e21a46693d77536870cfc1ed,-1,unavailable,2,ordinary_transaction,true,19708
sphincs,blockutil-54-v1,blockutil-54-tps,42,21,3,e7a32526244bb0bdddfcdd5578554aead3b9bd032d1aac026d3c9023d8a351a1,19715,904a19c18bf4db1fd7d39c62107b741952c39ca43bf5c0f37f0e8fb84abb78ba,-1,unavailable,2,ordinary_transaction,true,19709
sphincs,blockutil-54-v1,blockutil-54-tps,42,22,3,8ad3585e3c0316a1a405d99dca653cd5f45878cb99ca605d9ca3c825f71c8872,19715,0fbe8980784bbf3a8642ace9d7f2ec92db9bb55c89cebb34cdba5aaa5e0e9559,-1,unavailable,2,ordinary_transaction,true,19709
sphincs,blockutil-54-v1,blockutil-54-tps,42,23,3,f286413dddbc0ae49709a10798dafdc176b2fbac6cfe3c90283f41310e62f9ed,19715,a233a0af26c5dad4d7359a8cf017ced0f6bbd691c32242af061922130214ad1a,-1,unavailable,2,ordinary_transaction,true,19709
sphincs,blockutil-54-v1,blockutil-54-tps,42,24,3,eea30deba3e32bb2e94277ca4cb952495d2ae0f01ed8a83b20c973f476ac9b56,19714,1dded9bc49d5097cca06c555b4b79fc092026aa0a06004e89fdd6039ee5a10b5,-1,unavailable,2,ordinary_transaction,true,19708
sphincs,blockutil-54-v1,blockutil-54-tps,42,25,3,72def7c22294a652df4d4d7dae12d4406f11e9eae16996ad0bcf302b218d5d6f,19715,cbb3abac6de970994ab8472c8b08127caa225cb97db969bca087edcd0cdf0a1e,-1,unavailable,2,ordinary_transaction,true,19709
sphincs,blockutil-54-v1,blockutil-54-tps,42,26,3,ca65105c3f7fa9755a2e93ce9eabfa1210f8ec77e3bda1b41f04d276ecf1c338,19715,7e1712fa0e9ddd84bc4803ee6a394c10e9fe1760f3778a3de8d0aea4a5fac975,-1,unavailable,2,ordinary_transaction,true,19709
sphincs,blockutil-54-v1,blockutil-54-tps,42,27,3,51b46519271f144a7fb22efb0b50148190c5a260a0916fc4334b208438234694,19716,0676f947077bdec59af3e9dbb97bad17a26dcd922c149db4b18fd99669b0e0b0,-1,unavailable,2,ordinary_transaction,true,19710
sphincs,blockutil-54-v1,blockutil-54-tps,42,28,3,98559dc4061eb4f5967b142b0026bc6f9110e8d350d077c68f00ddb53047e38b,19714,39cc0af2902fc4f046bde8a6aaf1a430cbe3f0dac064fc351096d8d6760e2250,-1,unavailable,2,ordinary_transaction,true,19708
sphincs,blockutil-54-v1,blockutil-54-tps,42,29,3,6b177aa9ae0598df44d4811d0ca2ee483d0f1f5e216d55dd89795038cb062da8,19715,6a9dd7676de0bbaf1a35cc13e16fb5af31b0d8d9c10b8819ffd79b967039f044,-1,unavailable,2,ordinary_transaction,true,19709
sphincs,blockutil-54-v1,blockutil-54-tps,42,30,3,a2daca4ee1a3735fc34d59296ca9f941fce74f3ea46ff56972d1c3d6e541beb2,19716,3b3ebc81a1c91486171da0b4f8f3ae65bffbf78f9e8962d08dc8eb08a8d25455,-1,unavailable,2,ordinary_transaction,true,19710
sphincs,blockutil-54-v1,blockutil-54-tps,42,31,3,aca5c32a13c8713b4c7dca4195509f470c86a01e6e2c90c13458e8575977f0f9,19715,795f6354cb39ecdcfd704b28c69e8732ea3232c8d748b0c5ec3f28af9d871f1b,-1,unavailable,2,ordinary_transaction,true,19709
sphincs,blockutil-54-v1,blockutil-54-tps,42,32,3,35ab0cb53c093f0b49df449e3e3f79370fc81257ce8e4bb4a9eaf806c1ff96f7,19715,e0557a8e68d09d0dd63894f1fae48ebc87ff1cb4d9feda1d4ed233e5644ec2b8,-1,unavailable,2,ordinary_transaction,true,19709
sphincs,blockutil-54-v1,blockutil-54-tps,42,33,3,a4f9ca2b661b688afa73cec043128f78c21608a23e57c66482a89b71087f95e5,19716,91da864a428564797d890a3cb0130de65ab82f91aa061cc76575d320d00c62d7,-1,unavailable,2,ordinary_transaction,true,19710
sphincs,blockutil-54-v1,blockutil-54-tps,42,34,3,4ac39296b15f37d92dd4ef07adce14fbce199a60dd21d51876d54df5eae3d758,19716,b082257772f4caee3810ecb10bb213af336a81e339584ea17641181b95bf6e03,-1,unavailable,2,ordinary_transaction,true,19710
sphincs,blockutil-54-v1,blockutil-54-tps,42,35,3,cbd2e835a1a9923ce4c921da75b63d124e265d5a052f2e223eea04f05eef5035,19715,183255a6f1543e37d2f30eaeaa53a7b288a6b18dab761a860e224104b445a47e,-1,unavailable,2,ordinary_transaction,true,19709
sphincs,blockutil-54-v1,blockutil-54-tps,42,36,3,57e010ee8b0197fae2a297304aa34e3e19f6d97878ff1f70da5cba34acb93e7e,19716,70949a565fc589a3580e6ecb841fd833d415f81ba9bf6cdfd25a4ad15e209eef,-1,unavailable,2,ordinary_transaction,true,19710
sphincs,blockutil-54-v1,blockutil-54-tps,42,37,3,b4ce09173910449f3adf2b24a75e4d2e296b9a0e70685e20b754f7436a8c1d3c,19715,81edcb3c54481ff22e65537b0a07900a567f621002121a51c09c46b1b2ed5d3b,-1,unavailable,2,ordinary_transaction,true,19709
sphincs,blockutil-54-v1,blockutil-54-tps,42,38,3,6e7c073e84031bb00648e1ab1767e725f3fb8e902ec96c5a14ec6a6ade796bc3,19714,817da4e03b8da5c270efd0252b56438093aa9ef5e02baf7350770ecc27b966e7,-1,unavailable,2,ordinary_transaction,true,19708
sphincs,blockutil-54-v1,blockutil-54-tps,42,39,3,9b89a1d15acca8f4698c3896f070a6cc4c4403e03f62ba57addf2d17929438fb,19715,dde83af48fcfb74d2cb9dd004d0757f225c3a0226a1258ec42273105f0b8e74a,-1,unavailable,2,ordinary_transaction,true,19709
sphincs,blockutil-54-v1,blockutil-54-tps,42,40,3,72aaabe0c75f166736bd65073d5d6a65e8668f1ba62ad256b355bb511fcc7ed3,19716,c6fc29495ca3b0f1a28c9ae32f7af58467a80c4c4929e4d7919bc7cce1abef95,-1,unavailable,2,ordinary_transaction,true,19710
sphincs,blockutil-54-v1,blockutil-54-tps,42,41,3,3027c402532ab12e31f65d4c4bfb4deebe6fd34cd41dd00947f121340dac3cf7,19716,9743a28bdb6641d08396a3686fd13135cb09bcda719debf55f467815b18910b8,-1,unavailable,2,ordinary_transaction,true,19710
sphincs,blockutil-54-v1,blockutil-54-tps,42,42,3,76bb5640cad7064ef0a1ae28cbab7397bf51904b199fd5a2aae61cc18c8e08ea,19716,8cf7e0a76e0d7828bf61d142aaaee1ef503e916b8893696cd749616b328cfe2b,-1,unavailable,2,ordinary_transaction,true,19710
sphincs,blockutil-54-v1,blockutil-54-tps,42,43,3,e8a772312defea824547bd5d22f25756ff1a39d4d1e4a7316f4277f70a4cc95c,19715,b10b3c313caca87cbbfd731879a6f24023590c402c45de55b8bedd0e7f39ebd8,-1,unavailable,2,ordinary_transaction,true,19709
sphincs,blockutil-54-v1,blockutil-54-tps,42,44,3,7f3e89a641b19e6bf50e46143dde824506b5f596f98d902d66707f2aa8ab41a4,19716,5b23f85f5e3343a29b539ab990f62e1b1be881d5a3e098cb3f3e3d3f1e17b54e,-1,unavailable,2,ordinary_transaction,true,19710
sphincs,blockutil-54-v1,blockutil-54-tps,42,45,3,3eea4e004e118cb607ab2ec71b978962ec00d5a83fcb2f13e34fdd7631760097,19715,fed7a05115f89cf9b76b14e670bcfca0a6188c17ef4308b4d457c9157367d845,-1,unavailable,2,ordinary_transaction,true,19709
sphincs,blockutil-54-v1,blockutil-54-tps,42,46,3,2bfc8b14cb419f04ef1931d88f51b066eae7cdc80bec9978cefa61016acd9145,19715,405f51cdf39b11a0eef52a8f284b269dcfa3568e38d538202bcd06a45fbe7f49,-1,unavailable,2,ordinary_transaction,true,19709
sphincs,blockutil-54-v1,blockutil-54-tps,42,47,3,8773e64e914be229ce4a2273dd2f0902c21673a409716f7bf1d843a7f28950ef,19714,a032cf4864fc0230cc7ed738cc0d190725b30844aff726090fa0dbc250087608,-1,unavailable,2,ordinary_transaction,true,19708
sphincs,blockutil-54-v1,blockutil-54-tps,42,48,3,be50326da31ccf4f127d173da294476fe6a8ab74827798e87c19be9ed0b333d9,19716,9f6c7da2cd28c527feaac296c9c067258ba4f513d94136bd61e9dcccc0f3a1a3,-1,unavailable,2,ordinary_transaction,true,19710
sphincs,blockutil-54-v1,blockutil-54-tps,42,49,3,c46aa099c78cfd87309552aa1b7692c30e9a84df6918ace327ed24bb3566e3a7,19715,e3030bdfc6426a72b32c1d053ff2849b22b1b325270e4ae6ec4fc8058deb15a6,-1,unavailable,2,ordinary_transaction,true,19709
sphincs,blockutil-54-v1,blockutil-54-tps,42,50,3,a8382839bb1bc3759076509888bdd27a7c2ce152d906c4d0a2fcb8ac6acb7c64,19715,0a0a8e19df8245733f7c70e89bf227cbad976a758b719f85fd18573d6b28dd16,-1,unavailable,2,ordinary_transaction,true,19709
sphincs,blockutil-54-v1,blockutil-54-tps,42,51,3,45c873953c6441fcb9b72600314868218d0570c261eced8d2d70d5ca6454acee,19716,c7aaf3c8914721b6fe648cc11db7d4581743f92a624cad5701a35e263fe790d7,-1,unavailable,2,ordinary_transaction,true,19710
sphincs,blockutil-54-v1,blockutil-54-tps,42,52,3,0978e5dfe4cde15333a9a2bdbb97ac9831e6000b5c5e8e035ad93c275b3f1bb6,19715,5d8db8eebc02e92c0e599764ff50c76647e7791d858106219c0640fd0d81a134,-1,unavailable,2,ordinary_transaction,true,19709
sphincs,blockutil-54-v1,blockutil-54-tps,42,53,3,19d9252a086bc1a9ed06bf53efa6284daf55c324c71aaf08a478b6449c966448,19715,f00c72f2dd5ed08457fabe917436c3e3661e5eee392a18055844dbff16472bf2,-1,unavailable,2,ordinary_transaction,true,19709
sphincs,blockutil-54-v1,blockutil-54-tps,42,54,3,342db309b4cc792c1287861ce171e41ce9b9bdbc1da9e46a946e2e3c1244fe17,19715,549ece048a2458c6737ee8195b736b5dc618e4c7d9b96034bf1719c88f51f43f,-1,unavailable,2,ordinary_transaction,true,19709
sphincs,blockutil-54-v1,blockutil-54-tps,42,55,3,904da8d8cf75f8dacc6ab0a79cbaaa527578856820bf36480ad015d5e150649a,19716,b16e3634527aa56d6ecf2ede78eb0f95d5f2f1f902d76aa19de6cd7e30b8288b,-1,unavailable,2,ordinary_transaction,true,19710
sphincs,blockutil-54-v1,blockutil-54-tps,42,56,3,3cd5e2de0ef46ef2c162d6f1713a16ce7fc306ecab5c1c31999fa0fe6c9da8f2,19716,1d141bda180cfc478373c8fcac60ee8bbd749ed61cda4038017c38fa19dd1f04,-1,unavailable,2,ordinary_transaction,true,19710
sphincs,blockutil-54-v1,blockutil-54-tps,42,57,3,5e4825e5591d892cd805be5b2c2eb9f062e0791ebec39c001fff04490610fd07,19715,4e5081c4d49763f30a4a19421ea78eeb0577742533f2987d8a513f73de4d75bf,-1,unavailable,2,ordinary_transaction,true,19709
sphincs,blockutil-54-v1,blockutil-54-tps,42,58,3,ba20adae86c5eec78c5a00f8501686864d5d01103abe27145d7bf34bf74a2f14,19715,2ec5c32bd19da07465c5326f2958967cff12a4b25dffd9796246e3df05ebf6c5,-1,unavailable,2,ordinary_transaction,true,19709
sphincs,blockutil-54-v1,blockutil-54-tps,43,0,3,8cb6bbbba217d1fb4cfb4afac3961e123ec4198ab7eddbbd26ea710b4b3455c6,19714,f02bb9f1320bc47c4425ad7b33c7b0adca7e83a6bfc1df5d37c59a7214985700,-1,unavailable,2,ordinary_transaction,true,19708
sphincs,blockutil-54-v1,blockutil-54-tps,43,1,3,72ce9543917a34f64befe9e9297bd17c48067b1d4d9c31eb09d3d53b62de6f75,19715,159a1204a7a37ce6dcc538a10dc9e907765a2249294de1f3715092a980e15844,-1,unavailable,2,ordinary_transaction,true,19709
sphincs,blockutil-54-v1,blockutil-54-tps,43,2,3,f5d54bf0cfd971e3686829f53a4a3d38d4098ec551adbefe2ac0e0595e909100,19716,74c05281c46cf29ee980c09831f8a3d21006c1c4b3825332a464ddc5caf95c05,-1,unavailable,2,ordinary_transaction,true,19710
sphincs,blockutil-54-v1,blockutil-54-tps,43,3,3,a93d99fde17f3cc60727d18fb0725108802527a513aa7116e02d98020f57a162,19716,70e356abe776d393229441c624c7e4f8f0bf5bf79a7f7fa8c857dd1a65b0684f,-1,unavailable,2,ordinary_transaction,true,19710
sphincs,blockutil-54-v1,blockutil-54-tps,43,4,3,57f9e7b50cecdab4eb7ca9a5382b033e0c1bfdcff4e18a7afc39589fbccfd2ce,19715,f7a74764c1a65cc61dc4a8001c0f1b9b1e4d341dda79b1b2c59c8b9b32ee05b8,-1,unavailable,2,ordinary_transaction,true,19709
sphincs,blockutil-54-v1,blockutil-54-tps,43,5,3,ae33afd72c65124f1414a3f3994bb04fcc164b93480ba8e260e7825549749568,19716,36e54adbea1a829f86515b1d14972152cae1df60a25ce807736040108356c13c,-1,unavailable,2,ordinary_transaction,true,19710
sphincs,blockutil-54-v1,blockutil-54-tps,43,6,3,02bab2c1c563a5fabc915818c56bd48779ecc10b23b278be41eafcbef75b5a2a,19715,26af5b282f5b62ea0bdb34b5d1485c81da1cd38bd72ef0e462b8ef2bd5f48821,-1,unavailable,2,ordinary_transaction,true,19709
sphincs,blockutil-54-v1,blockutil-54-tps,43,7,3,0f9bbee6b2dcaea2e5c2e09e168cfd060429145d884a8a4770fc8cbb0338409e,19716,b6b9f2a1047134cf86921a0fb06659bb34cb531a05c95076aae29a224227e803,-1,unavailable,2,ordinary_transaction,true,19710
sphincs,blockutil-54-v1,blockutil-54-tps,43,8,3,850778bf1694b32b66e17d61bf930c827816857217fcf4ec4ef116c58a9fd721,19715,42d6eeb29c1bd97ab0cabe11ffd3d7ce4cd8e16538d69a544aaf594f0844bc6b,-1,unavailable,2,ordinary_transaction,true,19709
sphincs,blockutil-54-v1,blockutil-54-tps,43,9,3,ba1a64d6139757d70b50283713f354fbdd37a316c83ad92e66013bb8f8786067,19716,d8799a7a11aaeea926d28cbd1fe1dfab738f6327b3457b56dcfecf340ac4e7a3,-1,unavailable,2,ordinary_transaction,true,19710
sphincs,blockutil-54-v1,blockutil-54-tps,43,10,3,4348c5c8918dd93fec72126f6c53145703645d55ccde372d8eb154bf67072bac,19715,791d0dbeca9947ee68aff69fdb5bbb76331bcfe1715fb1648a375ec76f2aa291,-1,unavailable,2,ordinary_transaction,true,19709
sphincs,blockutil-54-v1,blockutil-54-tps,43,11,3,f7e457e6fe2f25613fc4e1d2923208c3cd700647cf7b22182e54001dcc2b0009,19715,0baf455df5f1f011e360c00cf1e17d94b32bb4f682d537aa70573a1daa20625b,-1,unavailable,2,ordinary_transaction,true,19709
sphincs,blockutil-54-v1,blockutil-54-tps,43,12,3,bd0c3f1119c541a950e5d8f46d20ffc425e3a425492360266c3d87d61886cb61,19714,9e88857adcd8fe994ae3d94493aa9559979e13c5cb7d6bac62a6d888897f9eab,-1,unavailable,2,ordinary_transaction,true,19708
sphincs,blockutil-54-v1,blockutil-54-tps,43,13,3,e52c6ca12c75ba80c4d181da8d5c631bb33921dc065e83261287635b6136844e,19716,09d8dbb516770ddd91af1227ecbd02fb3284164008e243bc417ba0830e493324,-1,unavailable,2,ordinary_transaction,true,19710
sphincs,blockutil-54-v1,blockutil-54-tps,43,14,3,42884cdae2aae57121cc0ebbc1e7adab32ae46edb88fb605a658ffba3edad7a9,19716,699e7a7cf52e83bdd452068bb91208a415beca07fb5098036efd1c03cae55543,-1,unavailable,2,ordinary_transaction,true,19710
sphincs,blockutil-54-v1,blockutil-54-tps,43,15,3,61f411ffd8a0e10d2939e980b78e471dd9efa9bb9f6bbb08be902bcab2b8ebd4,19715,e4694c28d643389d3eca48f8acf7541e06f1e90f56b44a7a57906aa259e65364,-1,unavailable,2,ordinary_transaction,true,19709
sphincs,blockutil-54-v1,blockutil-54-tps,43,16,3,d0edce7319c80fecfbd7e74f04037813aef27f6ba0d5e6381d0a5e72d784650e,19714,e0821c37d37a52d13552238de0bf821961df3432f74b2df5bc65d9e5c24ab359,-1,unavailable,2,ordinary_transaction,true,19708
sphincs,blockutil-54-v1,blockutil-54-tps,43,17,3,cfa3dcfa4fe692f0a4dd271daf2f69cf02ceb1ad9c287dcbcdf5b81fd5d0aaf1,19715,f2c0dee9b424c7626e6dac04a253a9eccd1d6c7d0852a4edfbbf8f1ced4bcd46,-1,unavailable,2,ordinary_transaction,true,19709
sphincs,blockutil-54-v1,blockutil-54-tps,43,18,3,eeb10ce256c9596350d31ea95f8cb9a58e0825c1817794f74ab5f907b76017a6,19715,8a067b463c6adb0abeae04fe3330b6652fc6c7c0b50d0ffa513d19576d9760a4,-1,unavailable,2,ordinary_transaction,true,19709
sphincs,blockutil-54-v1,blockutil-54-tps,43,19,3,ce74ef5d07b921a9569cd59ec15939300d925d80fd536904a7b1d29950cef9cf,19716,588f04b0b5137b92861899f701a2b1d8fb5871c31bb2a32c08c1664d60c4d895,-1,unavailable,2,ordinary_transaction,true,19710
sphincs,blockutil-54-v1,blockutil-54-tps,43,20,3,2721b88b9462cacee6ad320006b57a72ba7fba909ef75746541c8d2705616830,19716,1bc6dd2a7c9839368d80e631aed56d354360a080537b54c02e164d1e2715b0da,-1,unavailable,2,ordinary_transaction,true,19710
sphincs,blockutil-54-v1,blockutil-54-tps,43,21,3,0ae22f884b36de882096ef9950ae0fcdc1d7db09e9dc36e6c6498b90285dcd83,19714,d5d363685adf2a26606e96e491be2e8a725e7cd83965a4be8fbeee814b1a324b,-1,unavailable,2,ordinary_transaction,true,19708
sphincs,blockutil-54-v1,blockutil-54-tps,43,22,3,d9b2c40a045e8d943d9e1db61ea4533828e93d89c61c4f184cd4a6fd6ad6debc,19716,a0d2ec798031e89a5aa7c1ea13d4b803aa3aae1107383f4d97470bbd663a9f19,-1,unavailable,2,ordinary_transaction,true,19710
sphincs,blockutil-54-v1,blockutil-54-tps,43,23,3,70461ab260416d142759adf7ea176b3bf392876a935b06a5e8ffe851debdb75b,19715,d92ac2dfcb478512ebb7a9e0d35af21d4c6913d0fce3aaaece7b8274ee8c1f08,-1,unavailable,2,ordinary_transaction,true,19709
sphincs,blockutil-54-v1,blockutil-54-tps,43,24,3,dc62c8b140abf513b041bf38c33d3654ea44a43db2f03dd6e3e9155f1c5fd471,19716,7bba24fe438f60418feaad6f4cdb68a3f6bc365273c1730b62f55a8457a43110,-1,unavailable,2,ordinary_transaction,true,19710
sphincs,blockutil-54-v1,blockutil-54-tps,43,25,3,9a410d91e76a51f1cebcee53b0277de0b68f3b511bb7d96bacd432b7e9be7547,19715,0245d89fc0efffba80e9bc308c7cd84721396e649bba8af2ba6db85006fbf095,-1,unavailable,2,ordinary_transaction,true,19709
sphincs,blockutil-54-v1,blockutil-54-tps,43,26,3,3a9d7c8fdf515a56637af8645d472feecf2989d432b802ce58f68311f8044de6,19716,9f5111a8b2b2735255c49077eb2ee40efaf430b2557d65369086656b124b90f4,-1,unavailable,2,ordinary_transaction,true,19710
sphincs,blockutil-54-v1,blockutil-54-tps,43,27,3,935cef3a0325fd7337191124d2b863fb350e86d5e69a4c18fb8ac64b39adcf9a,19715,dc4f2c635bf4396cd8ff11d8c45a4a3a66d07d1fefbb1fe946b5e39d5756cc25,-1,unavailable,2,ordinary_transaction,true,19709
sphincs,blockutil-54-v1,blockutil-54-tps,43,28,3,75f8f6a59defbc65ccc83f2f8048a93afe795ca2caa7190fc7900aa82a294ea9,19715,4ef564addf9c509b4701cfb131220e0db82021fd6b988400246826bb3b7b6390,-1,unavailable,2,ordinary_transaction,true,19709
sphincs,blockutil-54-v1,blockutil-54-tps,43,29,3,9f20f8997c02aebda519a4f764b767b6964a28c326e81460b87dc1332b7a2230,19716,aa02503c6bd1078d4bff15d58945ecb317479fddddd94637700d506cea6e2db5,-1,unavailable,2,ordinary_transaction,true,19710
sphincs,blockutil-54-v1,blockutil-54-tps,43,30,3,e20e098e689ccc9070a11c7cf72522f5eaaafe507dfc14482520ac057a9e16ef,19716,8a826475d2987b9037f1315cbd7aba22c71fb6e6b3aa43c7164e7f730f4b2306,-1,unavailable,2,ordinary_transaction,true,19710
sphincs,blockutil-54-v1,blockutil-54-tps,43,31,3,ff76ce920a5e9597aa443c6f20357703b0390d832474a1327635c68386e7b88a,19710,c424472a216e6fa312b22c270e992786cdb62e59177e7be0d396b2fcca2ce372,-1,unavailable,2,ordinary_transaction,true,19704
sphincs,blockutil-54-v1,blockutil-54-tps,43,32,3,ba11550a5c90e667c60fcade803e765e5f7b1bdc55f013c6ea875d4d20a06954,19715,7f3a38f752f297922d50066d6c130b2d140e2b6754c063729f22e10682e34f4a,-1,unavailable,2,ordinary_transaction,true,19709
sphincs,blockutil-54-v1,blockutil-54-tps,43,33,3,abaf646fd0c2d67fa001434558aa8869ecfdad154dd6edfb5a93482717ec67f9,19716,d04d885ad147caac03af200889a78a4853734047e800f83c45050c2beeda1045,-1,unavailable,2,ordinary_transaction,true,19710
sphincs,blockutil-54-v1,blockutil-54-tps,43,34,3,aa1633f2edfb47b2d784b5425c5d7b757c6784478955d24f8db53efc097ba182,19714,df70abfc52973251139452f3244269343aef83ba346b046294400f685bd8a552,-1,unavailable,2,ordinary_transaction,true,19708
sphincs,blockutil-54-v1,blockutil-54-tps,43,35,3,5d1d4083b31e506ba20487ecac4ac2d5a1c64d6fee7002feb466f94d193bf27d,19715,890c740f853b10362d4661ecab88b8a27a0082220d3790a62c399bf94cfa414e,-1,unavailable,2,ordinary_transaction,true,19709
sphincs,blockutil-54-v1,blockutil-54-tps,43,36,3,44315e4d0463ff5f76ad32440d352beeb61f0d548d3f1aff179ba263da937adf,19715,5cf4c7b9029d6e01253f1a0b7e2cd9e9e1de35631c4dbe3952a2d8b33d2cb503,-1,unavailable,2,ordinary_transaction,true,19709
sphincs,blockutil-54-v1,blockutil-54-tps,43,37,3,ad82f3c81cac85a6b95b3a9f37c3bf77a3cf002788682b707f4beca979527ee1,19716,be415cd8301f071ae407aaa6c2207b864865993847f70086d9cdc44e11176065,-1,unavailable,2,ordinary_transaction,true,19710
sphincs,blockutil-54-v1,blockutil-54-tps,43,38,3,284069879b41158d614abc1eaa8989ea72b108b990d995d8e7508da6b57bd505,19715,91c91a33617ec3bec52fd0dfee70624e8f07ab4bc392fbe775c3a89316a993b8,-1,unavailable,2,ordinary_transaction,true,19709
sphincs,blockutil-54-v1,blockutil-54-tps,43,39,3,b3b07679a9c7236329bda42458818b5a16dde2ddb77093f826c17641e0eadb57,19714,600cea34aeb20e08d281af13409cc1c57fec26357e9513ccf37b02ebfff55d8d,-1,unavailable,2,ordinary_transaction,true,19708
sphincs,blockutil-54-v1,blockutil-54-tps,43,40,3,626c97d35ef55103d447a70008e2e63649f63019ca2af431db921e8e8829591d,19716,3c41da29123cab52a689b5345cf5fcc180a4cd2a325829a00519effcfd8a5d9d,-1,unavailable,2,ordinary_transaction,true,19710
sphincs,blockutil-54-v1,blockutil-54-tps,43,41,3,a664bc2b3558eb194df20a6c8183e0a6b1612505d08e07145cd5cd6c117db467,19714,6befe4b65bb8da5786fbe3f684ccbce86d1560123124d5be7f22432bf895ea30,-1,unavailable,2,ordinary_transaction,true,19708
sphincs,blockutil-54-v1,blockutil-54-tps,43,42,3,820cd272f204051f9507442540290f2aff0fe01b5ff71a412fd466333580e3a8,19716,79f3a5df29c9406d49aeb4d7cd5251a2a3c981e59016972bfc2eda3fe0b38209,-1,unavailable,2,ordinary_transaction,true,19710
sphincs,blockutil-54-v1,blockutil-54-tps,43,43,3,7a36ecf1cf0ff48b004b605af328e8565de48ee73f753041ccfe636e42d153de,19715,3cc3b4f874b84707a8c23c7c7f46736551d61fa5366bdaf99770fd578184e63b,-1,unavailable,2,ordinary_transaction,true,19709
sphincs,blockutil-54-v1,blockutil-54-tps,43,44,3,db5834ee5392342a6dec66042bd6eeddf1069ed72e193ffa3c10b027ea9f6943,19715,df72e28e689d7bf0de186df900294727c317ca44106b5c57ab86e34950e1a393,-1,unavailable,2,ordinary_transaction,true,19709
sphincs,blockutil-54-v1,blockutil-54-tps,43,45,3,43be45eb35b9a30344740400c9860bddb293d69f0eff1f61a4d736815223b426,19715,26de16478c4dbf53a30350181874e0c1e9119e0020417417778eabfc07ae3618,-1,unavailable,2,ordinary_transaction,true,19709
sphincs,blockutil-54-v1,blockutil-54-tps,43,46,3,4d2fa5902769c49e6ea2c948b65c0a057e7a73d44730f5778f2ec2bd151f73a7,19715,08e2103e81a15bb9cd6b19512e0b27c336320ff7683474d0cd7a66760f7ab5cd,-1,unavailable,2,ordinary_transaction,true,19709
sphincs,blockutil-54-v1,blockutil-54-tps,43,47,3,981d33f2cba4705b4e492b531fea44a1ab14f3ae07f22594001bf66e7fe9fb5e,19716,d4ea6bd7edb61a33b6767461096e74feeae0d3f96694608213a822b6d8360bd2,-1,unavailable,2,ordinary_transaction,true,19710
sphincs,blockutil-54-v1,blockutil-54-tps,43,48,3,7abe5a702b716556f8258a4d186771f40b6e00e1a6b202f68020ccb35d93e44b,19714,48d56dfc0bc9f9260078e369166ffeeb55ff42eceb4a8dffb2fb4f8014988f18,-1,unavailable,2,ordinary_transaction,true,19708
sphincs,blockutil-54-v1,blockutil-54-tps,43,49,3,38883239835d446e5fccbda08918ad397674ef44855b3136e0d93cc0eee05a1d,19710,af263b4048efef9a55fd2a505480c0048645937a127b0c7cf35fa4c6e22d48ca,-1,unavailable,2,ordinary_transaction,true,19704
sphincs,blockutil-54-v1,blockutil-54-tps,43,50,3,61e50bcb259f76a54fea3a441f0d59e8605f2e93d358500b31a2007557d34af2,19716,91a3b11d5be82127b206d0582d815499c2bcc44ac0a99040b9067ca44eb2286b,-1,unavailable,2,ordinary_transaction,true,19710
sphincs,blockutil-54-v1,blockutil-54-tps,43,51,3,aa5bf639e131d2abaf91fbcff658847059fda781ca7e037d1826cb81d4dacf56,19716,6e6e314d97b15ba29a1c1ea07b660e6c2f6a703733c08aa54b5c8805fc337261,-1,unavailable,2,ordinary_transaction,true,19710
sphincs,blockutil-54-v1,blockutil-54-tps,43,52,3,6fc23ee4a5cb9c30a00475e6e7ae1a81a515ca996aef284c25a01b8d4679a6f4,19715,7c2ca386da53e65b1ef8912778821959477aa0dc1d7d0507ce404efd5c1f59db,-1,unavailable,2,ordinary_transaction,true,19709
sphincs,blockutil-54-v1,blockutil-54-tps,43,53,3,f77f6671f2c944867bf44dde6d63fb8c64b2a8b2ec7130531cb61f0dec8b8c90,19715,556675109a671add986d25f0a5df4736c02a405b9b563fee2b2088cf0bfd37df,-1,unavailable,2,ordinary_transaction,true,19709
sphincs,blockutil-54-v1,blockutil-54-tps,43,54,3,a8b012e2a1015c4ee331e7adc4605c6a2bd22ac7a49120386ba8a47bb2017be5,19714,b8529fd401067d51ae838b7c543d34e79c8b504862533146f67ef41699931e58,-1,unavailable,2,ordinary_transaction,true,19708
sphincs,blockutil-54-v1,blockutil-54-tps,43,55,3,bca90099d29cf98a2cd69d737a7d83833769eaa1f056c67ad8c91f15c1db3820,19715,d816d89f16c29b5e1bc20ca942a758a04faf8da45adc46b7fcb4933ce6460c37,-1,unavailable,2,ordinary_transaction,true,19709
sphincs,blockutil-54-v1,blockutil-54-tps,43,56,3,e1eeb06e92912ca4df6572068878270e551762d321dd3d5edf28119b9f71793c,19714,a2480b77a6bfefac62465ff5f9ada13f4784da497b668e2b6c8bffc400fd5a48,-1,unavailable,2,ordinary_transaction,true,19708
sphincs,blockutil-54-v1,blockutil-54-tps,43,57,3,ca2d07c7512329f8dced9557e8c21f3806cf04c3de180df3f2fb0236291dd7da,19716,6c21b4d7e213338587fbb07151c08875fe5d6b3d7bdb82bd51ae0d65fefeb288,-1,unavailable,2,ordinary_transaction,true,19710
sphincs,blockutil-54-v1,blockutil-54-tps,43,58,3,9d0fc207f259f84857177132221fc617040a746669bf860b352b545bd6cf30e3,19714,2464c252215995c37bbde6415560905efcfe1d5461a11948f8256444bfbd8d0c,-1,unavailable,2,ordinary_transaction,true,19708
sphincs,blockutil-54-v1,blockutil-54-tps,43,59,3,b6b5c99038ac0fa15857b306e068177a133fc339a6f1e9fa77283b364266c93a,19716,45d3013dd34579adbc9ef316cac6f0363be8ad0ab905f97fd9d9c11287177cdc,-1,unavailable,2,ordinary_transaction,true,19710
sphincs,blockutil-54-v1,blockutil-54-tps,43,60,3,412df20b14b20aaf6e1bbffc81fc03030ef9be048ec48cc1a0ecf28ee93c0649,19716,2d90bc4cc29de064eb019266b268cfdb2bc4e12e372ad4a177240577258cafb8,-1,unavailable,2,ordinary_transaction,true,19710
sphincs,blockutil-54-v1,blockutil-54-tps,43,61,3,c8d367cb9fdf4a8b81ded0db5707f6ab901a3d6e9db2ed015665dd1838a0eab9,19716,26a94e784facfa103f39c9fefc7f65e713e84ff5a56b9824978b775081404bfc,-1,unavailable,2,ordinary_transaction,true,19710
sphincs,blockutil-54-v1,blockutil-54-tps,43,62,3,4b49507b448c0644ad6b4a1559c4b5a466fdead96b945c95f84cfcd8a51af2e8,19715,17118a0add302ba77535b2549abb752b4d63df0da4d693b2d6c18bf31a3001dd,-1,unavailable,2,ordinary_transaction,true,19709
sphincs,blockutil-54-v1,blockutil-54-tps,43,63,3,349f2438f6db75f638816b8630803797142c5231e08eb0b6b511111748b50960,19714,5c3a9a066ff31953abf05e512b699ebfe763168a1a36b77df65b344d7f4a3690,-1,unavailable,2,ordinary_transaction,true,19708
sphincs,blockutil-54-v1,blockutil-54-tps,43,64,3,bba0fc952f50993797ad03de641703227d997e43a24c3dc09f09fe27f9223e7c,19715,2d3c227086f486d9b1734593b175357e27d9d03180fd0afebd2304bd3fe1946a,-1,unavailable,2,ordinary_transaction,true,19709
sphincs,blockutil-54-v1,blockutil-54-tps,43,65,3,5bfb33e1500399a6fa1103b0a6f96bb92f13486bd2703a5ab41475f391afb3f2,19715,d04d41ad6e3dccac2bd68da6b22ccfd42f0ebea620171206e091aabbda475b97,-1,unavailable,2,ordinary_transaction,true,19709
sphincs,blockutil-54-v1,blockutil-54-tps,43,66,3,98cdf942959548e11e5202afd336d31f7c2c9463921d27681824500d9bcbca67,19716,b5f321afa9d61c847d85aa0fdaaff868ee5ff539024394e8bece474d93e8054e,-1,unavailable,2,ordinary_transaction,true,19710
sphincs,blockutil-54-v1,blockutil-54-tps,43,67,3,a8576d7fb3c9bd61d3cc7880cda51d411761d2ce42bc7f0502c48e395d18529c,19715,bc5ef7cd3da564109eaf4f546034d9833593c94356078f0f3232a32977c58313,-1,unavailable,2,ordinary_transaction,true,19709
sphincs,blockutil-54-v1,blockutil-54-tps,43,68,3,e822d79d6f971d5c38b034fafa18a0eda8c0931cef2e9663de7c062d786a7750,19714,55c9684c3aaec38f855a5772fbb456eaa69293cc7003a9e0f9a87dd7bdf184d6,-1,unavailable,2,ordinary_transaction,true,19708
sphincs,blockutil-54-v1,blockutil-54-tps,43,69,3,53625c208b1d1b844a813a9a276ca0dd6e2fd68d7109db67810247a833034e22,19716,f92bb62779fd28bf559d079b7728cf4f97c7df719f46b2b0df3acb827aaeecf0,-1,unavailable,2,ordinary_transaction,true,19710
sphincs,blockutil-54-v1,blockutil-54-tps,43,70,3,5fef1154d02390b664140fe227d990e1236a8554f1a4384f3b5e7876758cc4a1,19715,2ad338c7b343db393c56e60b27f7c39f8499768f38663847d87b2e6e20982a12,-1,unavailable,2,ordinary_transaction,true,19709
sphincs,blockutil-54-v1,blockutil-54-tps,43,71,3,1914f54a89bfa56fd07d1e7166386ddefe07667adc8cb7128df6f2a9fa2e9d50,19715,575781a72221fad545fcb588efab5f47e52d0d3ea2774ff2be1498403b1b9283,-1,unavailable,2,ordinary_transaction,true,19709
sphincs,blockutil-54-v1,blockutil-54-tps,43,72,3,a223051598466d33e522602ed77e6146d082d2d2724ac70a4b939ad3ac06eff8,19716,9a3be8b549fdf36c7b6e41319823c858647a8b095f992bbf0201bad7206dc039,-1,unavailable,2,ordinary_transaction,true,19710
sphincs,blockutil-54-v1,blockutil-54-tps,43,73,3,5eed27fc029cd0c9bcbbc973cf3084fbf0c355e98b32a44fb578e23bc904212b,19715,b1e3ab3a20441067779f25fb22c9c871329557332f3c0e3738ec8ae82bfab797,-1,unavailable,2,ordinary_transaction,true,19709
sphincs,blockutil-54-v1,blockutil-54-tps,43,74,3,a492683f64244ac8d4798d47f57139726d4638939d06f37841b0e3f5c63ed8bc,19715,2de62dc29fa04807f335dd95e8d44529baf71c74e50f392b5ce1704dfdc99340,-1,unavailable,2,ordinary_transaction,true,19709
sphincs,blockutil-54-v1,blockutil-54-tps,43,75,3,065e36f38eee1226c1f6330f2fb2c9f9200a2772079a0965dc018cbfa172e1b0,19716,ebe6086b53248d0fe2231e6da8cf4a4b5470cdbb2c32e801842474b828c551a8,-1,unavailable,2,ordinary_transaction,true,19710
sphincs,blockutil-54-v1,blockutil-54-tps,43,76,3,b2287ff55227541d86c371d830d112f6016989e6dc7304b93b91bb0458c12707,19715,4ccfc63d395e402ef8bbebfdba8f3554c64d9c8c0b1755519e53647a5a52aa06,-1,unavailable,2,ordinary_transaction,true,19709
sphincs,blockutil-54-v1,blockutil-54-tps,43,77,3,9b2b7404410f86a586030b17c65da8efcf0166c345ddbadec73682c4ea3dd875,19716,1d9dcfb3a3394e77d5dd65e2d892a1a9a59b6d4dcb1ff107c286392f767c9dfb,-1,unavailable,2,ordinary_transaction,true,19710
sphincs,blockutil-54-v1,blockutil-54-tps,43,78,3,24c389de6081ee5f0cbbbf476e9fce17203ff94e7f818ae080dda2bf5d6d5ea4,19715,115b14459063d30265d0067f565ebca8486e138725b93f06498a3f20d8be734d,-1,unavailable,2,ordinary_transaction,true,19709
sphincs,blockutil-54-v1,blockutil-54-tps,43,79,3,a9f2d1c7cf5eab4751c362cd6350bd942723418dcf0e801fe8a0196c3b3b3867,19715,6215f2d65407625cb1b13c93660b23365c67e8c4cbf47790ac7b632a826ac537,-1,unavailable,2,ordinary_transaction,true,19709
sphincs,blockutil-54-v1,blockutil-54-tps,43,80,3,e96f2636e58a443f1008e433a3963224997b511f3ea63b39e7c5a27c103c4f0c,19716,6fe96939eae2a7982b5ef1628d628dafabae8f065a1ab37de3e172878f040b73,-1,unavailable,2,ordinary_transaction,true,19710
sphincs,blockutil-54-v1,blockutil-54-tps,43,81,3,0b3a58343ede350cc41bb92267bac46827faba371a0c3218f84a252d760870f5,19715,e635dad1763939ca0ea57341f1a4db4d51be91127c22846b759c84bce3e4d998,-1,unavailable,2,ordinary_transaction,true,19709
sphincs,blockutil-54-v1,blockutil-54-tps,43,82,3,d375dafe7ab81ffefe626d19e606424ab689b9c3a1303f6784995ddd7e5089ca,19714,ed4c3480bb2501fbbcb13424188f9bf616212442737cdca1559e8089d4ca1bf4,-1,unavailable,2,ordinary_transaction,true,19708
sphincs,blockutil-54-v1,blockutil-54-tps,43,83,3,b227a984c619ad9489756d5c7d0f59b0462e9af199fe6fc6760d7a867f6d2c52,19715,5175d238c01d1cbd34d44b812ff405036e74000a037f4e43ffe71f896ec3e560,-1,unavailable,2,ordinary_transaction,true,19709
sphincs,blockutil-54-v1,blockutil-54-tps,43,84,3,4c3a998fec85a8332a6273826b82d7ca3d908a0f4fe615ae11a473d30322aab3,19714,f41f21d1a25d9231578f46ac77c0f2e274510fe677b8d89a89325e4c127561be,-1,unavailable,2,ordinary_transaction,true,19708
sphincs,blockutil-54-v1,blockutil-54-tps,43,85,3,7de354356f5f487e833c6d1e34107c8da63133b72c226ad4978c721d8d404f3a,19715,21d7a1d85f895429a76f2142792b50f88fa195b87fe3a32ca6d6e2265d076f0d,-1,unavailable,2,ordinary_transaction,true,19709
sphincs,blockutil-54-v1,blockutil-54-tps,43,86,3,2c66696d483c057faea31ddf0f313e8195fba4b0e9f5f16001e59d382c478890,19716,23c01c55a966780f7a36abe86a3701cb6b4211be1244b2f3431fc7380a741584,-1,unavailable,2,ordinary_transaction,true,19710
sphincs,blockutil-54-v1,blockutil-54-tps,43,87,3,2e1bb8bad7dc294202478f5afd6aeddf9376569d77971466ad9451bc4d8ac4a5,19716,943d8c0f2b5fc719b4c7cb487f8fe6ed3cefc2a433e108cb5b1481ca89092caa,-1,unavailable,2,ordinary_transaction,true,19710
sphincs,blockutil-54-v1,blockutil-54-tps,43,88,3,6d276fda011df0dbbef1acc89909aca7e9a79f4bcf3fce94c937fd72fb28ecb9,19716,42785d1c27503425edee281b84b0e756c40c37b45cfdfa9731d89a5231adc65f,-1,unavailable,2,ordinary_transaction,true,19710
sphincs,blockutil-54-v1,blockutil-54-tps,43,89,3,0b8a87ece4249ccc99304b1d9883c5dfb0b9edcae660da33c8d7d1a0a0d87cce,19715,68201a5dfb430612586f208ef2ffcd4f68fc021af0418558f87b78dbf7bf2e8d,-1,unavailable,2,ordinary_transaction,true,19709
sphincs,blockutil-54-v1,blockutil-54-tps,43,90,3,d371e238bef03580b0238dfac2b82ae4fa50c080a1fbc45c3f491c6f8ea24683,19715,8a8d2c65cb7e83977027a5621bdab192b1b15befe9fde29cfcae97ff7e07c2fd,-1,unavailable,2,ordinary_transaction,true,19709
sphincs,blockutil-54-v1,blockutil-54-tps,43,91,3,00e60f01e66b268906cfce5a8f4144dffad074c6bccd7dd9f16173862a19c715,19714,bad5d3af1d29d69c60f5c1ea76b7e5556e1de8f555c8c558975e37b809fddada,-1,unavailable,2,ordinary_transaction,true,19708
sphincs,blockutil-54-v1,blockutil-54-tps,43,92,3,d7c087c91064167676ca8a6031a87ca551ebdb6b770ab5014e26bcc3051ac255,19716,d3cd70e61e7758756313aec88d89db9672918512ce248b9671cc45e8371f0457,-1,unavailable,2,ordinary_transaction,true,19710
sphincs,blockutil-54-v1,blockutil-54-tps,43,93,3,dc59d1caf99e7c79688034ee8546ffda9ffe7565946ad9746c74904a3ee73e0e,19715,1c9edfecbd57014433f805ab35abd153ce6b27ee779be9fc4005ea7aebd6c762,-1,unavailable,2,ordinary_transaction,true,19709
sphincs,blockutil-54-v1,blockutil-54-tps,43,94,3,918ea1bd65ba5fb32dbb3b44394c9e0280a58216c420d05a202f9422ea3b356c,19715,a0328b354e399fc8ff13a029cd474f35b1d6ebe64aa6baf1cfc8f8b20d5c9d65,-1,unavailable,2,ordinary_transaction,true,19709
sphincs,blockutil-54-v1,blockutil-54-tps,43,95,3,a7b35e8f4ee2f3d74cf401ae5e3ee8b3f894cad0275da8f5552d8dbaa6b3dbb2,19716,660668cbbb4b33b00e3879fef26cec1273c30bf0473e41e56bd6802af0f78c7a,-1,unavailable,2,ordinary_transaction,true,19710
sphincs,blockutil-54-v1,blockutil-54-tps,43,96,3,88dfbebe9a75900cfceb7eff469a76ae3fe6f8cbed573e7bfe0b1e22e33a0027,19714,eb73eb2731cc1f88845c1bba2ab2169f684e60388899942c7530b868d722c7c2,-1,unavailable,2,ordinary_transaction,true,19708
sphincs,blockutil-54-v1,blockutil-54-tps,43,97,3,1701f767268e273a4eecba64ab18dfa10df92904511db404b639e47113e7b19d,19715,295be37ac25afea7762a0173379d9c3b566a5eafbb7d7ea7dfcbf79dec0d4388,-1,unavailable,2,ordinary_transaction,true,19709
sphincs,blockutil-54-v1,blockutil-54-tps,43,98,3,a4a2fb53cd91359f0442121fedfc3608c575f86427428b8698a9dfce1fe69aa1,19715,9caa0f16266e8b1693df564fa212d273ebe8bec76079525918cfeb1a06ce395f,-1,unavailable,2,ordinary_transaction,true,19709
sphincs,blockutil-54-v1,blockutil-54-tps,43,99,3,a512b394e9e6735367b57544dc614828d2aee23c81c3240a14962d5773e77b7f,19716,21939dccdf8a1f277e9524bf46d0ce9944bba6d2bc14de0e81a070f492e53c81,-1,unavailable,2,ordinary_transaction,true,19710
sphincs,blockutil-54-v1,blockutil-54-tps,43,100,3,f88f7322d86d91fdf7670b21a15916f3b7fd0ce6bdbfbfe3c4ec6ba52b83db5c,19715,0c849f66d0d5e44b1e553dc0fcad7a5aa4628ca49231ebe9fd6eb5eb0130a3e0,-1,unavailable,2,ordinary_transaction,true,19709
sphincs,blockutil-54-v1,blockutil-54-tps,43,101,3,102f25ef45ffe1c54a8dbdc3e043fa3334e79a70d93b4f588a1a1c046ca70386,19715,4896bf4c2093ae8eee5b09f8da94c73b280818cca52bdfecadf976f94e9457c3,-1,unavailable,2,ordinary_transaction,true,19709
sphincs,blockutil-54-v1,blockutil-54-tps,43,102,3,7d0c3dd8c06c25e3e3ef6e352f019a35c5f28d8459e698e903ff9fe64b507838,19714,5bfd29bd0daf6e72c79210eec7c5219c2a78198c3e09e59f3d639d49812f5399,-1,unavailable,2,ordinary_transaction,true,19708
sphincs,blockutil-54-v1,blockutil-54-tps,43,103,3,236c48736018a315ebecd2c7b8be3164dd2f53c3d6fb04494e7637b6830c3c3a,19714,a91f56fac6a4a622411d69807bbcb8b2450b5e273bd861b140a54fe975f624ed,-1,unavailable,2,ordinary_transaction,true,19708
sphincs,blockutil-54-v1,blockutil-54-tps,43,104,3,5e89aa82b49fc1a644d633ee8155566b51dad004ec745684ec1ab52cfe974608,19715,9a7651788378d0dd09db6d6e92325a324f98b5f935a960d99a8e632388da3cad,-1,unavailable,2,ordinary_transaction,true,19709
sphincs,blockutil-54-v1,blockutil-54-tps,43,105,3,736034e6f65a38ec764e411969e58adb01b908c3d68ea90e6c352364aba305aa,19715,537c278e295c8d19274c84621158fb8a5680ecf64db5447a04ab3c1e2124dd88,-1,unavailable,2,ordinary_transaction,true,19709
sphincs,blockutil-54-v1,blockutil-54-tps,44,0,3,aaf26cf9b7f9ee87a617430b014013bcd701a67145850d315142042aa9822eee,19716,9a4192f8162269a9d512797a7e71141aa145ad9d509a59868a828467af3744d0,-1,unavailable,2,ordinary_transaction,true,19710
sphincs,blockutil-54-v1,blockutil-54-tps,44,1,3,649c5cb1763e0e0e54ce334df5c3ba2e0cce9ccf30b56a48318b7dcaecc8ad85,19715,ffebb9aa266e73e210a86bcfb0c6e31487b74afaec984eec8f19fcac198f1f92,-1,unavailable,2,ordinary_transaction,true,19709
sphincs,blockutil-54-v1,blockutil-54-tps,44,2,3,57b3a71637ba5eda6d3ec2adc3a04bb33d409cc1ee4ace8454e97b5c449b3304,19715,ba2257652fa8a84fb11e2a513a300c2a51ba28ddc29dd5d8cac1dd3f7a68242b,-1,unavailable,2,ordinary_transaction,true,19709
sphincs,blockutil-54-v1,blockutil-54-tps,44,3,3,aad5dcac918d93b5e852574c1a066e416eb3cc7be908698d20c4e573a1950dc1,19709,472b6ba70a41066603ecf2ce8ba35dfb14680d8a08dde028c62029d13118d6d6,-1,unavailable,2,ordinary_transaction,true,19703
sphincs,blockutil-54-v1,blockutil-54-tps,44,4,3,382609156e0cfe3de738df521f91010c88daed7e33b3d69968fcc0a6a0c1cdf1,19714,8009d63a648e401baa01ce30738be6ce126bc97b6caa6f4240495c5f5a39e18c,-1,unavailable,2,ordinary_transaction,true,19708
sphincs,blockutil-54-v1,blockutil-54-tps,44,5,3,f0a8815e074ea4b2b4d87b291d9a41d468374fd0c6b2cfb7cb34cf157b9b9bc7,19716,771499eecdbc9604459e871db8d51e0fe7b2cc2aab6751fab19da45cbdb3ad5e,-1,unavailable,2,ordinary_transaction,true,19710
sphincs,blockutil-54-v1,blockutil-54-tps,44,6,3,a0b668f3a5d1981a3d5e3bff0373959ee0cd0f67845604630f9c105b4ee8a03d,19715,498f5a0fefe9b4717361d4edf67a2cd5a44f00222a75ede6482b4e2d55b290f6,-1,unavailable,2,ordinary_transaction,true,19709
sphincs,blockutil-54-v1,blockutil-54-tps,44,7,3,379ca6f2c157d8295eb0007d025dce370f594e97ccd83ac4651b2fd1c07ec09b,19716,630c3eb47aa84e49442bfc76e74f60736ec1c3d024d90d7d6393877830e7b29e,-1,unavailable,2,ordinary_transaction,true,19710
sphincs,blockutil-54-v1,blockutil-54-tps,44,8,3,c2f02ae4ebf17f90a88ef7b850270acc1736af0b681b49577324eaa7aeff226b,19715,bf56d3596829fb518d14021af0028f17f369732aeea32801017b85936f9747d4,-1,unavailable,2,ordinary_transaction,true,19709
sphincs,blockutil-54-v1,blockutil-54-tps,44,9,3,ed82c40968bf339eccbccf1770840bbbc7049ff2fbe6695ed18f0249b0b2ecfa,19716,beb915101ba64e419ef5ef80171392dc366c2dcc31268d860fd525b713edca76,-1,unavailable,2,ordinary_transaction,true,19710
sphincs,blockutil-54-v1,blockutil-54-tps,44,10,3,72659a1f964dbc50fa9a3e72521ded78b0d16ca67c54f77e64a653beaa61e287,19715,96937790eabb29b57db2130f32a7811c141e4f502d035d7187f9270393cb50dc,-1,unavailable,2,ordinary_transaction,true,19709
sphincs,blockutil-54-v1,blockutil-54-tps,44,11,3,a64b30d232fca8869a4d8c9f9a7ababe12afd4106998631e7475fbff5645b268,19716,6ad816310b9ea5064f26c056b9c27d3614fb0d18a93f9e75214aa265bd6131f0,-1,unavailable,2,ordinary_transaction,true,19710
sphincs,blockutil-54-v1,blockutil-54-tps,44,12,3,777cbccf044acdcf0a40785a817694cb49e2635d24252b92b08747d96ce5c5a7,19716,7ef86fe589b59235a1fc69e46050759ec7c56978a721cc92b59e95ffeca27315,-1,unavailable,2,ordinary_transaction,true,19710
sphincs,blockutil-54-v1,blockutil-54-tps,44,13,3,d0c25c95dd331616ee549b0cb1ef6b9f4e36f19368d728717769ba1ad18e8105,19714,4253b748e18e946f0a2c9061acf14aa599e95da01b99cb52ca04530800170f11,-1,unavailable,2,ordinary_transaction,true,19708
sphincs,blockutil-54-v1,blockutil-54-tps,44,14,3,f03bd725e50cd93d16123792573a38411dbfbfb4012ac8a6be0d14d821ad668b,19715,6ae9c2d1caf1cac53aebce3c70cbd0bbd32e7317f86bda87c4401777d59b76fa,-1,unavailable,2,ordinary_transaction,true,19709
sphincs,blockutil-54-v1,blockutil-54-tps,44,15,3,028ca27ac1ab4843d86c1adfb254ac0a4b36511b40c631cc71deaec621255c97,19716,fa091e8ecedf9ead342250405bd6d28a9f26868fddc868febc5e281e38662c46,-1,unavailable,2,ordinary_transaction,true,19710
sphincs,blockutil-54-v1,blockutil-54-tps,44,16,3,d2cac73716f6a4cb651eed8360451befbcaa425296c138042092626a66b24eba,19715,c2d0287a68dfd8ce5fca058ed102f7c0a607e0648339f9ca16ac25311ad72573,-1,unavailable,2,ordinary_transaction,true,19709
sphincs,blockutil-54-v1,blockutil-54-tps,44,17,3,9ab3d7d2d526e1faeeb7a68cfe6e4c4373d2ca301a5dbb15eb1f496209fbb41d,19715,f4d0021cda8ad98c60a2def48860374928f8a5d5fd39d41bcedd7bd6d41393f1,-1,unavailable,2,ordinary_transaction,true,19709
sphincs,blockutil-54-v1,blockutil-54-tps,44,18,3,155717eaf6a9305376f84634e6ae5c1b2aecaa016e0a228119bf318ed75d8f38,19715,9752e98329c20492db47d3733935b71db6912cbb37b44de77ed3dfcd1c4bd20d,-1,unavailable,2,ordinary_transaction,true,19709
