start_offset_ms,latency_ms,status,tx_id
0.000000,2889.901117,success,dadcfa5d6b43578737d89a1ebc68a330913d89081d40476ce435363b3c3bf641
19.208730,2870.274420,success,01cc1b5a53b7ee466899def08edb6d610d5d0f8a19558da41b580265f07890b3
38.775175,2850.990022,success,ba57535ea8ca9acb76206f33d1e3f35d8311b8f91bd6bc19a08f2af6866b5cb2
59.455333,2830.171571,success,539acc3214736ce137d9bcacfeff7897f1803c35d97fbc91eff4df657ffd81ee
79.302063,2810.744871,success,78d37b4d04e021fb3e7ce35e3fd0b336f79605f62b3bf05cd8360fe26f5136fa
99.276697,2790.911917,success,3efc6ef5237f7283c439e695c4541de96f89bc87051e9d90f9b0827a25b3c9f2
119.124731,2771.197848,success,d3b1e37160fc22c3042142523c13e2a9470019d58b8a12f56eceb87b9180fa76
137.873570,2752.713745,success,b96d329bcbc92700e37b23613f2cb4f5ac3baffc77806b799b893883c57927be
158.578375,2731.877549,success,92a51f001caa7b9a84a45e6088518ee7106487bc4209fc85c28a78be12132786
178.404820,2713.927124,success,f32165c81ef0e059d08a3bdc7c68d9a8042132790e36e437694a42c3c11984f0
199.182790,2691.541957,success,57a5bc9d6114ac4c4a3eb2dbc6585d75f16dbe8b9f40744b56a33be456441d1d
218.028857,2673.380856,success,53be631e5a0756c8939baeeb1b3d57488da4e76ee0d04fd382e62c915d3150e9
238.461583,2655.058029,success,34fe07cb18802614b105c00eb3d4ce61a2cc45f8be46f332085ff81182fefd3f
259.263677,2631.601738,success,55bb4319c4933cd2307ae980469cbe167bcb9c102b07a0f8e8e013401e35ca62
278.885377,2612.112280,success,fbda817407435e14db269512be404ce47a025b8b368a21bff687357b3e557f64
298.400801,2595.247517,success,59b981455421d028e2d28de25a21ee345d7e8d39f3f0e44380b62673f7da6f53
318.414319,2574.310195,success,2bdc8bf194adee1015e00ce13e2f6524b1978d571b129fef08c5b5b75401327c
339.063372,2552.081946,success,878c5298c3f1cba31d66ec87cb2375afa359a37bbc757d76e95cd9002af7077f
357.402950,2531.914396,success,b6a51e5d69fe38ff28b5ab8cd861cfac1d1840a5cb2da672ffe64477c228b0a0
378.437931,5151.661132,success,1bba3a4914274f028da373149b1b0c6de62c21b39882a156dcdcf20fcddc38e0
398.417497,5126.358633,success,d879f26ab65334f3e316984b6c3513a8e3f62722c0ee57ae0d67fb61083311a7
418.401180,2474.721384,success,48a65fe1c2cf14c62c3a1aad7309269e324f4ca1fe9152f46aa478a39f1d544b
438.399790,2454.454472,success,446e03de98c9a2fb9350cd9645b07606fb946f5cc78f336f26fd4b05ca4c860e
458.446770,2434.015243,success,194b839eaf37185462fc55aed933a5b44e213f31ab288c1c023ae1bb3803ed62
479.106011,2412.434282,success,6a534440cb7961920e035c4317eab2190c74b5c23da340a03294a656a2f09033
497.408091,2394.661282,success,a4b4c1c64ae2dc224cf151be2b2623db6f209149751ed42ef68c65fbdc17ee94
518.957816,2374.830790,success,9ef0ba937e37fb9c1fa3d7191bf4c856509456f558fa39bb8eec5a710f7c8479
538.385550,4985.868111,success,db82a6af8f7b5ca0164e447adc21096010799965889852bf19aedb2fad9885e2
558.469346,6578.081691,success,9d7ba5470612169adb7965b87b83ac0515e399c81068ad19c642b2a66be42af5
579.005032,2313.197856,success,0a5067a1cc7232880e0d7863878ade43a5eb556b4b675dfc34309ef663629952
598.433837,2294.816221,success,7300551b8434230b8a02c915ba76c6aa0b88081749aff4ea4ab12876361ea867
619.203051,2272.073879,success,9625bcac83d5df12df3c158b48a3938eacccb3f928ad50e0c7fe1ca826da9bd2
637.464235,2254.206727,success,1da40198c821b3cacc12cab7d67c0b7014ba6056713fd330a5bae53dd33211b9
658.998802,2232.804904,success,99327d90092eb9b8a176ae50906a632bea1d1a4efed0df5cb3eb865ec88f8ba6
686.054373,2206.928766,success,f3b2b60e0b4455366277079f13fae9c4920e536d721348f9d2d38b390765249d
715.431731,2177.945711,success,17b798663e4a16628ef16b0b0d4ddc4bffae2d2a078d8b83329be9aed7514515
718.331147,2174.262758,success,6ee7df537ee5852fd2a36cf13716e1735d9898bc9ee2830d1a018baea905873a
738.855602,4786.435853,success,9c463b86992304cf16c38db1291c755b785e6317ca25cbeb3f64cfaf2be8c5ec
759.355892,4767.050638,success,66de93ea4df1b34c0ab6590e9de73df03432928fa970423ee10428b02d66ccfd
778.438443,2113.491023,success,4ee13ded75fbfdc9b91b3ce024e9e6efaf3284801fb839530c296cbfda9aaab8
798.833831,6336.574449,success,70a5dcc7a70583b82b88eda45aa25c95dbbf271f3242c5b8672907d96d0ebd5e
818.446744,4712.438090,success,f1217e9ab57e3b404ea099fbab2bc921c33c480aa5100f245974069180af4d02
838.425038,6300.078300,success,cb0444e499ab3338e95a90cb297c3c71ec74465b7d98842c9efc309d4036f323
858.396097,6278.725967,success,b68980eaa330ab4871db8009ec316eda8eb0258b0bb4c53f8c71365f74bc6cdd
878.584306,4651.668960,success,a26535eddbb7678918f2dfa4987f7bc4872fc5a2fa1ff9baf45000573a4af76f
898.510143,4627.406879,success,30e7c1612db87348ad686d271d43fdeec3957441ce2fac4501cfb4d266374d1c
919.206733,6216.350701,success,cc122802d488dba623b376a03679faab890a269a3b3ba228e93544db45d7b630
937.792693,4588.295002,success,d324c4b28aad3e5f8e14a61471ecf8741af40e25ffa568b233e71c75e58ac96d
958.402695,6174.429580,success,be1dfbc0ff3852b1de4092b4f742fe5d7aa4ca57173df3632838e9c0a7d76dbb
978.595742,4569.691823,success,12f22287bd2523850e0b0214fc52c1026a5893d02d953783bbf30afa68c88005
998.568605,6140.962368,success,93d457451839913c454772853945c3833c2239bdfdeb4d7af7fa48d5442503ab
1018.538844,4507.221090,success,85551ec79720deb55505822bb1a010004b5c604645832f7b4b593203a7198db2
1039.180162,6098.918103,success,adfdf5bc6330cc01bbe3f0b565d511011798e98c311ea4b723be7e36b1cebec5
1058.846424,6077.844449,success,18766a6601805892fc0cb8a9c495fa3b3ec658ea0997ebb292a9e0c4e73db670
1078.507325,4448.051635,success,3216dc52e1c69dd82abf762484f6e4f93f9c0b39d215b697d5911bc4bc4b5e92
1098.408537,4426.195046,success,715cb8cd8796ce29e25ec796d930ad21e9b2760812d4e258a607f8816683576b
1118.441341,4411.962281,success,f4b1235c04cb6f5d2ec641676f6c5f60b79c5e57287afc848e9777cc3d3350f4
1138.412864,9688.449110,success,fc2ea73d9b9b096aca5ba657470ebc971aaf25b55ef9450fcdda4a9e9e99f474
1158.409684,9665.526743,success,318f35cd1f2df3efbde6480534b7ba81942e39c217a4ad3dd28b7b364f16c7f1
1178.410410,11348.176629,success,adc0ecf9d809bd30082296822fb9fa037e5d6c50cb1775186d0d2719e26dcf6c
1198.476256,9623.261116,success,c37c208b24719de0c216f4228f1206a28e9c6b0a0293f6852244a5251a8d3bd1
1218.821725,11326.702834,success,f5d454e922069f0ef46e44a53e7f0b4bc78d0dfb36802b5622069f5335f4615a
1239.039500,5900.644884,success,30bd733cde65f4e5e797dd2d738c1d1569fa88caa28a3360faae8e0df036b190
1258.547763,4265.892491,success,a677303f8f6825a7369293d659c85b10945d0b6a8f3476170b89078555c7ff5f
1279.265304,5858.686733,success,1ad62eaf6a58e1fc4506ecf992f66afbf17d7b91b7af576178c8fcf437865498
1298.438453,9527.705274,success,d69451a71c20b1c41ac22bcb06a1d5fd3f2b29964a80d5418515c8b9717e02d4
1318.404146,5819.829497,success,d7c16fb678d5d47e87233f712be221bea5830430e8779852e6ef23d7829ea8f2
1338.947878,9486.892923,success,5615b294554f528086e63cd5b0c37c2ce4342b2c66702cdade0442f3eb989bca
1358.373660,9467.174043,success,4c0c4f9dd1300dc925596409a61f962120b9f0f5e88997241cc9bb48a41b3bfa
1378.387301,9448.890967,success,c4fd6ca2f937e2c5c645964a8e3cf6b6f832dd1d78918af150a57dd6e831d01a
1398.388017,9428.045852,success,ac1cdb032dcafa0f7a477c041766c2e30dd2d9a46d4b7cb52121134ac78d0566
1418.396498,5719.974106,success,2649b2e5254e2e89d7a04b911f8339d2f793200fdaced56fc8363e4d919ccfac
1438.905817,4091.014508,success,2a3ca636d5a7d2c8c45e0de5fae0912c72c12f7bc88a69a472177780f96e078c
1458.371122,15049.227085,success,0ccbf561540dd29e99b70c7314e81095b8ccbc19f61e022bb03874bc3b8722b6
1478.957583,4047.283925,success,603071d2c0056bd98f4e6cb5f8d859b2f0f6eaa953a40db263ee5c2b5108111d
1499.694950,4025.237026,success,40569fa250d9b09be414f1844aea0ae9fde576572f93de2e5504ed92e303bfac
1519.280706,5616.993633,success,9a39207c9b0aff8e5fb5addf1a7c352b18d2fd632336b8d9e7591e98f227b0eb
1538.795852,5596.910275,success,ef1e2b6d30a77985f5b6fd5aae7895701748447076c01b79fa61f5898999ce90
1559.042549,10967.744918,success,66fe298db1f1dcfa751a2790991254b3636f123d9d75df53a5dae1e885b4e1b7
1579.036894,3950.398301,success,7663189c09b47541f9f425f21d95cbdfdd300d9f27060fe881053377afab3e9c
1598.415160,3927.183298,success,3c37c6f6fbc04dd1679d1a9fab1586aa3b51b2347938c0236c75fe61854e360d
1618.504549,14887.769718,success,b5ee5ede8e6bd275033e7a6153c2830db9477dbe0435aded799007b727c4916a
1638.923462,5498.046764,success,74346a3cef6d6679bb1dc57cdcf421e5eda3bd63c11c9c00491f4126b253b128
1658.431936,5479.245757,success,5a4f1337171ba39a08a2bd961a738bfd8579d81014af6295c1d689a82451a001
1678.443412,14379.541626,failure,191484594b9c120d79204a021aa8ca9d8178b9820b24f43ec890dfb40b834400
1699.001090,10851.190112,success,560f134a3f2d97995c1710f74d07914a2afca4d1b34be3a2c00526cc46316ad7
1718.593809,3810.668109,success,6564ee624123a78a240e1671578bb7469d3f6389e2ce63f87dca69df8dfc0384
1739.171023,5398.643281,success,f3a86a10c65c9590a2e3d681c80279b1a118d84378aecd8ad2f373734983170d
1757.658544,3771.936805,success,36b78ccffcc6212cf41e531aec4062b5c4fd8d3e701fa875b98cefb386cf7070
1779.341886,9042.541394,success,f9ec8461ffd203194bed5b7e598b5f24a445c1e9030c3b24e0b926d2845f2c49
1798.419590,3728.291869,success,42da1ad353e4698a574fc8f04a8dcc26ee44dc4cabe920471111085107b0cdd5
1819.321810,5316.666414,success,8fd85bae7174beb202ed773241cc840e69c39e240c9321e01ba9768bf169ea92
1838.779341,13404.973565,failure,d34492019d2b2baef18e2a5d831b9e41a66a1d2bf1191ea73b9c234d900f4d7b
1859.311442,17371.374846,failure,9b7ed570bd992fe96b40fa42107e6819017a368c7575cfc012db1caaaa6d92d7
1878.795000,8942.464345,success,4f504a8466a69815dda387828686d8e7666860eb8b0b7a26d5b056f2577287ba
1899.251051,14606.888259,success,e322771b6e0f225ef2e120c47c1a38d0a82196b8501ddfd5061fb00144b7d59d
1919.100491,5217.731922,success,db6c6ff993dda1f544f022d5e0764873b918eb848b4a8e6981fc8e225d8047fd
1938.637377,18368.780025,success,1fe762907c93d153daba8f85ed761d7030c86660fb53df73452bace175c6981b
1958.417489,14100.959804,failure,6b1e5e34270e61dc793d9af273a8fb00ab26b448aab3ef2bbd2f2a2ae528fa2b
1978.405552,5160.817566,success,115479d9e41dacac5797d77d750311e1ad6c414a8160654599fb5783bdd943ed
1998.498518,15237.691749,failure,26f308ead321a2e262de3efc76bd0d0cd74baf803032c6f797c19cb5e052b106
2019.878393,8807.117818,success,31a37191c66d08467e7b6cfa3b4cd3e0262a55b37f684c0c77678a202163dfdb
2038.884356,16516.435788,failure,133631cf7a5f5e1ab8e242d22aca11e789a49e329a7077e19016dec18120ca96
2058.490559,10486.520208,success,33c4202188f0670c1568f87f448dfa43f3744350fd7c3121f2867ab3e8817b7d
2078.430795,8743.895367,success,1e50e254cec3192e2d4159a555dde9a3834bffcec89a386f3fa8676d423938bc
2098.671010,3426.464609,success,5945fba2fb355f5376ab0d9fac9b05fa666fdcc9f21d1b227c16724cf27694d2
2118.351471,16487.862495,failure,3e92109c9373c846b6bf7c3bb494b1efdf697871eade41e20c21dcfa2dca1e2c
2138.414094,4996.833562,success,ef2311f3201162351c8f907ce12b9e68ddca36ae85cc60f1d5bc3aed34e70c44
2158.418359,14348.110606,success,3a63534d0eefa4c3a9fd58bd5a8fc9ead416048d224d35148116d5d5bcedd50c
2178.421903,3347.016321,success,d2ff49f407b0d3b2353d194862f6b0804b099c9560f79d722f8b3a68d9ecaafe
2198.440524,8624.305358,success,6a1091b65115804fff5437cc92ce96fd326317035e42e7c749e73166c55625ca
2218.430754,8604.038661,success,902249e666ecab7dd91b32ae3b613ef3979950ff40865464e9526d3811c8295f
2238.715544,14268.890688,success,da0e7415cca62a90af02b5a3e8c08a136c08b0a9fcf50a173785f646a6d10bcd
2258.416463,15288.875888,failure,2c10080effd37457b77600fba6df435e4891a00c4d1fffd0bcfe05fb9aafb3a7
2278.391064,4859.005744,success,52c5cec7230ef4e1423e90149713ff89d1dbea8b7f57de98eed2f602ee23889a
2298.398184,14209.591231,success,0ad28ed862e1509424b850c194a8e455ee612e850f7d9246313274b23c54bfab
2318.390908,15876.389550,failure,eefc9871c84b2eb47e0dd87f528b3bc53eb7ca38b0a22eda4d5f711a1a4e2cf1
2338.990005,17416.425747,failure,42f75375c73a610c2327d7c1bbceccf20895b185ac5b4dac123125d379243759
2358.392426,17953.903903,success,ca959631d0222e4ea033b078727dc1f532695085332775ca1a22d7cc15650a8e
2378.427979,18482.236958,failure,1bbc7ebdebbf0467ea38ec8d417f3f762d20c883967e106eb431da3c1248988c
2398.943412,13196.240205,failure,05e80afe460c4ebb98210e40238a01fad344ea20b3de1fc3d30fb0f4945d6fb7
2418.559956,16204.443770,failure,2ed6df4877a7214262afd52dcee3ee943d4f9725ad5932a36ef788ff315827ac
2438.464829,16798.824490,failure,1b78402198daddfb7ff98f0a21d1867ebeb8201addbf1dee494339410fcf3140
2458.425895,15735.398017,failure,ff81207a8cb4403259e173a2558930408fccc8498b73b84d160456c2e60fa4e3
2480.144424,12698.377984,failure,7dbd5beda657c5f78828ede7a7ca95b13fb67b4bd13a09c76cb5f1d04643f7e5
2497.459448,16760.889481,failure,3fa58a3310c351a96f07cbcf6bcf587010b54068b1953975abba76ba5237f5c1
2518.401833,8308.744874,success,dfcda0df6e290cb4d860d4a3403b3c03e2cdb3395934284aa33e59266ba0e52e
2538.390410,17525.645407,failure,034ff92a81993e9c9d5a1e517746318d0b1104a351fa6bb776462d89c9ea0bbc
2559.276472,15311.614531,failure,4c4f8073e9df0c92b30d4c11fbf13720b7319324ee2e8af967ae150ece16d9b1
2579.201973,19080.331701,failure,b6b0677805eaa80ead57b5784cdf1ccacb2ef3322b3de2c0d4c269810afaf695
2598.932096,16007.586679,failure,94943defebd10b1fdd4ac8a5bcd026d75468005198f7c44f13f22f9b085e96d3
2618.782228,13867.534629,success,f31d909c7883b4df811c1ba351784757f7c5c32bf47d6c0cca38431ddeef0f00
2638.484059,8183.102596,success,71b0bb2f464f6789bf13d2428216ae295b236d92d59da4d7055cbaa018b932ad
2658.489266,4477.358060,success,e731deca79cf6d7aefb6eaec58fc18a8b30034f1dd214b95c1b5849fb229699d
2678.463006,2851.302746,success,9555b10e1ec35e371d8136cd89c6a4e0ec723b57d6fd7aa9deae8a63a3cac996
2698.535155,16559.464443,failure,f821fdb965a670d2b683525ed33a94b0f80748d96b9226b750b5e1de5c564aff
2719.184574,17424.287190,failure,42785b6844a9f08cdb129c6254b139c84e082959374e9f565b7e3667bd30fba3
2737.753898,9788.681243,success,e824ebf4dac679c3ca3cb44059e074969f7f18ea2c0ce9f242471a1e69ccea34
2758.401623,16477.982094,failure,870813576f73ae02ed2044e635abc38988be972ed95a6054b0b5a8a6030b6301
2778.938024,15843.734914,failure,9c3d2bced7bb3c629bc657e255c552f47a857a3004f85aed1f6fe768a6126d1f
2798.360933,13709.775262,success,5e21f83fe73951517068e55c8573c1db16eb852318e9a6d2fdf0b351558e1475
2818.847964,8006.380053,success,dac6f5936c335aba7593d940277ff14a6078a6e438f988c01f7052f908ae20d1
2838.375755,15437.822485,failure,5c5ce09dfc7d203bf51ed0743f5e72600c325216b9b39db53568a82bb2817ef0
2858.915333,13648.688254,success,c8b83856ba0739528eb663ecd3e2dfc10c1b98519157aa91e975e3f4a8fe61a7
2878.362546,19623.114465,failure,bd5dc5eaa148a86b5944a6bd247a3018215f8237893cfbf08016336d946bca02
2899.206201,14991.252128,failure,9ff598d32c4c2f31e6131bd863b65ac5c92b9a5555260d83a0d906d0cebb110b
2917.954533,18740.940959,failure,7975e7137da9352e81a2a1d8c5b995a11c276d28028098d3093eb84ea8c1a8de
2938.430323,15573.873729,failure,d065485cb2ac0bd6c6ac2135b890c66829b4c8f81323f84e0aba19cc2278dcf9
2958.398723,20640.106437,success,c7a2fbdb9706d3741bff12ae7153858f9db6879484b82f77295a5c074217a731
2978.393881,18489.152544,failure,e2c0bb24712f8ebdec35ab3e97bf4c4d8f3085e20e8db7e07e54109e8dd1bfa1
2998.501917,16238.172994,failure,fb43f752177bfb16cf3e3c97d4c0042192701a657c0e97def40617d43fb8b90c
3018.797917,18730.017223,failure,214b4ae0890758a175aca25302261f2fe2cfd04412c7b471ad016e3b0048c66a
3038.918466,2484.390893,success,c79252763e07fb23eee7ce7856949574e4a7324e202045c5e55d3438940a99e1
3058.589971,13453.756010,success,3f47b4eaf1f4377d39798cf23f9818dd7374f5698e888ca0aa19c7688fd518c3
3079.300912,11671.657896,failure,a305e0af3fa6abbbcafa1feec279e5ce0b64d6203c1e612b1f1ca4b36c545369
3098.896889,13064.453923,failure,c714e6e46677f6764fd8f2ac9556eb02d98e1b7f69e6d1ccb6cc4b0a905157ea
3118.769354,7705.952273,success,a9775a837e4c9dff2e5e40926f8ffb4279335e2eca24004c1608b80323c2a330
3139.301900,3999.347876,success,67a6d85f0ecdbd795819376f680a469cf293639a202d2038a5dfc3314e2efaea
3159.745303,9384.670191,success,2c662617f7e85939993dc22a7b9b7d50b30c7fbe42e0c5c823dc8b699a1d090e
3178.468401,7644.415835,success,3e2505b370c93bad84f450086285d44b21d65226cdad315614113b2db25ab6d7
3199.225389,14672.370077,failure,64781b3fb6b7af2dbf2a1f55a93505b6e3b14abacee5ab860c255e8fc542df37
3219.300136,9306.970773,success,ffafeb5fb49ce938045c01a904abd7ccff9b44ddaacff448171fd376d4358062
3238.409973,7583.021628,success,6d2589a0214f05b362f85578205d6850e40209fcbac099e093ef05dd53a75a9c
3258.431502,15016.849775,failure,b49c773fb35e33a3920e37e2efd708f5f84245d816b446aa5733b1aebf728acd
3278.997941,3859.786362,success,9dbce5c7fdc74d76829074645d84c6ed79b90102d6502b2ebf67705e9d742bc0
3298.469621,12760.073281,failure,e682c21bcfc3c9abf5592c025f42aa4cb2f15f2e404226b71bfd28a406ad8af7
3319.003591,3817.410274,success,4f7962413a6e6202008a7c0e81f0c3dbc8bd8c5106789aface35809fdc185770
3338.437021,3800.950689,success,5a76b9d487432982ee4bcdb8863b4d059be94e1be547f2f6535720f063109f29
3358.782134,13153.424602,success,4364a7ff974a080cfeca76a0c9a03c7ea33ee071eef0c3ce0bc6ab30ac4763cd
3378.715241,16884.163706,failure,93185231cdc89254ebbeae6ae139c9859263600e134e115b99045c09862590ff
3399.209607,2131.361772,success,929a060348c8345a5bd7400091a6e25628f0bafb28a63cabf27c7c6041fd0b68
3417.690631,2113.031054,success,e98121bd65a8481956ee8dd0e9f48b77fe24839924397e2fad26204542d5fd8d
3439.806521,13066.599969,success,330e247fd0021b1f4f668c3d6c099ad2fb1ef815bbc84a5d3c6735fc578f8d9d
3458.395513,3680.524369,success,49c709e247a634d25c62a44254b6fe182e52bcf36d5ea145510a03b7d1777459
3478.400202,13027.557023,success,1a93d72cdaf82aebf933ce310a412adc3ef50ecf1b1fac1e84702b82fb08b6b7
3498.387909,9023.908958,success,a60b76a7429d3b2769168274081b628a029ac2f20f94b99fd65cd451433362b0
3518.379844,20080.619473,success,1d213ed88f676be7250ca6a9a1a57caa5ffc6545ceb0ef8c734af74c17045d17
3538.384782,9010.839206,success,f63f878ca8ea71b393fe45cfb2c998a13d019d70fe10c3bc6b9110447d5e56a6
3558.382127,15672.661407,failure,f725f2efc8bd766af030de89f50c3e3b953b010339adfb6e4995e46d5503c9e9
3579.000080,16489.327044,failure,747ee52d728a8d6806056c317266732176d655bddc43a43e16218509b3e51664
3599.288739,12908.320088,success,bce57417b7148e86240f1c0d292e24adf6a82f84a77bf11e98f48a7889ce9bd8
3619.204605,7206.183796,success,4135665df9d43390481808423055c8cbe34fb97791d1cecd40a51ccc0a1a36e0
3637.859177,16639.441415,failure,dd73c8c9f41d2183465c397b5f5221b7bf6ae690ba42e3cc83ee626cc1bdb888
3658.373390,14878.299364,failure,09db6074768e264dfd6a2e3fc6c7493998990bbea254b9b9a0877fd4e10b0704
3678.594916,12378.755898,failure,5ac7fde050a24257fc23cdfdc931111b83d67467396c74730e400c8ad57fd52b
3698.402543,11052.181788,failure,a343b33da482905a98fad5d0176b06d100b5e750ddc6f98855f2ed898979a313
3718.383367,13985.587751,success,0e048c86a888bc18f16753d5f83b7f7c7764b2dcf5f0f3e491316d71ab616db7
3739.652645,21733.256632,success,9ad17afebe3ef27db96205f0d7cf5a607622c2a26ff00fe88cd307e128896788
3758.811462,3377.324844,success,45a88d2d81c8e66d394a0d93e108ce82cf554cc6ff4b73f027c959c5ff755b3e
3778.427998,14757.894233,failure,01ae3f5415ded3ef479122bfe8fdb84eaddf8049777c4d59377decfa6cf828d7
3799.088129,24358.977461,success,f605c3491738c928026cb49f7986486e7e07c1316e1582e3f07a7cc5711d0c47
3817.414068,7009.308491,success,01b3d308350b2a7cc3740c60db4138666201b15befd5ee858b435139ed71e7cf
3838.411778,15417.902085,failure,8036a84e9afce6828e1046db14b5b831f7232a800812cb273f776cd40c4d33fd
3858.416877,3278.843561,success,900343191bef5d5395777bc07d1f7c6a2d3f78faaa01e8f807db07a07509130c
3878.407960,3259.131410,success,e2929bee43eb4c4774326102cbb007c7f4efac34c4442dd47f1b9c1d2b7dc044
3898.431603,6926.626111,success,7133434eece433e18749704fdc3e23759a4ae7acb17fc5e487a612492e30f4a6
3918.425412,17924.141972,failure,10249b1dd8111da2ff44f697b5c7fc972bcb8f78edc1af22fbb33b0b8e2c4c6d
3939.068190,18562.717338,failure,1c608ab0c93961bcda27fd24aa16fea236d3f77333feb4026c6c57f74fc50844
3958.438746,6866.125573,success,ef092777ce6091375c8f199cf439fcf002ab1c6528d7d2ed7a7af061773563b8
3978.419961,19175.874415,failure,0f4ef35f99dfbe4e02f6e10da1a1427d6db5ba86583a48d7c99dcafe0567c943
3998.989806,20104.328704,failure,c2e95f73fecbe222aac4d65f76a5370073ad0a835075e7e5d49ead81d3704cb1
4018.419620,6803.763319,success,2fce144436d84937c1cb607b5c517f50c478e6b55530af3a81aebfa90435634d
4038.418467,6784.189853,success,82df14d28b2808daa805c4d226178ea537224a01b05ff32ffa326b518c330ae3
4058.419409,15198.539659,failure,03e3a1d11133d1f9944effe05f40826404778296c8390138f916046c0e80f83f
4078.355291,18565.892896,failure,0285769e31b64aecf863c12dfad4ae36988b38ffa976f7ad3a6e97f6c570be51
4098.412335,6724.964625,success,abc68facedbba8b2fbc47dae9ded1c7d959aee8ed4c107118d16a4b734d1c6a1
4118.403049,6705.838888,success,7cb75ba6cb5c902e3c983306473bfd65fcefff3724cb1f49086ba1ce86347063
4138.420533,18504.970921,failure,56b9770141cf9e8a941c927d2710a1f29b212266616cfbf88c1607c7c998564d
4158.955516,6663.081926,success,057bd3fdc436c7991add41253bca68793b2d4c4f9fc32c25a13ce4d3c002a458
4178.393247,17000.532515,failure,2ce3d507ed1f83adbae094983d1745d6c56862fffb0b90048f87322974fcf51a
4198.393890,21021.784348,failure,49d1ff5d18a59614e35c9abe219d6ad7952412b993742672a32f68e7cf2481b5
4219.770126,21120.731851,failure,bfbf3dde399dfc3f1421f8f23ea7624b7d4588474c0f939b2ac8a62855541ae4
4238.646808,19360.230966,success,01506207b8b0f997f9ee4730a8764c3a4ca22c815e5198564c21568baf780c99
4258.444979,20491.847650,failure,843f8dc2c8d8cbddd684f5d85a794f2ed70093318c84ce49ef77ac115268c12a
4278.429152,14327.478962,failure,f228bf2d18fdfc86767357fcd576aada964bd97d372fca42358b550bac8cf163
4298.444462,6525.213273,success,e48fd9e7b7ca2bf971ff84f14cbf285474928ad527c39e35e91ecbcbf09e7ab1
4319.058501,22187.621842,failure,a2f789414e86de9a2e944a57fdb5961b5f7be9084171a08d510dc7170ececc93
4338.536355,20962.126823,failure,ced7f3c30ac37c31ea161177abb51a2b85b5db050f747e18b69bbabde4981a97
4359.025474,10165.961201,failure,521e1a65edfcd643926847b8eab36f6505b90de5b27085fdb07d3449ff8a2330
4378.428300,20186.843491,failure,bb09c699563e623369077c6f5864ab36e1dd6961fee670afd28dc4ab30da7e47
4398.412183,23095.874603,failure,da20475f9f3aa923ec9644cea12af2c8f1ff13250421bc189556616fa867b84c
4418.414689,6405.102719,success,ba97540b1009affd3086c36021105aab707faf326edd2037e162d03a0df5e1f1
4438.959611,27671.385895,failure,ab0ff534296451b00ab5b4c9c1e8cf5a6eb1a439a2aeda63b6080b58ef0c26cf
4458.432857,17391.074459,success,960d10cb55d4465645ab97cad8ccaa5a38609fbf6b4ee7c2af25dea9264f2358
4479.070468,19701.459603,failure,73e2088ae90d9fd099abb4a5b14e485704d17b7626fbefca4b3c3cb7f82f5974
4498.527234,19913.782677,failure,9a07f6405173496a80cf4347895d5e5ba36a9e69f494329b533d616d3beb66dd
4518.827967,20953.446224,success,03d6bfaf12de41a4afc75e1544437e381a1d31cf2b3efca674ab2951c52a9719
4538.372834,18416.756128,failure,25e64b913b918b72006d91e45bc2d80cdfc700ec94917cd90d8fe74edda2051b
4558.588612,25437.171526,failure,61b99880c126b8edb58cd23d03c7bb6632afb70eda96b16af212dc6917f696ff
4578.890277,16282.071084,failure,17fc60ef4ab4b99f08d8b82e5d7e6c6f989922ab1f08bc2edf33eb81c7a98e95
4602.497736,18996.635788,success,5ec69f1c148e487afcf470ed4ce3c377625914f03969572db0e13da244169cef
4618.712785,17223.553957,failure,0005e95fe84db9968726af81fc80c3a39394ab761ac5479533032d8cc5864c7b
4638.566699,17291.768813,failure,58a0fc67d515ef9c220f021918ed9b11673fc9411580aa87c6d762c1e7d1af0c
4659.304264,23463.534014,failure,7f6da38d94445b95641258dfd098fbefee56c1d0e221d55bac8b4238d9d9a174
4678.982686,27431.113171,failure,d1b4c04d0ea1ac4a481805f5d0a4798f3d6b115d153023374875780244b493e0
4698.658854,6124.372873,success,a91b5394cbde2363124546e8bbfca878027c7a89b190dbbb3c126f98c5946a2c
4718.455313,19479.114908,failure,7a877517a65d1f0fa82368b54dc715aa0a8458ad5a4cea73e1235542670fd75e
4739.201694,19474.885707,failure,344eaa8133dc8ecb2a01fbd9be485a75e722a51da23e25db3b215d1bf19a9a73
4757.906420,19973.373586,failure,f56f922101519cfb6e4937cc73cf5b0309afad0cb3128d6e3a70b61a6e2963de
4778.456220,14994.784063,failure,20b3691ce841512d70e1d432a35ce9e763b29b74a580c28021e96328856ae910
4805.635279,14966.672763,failure,e9e33c056aec4798f16e22d442b8c3b121f65795611bd9b42f36b7602a9c636a
4818.502329,22123.048506,failure,66b439b1a2d80c298d8d03e57536864915a713720c7ffbeedb763c832ca9cb4d
4838.442772,15626.226870,failure,ae9f98695a394ab2d82d1fc6043af84b47e90e637136684e45186bbe23c3b829
4859.076666,23298.835332,success,ef410e7abc7dd51b797013c693c5a7ea55367e49f756cb5125960658a636e220
4878.427548,13727.173002,failure,de748fb120b6e293b50aee6195cbd48fd7ea5be5858cc8cf305a6cc1cd0f22b4
4899.034042,19315.652469,failure,2e4189644a12ff8d01910f906a91a775fe6a4d0127e4a6709e791a1b53258cca
4918.581454,14338.682002,failure,605cd84cd403eefcb284dab3287104cad1e7f1d7e2e72c3ef80ed307c3699e03
4939.804819,19792.312966,failure,bac11343c15f42feef352cea83d182582f2246824acf623fbafb21149adc1604
4958.439938,13491.908246,failure,a95de269b1b0c13612761658306ae560a0d4d53301dca47ad8cb31c6390aea76
4978.520518,5847.769327,success,eade8e568876e34c2d17317c90ebefadcabe1565b8e572cdc2c417ffe84d4bdd
4998.689429,24999.851647,success,54dfcfce401906fb53f355362aaa605edcd2eb0b2d1101e98fcbb1d0bc83a763
5018.416381,16823.548617,failure,544a8e01e06485e4fe2e8341553dc0b13b080f4864d6ade93ec080cb60b3ff25
5039.127316,22060.026834,failure,bfbdf958da4307eea7caea416e854ce164cc34ead914ff47f2b09e53464165ed
5057.429064,13479.545624,failure,dc6d8d1be032f514d4e74f456494c0832009c9373d681b4cfa4103c3a94f09e7
5079.049037,22769.335150,failure,bedb3120f95ab38ce233f49c34108a4dc4a6f008a4348f53bce207e4634f5974
5098.568868,21834.740772,failure,100fb6ef8bce4b8b7409effbc79b526dd7b403bbd9ddd51b21b67f6ed8829544
5119.233410,12418.412084,failure,d256a85a1a6aa6f734e734c8f6a170b213a69a77019c374d1902836df4820f2b
5138.821208,22980.993988,failure,1b4c000dd7db62d0eda12b80b40c4ae2c6f183ec80f4670de3bd84be6a431db5
5158.381746,14591.059819,failure,9d81177502bcd9cacf147939523a0d3aa875f80ba2811e5501cf9fcd4c6ea9a9
5179.009883,5646.977948,success,2c8285cc10dfa38f63ec66a0505bd5d9023c4402f58196dabea49b6ea80e51ff
5198.563678,26902.085866,failure,c498c94812d915fce2cd6d7f5068eb694dee4591f51518828eb02af02c96f479
5219.119743,24549.867328,failure,83ac5210cadd36e837dd0d82adf2884d4a879846b6367cb7b3e4ea633642b556
5237.615157,15025.006567,success,bbf7df8ee93f1ad709646406c462cb2c17823ac71d336fbed8ef6f155aa36fb1
5259.165725,10800.736391,failure,6cb176c25fdb429d3fc97bb4e103b8815e8e0b9a714415ae0d51f32da52eb67b
5277.608323,5545.617089,success,8e468c7f9da8a07bb1881f90095940cbdfd60e2d8fd3e2e4c8f73b101410cc2d
5299.204114,22324.101566,failure,33e399fb3c1ce46b7999d3b75d66c9f7cf1a5b6f47d9f67b43c170f98f50c453
5317.769577,17325.951302,failure,6aef500a79629c1312f0efc0f2622ee31597e32c9032bd6924c8022e093bc055
5339.301791,26980.857758,success,8248fb9cc6e879c8e96d24a64ef3c3e3dd0cca11bd39ca75455f1a417779c356
5358.863752,20113.809742,success,667ed3d653646183f609c677c9c347ad98b1395b5757d5cc1dac986477a9d917
5378.371383,13878.281763,failure,ecfe8898122d7073829ff96debe7509c500009401172a47f15686b658c9772db
5398.894316,5427.683267,success,d94c58981f713b4c3aa4acff929ae95a6780f7497964b39944664d01fa698a99
5418.349361,18924.922878,failure,d6a385aae353976e19e449fef02d706b3bfb24c75c272419b74be50f3ee2d625
5438.898893,14333.753150,failure,233dd2c516b3eb65d74a39fc77ed9393e4de61f262d829df34694234e31b0fe4
5458.432602,22646.155106,failure,820810d2162108aaeb3cc6cf57e4918cefc1cae44592dfda9beebf561ade1acf
5478.982415,20282.653653,failure,65ff0fdff3a80626f2eccd9ebb555f032e791e96515304ebda58627571fae35b
5501.276056,16584.387501,failure,d137148080f5b7a65633c81bb5fbcdd86aaafc9cdde7404cccf2a65e7fd99870
5518.514405,22330.150979,failure,b1fee69e7361551ea217dc0e58fc7b0adac57c77665f04b11f8acbfda8ebd095
5539.322501,18914.364329,failure,f63d61e1e3d7765cf47ce0617d7e78fec6fe54f6035b24c7e32d0886a0dde723
5558.769831,14190.335747,failure,ffea969dd780b0c27ffd94ac044690cac21a81a28f5fe13d1c1c3aba275d3a6c
5579.357183,18019.402574,success,13d1202f2aba114296b7317678a3b2f1d4ac4feb2e251aa80f0bfe6f45a492f7
5598.963495,19621.249096,failure,bae091fc1568323876999993a46ca9c334768351ffba098e34f00b6e2be6a4d1
5620.333712,20887.470605,failure,788b05494a0acb16aa854deee9c40df795e80134ca9765c84a7174058138ccaa
5639.228289,18574.123231,failure,0ee5d6990efa61413ac584017a1bfe8a105d332088bbbfe741ef225f091af79c
5659.025782,14090.719771,failure,17797fef903526e3afe80ddab19a3cc4227130f24778b7cebe2aade0fcceb869
5678.694268,25059.133176,failure,1f6f5e248d6c5f2ddb5d01d3a1ed892b07a40243b497103642d37d253995b759
5698.413487,15772.849912,failure,d2e4b5dcd13a2868c974699647feb88bce53a3fdc7f0bd454779257c81af9231
5718.971354,12556.625793,failure,db10e0ebf628e5ae247842c61f49394c0dd440f58f4921c40f4d367934faf945
5738.435856,12817.235032,failure,c6cb23010a91c0b8adeb7d6fb4c5a1c9960cf8fd145f837fd602bbedb077741a
5759.078208,20649.187307,failure,a9c1bf0450f76c3c4a75a558cb58a992bc053bc69068bbdc12ace251f2408936
5778.430014,14685.891740,failure,294b7159520f0885b6bb91db51fde8b173a5558b79c16881494114d49dcef99b
5798.500437,17156.113680,failure,351fd6f787a521bb958b005296d98e2dc45db60fe796ef8ae795097bb0f902f2
5818.616494,14444.621622,failure,a086c4d863f6043dfa3bd1828f9365c2de40227443393599fe00723fc5003e45
5839.297587,26324.836625,failure,fe68aad59f04fc05d1892c1034d329c57f9884825a7bfcc79bc11a7aa236b768
5859.093307,4964.702432,success,0cd9bf2b1cd4df29d3923ed22f2c886e24705ee5177e42653df95707c1fc53c8
5878.303452,26212.272367,failure,8fbd80dbb622ba3b73a5a126a98d8c1bc14ef56f6d4261818e49dbf2b6796318
5898.437823,18285.057643,failure,ee396f6b531f2e8b044175024a1399acc7d847894581e6f7c3f7a105d5ebe1fc
5919.014946,4905.393417,success,6ea342a8747b363498e11c7f7d88da2ac45f34f067bd54023f96ebb8c83d71fd
5938.457337,29609.000305,success,c7ae47dab5a766878f5d02c8220c9d705c5ab25c8a70aed65b05c76b7f2e27a6
5958.527279,14876.564029,failure,42e00b3abfbff02a95bd43fdc9934534e07b0e1d60471132153f9b963677e6e1
5979.098531,15296.674057,failure,130eee2fe5facf97049dda2d334169d8c1d6c015db9a5b84ff95b55e46590e65
5997.556697,26105.167258,failure,e8b24582d650fc973e9309f438e76a41cd7e531a3bdf661cec8c7de90b1a8ac3
6018.815731,19292.505099,failure,4cf496179f80b084a3877cbfb1c4a4c6ace8f48ec758e04a96cf1ca187e47e53
6039.128278,27811.744426,failure,5f0a60f36ff241ade8e9ead2d2c69ae6484e35a898d8a59a701995efe4c25b8f
6057.441529,22676.539612,failure,3725ee96c19980462405fcfa129589ba726c90ee0fc7b793ef532979809eb1a5
6079.032070,13671.029493,failure,fa5fcb7ebc73908407476b54ce371820a6e42cba273594fe920bd77fe461a0f2
6098.427025,22059.789362,success,1e1d9ff07bd897b940577689f473b2d2cf23525df00ffb369926a803e36b5e2c
6118.975015,23064.329835,failure,73902140f764a966bf6ef7628ee0d648a136733e8c01d26a71524934b3da376f
6138.783981,20794.934590,failure,7eddbc8cb43be3b9d24d2f9116cd4d0fc5c4b9e9c0723f498e18d98f3927cd92
6159.287401,24284.594242,failure,a35f9899930832ec900b2d3d1627095923f69689fbf674292441ea60f38111fc
6178.422581,18005.658831,failure,65becb0ecf42caa30345b8345b4d1484d674a35b175df831e2f1c08a92eca1dd
6199.051832,21413.119730,failure,b9c7a1c49867b3fa114c96b84c90d708c326cb5f5f0c9caeaa2ddf760560e22c
6218.931677,26101.489182,success,5efecac220f14c544a454c4e89fcba720223c342e52fa512d31aebccae22cff0
6238.401872,16715.899491,failure,34138416aecdad76bdb9380172ae23c5654759f10bda12acca9bcb157f9ec6d0
6258.488056,23660.668787,failure,dbaa5fb1e7b5924607c2f15bd4f1b9cffb3cfd54650d289026747e519909c8bc
6278.474027,16676.406208,failure,91dbb32167bfba7e1ff051a7845a3c4f09b1bde7377adc4f9987269822a92be3
6299.224270,18999.508814,failure,637ad1397f04baf5ce9d07bd2b3fd7d8c098225e878f7cae137397f41aee601a
6317.852119,23467.572675,failure,9ac1d496b6314fb62ce09806c24566cf8b5618e1fba8eb19364b0693739f5e86
6338.420618,16305.567752,failure,78a150e7d57edddc2278468f969b8f93d0ff342048dd0ac9ce6cb680b6ebb477
6358.989278,17837.992523,failure,5c0e9e1cd4ad78942b5444c47090ffbc2868f7c64776e732e9cc394edf5e4dfc
6378.631478,6166.557676,success,262e40f7280d09774fb7691d65775e41237ba30dbd1a2f481443b88e720acb4b
6398.853070,27837.836469,failure,61b4cbca648ac256199bb345c2e1cc965f29f84e9e51bd0192246962bb58a729
6418.827119,21430.338714,failure,497ee237da8bdeefbc52fd57301bdee94f6c350e93661964100c5ed65bc75ad6
6438.492301,19022.739732,failure,dd9563c4221adc016c5cd59608818978573c34ffb0c424e344481ac9da264915
6459.107346,17738.183462,failure,8406be7d5a6e2b72da6eba05383c7855e7fee86973b5e55679d7431f79f3f8d5
6477.418184,17718.909385,failure,5b5f4c84a3735298b7c7768617d9f51e25adfbc3e3079f1600ade7976fb319e8
6498.405531,16519.943356,failure,0d42e3e40fbe74abefc7278d9acfbf805ee7e728293a32d644a86512f11c1143
6518.426115,19258.338505,failure,69819a0521f0d2ccd4ced5713b45e0c73fd1addd9846ccb56d8e622de26a2191
6538.412256,21069.677679,failure,121109b866037787c12b0083f679732766725c32cc739898d09bc000db8eef76
6558.402294,16362.925497,failure,e47a71d5ae3ce6db02bf69d430860c15e6f6028c8387daed15798435c9eaa5b3
6578.533151,17020.717508,success,4983efe30f4585e4404033c27f00caeae506786ec8b720125cf7714a1068edaa
6598.756367,22134.773816,failure,e3b11b3b5477f1e9c03a11564671873895f50dcd447f1a75be1c21aa7ff073ac
6618.709096,4205.379099,success,0ffb4c831f609cee6c977ada8b5b8ca3decfc4e9515ecbeaea751c599982c996
6638.657428,17677.049113,failure,a9d43f13ae7bd644f2b528aeec84e6d61847d544c9e14653343b4e99e562e2e4
6658.489606,11986.114590,failure,a5501a41fccd10b7215403d0c1bd8831c79edaddbbd33737ae0f12848985fb16
6679.300450,26978.415683,failure,11e4557142927faa2d75f43f7b65af49f7252d06538d60a489e34effa45fd985
6699.074672,5845.505905,success,2d2cf00b1ab03a099e3977f96cebdbe0ed2407dccf2bcec71f8133833d536238
6718.455443,15127.614873,success,7b0fbb690bd3303f54e6b77d480485bed09ae627ce8436cb1f09ec09278a1b64
6738.418772,27495.596373,failure,42220cb1960164eb6000e12002df949f7f06ebcd64e6262896227f7a0ca1f60a
6758.452640,14572.873391,failure,eea0a58eab1930b89d74b9c5dfa489c454dfa118b27afc4c6cf4ddf217ab43c0
6779.210086,23650.560236,failure,db4ef9e2de02d0d03286b1465e5b24ac8c20a56c26bc0d09113a5efd83be5a2e
6798.231798,10763.644633,failure,d1419f7e661d6a02053442ffc383cbe332201b1ac34cd5f5bb3cc768c2d16eca
6818.452469,13717.559717,failure,954a481f670095f153665db73b107fab58f32004ba466e065c9894af09df864a
6838.499522,19650.092852,failure,17d18036b0fdc4c06395240ca5d7c7a826d61e057dae8bc201d363059f081c5d
6859.245006,25461.297386,success,e25b6d6db2ed87241d5f2033e52879ea0924998876ea6b26b3195862e1ad5382
6879.144998,15630.462221,failure,a3a89a84d8d83ab604e7b1c4482bed4af8bacc8ffe33ba1670ba11b5cddbc6c4
6897.408530,16700.924484,success,34a373b888cef64ff5c0dc65dc8604d0a18914d4ab0812bc61fb0e41bb080ae3
6918.445398,23522.089297,failure,2f0fd7d532dcb47fd389279c5c624c1da7403cf8adee72dbf1c28f64c26030e4
6938.690324,23460.000297,failure,3ed5011a7052c5a15218d5934fbca5b83c5df28ade7e3b6994f8e8fbfeab6c94
6958.398895,23779.729361,failure,c5a843363118f75cffc4c729b1000f5ee238229d13e42718165c9d2d6baf8912
6979.248490,25130.344313,failure,50534118fb17c240647c0fe613c5d8490de2fcd420e7e1d7cd7b953a56afa701
6998.925965,3825.955836,success,61a665f25d09b8f5e12b6e68220f2697a92249c4d5ab4d50659cdd1e0b67a7be
7018.382655,12212.981988,failure,c964dc2ef2e8baccd718d7a08912e687d76d5ffcbf65371614b705c27aee6ad7
7039.328706,13238.308424,failure,e5664fcf5fb97a1dc88797654347e51aac4893bd3fa3ba9b34e6d81ee3583560
7058.415798,19882.875711,failure,81746b63d56e5548a7118583b8452c0b1fe350cef6d27e9c0d95730a9fdc4587
7080.266028,23984.142274,failure,4a541cade66358c597a22c7bc04906721ae9e1d1330aee908a92baaf70685b34
7098.338399,22095.968880,failure,dab8da897db19405c1b8ea2ba655ab210b1e5b9aa17e0e97863cf257dba10a82
7120.261865,23429.265970,failure,a0b37e3b65b9dfc0986d7a49ba121f5666335871abebed5586efb8b5f041bc63
7139.964418,19348.879919,failure,7071b932ffe536f7b3da1a84f72c796717783183b44b441808b5a3d49c90f8aa
7160.831437,21572.463424,failure,14c2c0d3f9d179967bcc9a6ce576ab9783aae3598cdcb7c4e24c09576428e8dd
7178.430571,17553.123940,failure,edfd539c42e2471c8686dc8d45f9e17d45a7b035a8af24669474f0949f045a19
7198.456868,22799.958317,success,b5490507e8bf6b085f8cd248b98437b15273f17dea3198904723c17ffe884a41
7219.296036,13960.203479,failure,012404320b0f7711ab2a3f09b5469aa9437654446376024867446b956d8c34d7
7238.899067,16929.668918,failure,ccfa6f269a457f5062aa92f9d7fb26070e647ed11fc705e8ef613ac092f1baef
7258.384291,5286.963203,success,038743d0c2cc9621dd3865f7b0d085f3c84d2a0c6899b4d9c8057d334bc57570
7278.906948,26380.067247,failure,1e32d09bb33479219d9e3e6775f137fd4e1c3e220d9640f9d37ed59c9975aa95
7302.859057,16295.774990,success,87b091542f6132c54713326a1d8d07e2e0df7f4ef00149b31c061d38ae342817
7318.409433,5226.448403,success,9e669498e536503be5f67c9d03d63694a23264e62f545b2f4f5ce3247b335daf
7338.963327,3486.729542,success,6bc593273bdc59e7bba199be69aca3bdff2f2a9321ced9174b2153bd81687545
7359.688115,5185.033301,success,b7a9c6476fea9a8bb06bf7dfc12a8f0eb3bfb1edadc1c2b5fad5020c65b182f3
7378.399610,24637.504967,failure,b0c5db7acdf49ee2ea2c251b28e00888eef833ccc0a0cb40fdfd7f8bd3ab6b88
7398.399649,10304.959135,success,94c9b3a0ef90f344a81506cf36fd04d4fcd11c7b081b0618ff5204ddf49c12c3
7418.384209,18902.438820,failure,ba16df1ae57c135a4de8eb3f4742d449ccfda293b111fee8938a4023c9dea14f
7438.384869,34037.954796,failure,439abfa51c8f4f968d7a8c04e304da5ea38d77070032a34b82819c553b2dc2c7
7458.950886,19640.957510,failure,3ce41cb8d85aa935f72bb7cd64c22cdea506d7239714991e8a9825291fdaa3fa
7478.436270,3341.848747,success,01e1bf7ee39e7c1b7a7266e9746d549a933399b1c9ded76d58a90d6de210122c
7498.426822,18271.247658,failure,b526f68a5664674e3df08ec307c070f448d0fc2318f1051407b281d096dd4f55
7518.402265,24712.375579,failure,4636c47a33b74cf4543ed0c9ea3288154a2157f6ec11306fa0a510251e06239c
7538.992336,24594.568790,failure,585f2f9095e6b00d11f99c68759722c50cb979bef1c4395ba75777fa2a0566d8
7558.391492,25940.965530,failure,b8de8e562ccbfa5c7090b1b11408bb19c2200b074e9fcc2b25b3c3a5af1bd63e
7578.431424,17641.811683,failure,59a2ba3d50ee6fef1b2894bb5bcf07ce138368fbe79259fcab1895040f1f2dfc
7599.675435,15321.956224,failure,b1338033a7cd68506ce28df399063129b8ec686f65c3f9d85a183292eacd7343
7619.294535,28370.316854,failure,37db5dee94b82ef1b025068b9f812fc73d4de9a7b81283a460136fdfd3baf8e5
7638.814593,20518.951497,success,71758a8e92cc77dda6f47bc4aa6c832c76f331d62c713a65857d4c3886bf681f
7659.285355,16658.662071,failure,d48e0f6c87b6daa74ac577a5af325c181e78edebb6d490839c9d041008851372
7678.662020,21054.370509,failure,c8e4f3cd363c4734e26fc353b4b1d514e88757ddd8b6037e2339861ab895ac27
7698.388477,27059.127349,failure,0e0cf8f4b0f9b2b07036acc28fd8a5d93dceb990b2ffbeb956fd89fa0eab35a0
7718.402281,16495.356456,failure,c3cf26c1a63176c5ba5866c34999c6e6e26cf51fce22889540a990bee14452e1
7738.717387,25919.988314,failure,68826e017c6b6dd3472bb638c2d43e4d694d348b1ae23f820b2bad0916b6aa64
7758.394884,26367.315229,failure,7e5e1be5bb7e4d989c9973ad622d1209d658cb35bfb1dc17122170fb877945fd
7778.340824,17522.664683,failure,c992cd097b7a6d96fe979bc82c9411a481f8cf7d0d71330c72a58f1bc18d0b3b
7798.845258,24521.812847,success,528b9ba6c48697dc0885a256c8b22346d4b15ddb4c0e1db7cc8486924a1db567
7818.405900,21966.708664,failure,ed16641672ae1e743444dd7ff5c6177a804a0185eab03250ccfc672231ea3d50
7838.436275,14010.810102,success,5a68a19d2087294e2fde019dd15dc36f5fe8f04e0d2243ba7646027e1cbd3868
7858.407891,4672.888650,success,f5c5afe243925067e1bc3b9b6d0b71d4e5ec10f929ab81fd0307badad46ff395
7878.406387,31322.514531,success,a1d6a86892c84950f139d1fda33cfdb0e429dc0b13e8eb4a6da69df5a8fbaea5
7898.786793,8608.830189,success,965acfcd5cec9ebf6bac119c60f7d20a6362077c69479eedab1c933b8bb878ef
7918.399000,25733.968617,failure,cd7bdaa22631a13b42ce59ea6e8eb409422cdf9d6c5e7c5bd04236fc81939fc2
7938.475780,24224.839969,failure,69c8a8b391b2aa2af2a740cc35a9c89a74b09f4f39df1c71de9da7c48fc1dd49
7958.865153,26275.054146,failure,f4650262c2710b47738e2196aa4b686f374f53ab9bb7e1c3fd38c5a670230c85
7978.413563,24341.531832,success,c7fcb46706eabb5d2136b5ed146788a3fbcce49ec88cf3815ef89155930a31ad
7998.686602,25659.741980,failure,fa4d474235f8c1931cfaff9b7581fe14aae440ffd477db9fbf7220056a8cfc0d
8019.092405,26218.117520,failure,69f5d1ee94c7f066a3e4d38fefec8649e3a876c98e44a8af185d245697ff2ddf
8037.411220,9666.133726,success,d8fa0bfe41f36ed1f940ec1276cbb2fb8908c888691d61de13bac8f345766b55
8058.939803,26308.734367,failure,c227ecf64889e533945b7b0b25f08a0cda56912985b45880171da9da8e74c654
8078.399430,28223.727113,failure,78e11932666c82ff4a80753667d3828efd693c35ed8bead0940cdada034bd12e
8098.895829,10507.923388,failure,d1e4a640c77ec5217a08bfef4ddf9212b25c648938d5444c022d508c40a5ec06
8118.346220,27448.465905,failure,19f8d1daa1bdd678845851a3b94bc83d63e9255cc6b724c4cda387b09a9c04d3
8138.813519,31061.999691,success,0d50dd5552873eef6d87b67f08da163711afed15c5cd6dd1d3910a324caee6da
8159.285215,18329.841491,failure,dd405f79a2781d49015117f9c017a748ad3cb804fdcba096bc349e76f570b995
8178.751376,12656.650743,failure,ca8cdbba358dfb12093381aaa1c152c914ecd7ee32a7010fd72fc616615d0e0b
8198.302794,18308.030671,failure,64c4537becc344683805ed8e2bbb3558b742b3d8e26e8837c82997fd9da561bb
8218.873532,26083.935299,failure,b229828d4c5475f0e9cd82bc82943fe5f3a6d6deb1f008780c1f81d280c7e334
8238.806069,23777.176801,failure,f3008a2a3c44638befd4600feae3f20ecbb0c1c1615818ee309b8649f9995951
8258.728908,23905.125841,failure,0eba95746354e97c67c6f60afdf9a65f352de4f917f1d0658bd61b99e6527639
8279.320674,18228.774838,failure,5962b3707642b4fe2a4b16529cdd65c3c96b7f7e855d9dbbe6615c644372be6c
8298.840634,25938.598382,failure,cc4da5602e6dbe9bdc2a72263f1a53a4315f194c2b0639f66fe3bd6da19c108c
8318.364662,26443.290690,failure,471f0e56ec42f7f33337af58d6b5785305457bf7e3259bcf6ceaece628fb6c35
8338.396782,19512.067606,failure,66f0a6e2fefba0236bbd9821ea5e6afa21ca2869299c566a5e7df8325cbed56f
8358.896429,24235.718035,failure,458cf8af2147fa46f7e138d209b8299e9342a14a3042593836b10b7c1aff094f
8378.332836,27932.497902,failure,152f276d2f78597fee045ef3d64edb8d438871fe89b5fe2e74a39c21e2f6c065
8398.814821,5077.137892,failure,20d1ebc6036e1b46727581ad68de8385b1a539e131a40f851be5cf4845c8d518
8419.274295,25814.441410,failure,a7840c397f63640df75ae91e9c25aeeebb681784b3f103ae12539a058173e516
8438.750033,7139.453421,failure,41cbd81252e8a2af42c0518bea26bfcc8f27bc426a440370682acea2115c17fb
8458.931006,21329.701329,failure,d50d70e5a285b964436d7f784a8cb820e39e87704ad536522e1317a17061161b
8478.416754,20270.149335,failure,8bfea63ec2f73d102e430ed64b932a7603b9d2670d517d2fedf7f977537b15b1
8498.941908,23665.440660,failure,db8f6252059f5a39dd667febd16aadd1d2342351eeb6df9889f3ca414aa401eb
8520.094493,7987.520305,success,dbd104ae19c96e8755f295ddea6db1b5a67988dafe36d6cf70c118cbcc6a02c1
8538.852716,22164.813126,failure,ea4c28285554214aa4189a26c1e26ca0c507b662f08c2448df68055908312adc
8558.622434,23550.181771,failure,7e1ea00ccdb8a6c016f2cca097305495ced229401bfadffacd48085c3134017b
8578.410406,7929.072560,success,3ea1d4e4fc129178139587649b133bc292e1f11e745b630a54f891bf4f50eca5
8598.643845,25662.093087,failure,33ed3668df6eb2669bffadc80ea0843809e2e4d97008685f0c68851efa9a8ac8
8618.387726,7889.236890,success,862786d3a6de7fbdd917c6b83f84e4afc1af76f0e5e252f64ab48af7d3ef4353
8638.404257,7463.642818,failure,b528fb64dee42e86af8b83cb437c555329d7b1e7713fc52e47cf966fc2379a7c
8658.383049,7852.959951,success,e22d0ade5a3b1299261aab9a13083b7692cb947857e38530c8b5c9809c89c2de
8678.386916,27314.092202,failure,42afaa54645555e78eab8ef3d070c7355f89de3519cc085e3ccff1213132cf73
8698.692738,7809.169494,success,2832c4d1bc3bd486c9b2f9ba3c8e774bfd9b93c7ca430ec56cf823915f195af1
8718.397948,30483.184035,success,cf45136db613c8566d1b3a7b615a454204c19bc96e65e1958c9d8128f7869c24
8738.840962,25495.005413,failure,89bc0096da201ade8aea6ca09c68234f1e08fb0c0c19fe8d8160fe9afef497da
8758.405033,29309.356274,failure,e144ccb9e54c4f743895d56b05e9ee624be5b2c7c45c73bbcaa2e181e6a56f0a
8778.809075,31782.813178,failure,776aec9c44fb4c7397738546dbb87eab5e47684b4cce45e3af591294b6831010
8798.343411,25462.965071,failure,bd2fb67ff1d8edf132012a7009c017e8d81beff1d46dae42466b1cd82bc485ee
8818.798908,16653.756259,success,40b9c0670fc747a399bc311409ea2fb5eda0688f338007ecc788ac6a950b9ead
8839.401975,20454.326831,failure,d83cf2fb6f63e851d3bddfc32bfddca8836a4f8f9e1e46e9b373150087a6fd4c
8859.368554,30854.492949,failure,f71a646c0e4907a12c219222dafa1fffd770f2b01de9189195ce0e47a5d0bf82
8879.580965,26296.428517,failure,ed6c07d9d7d2a70e4b489f7bc9bf7b9a45386ed518ba299359517b60d6cf6188
8898.771601,26640.818685,success,9ca28ecf5539d62b45282b6fa27a2bfac8245b18c4da8022c9b5535beabcd0ca
8918.990072,30945.621136,failure,cd337ad3033f0f556ac25f2298e092352ccdd8e3bf09f47123e811a3d9fd4605
8938.821203,25383.545372,failure,94608061069c74773adc140f37a7f6b717897000886f49b5a04d1ce859300056
8958.447478,20810.084577,failure,a2c9be1201d2966192777a883858b1823156ec6f6bcf4cef72c839f882b7c2a5
8978.946945,15195.177153,failure,3e0a6d6521796f159cb2653ba11dd8f2cdc86e5f687a3092314d0941c5a886de
8998.671822,20956.618691,failure,f0dab665ac9e4ff51cb39695b62c12ab36f16b820b9990aa021c365b75464adc
9019.101120,24635.159234,failure,232994069d080c31aa3cfc3bea53b9dcb3d9b3e72d819fc3eea99b3967b65dfa
9038.313556,22997.098015,failure,97a1ff27b570ec95f7ca8a5aaf367d6f48e4a4d75867066e08d7e2a0f7acbc88
9058.442663,21381.537944,failure,484472bc855aaaffe2a63af1881b268062acc82312a6c26f5cb7fbdab272797d
9078.424080,8625.742256,success,b2815535ec36a7c2ffca632159f570aed51e17d1a71884745cece807b272c2e9
9098.476096,26560.293043,failure,c1c6f5c416181e188ceb20e0eab39820a2140d938d442e08c5f8b6563928cea9
9119.094673,30081.332087,success,6951fb6f204c4150a41582c6602415e2ff00833ef5649880d81d3cf7bbffa630
9138.014194,15058.656485,failure,712ec391a0d1a3b8c283c79e6c485fd7832571639119d59fe693875c52cff03c
9158.495019,18335.329328,failure,a50c8608708ceae433eaa4034ce7edb689f9d3a68f0ece4777de4f3129a3b55d
9179.065409,22807.219897,failure,18f18b87e3ca1eea85da5266d22925809074dd6981ced8002e0c0f62a9ea68c9
9198.780078,24294.034745,failure,4fa9da18ee487d625c36f27a72cd84b14d35572b5617655173f5d8c455bd4166
9219.337754,7204.071251,failure,c9e1b569b96b74b4c36b8be800009e7ea0141788500e62aafaa58899ce3ba7d3
9238.946880,7268.680320,success,eae0e82be508e57c8392f96a211ab3ced5cf29130ce898125b4b1407e7005f2a
9258.413244,5278.312385,failure,66111a6cf9f6508cf00b8f9882b9ddcf9412c05b73d17bb154e370638256cff5
9278.394703,6809.160916,failure,c21b5ff908650a93d719b9ec62daee2e9c1e838357af6b8b3df1be83e4caa4b9
9298.540313,7212.674793,success,c6674dadcd55fd9e0a5745716e03dba72c76832a0856e152009102fe5edac99f
9319.139715,12530.242341,success,31926eeb282787323b42daf761c7d3503751e786b5fd014e702b21f8e20061ce
9337.392233,6830.843525,failure,e8538639f0478cd269ffa25c13b8e6c209340ef67106f2b5cf77f665dd887757
9358.957537,4117.294866,failure,ee80175416d1be5cd0cf638baa0fa2271e99e5dbdf9918b3ec8b5f29c82cc09b
9378.379099,5146.313467,failure,14d26a520c314cef6cf771c55d1e368025b689ecd5150256275235b4d7f0eeef
9398.913573,8138.448351,failure,f386a6fc021b75879d00208585f408b92aeb2924456c522b149e4d11939db631
9418.382120,8118.682398,failure,59a30fe0ac6d4c47ed828a875d5dc587dec49a58360246e36057f6a82234daee
9438.914099,7068.697393,success,b1757b73ccc5bd885e7b52ccbcae967a7fff33ca458221bf8bb9a57305da6e91
9458.381686,7049.219417,success,d3ccc30a91826dbba38bded1556c2d16a4e882ab4f3f35171ab6e3a67d1d5515
9478.981158,6580.656824,failure,3738087e4ae664248d2c3cc7b7dc4934f63d00e1bac483262e2e1d991dc4cf32
9498.434378,5252.493664,failure,3912094eacbf1d4323f752f6e924977f43abf39e55871691aaae38a8b29b49f7
9518.950708,6052.914613,failure,fc4fe0061a6ed3a1961f47e6b174f0370d38d369db7f04251808214db0a95b40
9538.384713,5665.529777,failure,5a26a641598c260359a3fcda7e893a61464faf2fbfdc3bcd7c38f8fac8bad149
9558.843948,4949.123263,failure,24e66d87bdd0bc20e68dde9eba220f51e284f93a5e7cc50cb070e206a4d258b9
9578.334356,5490.398409,failure,c895a15b5b2a2529d2b431a5bb7b65019b66ac810907a9976d02b25ab1ba22af
9598.792159,6569.171299,failure,4f16cfb9493b3c4d0b9aa594b86e6106dd7e404d26ae66f952e065c060ce61dc
9619.231308,6803.847542,failure,856eb08e0d45f066a218ee3dd39277c8c5ab2339763b23a9f36e5efc2fa1bf51
9637.681848,6786.032057,failure,58a512c3090b6d0694b59b7702ac36d982403207f12075b8a7a5ad3942bbded7
9658.430555,6849.188771,success,d025a19b0f23648b1bac7c779db4597a4134bc49939b073d5156248e5878b4c6
9678.514502,6383.847128,failure,bda16c1fd35a6257a983cf31a6efc3dd7b60825f8c030c8cbb3e048716bbd74e
9699.277945,6363.343071,failure,cfc94a5a5323cadbc72d7bdbed810a8a0889d6a8a0066d8217d8f5861b50793c
9718.565000,5459.829794,failure,b59e1fec0f442bfa5adaa6672139f8af6a0f30049ff437467fd301ead5661727
9739.200619,5832.498387,failure,a01a79ad65f6e200864047c120355c54aa26d0a4b8dd5dad425d4669cc25662e
9757.823766,7778.927366,failure,18b82e3800fc9a6123750e3b6f0cb890eed82c1c3d18f46bb1eeac1c01ff4195
9778.392713,10659.339276,success,9e94c86808fa5fd4e444b95d9426a9a3bfc293831245043dde6c7d99baeec324
9798.956701,10638.790817,success,871a51818aa04d5a4bdb684a271a5780b59f75ed3e4f9208624d3df855b2e305
9818.430699,8375.729550,failure,13daaad94678f65bc8c4c17d3c0e607d5c97c5f9ff1d646ae8b4fa8cc0865aef
9838.913227,8611.805668,failure,a52320d047c7ff488aa38145ed0348a26202a13180ee15f97fee932576747b6d
9858.340970,5385.997080,failure,b44ad0fe6900f6dd77f911a3e8403e806a38540c30b5f1dc781ed7f38fb4871b
9878.839638,7609.240378,failure,bd06a29be261db55d70f65b6a6e3bc966c907f6f1179227ddc4dcfcda82bccf4
9899.294976,6187.700435,failure,28b93dea0452ca17eca6243331a017a34453c443323020b360b00eeddbb2f9d9
9918.846236,6499.506579,failure,89afd154c46b7ff508e5ae88ca6438ff5c8b28bf852df7b4c46638db77bcecef
9938.406652,10369.181544,success,4d3dc2d3efb089c37ff155a8f90e4d8bbb593b0ac81ca5754284dd8fab48cea4
9958.939092,6209.811211,failure,f40e8c994c14feea939d72fc37b03a77466ff9d4600628731188f829f6b8e791
9978.764505,6445.244792,failure,95c96e8d9c2907ba0b4fb82b3f0ab99220d9bd8af274be8e10787649a198add8
9998.558580,7705.904401,success,4cce507358fa196e317986c3fb4ae88ff4ace6b3ca810c3a7ff5d40b80d225f6
10018.491520,6396.212989,failure,de8b7f890f772669082a822cbd3353ae777c7e50d00104e0763c9c90a7e7fe92
10039.185997,5029.937265,failure,f4e40360b84a06a8f2d0bdb4168ff7ef684172a92b7f4f62751e381e027201e0
10057.829622,4466.055191,failure,3db471fa65c24b11e989df16fdb6b0a1a1ed2062da9b7c4d773f1739832ea305
10083.479490,5975.352803,failure,770824e6ad10a2c3a26b1915a78246ba59307b08166556520b8054dc8148d4e0
10099.393176,6088.375132,failure,58c446a17c71d4f8f26c042b79ac94c1adda59d34ef173c26c59428286f20166
10119.300591,5059.172256,failure,c53682f98b29a24aee18f6cf1c7c6a5f3a5d3809946fd2a405f17f9c5419ca61
10138.890073,5433.040508,failure,29311e0668db1386837c44e9eafa16e41168f1de74304212f80a2fd9faa75a43
10158.372608,3317.213182,failure,00bf5702925ab120a52298fe6c89dcc2cdc1557c88d78272c07d84d02974c470
10178.874234,5880.231270,failure,1e9761cb3410c6262fbfc1f023624ba322a0bbef80b53979bdf97148f5b0e655
10198.986816,5396.291195,failure,4b02b018c8a7251e52f1dc3f9797fcb06723e05c0a5ca07e9d277aa8e2bcbd9a
10218.789759,4936.537078,failure,9d925de0ea4f41bfbd56fe54d25a760f878d0d2b588a5055d6e7d056f3aea4c1
10239.003627,7288.805052,failure,51317d6d358140427bf182c106cdcdb3d20b21a11b9cc56bc409cf6b67e9c2e2
10258.405024,8192.623469,failure,d639c513a541798c92e24dad2bdb24266faed683ed2ae685459bb60580b4bbe8
10278.879259,6145.432784,failure,1f2db2440d499bb6065b6c0c736b3a8c2e7d6facbd665cc9a181093507e3e494
10298.349061,6209.273100,success,aa7c7dae778368f265a03795fcf64ab093877e8ac2dabdd83e5ec1d74c457449
10318.736447,6917.613594,failure,19791b48a7fd6fcae46fb7f9ddf3d1eecf0edbf3467e3df665f8cda1d0432a37
10338.779211,5718.927837,failure,e79f0145df13bc7f3296eb8b13722d85e47075baab27cc80add81211d31a56b6
10358.430927,7177.910914,failure,bd6e1c7c1540d6db78c3b2a18cf9bf5f1ed6fb4ca81c5e48c09b317dacf962d6
10379.920826,5191.977826,failure,eea6decfd024f076baea1871ed656d4d8a3f2ac10140cbd301a650bba34cc449
10398.358765,6586.970505,failure,735bb6cabfee01f0cad8fa9ceec9ff45b9d3ed82a376e29c02ba3d12e93a6e6c
10418.876690,6005.718182,failure,159eea590695bf9211a713828b51d4359846e24d0317c5cae090f5e6251af94d
10438.472053,4805.587225,failure,73d00c6f69d193487419ea745985dd77c051595879f75f6f5ea277932da0d757
10459.407314,7088.330104,failure,681aebbc6740406c507821cc2442a4595024d5cfe34fdb6a4ae3c292c6115408
10478.498903,5753.831856,failure,825735b603af127fbd052d6789fdbd341588dc9e46d0762bf4ee7e33a27305dd
10499.700132,21541.723784,failure,db1793741be1fad52da27c8a1e33fa7be80cf5264b02c86b783fb690d2da080b
10518.952355,39642.686501,success,9838405eae7aa1420674db44502803c9ec7662f61f43c4a0ad5e709cc1982b67
10538.462772,24527.937225,failure,5aacfa2b79271b3fb178175f3f1c81ee3fb723807092835bd6baa1d3ba41c5c2
10558.981849,25475.293947,failure,e92078c5e30ef35f1a1c671e7fcb1d9db4cf175f92149bfb8eeb1d1d2cf10b20
10578.428980,18592.117876,failure,9ea1f8b327c372b4b15c88a2252d3591285a15ca3958ef80cfc01455244ffe51
10598.988542,24937.105310,failure,7ca58b4c4fcb4df1c1f13c16d4842a1e30e411d52e8672723e9af9dda139ccde
10618.465848,3906.801192,failure,5a27f7eb27892c6cd7b93903c37a5ce918380c8f58462838f06742008b6c7476
10638.996276,29098.867179,failure,723cee7bd7c3be5b95e9cd831cbdcf29e471cd94cb0003d15fbf4054dca5b0af
10658.423881,27424.127625,failure,f75ce5e99906c91d4b0461206afa828c9b6e67a2913e50b5b4a16e05bd24812c
10679.008720,29034.299035,failure,f33c477a5396cd1a313a86c457b91a8d9c00da310ff96106657877c878990964
10698.533282,11244.782752,failure,576fe45ddc17e619afe507155cfd0bf2f040fdcaca04792627d4c8f828c52022
10719.106389,13786.203545,failure,6b89978ba9336fcf52cadf242b8b8d4b0050b08c6c3adde3eb04b67de4151064
10737.536664,28976.078446,failure,f4d55dc08a9bf80a8bfe334731be304e4bc56e2e4fd2f283ed1ae63ea8a352e8
10759.012958,10075.353519,failure,2583d7f1da7febebe0c855acc00ac210dee83d9f912e45c11a8f85bf399dc17c
10778.428571,28922.444051,failure,89256a94efafdfec14ec7158f8cb5cb700754c9abc4a521e6bef39fb08d97c1a
10798.916020,21188.471871,failure,8342b1c491f89fa46abf9d930873e13c3af85268b07d4b6a349676052ae3c969
10818.340119,21291.502483,failure,35cc396b97d764aa8f3d1ea0dcedc0f2da8143ef1b4426ec148cd7a7c52c9c46
10838.857083,30323.700434,failure,1443a9204f24ba1a54a43aeeb1c69f7723fdd6bcbbd966559ce8f7903f2833fd
10858.362641,11304.218148,failure,1f3329144e738287a54605fce14b0f28427f6db1442b06270f3902191e656fb8
10878.903748,21716.229970,failure,75a7e2964b475ee05462157a99a649197804287db1e7ba5747ef674e25b980b1
10898.368802,6805.470735,success,0a25015135970e97d51b027b744cce365e1a834babca360d31d04c00a646988d
10918.847265,21183.284542,failure,5f1580138d8d3193200acc69085abdf6ee64b73bb193ec4501bc6ae370009f4d
10939.288851,19613.751406,failure,787a79e5bd1503752de0b35416e4ae2278c3edc277763e71cb90bf22b3c41525
10958.771416,25665.764425,success,5162b324eb408b52b638bbafdaa777f55c4a140a48840bc52565b979390c16d2
10979.249889,23257.705829,failure,46565b64ed98a0e3f000caf6676caa6605714ec0434901f35a62dd4d3a02def5
10997.690894,14475.100346,success,3538d2c4d0410e9bc571c51897c309a8c0e59cf693c22ed84f9bd6af57d1b7b7
11019.217029,28181.483273,success,770b9829fa2408388af606a33b062304f5aed969ae12cabb1a006781c36a9431
11037.667952,10288.875328,failure,280e0cb0051d2984120ca5764148a697314eb86f04242e2c4ab8989dac37f5ae
11059.475163,28678.138743,failure,39891ff9b6fb893275419511b2120e10e006b129de00d40d1ee4dcc4a7e8809b
11079.652454,20907.199833,failure,3ecdb7728e44cba104bfd6eb1323c9c55739c496638afcc28de4829b7eb2942c
11100.664946,23160.366457,failure,317c341c4243124be44b1475fc2d63107d29e40742f04ceb6f3f24bc4281f276
11118.759787,15289.636729,failure,16efb068d3616251792ce4625aeb0c46b1a16b5568233a31e9696cbe5742dfdf
11139.157575,18787.431209,failure,47eb64f39399d6014b994f812de3dd2eacaa4fcbc770b8ef53462c920f5697fe
11157.544101,24409.505460,failure,8b7e7e34d34194318e1c2a30cb0d370317b5b7fa55db73c263002c5b71641832
11179.229591,6525.084256,success,34a79aaff8bd45f2b10e100d7e04d5cfe9cfe09bf905689107e6210ea07fb742
11199.269953,27581.517959,failure,fa25d12babfd67066267a98a05e3ce7174021228e07d7174d70fa96a1c636662
11218.464653,20797.675897,failure,30e79ab3133ffb408780e1dd3ab9aba8266f671fde15b5a736360f718dfcf359
11239.120854,19245.174986,failure,193a9e6be2a29fa1517c1c7b7aa9cb8393477ccae69db7b293372bf81b68855e
11257.845080,28456.511242,failure,01644212e841060a5f4f6a6c9996a634f3952a2f8c4cc0d519c63b8c632aa028
11278.392422,25346.366800,success,f54fd05ff0400ff7794ef64ea4613ff6b0b06bfb8c34b62eb76714a6e44f9b12
11298.988072,21021.806043,success,b149c878a13cbd7aca5b6c211412bf68e1b38f6641551ba99110086e448de30d
11318.489134,29599.168744,failure,1e3d8c2914ce05acb34eda931cdfd0ed94ad0d66dbe2f24e0fdcb9ef3c6493b6
11338.977257,26729.262510,failure,70c76410200dbe3f03ab54a102b6bb737bef2a138cfccb3733e49b85c16349fc
11358.387753,10483.267567,failure,5544af93ae9f04e2f28c3e5a1bd7d450c41fdca675f3a0b1e1b39d04e078cee4
11378.365069,30997.549118,failure,597e4af7fe31c31b41ae6d9d62c8b08b2fca881e1914441aed779d3b5f8798be
11398.835349,22253.792746,failure,dc953192d5ac518305cdc1d4969b2540d53328de4d5aadb1c105e549aa7aff40
11418.417099,28305.519951,failure,28b289d0c00817db394c27d35de99fb26692be4e62010a93458d78f88e7c68a2
11438.739908,27762.299608,success,804d0a9478abc4c813637ca12d15c74e72bc0f915fcdfc3c2dc15686c59c7ca9
11458.580012,25166.072394,success,cbd68955db822507183dd3776e0cc7adfcfc8aabb549a5f95ee7a5096d79f713
11478.608181,24123.697992,failure,fd1cdc83503397b80895cca7f9c25b72eb8f138c067aec67da76e522a1c3842a
11498.429190,15997.760791,failure,9f3b7d2fe11d548a5bda8984a17f94139a95d5a8f6c6463887a9ad6a7f5164d7
11518.421263,27682.729337,success,e03abbb359cf07f75ff83f68a0dad4958898abbd3935ea87245118db84d0c382
11538.444683,6332.833270,failure,f55f0e8c12ac97af1f6ad45df52559ed89da324c655855692267bb414eae52cd
11558.992676,23992.757894,failure,443cc75cf0693440cd1c31881c747142055cb116fa7abd2c3d8f0fd9d340549d
11578.418981,23060.474106,failure,5a1fe5013311b1e5886e37c897cd2eee32fa646cfc091d284adae3f83d76d8e8
11602.753131,28244.043376,failure,d92aea05ed613738a1c165676e26d91c9975fd5d3297031aad6fe444a433aaa1
11618.375967,8525.164313,failure,8cd0f394da8e2b94e0fd90017914a23bda4527257d8285e39f159d3b7ce40a4f
11638.898322,18800.802992,failure,691405a978917cb889d9862c370f0424b0d46376cb5b99e705266515b56347d4
11658.387322,23877.616585,failure,a2bf5e0845e9b821251a032ca35c2d15870efe5672499c17febb6e12d5bd2412
11678.392108,27522.876459,success,a2ed125219902ccbde145aee0a4ab4f93746016ecb4280fa46eaa11f066eb8a3
11698.867698,6004.815492,success,8d583bd9d8582a66f7a34e5effc3579627b817b07977014ca1339bd870be9442
11718.369782,29631.267277,success,65b35bc736011d42a5e0c47a7a6ea46e8b8836c7eb0c650eaf8b2a015aae132c
11739.035080,16994.723653,failure,86a6f266bfdd65a331a4a5ae6c64d7457a8ccca197009a9f0359ad85f7ed26be
11758.518119,17535.481775,failure,37b53cc6a7cebff06e6de26b429da14629b4342d7734be92d58d90fb76e004d9
11778.383840,21862.697301,failure,c68863f17a4ff5e5c90df81f2fd5fbd5a5fde32127ad6b450e9195e5c2924b9b
11798.419743,12305.128799,failure,d602ccd1b234c529241d18e42f4ce0aa509b9c02d3c95f8ebe2f3967ad568ea7
11818.396578,14704.903727,failure,44c2c94b214b610cb5ea0216b2284da1af166a20fada031b60e9227c9a156699
11839.245122,19227.844716,failure,c3c9870138c76827a59ba0838e45ff1ef8f270fa007151838919f7ad61e6d709
11857.727164,20305.869982,failure,0fbf70157f447b01870b61e0791e854bcfc52700f3e971c0dbb2d44ebce06da9
11879.175379,29470.576862,success,0f7a6238ee6d7679b1ebefe3eda940ef3fe895ec90a5121eb6e1da09de8c0b57
11897.622537,27902.533272,failure,cfd632432a7561e09d76fd162335d5cd97f2e32eec2fd4928b6218d43fe03857
11919.108160,29040.095597,failure,462a673bebe25862d2fec8518951ce448611debf4fff0148021900e603504edb
11937.548516,22296.220827,failure,26e69373559edf22dd186473ccf3cd8efbffbb9a20da095bc6d7e73ff63a4c67
11959.025343,25657.747210,failure,13f60bd3aef25bfe733ee48e97ba841f90079abfc20cce963adea1d453778452
11978.420951,30686.875596,failure,d28f43c82e7e09619cd408acb4591926fe7da85afde6e390babe36424ec793ec
11999.402600,38161.405949,success,82ba3a0573ac096d3cf61ac0de5a3cb41561d9ddce72c7824e86935417bac9b2
12018.570270,8816.187065,failure,f32979490363594372d2fc602839929b0783a51829f5c34a0e42ed6f0dbaecb6
12039.292402,32008.699359,failure,08dec9f06f84f11e1857f3ae190b344b8feead04f077c4516d4b79cd01aab059
12059.171508,25801.041591,failure,ed48dd813044b408c573df67131a13b39af68571fe4c1f9251df8f879d30faa1
12077.635667,7158.426019,failure,206adea2155a7a8dc086c416e97c4480e25f523430e337ad7b31cdb28a05b163
12098.429020,29251.093849,success,a968d4407c876598a0d21c78074d1be8f6f27c2b0c7e8caf81ae5b0653b5d5f5
12119.766664,19989.575529,failure,788a90ba746210754e7039bdcb8713087b0eb0c882afc1341ff547552a3eeb26
12138.753604,29210.637152,success,71283d4367359481f3d7eb16612c63d005f7cab161569ee48d7fdc88f49bb1db
12164.303027,25389.995231,failure,a4b4c8cb20b31aabb0dd9d5a719f3c9e7b93fe99788eb59db0ea3d3263466dbd
12178.743214,16570.084245,failure,ae10f369071dc735735b620d062678a641c3b5d7b23a1cc1e88a6bd59f99b798
12198.429548,37976.239620,success,0c5de32ee630ce1c3fe1bb4e207e480b136c069ce53e4f9778b3a542c9e1ee6e
12219.037453,23347.532597,failure,c425429fe1f6518daaa14d1bfdd1672da8ac9b7afdfdb0cf026b4e1e7f59156d
12237.567014,23755.200323,failure,5b125cd3dc698815f520e8b0fd465cd8076ffc43e2ce96269d8f762072a8067c
12259.095639,26172.546383,failure,48b09fb516eee19aeecf9295d70d50aeff64475330de8ff10e4cfaed9765ed66
12277.399676,23712.457955,failure,a7f2cd32b7db0a72522c19d61edcfe90381bc71c92beecd411008c84b474e205
12298.384413,33871.887122,failure,8639dad2760676950486c2981b324797e2768289053cdfba4012366a37f08d13
12318.924473,16415.305405,failure,660a4dd88846ea9d1b79c7cf9469df626e5a14d20b844a1971b944a3b9807797
12338.369054,37836.646571,success,7019f45156ed3d373823c4a1339a51a4a8caac298102bb33868ba2c2798abdc9
12358.366859,37801.335545,success,1e92c7bedbc8cc66d7d58941ec942d3982def61f7965f53207cf7ace9dfc678d
12378.368542,33699.262601,failure,fd41a16a26b750b3b4b57baa91a15c439ff0fcd83dec9164a668654458c0d1b7
12399.073605,37776.252862,success,c3790a8430aec71a8ad92463967a246142efb8b33e2f13f54883b18bb2f1bd85
12418.629600,33652.579917,failure,132bf0497b52d50881f774207a3c93f10176917d2830edcb99a9a4c29411204c
12438.444640,30021.093701,failure,d40cb92bf0f734a6e5e1f4069c96a01fee26332efeb35d3724b6cd4b7bf71cbb
12458.976295,20305.592826,failure,7ec0e2f45a6fe7dc28d632eb8b6b53586b5f5d4d7eb7ef57b71c20c85ed40c1d
12478.409775,23832.190199,failure,65ecf774d957b12e6db805d4b436d78dae48e33997c0bab858dcac5574d31031
12498.948593,17427.907081,failure,899b5337db9102c8e58f49fd079291ec5361af901188db34d820bb0328783f06
12518.345767,17929.911854,failure,082b4fe0db1cd2785a04e736eec10c7aca2c4a0eb1cbfd8cbebb4fc8bd75f888
12539.005266,27185.202602,failure,f81a16439db48e6a2121c3dc629999f28ba8e13ed66a5e46a8c0b89529a063b3
12558.586999,43941.406792,failure,66d9cf6bf18505a8d1c2096410ba18644ba6484ec1d34f711c314dbb47d59314
12579.200033,37581.220823,success,de1d2c851d861a1b909669b9fac68861e6632cbe37fd2393f1c3265c601315e0
12597.743530,29861.336749,failure,0997dcf58d8fb19e6f52aeae16e2b8e91b7bc2eb626e805f3c1ea995495f0b77
12619.257067,21038.878076,failure,354aea455fa4ee6f3777c27d4f04bb1f856f2febd13252880ba6d819d21e2b89
12638.525083,21002.653447,failure,fd4cb965cff26e183978bcae817b0e5fac92cf5aac041d880c2dcc375e4bd1b8
12658.993081,31413.430292,failure,0a3b3d1e3977340fc5a1e7d0f564abf128bdf6c950059a385710edfa39ccea55
12678.400363,10242.661189,failure,b0ea162a4d0541ea944eaef5639a814d3de8e4975e73ba32586b8c91a13c5e54
12698.837064,29620.453891,failure,0f635f999dad13c02e6fe82aaac7415ea63dd4ce4d3ab5e61b41861b06a4f75e
12719.263897,31353.372407,failure,ea8837cd0929dddd41a49269d106421c98b37c607aaa04c68041efced9b190f6
12738.709188,32924.458720,success,66246e060c8fd396e369cd6cdd5b371121da7d85949dd9a01052248827adc20f
12759.175944,586.603871,failure,2664f7b08c256db0cc349d88ce55fb96bcc2e05c051930c196ce40114ee8919c
12778.612690,27748.607624,failure,517ecbb3ece75809f0d10ede00cbf097eacedc18c3583271d6548305a8989643
12804.072599,37361.406639,success,feccc6a8a19184dc33c40d899e1fead94ac7d212af837dd9db5c5b2d977cba4e
12817.518622,27371.897325,failure,d8168c80560bad8db51f5e5ee929540e2e7fe80228f6b6bb05664dc3e392731f
12838.428922,17159.841587,success,536757bce95fa3a2866dbec8520b20e869c02cbf759b19fb642eddc9165004e1
12858.435503,8416.972325,failure,73c0de199cd2b115e7c2b4dd0887a1e5fd0a3cce97884ed8d95098bdcae3e1d1
12878.444039,16231.843492,failure,6ee061564a36cd9e3109743551f2dd931dc25a96e7589fa95d2b40d18a729ffe
12898.405327,19871.877390,failure,ed77adef4b21bbea0c98510ec9eb6fbd5aee4f9e29e364bb7bb00cfab0cc5b2e
12918.397152,31236.545237,failure,2e794207d4a4ae1c140abe4eb4f15c024c8851fbec5afa22acc1da27dcdacdbb
12938.906937,28176.134854,failure,93d91ae0d0cebaac251131739a5946db2eca16369935cd2859a760c2d52c33ae
12958.420614,17744.944105,failure,58939308214da75cfac29ea8051771743b043700894e8b93e4ba048c129cc46f
12978.405996,25821.880099,failure,e1701d989bd0ead955d61109593ea39fb6920573762347c413a23b383d997152
12998.903719,27562.485856,failure,93c76644238d5388a3aa503af9aed776f10292a43e1d0cd0a5da5ab71b705427
13018.432714,37143.312858,success,60d79766516967faafd90715d7c18cddd9fe3c8d787b1cf4cc539947837b9614
13038.987001,7242.257111,success,6186f765b0a6aa65223109ace132925591990b0ce46c10eaa1a3f6b20124545c
13058.457900,3355.962157,failure,12569f51ae258ac6eff881d24cb5ab406225be3f7e6c36a12045dc93f55e8538
13078.927912,145.948384,failure,ff45cb1aef1609a09c75527251fa95c9d6ec86e202737501627150523b139532
13098.526535,126.640705,failure,dea12df31510f833cc109a36a40dfd364acd320ab249792fed9d0d3cf62fc365
13119.654806,105.781999,failure,585d7407586860c09f7fa15be3c839dda796842be019415d17f3181354153434
13138.740350,86.950642,failure,702677d7ae12ead67dcb996a06a220dce7bcdecc62e5f958589340279f0f9039
13158.676755,67.265648,failure,9058947b2a14471bda6dac19d3617261196bdd3d30cad8d118b08927c1adc078
13179.368496,45.146868,failure,98f20f5082e58247752f07bb7d351280cae6b8814946d2cf096f7ba7e80865b6
13199.096849,29439.732056,failure,29deb98e6bd3ded50d600c2c226f0965d0bfd4ef032f0e5a7a81950e9c8a7fce
13217.863908,36941.716863,success,8f3cdc8bb8da315f3e393084bf51630d27b92d8f9e0a8a060b9d858877095f70
13238.618404,107.079360,failure,cd27d006b5ecb1dbebecf4067f60de6402c15489f361becbbfb1d3f41f90b304
13258.400967,6490.327268,failure,78b7b60e7b6c300ab878e92d32a9483dbee3037f1274d2dccb4e91b6e107f7ba
13279.109669,11255.168349,failure,371e1d900ef54510bfd6eb05a5cfd8587c50ca65a3ec0b823d1efc1b02af7f56
13297.718137,21768.993322,failure,f970dda51f21a4771340dbd008bec96402d0180c4ffa32adf7057480d668f7a4
13319.340356,4167.980336,failure,cee3fb09d2d38188f7e267917efff16f7af5890a214e554bc4d3bd3f7d2d2c52
13338.954299,5918.744266,failure,797f5759697073f9a8c6e85aae8cf465697a8eb87adafe7e258bf44f763a5ef7
13359.201745,20766.805905,failure,587f59292e3779372702f967ecdda848a646f0f11b4fe4a242e6c3dfbf226d59
13379.162124,1140.991842,failure,7784bb011a1ccf85fb17cc4b2de3f2d299389e4eed7601ab9156c96a46454cae
13397.551390,1122.893110,failure,0cdefcf280f31e18002960376e6d30e6fd4120a5e01fd2f442797f5e23216e5a
13418.974794,1101.725205,failure,ba383e31f71550c7bcb88bc93a2770dadb85df58344f29a19c33b88025e5e291
13438.344749,1082.610708,failure,700230284df632cd799fc5b11c3729bc5431ab3ff2424fca8d875ac3da6591f7
13458.750786,1064.602512,failure,92f301d6aa9ceb62e02905235f1584bc963ace58341894dad30924550218139c
13481.820761,11738.574305,failure,ee698adf8d32b208539d80694ef98c5f372e5d8994388e7b5c866608806e9f4f
13498.458653,26825.265586,failure,74587642344b566130f3d6acfa0b88cd2befe402292180aadea98a5309fea626
13519.058426,36656.068794,success,445a73d8ce31d31424e58d957057b83d004eabf41878fbab0627b8471e8fb76b
13538.528315,12162.813610,failure,054fcba7a07cfb2817ebddefa37be9b0d6b69838c8da363cb87d855127a5a807
13559.015310,18605.605837,failure,92df6992fcffc484d893207589ca557549b9d35c89432f2111ad6b2c885d777a
13578.429597,413.283019,failure,42b85988fa1770803340035942c7368ead17956bd09377cd7c4acfd799e6beec
13598.907295,392.888033,failure,cf49c68f0bef6009f866a3e213609f8aea2fd30f92dd32d05dfd56c1413e89ed
13618.415615,373.426269,failure,3eab27820814ec5f4f49f5a80d4e111093caae25dd70d38907c13c8815fc8291
13638.964493,352.915420,failure,4dc73c8e4ced16880551c81a1ce95be3efaf357d26f43d2673b94c19213800ce
13658.476129,333.438208,failure,bd34bc07c7ccdece405ec796a41b86f442b75c37e5bee9f9fd6d07c8f6c2985c
13678.957534,312.991015,failure,41e2eb888976d4d335d68a5541b86987ace4cf00a970e2a4fb6313b1afcfe3bc
13698.380858,31964.784756,success,2f0865328f702256287d2bde05d2da30936d194da8ccd1294ed65e2be7aa7d0e
13719.064003,316.136287,failure,a68e9f2f58c0028dd3f60674b3ebdce848c2cec527b38f6c563a43c43ad1f2cd
13737.768117,785.852371,failure,bf4bd155b36ef130e3d11e420339ec582806ad5d5298952ee084c4a0b035f0a4
13758.306897,33299.023554,failure,c59ebe636c1c43d066d31357e07ebcc1f3b10a9c0e8fb6bd2d58409f91cd5212
13778.866906,729.400055,failure,8b1097e6ed9923db0f1367b87eed4eccd24e98b88f52daf4ee9e6aa36cce0793
13798.362563,716.236379,failure,db2173107b9c2c048c81e5cac0df89b427128afaf3970ba63c2d42ae092c66e3
13818.880535,696.039787,failure,0dff4c0313402420d7ef3992ec34219a07e5d7d4bd73974492cb625d99600459
13838.346286,676.898932,failure,be45f7412fc7795687d66da9ab5bf929d0fedf4a1c6e4ccbfa3e5668a6186acc
13858.798468,656.742202,failure,c619f277898e75d9ec3d7d2aca3d040f4cec10be47d6cab7346011d39d29a897
13879.258554,636.573932,failure,041cf3a4d8302f28f172277179d8be38a3a35f1982b2cddd665de5805506352e
13898.733893,2203.230080,failure,492f8ea6a44453a3c5110069b909256bec20fef52ab855fdf93bca7fa62cd9e2
13919.182538,597.982143,failure,aef49319f4a3d8709f7bb1b10c80e5b7fafd2998a41575983bc3da7a6a1bc884
13937.553039,579.911211,failure,923931ac7c188191bfd045f30f32f23365bd1924fc5a4a94240ff4092d3910e3
13958.999736,558.740481,failure,fbe77f62c4a1495e9e26182471645812fa39e7da290cb42a2d4431988963755e
13978.381032,56.454529,failure,4a0a9a850cbf4bcd4aedf26c0f43eaf09ae2f1ca1e5f8ddb86f3ec24ee2b8323
14005.504055,15921.600666,failure,302f06c201000afbf4241ba495b7a612b0bc4d8c4308acbc41c76c849b527840
14021.526006,486.089290,failure,dee01ef1d2537924e3878c6108a5357ce3dcc2f4632296b5a730a4bd333ef880
14050.181432,486.787563,failure,31049584365b7f650e0c3e1fd16ccc7b2641a88297175d882456d0bcf3dd05f3
14061.919702,475.299673,failure,3eac5f9f8b83c83c655b420848babb8b2a3e6c95d7de5b4be0d198cb2efdf4b0
14078.345796,459.114010,failure,f6ebfcbd50f4fa0ba8ed25af107c6f4c75cfcf00c553a0639a50f9b239e45f21
14097.625956,440.067108,failure,c81910fce5065b158390f523cee2c380b66a49469e38e7e7d49253a2348d0158
14118.887875,419.100110,failure,4089a448e17faad0d5b589508849eda8a7edced2d65e56221bbe9b09b1576909
14139.170187,399.096921,failure,c81a5b8829c409b025053dd3e0e0e4947b97e9ac49e2ca6bc5d7337223e122d2
14157.511217,380.990461,failure,8ff532f152ea76af675c36aa25a97f242390a8c886a858655f30ba14ab0430af
14178.896252,876.488296,failure,850fec0735413e4e7132b24cccb6f4efb0a5e3d074e07b7ba9efc4cf7654dba2
14199.268770,856.422381,failure,05cd7effbcce4219d7eed461758df5fe3fabcff5213f8a430be6e16e7bc27a14
14218.743550,967.548247,failure,8a67bc6826ff8f6c43e875923a072c4471c0275932326dfff9d9c9f7023af7e1
14239.278165,35920.920622,success,247b659a407498fdf42d9ab0778e7ccbfd0c85794c268eaa23c102401010e1ef
14258.747455,16208.782788,failure,d1a0ea3cd6193414c212ea08a253722037e0c036dd22376a84722bc4c30719ed
14279.277541,248.395494,failure,88a8d14b298dbfece38645481975bcfcbd897f44cb95c6625b44b20f4a789ccd
14298.712548,237.187045,failure,0e7568d108c4d3d7bf198284c84a56c86db3c6650daf5ee73884eac748067e16
14319.125270,217.089852,failure,73035eeec8662d02f45da832c56a2f0fc567d6e355a0f76cc6cbbaa201ccd7e4
14337.477510,198.993001,failure,ea19840d51a57127efb49881e29cf7cb56bf1167f918ebfc6a00e2062bfd48dd
14359.014905,391.649603,failure,77c0bd1b28fb0510c6fe324bae3fc5151aa9401b15a5080698fd88593780d558
14378.472794,372.235955,failure,b1e78a2d71e3555cc0bd70ccc1794557f7ec37878f36ebb4e6cccb7d0dd07086
14399.000847,351.742676,failure,28d7ad6059bfc12239471c79c4b6d019b4c969b879661e3421c4c89bf15b02c2
14418.418302,332.357911,failure,034518cfeca63791b697b07773d9d24fd94fe9bcdc1c1366856fbf77175bc394
14438.873581,311.933889,failure,2ff4e3cab2b0c342d14038bd3960bad4f0a1cb8c5a244d53a73b7026a76b9f7f
14459.302662,291.534954,failure,b9612116119dd1c71b9c4b25713751cd0b90cb5707280e7cd472a42d135f9e0e
14478.766953,272.100868,failure,860d5dc357aae589ce8afbdaf03f1e36136c9c6cbfc37b39b441172593a3e26a
14499.235417,251.661898,failure,1cd59dee8cd15fd9b98c6415b7217d18df3a44ada2f2e8da01cb99a4685fb78c
14530.775018,43132.311285,success,e134df207031e011c268cde94af4f6a71526023faffb374435c25ea876f4b90a
14538.907042,32467.999321,failure,ad36f803b7989fb369d33928d1897a6acc5fb12ab757f18646dd9e5330eba1c8
14558.500860,35607.186942,success,fcc0e3f7f827b521a9a970c6687dc4f51b634b319b68e34154ba71512b352cfd
14579.163691,32423.992988,failure,935e60e2a330bf7792be79fa644bab1640a4c4ce35d8a2b673d7bd7f533ec85a
14597.677237,17996.637417,failure,b78b0dfd65712924197b543f86ad5269ead750f75d44c6ef5e0bd4e07bd362aa
14619.222426,43033.474544,success,e7e86cd2831b87bf3419c3d214f473ec03adfbe8be18ffeeef7de30a3170d0c8
14637.779242,35537.644574,success,75ab897ac1e58dd97edc3b068a1370dfaade09700ea1bba4f702de2cfc89fcc5
14659.323680,26690.573768,success,12fa7a427d6c4da835cc3073c660773429c9770a0a75c70a9d6b4c9d768def7e
14678.876433,32327.526314,failure,ee4dc84b63eb525911fc4392052e0562e65d35ca64f786c34ef182089b3677ed
14698.358416,25862.749021,failure,9a7a946f9c2f2edadec3cef448ab00cfb39a4f3076232ab9ced9a4d846f2d1af
14718.793308,42942.908458,success,c311fdfdf3aead871fe08206c9ba0bb269ccd0cf40c570450aef0161aa2d51d5
14739.222931,27036.143972,failure,8c9ceb109f2c0dc48110762475cdefc58353ba6741dc629c2a36a409f3f9395b
14758.217219,813.612757,failure,5a7af6d18da2ff40b5d0af41d51a6556b8442e5c6afddfe2df9a483709fc2669
14778.750752,793.034673,failure,f7b8052be82ace6b2b346a6a718c4d571337d55e6202914cadd6216cb8b65617
14799.290286,31271.245703,failure,9ce7c243cdc51da7d64a507949264763290358b01fc0b7a0e4c704947af89299
14818.752142,753.209216,failure,aacb56c1a687cc31a8640cb40966dc5aef384e4923fbee23399ed06977da13e6
14838.915436,26311.178923,failure,72cda23f4da1d99bbc6a3fcb9eb424f04fd547eaf0335bb1bae26249881c5a6a
14858.477005,24069.144219,failure,fde1a30abacd57e12460ea54a32e50993c11cd35fc7a8190004833c38edc78a7
14878.398154,31193.417157,failure,7a6818f124ae4f9c9a4077e877d2902193e8ef830982884f1a837c96e20b49d2
14898.978413,690.402615,failure,eb69025b1d2174107e216cc1996da7bee9f5abe2e7ffa10234636c6350b97e4c
14918.430641,4371.994752,failure,f511da5fcfb78e73be394f8193e06c8ea4688cd2615efa41d5fe73312c172212
14938.924682,1124.085769,failure,e83e378855567c0460409c466c81f1a7d83631782a810476f0be26d980133cea
14958.333311,35216.196050,success,25277d56e9b6a077fed7ef02773a003a41e690e8d3b7399627f8724a5388b31a
14978.774464,42673.551804,success,21540ce53d8c95aa152a6504102d94205b90d6d014048698487fc462f29f4deb
14999.344915,29048.352806,failure,f2d7ec3df102f861e8ecd286ce338e9e34fc60110abe6d7c9eed36008521fd58
15019.075054,722.191159,failure,bb5cdf5ddf1e7b0fb542647460413417032cb4fb1966bfe78001c0842ce06eff
15038.503348,24109.865788,failure,eaf43d587f21cf776b96a03fd630145fd0cf3b0ee514c1bcba00e8153a774ef8
15060.758240,31944.809571,failure,6bfd896dac2b1bb5e1c16306efddd94f9c3d3d2229c21b01cf7b6688d8694801
15079.896974,124.089338,failure,31d647a7ed885e11d0e049fa38581fd650644d49b39664e260a7ffd1d7ef16a0
15098.530159,30979.740830,failure,518176c84b001be5a3031f9f0a2d9bd58f856d0c442d7bce65edca0307a4d6ab
15118.998574,30925.331326,failure,492dbf50fa6bc5aa2e0e4c5a5a52bdda27e70f462b869cf8200a65a077b321ac
15138.357824,614.961901,failure,3a2a187cf884a45bb7d23fc408135c759f3de47f0f8e82a5bbcfd81b990e6993
15158.899444,45.138533,failure,6ccdd8a9b6dc06c61244d0fc59951640252cc9128d5857c9c1529a91c3e789bd
15178.956906,30938.411283,failure,a119d835720adabd2579db8dda1e9dbb737f087eb0ee2936e108f721afc23f98
15198.781950,31807.855789,failure,bccc9210b1656f0b18ba9c19078cc55adaae107ae2942e71b69e843e8009646c
15223.208200,33563.087054,failure,7f89731fe0c4b7ff669c877d586c3a1a885a6e9862b9b4a6104fe046c07becd4
15244.722064,496.622273,failure,63213ad67031a644f8ded21d3fc37a9cf9a5cfa343ca69ec01cc7c2d13410919
15259.396747,312.631153,failure,46d71df6b2bf1a8a7a6f68aa3f9a97de2b65e6108e862979d779da4a33641937
15279.171950,292.818892,failure,bbd84219c8a27f7766fd277a99444d38ddd2a4ac2cb27cdad743555c461e2ec1
15298.112181,281.168580,failure,d23c08de9d053d28b85141d20a8229ac951de4d35e0819ad324487590de0b01e
15319.248553,260.630476,failure,3ce80fc6753e46ff10be607684501e1f9eeac1e2d27c549f14885edf07167bc3
15339.129120,31503.262481,failure,0f48457e025fe6a9187a662702ca2083dda31de9e2a93cc6dca4bd02fe4108b3
15357.893538,217.764123,failure,e0d929f757a90a2b15b2b5bf88292365c7c2e84334c6b00404fce55457a26888
15378.383924,197.553050,failure,1a5a1758d7289287f08685d950ab2ef9be4fb0daa27516e3ebc3a7a69b95b8a5
15398.886182,178.465458,failure,d955dcf68650b076739005280dacc42ffc3ac41a95470a93f827af4e22d35557
15418.419392,159.269437,failure,871504960e9232e3e6c8ff5a1349026432daf9c1455d0e87f342f658e098473c
15438.882017,136.458603,failure,731d9b0f95b443a6a8f4caf50d0e3293d2f28e10831790e9630aca59069054b3
15458.341481,120.393408,failure,e6c95b610509f1e7617645166e21c61c79b7c619ef87d28697479b495e0aa25b
15478.762910,100.239951,failure,74f52aa6226f31a9419fb3af892464b7eba44b9cce11b3725b692f4db87bc7d7
15499.993735,78.477290,failure,4b41cdfc898ed9e085dfbe0f7eeda566b46529cdc9f96e185129050d00e3bf17
15518.355495,26941.424540,failure,98c12233d556773340b46199b31c3eb165b9e3c44352cc2a68b810becdb4c9d4
15538.576446,17225.358670,failure,165e390cbb7f7a1f18e78d828866cf386554eb124d86597af2bc60e1488083ec
15558.453957,19.483388,failure,ad9e46bf65a24b2d9deecfeb605be7d407a9f24640d611653b54265f91e91da8
15584.030458,32605.342395,failure,d952a2d0d3b628aab4812bf927d7e337ff0de441bc696f1b2c34922349db7780
15607.407312,452.766243,failure,57d8663f44ee846223444a34636034199bc2a21cb2fe9f31503d7eb4ed179f18
15618.908029,441.572168,failure,01bb6086e5f61b4ae15c59143f2dd38094838ca6aa7e64bec6f4f62a6707331d
15638.365249,422.374865,failure,4e6210aed6ed6501afff22ad8b6dc90ed976d190aabcef8e161da4d60635f9b6
15658.749821,402.231085,failure,8d58b09b9f7aae1e36f8f2f6a33b1244537ef6d27f78d07d468c39ca17e5f38b
15679.149600,382.077638,failure,c8ac4e652b6d5382a3cd7dd75beeffd15de44e732ef10dc18d9d452e1d2f24b9
15697.562724,363.898845,failure,9e104c0866de5d6af514c4e8431415721328825e35b3ba20feaba2cf815cec4e
15718.946169,342.770317,failure,0c038c1074e2d872728aa3453ac14aaa3086aa3b75938bf187cc5db2c2d7379a
15738.324915,323.618207,failure,84885dce974cf0533043cd8e85b5172e17be6e02f54b69a06346a021b671f9fd
15758.853742,328.228528,failure,5122c0a6d09c5a32fb657e1aa0d96dad9fcb33c930516b2f96b7f01894f72226
15778.438997,308.686843,failure,7fe5332cd1cf8bf8c22acb26605458310f90afe63d65a5737208fca1a461b400
15799.004971,288.156695,failure,59c1c5c5577d28841a4d4bdb454df90db29bbcc44af57aba6838115123ec924c
15818.436123,268.758072,failure,095606f82666c6147a51effdc45e748bb808a5a6ccd9fb2e285e71388f5ff05c
15838.931879,248.294445,failure,63b8686de57350e13884a661707815cc38a1bcb5b5920521be23f16630189dd1
15858.347433,228.910139,failure,4eda686002201cf2f691f361347eb35a48182fd6c746d0c5206d720b9d812df2
15878.768491,208.519557,failure,f6b3d439ab27005f22b3943dd0bce3eaae8d3bfcf91cd26e270b8f21bcd9f6f6
15898.415740,188.903124,failure,52c73c7cb3bb0f105b808462fdf01c88073e83b24fc4dbee4deb3d8b232136e4
15918.854822,168.493586,failure,01c0c0446934de3f6756b78c7c73fd7907206b1527198bcfe8df0be278e0cdf2
15939.278726,148.100499,failure,da8bc9f10327e65bb0c3883a319324f4d391e5315199efec9b6b232b64f1ef18
15958.713675,128.694774,failure,d657b2385cd770e82fe6764590444c61b695a0eacc2f4c3cf1a7ab678c236d2e
15979.125186,108.312677,failure,4d544f70672d030e1dd3ecaeff40bcc623d299ebbea1fa6fe30dc9b3eb76170f
15997.443656,90.023931,failure,bec148cffb20da6336f3d50293eb255783d6ab2da1480392cbbdf6138ac05550
16019.264544,68.232497,failure,cda7d692df807a6e5c635bae95999e9fae48d403abba43fbb87710f4319b8c17
16038.987832,48.538473,failure,be2f3150ec35bf12ad6a84fdb9ca81de212078fdb7458df29219a13aaa219518
16063.653071,30778.255362,failure,1167d71ce656b8051b001a3ac90775feacb397b884918e15ab170b61afdeed69
16078.419722,18.904365,failure,61e412d55c83821b9f64397dd7d82364e9a8ccbdb6d3be14a72c3ca1f3bdb69c
16108.729159,59.760255,failure,d5f5da9b50474fd6af6c7732d6f03a6e1590a4d8d457cb8cf28dc713e36d60cc
16119.834973,49.160329,failure,82f46a03e4e339a62d2719abf33aaa73a2d020aa759fe590ba52694ad0323fd6
16139.268691,29.971721,failure,58d682297659a760bc79870e4edbef9a9836c4399b8327c3697258013561b70e
16159.420278,8.230326,failure,1e8324b79d3b2da16a4f3eb17e7571bb70dbd0dc7b60831a9b5e7f2d51748ada
16181.848222,33811.452887,failure,140f0ce86f605b2db8ce9dea6cdd13f0332c4e723281d0d0dcd6c4478fc75c7d
16199.430182,33962.521850,success,deab1cd1f0cc7d89296a9269e8cac67fbe6ec423ed3b1298b44050ee63ddb545
16218.952083,30783.695960,failure,ef9d2a4c9412b89daf0b1dd1167dff14b974983241364e0907aa6ae842f11ebe
16238.811443,33936.414829,success,c571bf6feed43682035b710d750d17852c76880b61a4129a4ae6a04eb1fc8121
16259.358706,126.979990,failure,3c729c6a25f0cd014b6660d92e5bcb86022acaaa9b8991a0775a3fa128829d4e
16278.592177,4548.491310,failure,6ee1193b97dc6b42d66c31214004e222bd0a2de6fbce7a5f3e22f441b7da45e4
16299.151302,19240.404601,success,3e4ca04062ceadce78ebb90c1e9b4885855d403c9b8d355904b4584a919883bb
16318.639620,103.650702,failure,3b35907e33f2faf99eb13c9def4705166e435dd3d7c31ee869977932cd154da6
16339.128176,33821.783983,success,23ccc6971bc50c8765136b417b0257f87a9026ace8fee9aa9ffea779ff9e8363
16358.919100,63.713170,failure,6861c936b20662d5e6b8abedc4f324df8bafb840f9d85482816ace10518541eb
16378.653050,35.416233,failure,ff7a7e25d740536e8968063f5ed5764d2c831247bd75fee464b4d3528df7186f
16399.464357,10107.585444,failure,a4f8caeac6174a7bf95d32d2159add847638b8012888e4b99041c6a6c5296e7c
16418.827446,7.432712,failure,891b92f3b718f650610dbb8fc0167818616d63562adaae58564520de89fff845
16439.911484,3.415219,failure,7d58accfc05666e7c276be51a3db1c3bf8f9004bae1ad2d071954f8edd03764f
16458.868498,29204.287297,success,b237a82e35495dd4a8301bba4d5ae2aca0dc4df812025a1e558e604ee88d2486
16478.447574,20145.955644,success,e3eaf116538d86188f9b7c73f53198231b5e69a0d2c29380a8b13ccbb1434631
16498.770505,32301.096244,failure,95d0de00e651b45df8c2b5adae3a6d35f033c90b4c064979c1c980f1313dab0c
16518.761416,19132.539200,failure,78ba710e4e04f1e3c9349ff2b0e8a04ccdca8cb832f21f8df63e51288f687edb
16538.357383,29533.750766,failure,9e5c5668e6692c4da9762caf200bb8c70ea9a159dd3d24d3f6b17238fdad1323
16558.886673,41103.164245,success,ac60e9dc4df46c4d5a0a57512aa008543a7f886498190928f8ab92b3ea3400b7
16578.397283,29492.492666,failure,1d24c2ef0244f07cb002121a5fba88482a8301e0fc878ee0371b95fa89cd9166
16598.941159,33561.148648,success,e16b3730721d3e4074f77a282c40f00aa55764eb046e1c01f1e0ea538f43ee32
16618.976542,33540.969851,success,681ba01e9847ab968818bc7e9bb9c9deae5ccbcfd40848e22870e68fb7134cf9
16638.405172,33522.609516,success,32d0d1bf4b37c67ba924a64f676946496a1437f85d162ff94eae9346aa85352c
16658.405981,18893.055829,failure,9f7c53881bc90828367c21de5a28b6c70caf9263d1ae9cdd9a2f2c66f6fcce22
16678.915044,24175.768090,failure,1527dff9d2f7fd37a409edf914d90914457f2826e65238910f9543172018f733
16698.377095,24650.858456,success,0e4ee2bc2e3e6de3942019c4117f7741dd92102e082f39f7ed9466a5789139dd
16718.975371,33440.840292,success,ff4c0c49b5e9d18dd87eb85e0d7b400372c7a3cc0bf6c22326e9c2a3a2a12a15
16738.721874,30094.086438,failure,05e8f86319df5a84b0b0de95cfc9697f838f7e9d24797520fc6325a2a5f59a7c
16759.260611,15313.710407,failure,23d91ca16e6717d297b558bca1df399524af04440a9636f36b5f768434f5171c
16779.074989,39716.951964,failure,65cddebde3208c683c05fac8dc5dceb749c785e1e45b389b47a256eded0a5950
16797.588779,31049.277189,failure,ec6417f88a00e9f48746f678d0f552794be539037092bb0f5e3c45b037443480
16818.459355,30187.693943,failure,bbed07b76c6149cf6797a51535abd99c6a9492273857816bbc1ba6abd5b021a8
16838.409001,33969.704142,success,20c613e737035068c29c8222ba013fe6f4398b434964ef64921ce5686764296f
16858.391106,29218.915039,failure,8e36aa5b3952ca1915535476737874880fa80a0d87692a8339bc12c7d075a417
16878.412314,30125.958306,failure,852914bcfa6b0636be683e951eda47fc33bcfefce3cce4ceee5b2b450fa99e4d
16898.391313,28764.767919,success,5624e93956f74b0c7806e5a4a5a1edbd0578fc06c884566d9bd27c4b765b2953
16918.381634,21882.621629,failure,4d31ee4ff705fa36adf26e945d822eb913e859b6a25d75a4078bf193311fc5a7
16938.391540,39351.386783,failure,c68022bdc39c015e963d536b7c810e5036c85c71b5cc0843e558f8247550b081
16958.841003,22242.638972,success,321c701721a35cfde1284106b505443b4667d57a09bc5bb71a2df726d66857b0
16978.792342,16674.088598,failure,c28c2721e0f907510155ba82c90eb6597aee1156a3a77b284f42e6f4d5a16f0a
16998.920716,35.776625,failure,cde01f7a9ad88a7d23742461c012caad2b7c1cbe5527d1d09e2df6649c898de3
17018.636503,21782.803823,failure,f369e50b43eecb9c44b7e7fd7f339e2c8183d5036f552f36e588c56eea010a75
17039.328671,33135.070170,success,a54ee675187eff485aac15f679b35e7ac172a69c20eec98be7fe2868b2624188
17058.893030,177.384678,failure,6866319f1b2194ec3d68885e581964cc34895f12d04a45994844ed6ed425104c
17078.356754,22123.018449,success,76ca3e2d0f0099d54db2ab360ea19a3bd1c9220ba9ab17f321c48f4f54463027
17098.809573,33062.491321,success,cc49141dd682b0d636e97fee4268b1306aa7a430f49758a5e11053bba8698cd4
17119.273174,29723.053819,failure,117e4fb03befe0ba7a5c0e2a632c8d0b4b52787d93185f074d6aaab1fa004c9f
17142.367374,93.586540,failure,cec5ef1b7c5b773c74e011bc1acfe186f3a0e2e027bb9471058c6b8e7de4bd3f
17158.436389,77.983199,failure,f4e49331d9ec6714a549bbaf25176186041ca7d9a576f3bc215f1af0cc847e33
17178.620818,22021.958923,success,9fa44788b2581df30edcec7a6f3add4112b90cb927c3e6415e897773c29e00ab
17198.638380,37.464287,failure,4ec30487852aafc64ae4dcbd760225436536a6750650c94831c4995166d7ac3e
17218.654741,17.833133,failure,1ff860ecb8ae8bcabd379e4afa70ac822c96cf822c36524ddcbdcd442342d88f
17239.343796,173.017797,failure,e46f12a55e18e322421ecb90a6f7de773762085a8973767843a6cafc36de8611
17259.074121,153.650038,failure,6f1c70e8220f1af4c163fa2a70e98176ac1ca1694475c00ee6cf7ef2ead6dc54
17277.619672,40397.552435,success,001e54a325aaf654991aca7688015f7a69ede071c4ba16cb3ffccf58f7d8009c
17299.099058,32866.789753,success,964f3ccec1e56e1204b9233296b6de155dce2f5b5b40ed41314d0ec28a502794
17317.555875,33488.424496,success,62366961fca04a7031cde6e9336eeb52fad75a49e0f98e5c4ef2d41d62c19981
17339.007600,38936.717902,success,c79dc46bda18a888decbc8b976d7448e942dac2ac0f27b10094bcfca1fa31b48
17358.349974,29720.796697,failure,e28dd859f7ee98c4399c5704da973c509a09ecf39a3ffb82c5a7da193320e03f
17378.770376,105.174740,failure,570a94b61d78b8ab12c1bb3de566c071380538b07389c484472993da39cc710f
17399.132130,40252.816793,success,629fbb6d80e3d3a26c4665107536d5d6a588064f03754724f944359bff310551
17418.312346,36890.854263,success,4831a9a0ce818b4cf63e3ce3f8878eda2f008e67c2e13635df7de98b71d4533d
17438.915974,10057.023146,failure,c03b0be22ce782273044c690230e21a6a311d99750613bea1614a8a9a8fb08f2
17458.387665,40195.334681,success,4ad816fc7176e4785467ed5132beac2037bc2592d1b739a13c721354d2cf270b
17478.854222,36829.871936,success,2cc719c11b64c0e8a93e0b2493ef7f085ef3362abdff4e86c92e8f01b284264b
17498.661859,19.302450,failure,1ee4345fce7bfbcb97cad32eaa5e0186c94ec6f9eff54111645fdb1d8819a657
17529.478063,29475.128972,failure,dfd095403814927189fa7976d0a11069788d16b3f2a222677eb4c94fdc60834e
17539.135379,28539.420384,failure,24d9cda4c5aec9109727a36aca03f865dc63e529e4e13db2ecb2d78f91c15d0a
17559.373637,21642.319961,success,7fc4decb1f9abeae937edb28fe4bd66134daf1c475129c85258e0133ae439e61
17578.489664,40072.700514,success,f622446c0b97fae66e63fd38aa72663a8c18e51a33cd88666c8f0512a7611a67
17598.890100,29403.454065,failure,3db14f630d458279edeebdaeee5b156609e43f63204d3d5d416bbded18a73d18
17618.889900,32556.016995,success,6bf138b338caee3013577b3ca19afe1e5a3f1eed9399e0fc01d46c17bae54f5f
17638.746186,218.533232,failure,a9254dbde4f17077971cca9aa1e0a44d0caf193fe6037041fba16ecf83dd2660
17658.582957,33149.270559,success,7bda2c8b6dce1610ea7ca3e7de49610b77d0a49e316a4dc6e0fac0863dbb4ee7
17679.257005,192.816158,failure,5fabe596dffa8f6b6c5545185928fa196e593f6628544b9b4d4df54e155670e6
17698.843035,196.408301,failure,f333555aa0d2f08c983c6de919804353f9c062b2854c145e68cf0ff4c182a23c
17718.925327,39942.387653,success,c69393a63b33d041d776694b2fc762b4136a4d16b1d2d6969c5ada75dd4e238b
17738.415992,119.670277,failure,8d73a9bdef522e607c4a9c0c7ba3dff41f42fbdccdacfa8ab13d4e8f739d9aa8
17758.997941,98.750178,failure,2e27b14e7880c245597aaf87d177867fe44ec28560528b0ff6612d058855681a
17778.434507,108.885301,failure,94d35ceaf03662466f1352d4df29b01a6244c0258e0d406302963bd5687b6a0a
17798.884373,88.772293,failure,f6a0e809cef1e760ab115f3161af01d555dc0d8ac353a407dc7bde4373797731
17819.364805,14283.049160,failure,fa12048edccb3ad0219963746ad90784c98b128028950804b683c5ee65a75d0e
17838.789309,18465.715024,failure,d1d9f70d87334cbe8d83237c7ff68b3004ccff5d60ceaf289be13986915172c7
17858.599872,36449.884051,success,f05040205faa7412377a1aff7e966967f576ccb81244219c4137def822e4de4a
17878.616733,20126.602094,failure,a2c5c57a7dd2663c595b16fe62d9abd84bc8ac7bcff0d1767e78edeb96e62ea6
17898.740200,294.689498,failure,39bef1cee93d2db8bb72979fba0758c530b250e5e1b3df0ec31a4ed369928445
17918.411648,276.057288,failure,1476107d2848dbc603ed9c6f4675b5c07e516febc7c96289aff8629ccb96e1ab
17938.980112,28903.055505,failure,fe4b8491d9498c72141e0b6647586d84d15b58a4d1252495f78709a6182bd517
17958.463554,32216.326236,success,ce9a4316c25e885206d6c21ab0d102934d6343e2d7cfc1db30105d528cef6a4e
17978.965485,23506.336934,failure,468bc061bef4e2e4bd5a5e6e5335ea6852aceb22af315907b690997e4d69b4d2
17998.392955,22102.036831,failure,1dd92700b2f933eb14e544e1986f2243f10bfbafee11f0ec63cdc52371dff2a4
18018.963042,36289.859043,success,2baf6cbe13782c6e9fffddb15c01ccd794de98e64f28d209a47d86d404f67175
18038.509399,13948.091386,failure,63e575f27dd218777a8d99628bf141bf1735c688f6a7ca9ffd84e7f005ae272b
18059.037419,28018.894357,failure,93b372776a436f41f99f5dfcc8277f98f1e9ef49141415e61356d738dae699cb
18078.482050,126.570393,failure,899d6237fe294d1624f131f280c6e72e4cfa0a0b51299fbe0015a9fbde5ef5c2
18099.099584,38618.512382,failure,07cc73002fab92a9dc020df6d23ef2bb39a519c830b316971ede222f86bd31f7
18117.553297,32048.236813,success,6ee6f6a175ed10cc1d188cc93ea7db71093a9ce2f8dd3f4ad4306c7fb11249b5
18139.059394,32021.246821,success,8d67b19653e618aeb1769e7c3827fb48317b55497186f6b9244bcaece292621d
18158.468653,22852.960061,failure,71665c0898f5ab4a4d3bef891535b2fa4bdff00b416cd6ee67f1daabce4d11a8
18178.954888,95.949066,failure,7839a17c164c3cbf96c5dc54c5578a1aa3fccde3a58ca92cc9efa609279a5a63
18198.969236,76.927330,failure,c19170320385ea016ea4f6f781f2967fc4853fcedfbbac067d22764ca2feac27
18218.625007,57.863887,failure,a617faa30ee09f997e9919531e2c0c1ff52ba832591e3c5cff44f80572e47601
18239.213330,37.552081,failure,7ec19942628977cfbf8626ecb5a1b690179a2ae5d5d44b6c8d7460d6b365d7e4
18257.731522,39687.550659,success,22511cb53fabb94d30104fd89c9dd006d4632a70356cf724537fea020ca4caba
18278.422072,38010.011297,failure,2b4471fc94ab43b66f48328b3ac3535dbbb2f45b649e97f07fd007b665f6d667
18299.155371,30502.728648,failure,85bb219b21201d011b46273f0f678045ad537240706280a65824be47e87ac8b6
18317.620386,112.583291,failure,f6ed23431bd050b5afd27ce76b09cfae6f37ad70f4441ba463663f2ccc0e85c6
18339.146530,91.102249,failure,a2a55026a7f2fd12b9d4548935a638eb08cb3a21f5a71b20c554a5f382b60522
18357.555762,31794.724103,success,1f15ff565c3671b539429b0aa7b76381aa5a4d5d8a7f7b3f47fe11890853ce18
18378.652889,51.463467,failure,a9f8289e31fea424c7905aa5e47ed817abcb53e953ce4fe09d2c352b97bc1c54
18399.203873,34558.719162,failure,8552cd4d1e5538f55edade9033d7797f8d55b62e40787b78182b1082a5d5a4eb
18417.871650,12.411763,failure,5b5c2d55e09a7566b25ae6e8179e771032240ff5905e67e2dc3e18d69a67bda9
18438.787944,31720.486163,success,9066171f7e24a69ee8d117603f9d9dec0015b8e882fd7ca6b42cdc3f54d74e3c
18459.373882,96.609890,failure,8932becdde764c15562e22a01be418c03d351b7f66bc8d8aadce560e1b80b118
18478.855533,38237.755702,failure,3ab656329ade2055a63756e245e0ed705788323439556d38dd7c26fdeffe8de9
18507.483964,138.806037,failure,49e6635329fe307681e2562ee6ba42002721663a222c637cb755cc6a7ff96baa
18518.837876,35788.797166,success,6a38279484dfaed98d7a932d907503734debc776a400761c2d2e8899855b0ba6
18538.449526,108.228016,failure,628f6b0799f8f517a3c12dcb2810dd0e33f557f57651afe67777745555f69068
18558.563978,88.465260,failure,cd1efce763ae78876d5491a5d38a2ff2373e47f5af3127dad2c9bb2f761d975c
18579.344964,28252.969540,failure,2bcce70d5035f41f31f3e534dd42f7932cbd401dde6dd11d0505f7f13aa75521
18598.987811,6.179153,failure,c266e91d1c237cfaff0b153dda77797a84d3c638a7518f8e6cd69fb17c678fe1
18618.428898,3.858823,failure,62a1330f60ff5d985db272f5cea38bb7922d1a24f2008717518dbfbd1762ae28
18639.218019,5.061571,failure,2fd88b191c17acd8f54edd32cfb3e084d017afec04ac49b0eb50b70504284240
18657.595543,147.199624,failure,00cf5fc36312ad8f2d485d04cf3496d87b27f9cbce2b783afbe903e2a2b23974
18679.276441,125.828996,failure,9e88cb9e94985a552532c9724aeb98526061254841ee614edf9a6bb01d9f2c17
18698.885085,106.517707,failure,d28a46e2b759a14c0a7753281368219fd42f306d850881029a4a00b7a5935dd3
18722.210262,83.479958,failure,11b7f726a3716ee528d88e803374612c624ded4fee9a9cec3c9454b128698287
18738.779186,67.208620,failure,62c132e83c0909044630cb4d723d6c027a1c161b0bca320affb36bc2ae1c9b5d
18759.270030,47.005013,failure,3b9604a2a66fb404fd23781b2b6fa034b93f237636bb84eee940aa1b6a163fad
18778.699936,27.849080,failure,26427693b6419b5d94e150c33cae80cb4c985b351800898759d38e0ef2068f5d
18799.185319,5.250288,failure,67a98b801e3e124655e2107b067cff3aac8a0a4779df5957ef8722fe7481f8c8
18817.532648,27255.237047,failure,7256302d1f03638958dccecc98565f18fbe7ee2f85b1b34b7a40f68de129e1b5
18839.025601,22015.907943,failure,ee657e8473c8d932ddff89fe643692eb59d6724b23f9a800539df1eb37014602
18858.485372,34149.834752,failure,49330dd77391797646fd46d8c9e279ca3eca484fbe51e353408031c1a1615800
18878.959455,23580.361777,failure,1d07cebea412ee1e1acd3fe9f093b16b76d91e5032e8139b70cdf1a6542ffafc
18898.507217,37377.308191,success,d6464a3e4c3d32768bcfcd8d0faadec00251333c80cba59c0bf67a2f863e62f9
18921.280440,315.681067,failure,5bfe36a6485f84860469039464b46f98a4c234285d792be64bd8d53c4bd34103
18939.796609,38735.565447,success,27419f50b081eb01358885e598531f5d22e87513e05e7d7260db09a1b0d81165
18958.346710,28046.498894,failure,61717eb2fd28dae700bc3894df23f0e3ba2fe6f80d90aaf62805be678ef55862
18978.795927,38675.515152,success,32c81d8af1ca794daa016403853aa0db9c9a3f8cb08f0cb59984fd3fbfa722b8
18999.230708,35308.046265,success,c76142b842c0b8c59a1aa6370d12546e6564ffaa7a830247deb383feecb73ecc
19018.241304,31156.003664,success,97b11dd2ae6577e6dce899933187c60b749821e87f2c38a1cbaaec41f7659a25
19038.735234,33927.784182,failure,82ba0eabf71daf87579e647f1affed96c0ddd2d42d8e7e890d9b6ac59d99a1d0
19059.289383,30751.024496,failure,8967f7b55f0d76f61ec9726d7c63b24a8b2361885b8df0c47477c7477dd8e886
19078.772537,31081.823090,success,d266c45ea5ccf949a400b4c181b4f65c7b3913793d465dd3735441240645ff8c
19098.554750,38555.570347,success,600bccee3790cb0b062f7690b79477ce2deb86425443a15af0eb1394df8e1148
19119.028654,102.778003,failure,1452dc60b18075628454a551c77dedf8a163191c276b8f4c448926c261a62395
19138.402078,83.785368,failure,53760c6699a318741daab76b9a1e4305ef9f853e4fa16933c29afd6fd075186e
19158.843463,71.441027,failure,8fc17f1560a445836ff0f249ac9a91f52cfdfd5f7487be2d2d639ee450d6e941
19178.327020,57.346132,failure,6e29ff831103acde7124e2a828a437de789e0ca08127a7d91fe09b3298963456
19199.361253,38451.090166,success,fe940eaa3ac48ad3d16da75a6d2220bf38ec9be96e461e436f7c57357ec831c2
19218.717506,18.868949,failure,6cf19659e890cccd32e3c887a043526afb2f95990e8052d317be009a20e2a982
19239.250079,12.047937,failure,a34ee9818ece4c5234838935ac9e0c6495bf690d7d4d2c8f8084cad982a72758
19258.740788,10.542283,failure,5d331d9b291f4ccc2822a460c2eec8746b74316861b871364fe3253f9ae46a1b
19278.862376,2.398553,failure,b545d7a3bb795ec40ab1b098976c17167a02ceed1a16df16c1b34f322c4e6341
19298.972683,366.530042,failure,6661d8deb0820e796bff3a4f8c28db372bfdae2ddc5bd555e36a37f50ed432bb
19318.594845,29481.011656,failure,c44790a76a44fbeb3decdeb59c66748c75f81e6bf3dd38068100778899b65355
19339.414244,11727.585568,failure,a62d2a8cd87d31f16ffe192425fec6b3dd7597f81e8e7987db2a597e2031fa5b
19359.077079,310.634112,failure,6885809c1578aa7c6f84cc77707aff4a66b15fb3e1058271d1411a92bb36bf63
19377.584775,292.478072,failure,b407f2c11ce65ee90783dfc791966db8e206a097bb6770831b0e60f0d1d2de8e
19399.104299,27492.255584,failure,f31017d854667ac9e1a2356e7183ed3551fc06911a1a3e4e4cd48d4e9ff8b730
19417.525836,252.837853,failure,36591ec8323afc1a7f3ecbd8a018f3b685deade88d82015a1893d1be9fbed7ca
19438.975832,231.675274,failure,2b8e7eb2c6dd984fdf99c359459d7a6820398aa172518714209566d203259b44
19458.390572,212.540849,failure,ece1ef4e49d54f5a80c954f4ac8707b218a883c3956ef2f9b928fa8dad3a945e
19478.852966,27352.875160,failure,5bd223d21b5410e84d102d516187dab1dde4d2e880da7dfb5986bf8a66c808d1
19499.269345,174.428464,failure,ff3ca7e3bdfd06d63c5fe089cfcef7a47f9684c92e9b46ca2bb8d890bcecd03c
19518.675029,155.117625,failure,46b7494fc5026829b4af027476aa7ff160f8bd700dbb5f4d7818430279e0b922
19538.336282,135.535457,failure,1917911706654f7aebd37f0620408a8926ebdde66749935dc0dedbf5eaa24414
19558.478017,115.465223,failure,8277cd4ad4246647e73148314ce401233518603dfca931256610baa158987144
19579.309628,27426.016489,failure,55596716524c36082276bb6caa94afdfb073172fe7515c0fb550c1e965956ddb
19598.844469,38080.027564,success,595e18fa7dc19fd05d672b9c8b18326db21d2e999b37f2f5a680895b3350d2c2
19618.427508,29183.207853,failure,77695718c805d304171e33551f2a2ab85c3c32a1bc4c4e0253bbb2d05fec1a86
19639.029918,38032.288469,success,ee0c972bc8b27f5e70c951ee1d8b35511ef443516927c3569e9b7ab912e0c2ce
19658.481376,89.836125,failure,0664a6d21670bc356076cb089c478a92d1b912294f966ee2e0b54e76c018ec08
19678.665018,71.692859,failure,30ee4f30b27612adfad071a341a5afb0b753176188505bb23355b9a1ab21bd0c
19699.229449,51.404855,failure,a079fed076dfa4a0f923122853fb09db15b2082b81ebc9df392e98caca4ff385
19723.235237,3305.122738,failure,b4da05a33b475906b879d98849fc3179d04f520883500fe5d4c54041a21f6eba
19738.969932,17.965660,failure,01fda4b1925e2b4d9e636fd9d06ab60ab4fb4c100374b60b40fb30abe2708d43
19758.605077,14.339373,failure,a703f93c0ad8b4e125d3ce12670966dc6126591f55e26b3a45a6c18d8196f871
19778.766317,4.500522,failure,4583f076e83320028603b08149d17deb94f11134a84edc432428ffaf8c7f66e3
19798.836030,264.515300,failure,b9e9208f5d8c594e31ae9002de45e6a870967e693c2225c36803a37d4ed38d1c
19818.397650,29027.910685,failure,7d7c2fb8af8d6e1483e59c8e055fb3a27f2527b01fe822e5190b5d05386a4f2f
19839.292066,29516.039229,failure,6c6e8d8f537058404d91dc62eba34b9765db45c5e6a0867402422b47cb403bbe
19859.680604,204.680039,failure,3560c877fc263f3bca794a174141d4be189ab1d857b9ec8a724be8562ad54f71
19878.848361,189.797027,failure,6a54320d528cf8416240d9be69a6a02f4885f176410257be87209931f26eed5f
19898.548646,165.161883,failure,35e49a5402ad88f6e975a6ebe6ac4b1a6eff382af9b5425a9fa1811de6ffc319
19918.486336,26923.717140,failure,2294b9717d646f0b146d17a1a6dece9d9e427a038e110fa07e55182a2163e0d8
19939.157002,7554.424088,failure,0efec334d3cf8ec1dd718752c7b1240639af34213aaa8d5e21a84ba508e48f67
19957.603405,27337.758721,failure,a735f3c1ed8581a44a31fc7dd52cf3bb77dc38d03f449a73b8fc93366e0c8565
19979.131094,162.790193,failure,dd0f37fa15c1ba1b473159e8c62d04a6bcfd52846cb06731632d1277be16b35c
19997.618231,25665.544137,success,27d28b76cf20b5d2b3b3f37dc2393a3929e11166bcea7e65e646bf4f62d04322
20018.460783,124.677318,failure,3970fae02aff541eb24e5bd6689446b4f130bcde327024dd756830fe0c7aae9f
20038.957079,104.286476,failure,73197e6e09fd0dd506c5d1bf6c024ccfcfe797c8bb95d28ed8aa1312a7b9c5e1
20058.353706,84.971168,failure,fb78cc59fc8f95a0a9570a91c7078fd6b0a6b0f22480bbde66ae0f9800d21841
20079.291291,167.020882,failure,306ac48edce71e4396a09cabce9d42e7aa0ff8c7439e8298eeedf032b594c85e
20098.685444,45.185122,failure,e851fe574329d313de4a623b67c22fb0b781aef151c1cd23f7bc6d64fe1e40e7
20119.232344,36597.065895,failure,43e8336ee41fa052d67878392df65ceceec3a2714aaf18a0ad602616c5a75392
20137.685721,5.710704,failure,3b63eb007fc38884af7d3cb5bedbffc4ca4fde4084521ac4775adc46affa78bc
20158.420808,105.145751,failure,1c5d53dc449360a2138e9ea1bf0e438f58a683486d3bb7f4094ebf562a6f46ef
20179.069185,84.802294,failure,50aa7a4fd665e0258ced7299597421dc633af3677d9a8d2149ed2dd68ea83ea5
20197.492247,66.682088,failure,d502d1a3ceed86840a38c1bf2a14830ff66aeb8f45de5ec9a3a9c36e692dc17c
20218.979424,45.481356,failure,6d03b6e504b46442e88b2cb834c4b6fb210d36e6e277706385e41b98691e83ea
20238.394317,27355.258997,failure,0c45da35101a8cadbe137274eee2958e186021d6a086b8f8b48d62142d234fe3
20258.821918,29903.027825,success,b2038dc94bfe24e23a6a014959649127894a1650523b71ec4cb1e78317d98a6b
20279.218583,36020.732233,failure,a90ab713dd35947f3d24d3166a11609b5554bc1266c78db0b0991683462ea25b
20298.571683,7.542527,failure,f1d142f5a400001ae16484d5ea72ce22242a0eceb7ec6b9d1974fc540e209656
20318.754856,33989.204903,success,30714be9db50a6f604851c1f2ed561b2f30c73e3e8eb9b705c481cdfb8c890f5
20338.386346,17470.178262,failure,a3de346c7a3af5bc4ac4ef8cefa192659bc15c8f2922c0a058e7fa702186f5ae
20359.003516,19355.104420,failure,0a105a9d5ecb4cf321c9e7f3ae211482bb4f5c7550f375c450d6e1d27d632cc0
20378.455427,21997.534079,failure,13c17563a5d7913d0f1b7f593b634e704fbb6a7bf43f513fb778363ae1c070d8
20398.952837,35873.951455,success,1c3036bd9c4930ee84b1234ebf9b2233d9de1460f290be8444d36283f4ed0102
20418.488872,23653.671668,failure,052490f26060b6915f63aef6cea626e81076ad54f665ec829587ed4669dabf76
20438.368878,35860.282568,failure,34f0e3f50e7b01760b9cb0515a1a3678355c1b1f2d2764d27d409e0eba865afe
20459.283164,5.699713,failure,c6469b77e1e469305f3654d520ed8fd5edded223c8219a1e1c38765b704f0e37
20478.543883,56.768959,failure,5fa2b45291e04354b4dc7662a9dbe90b4211b79673476228630cfc5aa6788601
20499.140936,20650.635088,failure,e365709ae92036798f6756663a592d80c85d8ab4d3725c7e4acefd260288aa02
20518.050982,17.654150,failure,46e200853b038093526589a701ff72ba5453811cad9fd76e252c4f53ad0fc25a
20538.538484,32.826985,failure,e66a9971e2121311d210a27e9157951c0eaa9de20e37cfc29e0f2de5daa9eb69
20559.396526,11.528264,failure,8d65096b08b132f9027a7cda9a419066690569dff5b86065bdd270e406144450
20578.978385,105.378178,failure,0488c17b3c5e8d75083fab1e58581c678e89ddb3586559c4405428b6d1940e4d
20598.559573,59.011556,failure,a59f120621e1622989c2524a57463d47f9d4320a3668d85da262d84961769409
20619.074515,38.920312,failure,4f4e9debb1e3677d42093ae9b2d3914e158fa92b32795419237fe41d782b3654
20638.540843,37022.967387,success,ea18edb6ecb039b6efebbbc3aa15cac98a0c770b10d56b3e51cc5328702f0dec
20659.890367,35840.977802,failure,e0090970e340a3fb27f4e156711b3a0bd4c8ee34e556068f389a1fadafb7af82
20678.707041,8.604166,failure,d2f1e10f76de09e32a6b7e5ced6956bbe7591eff4b809a22799318d203a1fa25
20698.756779,26143.529108,failure,690621f0dc8a377495e2e1ce86c5bfc2548ad36ddca3e4f67d54c2deb322b24b
20718.374384,13407.903212,failure,b3598e62bdd5d546c26e67585cc33ebd71f1d3414b21dcdd306cdbd741e742f1
20738.930031,87.651515,failure,046799eef365a32d72e5343fe88456424c6249eae2ee9ca66287d8ee011faf1a
20758.474882,23289.777569,failure,6be7e63dffb8c0669ce2b2c1353b59e9fefade7f2d520b2a94c11f24681fb396
20779.067888,36875.149539,success,7cf0991dcb0679965f088d3e27773fc94e3c1933aadcda0c7e5d88a84f3d3230
20798.555123,216.773813,failure,f8d19e3f7c6f96072aa29b76ed06895e7b4e8eb7d00f484ca02c44c635b349aa
20829.724656,29329.711749,success,61d3f013f0b60b6cd2f7e9353b715ce46092b040ddc1fd966ae752abcbd7c127
20839.176879,11391.855493,failure,91aa8c7d3ece2b97fdbc4339560b5c83150d98411de3916a122385e3602b3b6c
20858.198119,2.124911,failure,b64d1d013f655f5d834d4f42902729baf87974f7d5f884f08fa852cad0aa04ea
20878.380540,299.014291,failure,73071445fd9f989138a31fbb754e9bfbd767bb5d9ca422d00d29bb449cc29112
20898.886776,279.459061,failure,363b8e9933590196bceadb5f3c6bcd5fadb686f2697245af79226c9435368b64
20918.356620,260.275613,failure,3a38fb9d645c35f434e1b4e7c2d363be23d5f47b7b4c1b8018509b61a3ece77d
20938.825397,240.389826,failure,599a47c8f3f600111474e237cf8626de8b3fa843ba2dc690042eefae611f7c7b
20958.902686,221.159552,failure,754af554794e295539ac249aa06ef74412fe79c51e88dd44e4238f7b47bec482
20978.358765,202.252612,failure,d461396a3d2eccb9209b4914fb1c59fb6ba35e4a348f9ea4e0c956042131d2d6
20998.780135,182.536797,failure,5b8015a0bc06eed95a7d3f62462478aa9a3834c89ad06514cfb3aed3e7534804
21018.848698,158.896507,failure,c9344784ac65f204d26a455dc1f9175916dd7f2d68e7fc274e51cdf56ca10cda
21038.519140,139.535813,failure,2490f279e586183a68063179977f764b252af38aa7941ec3035a3e9165f8ec8a
21058.562967,121.210511,failure,483c5a28f2b9887cd1feb8f915f5256ab385ce320cef277a8ca1fc887397e6ee
21079.086645,101.255107,failure,6a8165ae8b23909ccaf54eb23d9f2f4f111bf8419bc019b4a53cc31b4deb1491
21098.494104,82.388551,failure,612f118517195bbdd104d648b910a59a503cd5da5a4e4e413c2c65a5ff65c3b2
21118.967031,62.665320,failure,1244218f211d859710674f0134fb3afc21b079174689ecf0ec7e31a9a5b020fe
21138.329890,43.587023,failure,8569e3c4ed19829e3258023e12aa42472c69d1cecd1712d0bcdf56bbb96bb7ce
21158.762483,13075.049318,failure,3fdcd57807a8e616c527119d7ce2ca2277d28492801a60ad09eddd57384e3438
21182.352633,10925.929152,failure,aee2c473c9708db6981de8112e672784f50cb3fca7debb79c3fdb60de97d703a
21199.439474,21.645200,failure,5827523a35bb379d23262712868e4a1f29ef3b5bb5fb26c3da17d11686351a6e
21225.997744,50.088540,failure,eeb614f07d4c92c41fb6b01ec8e4b111152df21427f708ff469d8ee9f5794915
21237.947012,38.436668,failure,03f26ba5592927c068f13de7e7402dfafc0f8008737402a66d0dccb6aa9184da
21258.671772,28906.567555,success,c6244291a9b06aedde1f2b8bdf8692c7546a0f67b62d25197d353ee5ea681ea4
21278.900440,37.935258,failure,11f29aa77a317eecd5145f4dd1a63323494b3a53e4d5e52bc55e448571b8290d
21298.639230,33010.267711,success,0c8eb657d26a4754fd292dbbd17920d23d24583bbcb1101de80ba10b5ad2754a
21318.467654,27480.897553,failure,1b0587eaf47297eb1313fc1e04dfe083ba69637941c9ef5f374ec9dad74d3d99
21338.934500,117.813449,failure,37d6ea60744b47281688f28cc86969e9343d329831e0a0be201867e60015b00f
21357.647857,99.449163,failure,9eab2e994d726255c21fe9cc175f83453990221bc9287ea583643b46d97730c1
21379.141909,78.279166,failure,1ac55ec5375002c7a8237cf1fab94f194c6d4b83b1cea2c03fb46bcb1fec8d60
21397.546068,60.175098,failure,1c67bc7d00a2b9a06ee9699bc747e2d599671b6f2a10c5c01dbe19251c6206e7
21418.997832,39.072676,failure,190936d9fb1d98f07e6bf997a1bca829d913026029bb7f9971d91aae8a30eea6
21438.380197,25403.980418,failure,ac4fdfe2aa76a536ee6b100590e226c065cf296455b616ee761826cfc2ad26f7
21458.436520,24717.762333,failure,d2a06ef78f935a3a07b7ffd6c4a490b87b90f0036098b708091d2a170411c4a4
21478.803583,3.461785,failure,b193616c91a66d9572e70a8a956e4566d8a076fb913d47593154f56bf5c1a0e1
21498.813780,37.939605,failure,20aa90854850138e5864396556fe9fbe85ce97357cc87d0f26f91987fe1ec615
21518.470609,17.932263,failure,17772a28fd8940a688c8a5f5a629f2bb18ebe101444767ac6511a9c245e9f45f
21539.267872,28616.973668,success,c416e3457b624094c02baeb2396809ba3c89534049c58aacff14e532ccb3b974
21559.040333,38.114516,failure,b4f60f0ea2ffdba848d35ca0f4e50590f8571e81a81af4da81da1876bc536632
21578.486004,27242.838381,failure,c09e962fe084d71fead909ee51865cccdc6bdce1273d6d0738225fd1819d90e4
21598.737395,59.722397,failure,a9d9ba66dee6441643fa26dc795bae2c5c0a882594569b68ba663e04b6066461
21619.230028,39.987706,failure,fc070c0358f5fec0a0b0660655ea810e7268596f39603b916f05592e791c83b8
21637.694398,28523.726367,success,a5371cf4df6ce646acfea7a926448265d1bf16f2bb23c0306673a2da6ddcf618
21659.908312,89.212319,failure,1896f0c2dea37f4998313411daed6738ea9c16c4e9c50de5a118eece735b16fd
21678.439664,70.929774,failure,a91d861d2e990ec84e1ffe470bb75e5d64ac121cfe1c3eb875b772190516dedc
21698.996475,50.605149,failure,f1ebaf7a205ade6e403e26f06df3e886fde8ad88804ef93677365b90126f61b5
21718.498230,31.331954,failure,4455ea9b2e9edf1b9db04a7daac769d743676f0419dc6f0f509eafee2c295dc2
21738.964314,32570.293142,success,1cc0dbd23805af8551ee35fc41791db39c36941f419eed514b1b8bd23f37df64
21758.419303,34741.875231,failure,f7467937fce2e109a8fb48db6353ddfb904e276a6517e51301e970de23f3661f
21778.976234,5320.705576,failure,564afd684afb35ae094e059939e67a62e18485af0be0b27cc93de9ce529eb053
21798.448685,32510.197066,success,99ba2bc74bbde7688f54f16acc631f3a54bd12f537a6c492e695639627562b51
21823.414982,27197.173073,failure,35071be56603fd3120b9e95a76fdf84797e8eea225b2d9988814c90f3c17387b
21838.844409,35814.413402,success,00281e669405d09a024100e3cfa46d7dcd4decac68137ea00acf44db4e4eaad0
21858.953328,34440.106019,failure,653f14feb94c3ebac51c7bddde0e9530268dc94a0210fc4570fa2601cdd5e9b9
21878.614695,5617.061122,failure,9ef716334c083f6bee989f02fd85160b191d683b994718bb31f9e33ad53c352c
21899.205920,32410.291858,success,e130700a89ca312fac822d0588b1a6ba79fbfea2ff373f90e92329d7767ece32
21917.720191,12.907838,failure,f42477d93445014398ba30fa2b1cb356fca2642d9b9ee63a4a8ac9cab6c854ec
21939.210126,3533.213108,success,50aac250b21c8e47c5135e12a7a766e79cb302d9177adbb031c05bf5a07744d8
21958.893383,20.982643,failure,480f8bde36f2c1097d2b23c0f3c88365235eb4f7aba2dfc3ec6f2453e9b28316
21978.476346,106.873755,failure,784743b75c0743f9caade8e06b0440460e33b144a0806cec4a13eb9a8d88a2c2
21998.946368,86.975683,failure,0ca9bbedc81b505d66130d881d46b50db15e2785d71d270d9c880684e9c4b70f
22018.557714,67.622622,failure,0db104f25a828ea54de1a4db8db07b6ce056ad3f08cb323d0b6ab0b4127d4634
22039.010043,47.431712,failure,b1bffd71a35dec70da385f176a95570e361d2d579d767d1d999326bbd7c5301c
22058.491761,34216.060102,failure,cd9ce926acb0e21afed2af4bf0e3a78e2f1abe82063eded116465fdf0ad46512
22078.978674,35573.810706,success,ee31b454ca74267f02ba4e6f91c71e9902b53ac3206f2384dc4657a7d8a48595
22098.999190,63.293119,failure,355a31cc562b65f061484cb2fac5670dd0fafd8985d361698c7acedf46e85a3c
22118.864093,43.964260,failure,736046ba6ceb3a0fab3ccffd710201c73857eef9d2e62b4a36c1d36e7058ae39
22138.350851,24.723484,failure,158b2c23961d4228bc1f87a480242499773d8898944bbfa8d2fdde35b056b476
22158.813542,4.504110,failure,dbc809c05f5c7cc2cfd0ed7992049597f8be15cb859150e8dafb911c66d4c0fa
22178.810447,34316.915282,failure,4a5a4a719a18be454e18a0bb130b60cbee8d84a2ecc6b852fbef41c27d01381c
22198.402860,24805.728080,failure,9d8d071cb93a608ef68d445180f7b490bd8d2b77f93cda42732f8e72636919ca
22218.892280,35435.122955,success,93f8611633e9bb1ba4e0e4ce30cb30cb688c5e0400fa074ce33af0888f9ec45a
22238.361627,30729.157908,failure,36ffca96239400f7b9792f13d1adb04371c9e4c8778a7c11b316c62b93406cea
22259.253716,35411.128078,success,fa92d613574f17bba8406cd4162c46a115d67b8b6353a95463c5a6bf51fd2d4c
22278.805454,27882.355403,success,fcceb23c3579a62deba63ae842eab1bb9324d5d739d840a58a6c3f1ff2700c77
22301.854173,208.002474,failure,058bd3684c42561a1d1c571eaaeed7f1193d4586f8df6e486f3fdfa805357610
22318.433593,191.662834,failure,b96b78925b290d048cdd8aa082ad412443515c865ac01619aedf6c185840d735
22338.886296,171.450442,failure,3695515f0f826bae3fbc3a70a90062c69412e2f94cd1bd9c84275a79cab63417
22359.248482,151.320262,failure,3d68006c5a3ae668e24ccae759e0921f36d689af661aa6d90f3742ed751a5d5d
22378.676473,132.121402,failure,a69623e6f7f32634026c24724a727b22d28cd352e64f045876a3993f8619e0c3
22399.084663,111.953623,failure,132a49d0f202649e5669091648b079c61a4cd3b838f6c5b9601b4bca9d0adb54
22418.421757,92.855258,failure,2da69a1b58ae2ef0f44e3cfb329c33134a5aee22823efb63562e0a014b2e5fc3
22438.788542,72.720549,failure,f75c00c01827c1dc193cd22958eda55f50fba94082d2fa970571cb7b7de43aad
22458.372760,53.359020,failure,079d0702241df93774bdbc2f046b07d79ce26f4307edbd0eb76b681bc73694f9
22478.376187,25.186644,failure,b445ee8ac30fa753a64211d5690717227bf41d43fbebfabcab91adc03fd06fe5
22498.739976,10.548147,failure,22cf17057cf493aec93db4e498dc07fae5d816abdc9dda623d2fb5c3a2856dbf
22519.175647,35151.570638,success,e7e788aa49e30478b2a102aa96b97f1ba6aed2f40685121c4ecd8c84ea02b53c
22538.073344,33737.483588,success,39fc5af00268363365e9e9c824126fb470f974986947874dadc954b189a642c7
22558.397260,24274.162806,failure,d5cb8122636f1faf808f078edb78770bb825c1499b7224e83a89b75c33de67f7
22578.408552,15230.536936,failure,75549b0c80832944040287e9d37e12a91f2eff18af84053e3105e72cbce467d7
22598.409094,11635.476803,failure,fb31ace921afc971a693c0a071dbeb615a1932a96c02757318f02f855f13d4d4
22618.386324,301.999438,failure,59ac439f649b8aced113980e020f3cc1ec7534dabdcbccc4f13dd0a62a095ec9
22638.919434,281.815709,failure,9a8d2e04d2575776fda77753c912538348744d6651844da091b169021c58413d
22658.521504,263.369000,failure,6194cd944f7592795173203d4f6c3735687fce3f293d381a2b4479e85ca1dce9
22678.420850,243.718682,failure,f27e3e2a2698e378a0b5570933c3fa0a635987725fd406be8bf13a1b1f2c0d09
22699.062189,223.313366,failure,21a111fc587e5de643e5688832306073b6102355c4ce01f3e71f62433bc8ab20
22718.217810,204.386795,failure,f5374927cc4d33bba719627ee46603861174cbce1007baf281679defc65e80e5
22739.387899,183.440487,failure,b4f960ef2ab9f99adb4db4ea2aead3971575c69efd0e79c8839ee877e375ef09
22758.455729,164.619240,failure,f77417ebe88ec6060e811b5891606456e4d5fb69e63b753ae9bd4afed46ed742
22779.111995,144.206351,failure,52c83e731e76b8acae4e652250011d870a4bfeb3be8ac3d5600101ea8a4f4f85
22797.616110,125.935234,failure,9a7f61a6b3115e89e3e6c9530c749a7093a818e2df1d7ea3c0b35e0af27c0537
22819.145839,104.629596,failure,7d0b1470f73680ef054ed71212db1104b941203a3b34251ebb2a8550f70821da
22837.566461,86.433587,failure,559f55748897bfca87ce0a17b2d87c8f90f49d7331a79574890e895a63b83844
22859.031351,65.211372,failure,33761921586466c4aa44ec8e66c6002b816668958a6576eb428739373c291e57
22878.469401,46.007452,failure,8514542bdc8e75b3c9ccfcf27f3f69f9d2cb92802ebda84ef0bcaa02dc6a1dd1
22898.925620,34771.997129,success,b36d377fcea34cbbc8ddabe9476cd669fc8a5cc85766e4f98f81af45afb7bfaf
22927.118153,34736.060439,success,67d40d0531e0f2be2e39a5b5276ab3ed3a008ed3c291b9e0ea0e9b775ef70cbb
22938.034646,10553.379965,failure,c443e6daa91b65e495637595e895fe3072bbe441e64660fb1c4ba43174169c83
22958.685532,2.573515,failure,45c10880e135a199eaff5a042ae90b07ab420445933a10236f23a0257557b0d6
22978.820060,31.156445,failure,5fc019ffb92e7dd537177d837d6b329645e291fc2c50a74070fd1e0f87b0ed74
22998.374964,34653.289566,success,88a82a4482de8adb147bc79b69ca6a49cf97720f92907597ee035dd956ed9a16
23020.359068,17764.254852,failure,cd001eb29b9b10cfba51d37330540aa0e0589d08d64e3945f9000db9ada4b60f
23039.233563,22.189701,failure,91057b55476571adbeaceb2f47caaba85dd7403c090082cfe8ca0e9fd10ffb8d
23059.812457,5.792175,failure,c2d3151a35bd81975c06f6d670c6c296fb9dae456e5dc9aebb94a6c9f4ef3c87
23079.203179,4.086363,failure,2876234b63c1d9da874fe0433beec89161012c2ef68fce6602c93f55ec3279d9
23097.800615,2.485133,failure,714cc1c5c3974600fc26365c7a36d8af4751043aa29004cba3a8092ea48ef990
23118.841309,3.465443,failure,f121d292157afc1d6ebc11202d118d811daec49252bbf3125b48d237ca3eb902
23138.910599,33578.413197,failure,3916267aad5e92c56df506a0e56b366e9d580a51b0e0dfc37f45333936833995
23158.920080,3.403128,failure,281e5e262e6679a0f4c5d3a30a63255a55ee102de272769c732e84258c11aafc
23178.971157,34474.194375,success,d9ffd6bce9b600630021e92d1f20881ee4f88fef075a830fe7d1ac6be4fee654
23198.594719,31109.551373,success,7d858e9f5000ec41008621b337312a7585b62d18d1ed6ed8f293cba735f0e612
23219.143300,7221.128953,failure,12f02a3a518a352215be5d98d1961cda4523cc15defc244864db9441523be8b8
23238.009140,11519.585901,failure,7d52d1bbe9be63b7cd066d765df059b06f9c2abd4e5b107e1cc36cb7f8867625
23258.567589,33623.118654,failure,c89d48a41ce1fcfb2cab57cef806f4d1ad6e62be6057e89c8dbcac0d612e3200
23279.059225,824.301592,failure,58760f2208e855150e19dfec1a5e7447da311bb6bbc29961fcf46786482a0947
23298.477290,19018.231919,failure,9dfe1c84d11e1f1b8cfc9797740da7ca5d839f54dba237afb64c2391b13ce848
23318.913484,784.782489,failure,bd06f088c8e581d8962dd3840e446461f09a1494db733dd598cbaf03f45ae405
23338.328984,764.917824,failure,64d814c0112fc250566b9bb04f4539a04049d976c05360af3e293549f241080e
23358.775848,744.949769,failure,871aa19ea596693aad413700b2a6f3243324ebbf3323e0d08b15e3841fad3c27
23379.212332,724.395499,failure,ff7d8e24be2758e13af3b8200a218f822d28ade93e04a88435ca7f2fbb3a5c9c
23397.660997,705.856929,failure,65e4644b41a99ad52fa48ad3349b19cb40fb6af4e25f21b2cde01a2094844e2b
23419.130388,684.358284,failure,065ca79753364767710b0b3d3331bf21c3e2526f815ad2293bd66472db6f7855
23437.591226,665.987441,failure,f63604c5b093c325f61a7b86819d8bf5f2556085b1658f75a81de566da2c46df
23459.225450,33043.689705,failure,bad1ede1b36c6d5b9ab90f71b66782ea9ac78c41156a3ebbdb22d677f8cbd220
23478.730003,29593.812217,failure,d75d63da203901f2e3ece7334b1f4897276f780f647c3c5403a641a88ee5964a
23499.206341,34162.944571,success,59f67ab399d16dc04e28c0fe7dff60c5dfec2248d80d7b3d8df1171ff94b444c
23517.576752,32756.667255,failure,84cda494394cd63ced2bd95685ec58f75a97bff3b03153bd834d1378ad235b3b
23539.039361,28349.284548,failure,ea09785c7edf30e6da0e1e22e95bd4ca17a0a364bab8fcc136ef45fd4530ff94
23558.411632,545.015928,failure,9f4cae179a8f1f74aec9a98adebf17dafca3af6ab07e3edb4324d8b44eb7dce7
23578.808674,524.587288,failure,64ccac1187b6343d5855e6a5f90b8cb7520a980266812d79c917e8df24274faf
23599.513561,504.123083,failure,86026671f414b341c7761deda2912b9e7d462d46fea5df2a87bb1ef2258d6bf6
23618.989172,32668.736636,failure,1b076c2edc641099215a2de4503a33e26d68c03e8bfe2420a386e93ab168146e
23638.364959,32637.015298,success,4a38f6c0f12ce331c02fe0e0bcfc91d4a29eb94639e60d50366b58c3b85e8d75
23658.818505,33994.064377,success,215bbc01462ddbe20c969716ba76d0224b72e5e81077b0eb1700bef91719511b
23679.251433,12945.607913,success,2f046b61ee2771f2ac0c39ddb5f3a68142497e95756f9b725badfaab042883f0
23698.680047,21964.408755,success,7dd82b853cd3660f381d257fdc9c9cf237f3f9b5fa6846daf10c4ce55e0320d2
23719.117594,30588.596964,success,a4abea3e6848bd91cc527ad393c1d625d31e25125855ae56ca316c4a936fec1e
23737.595723,362.902128,failure,e827d3c074884543185333f6bb33ddb48f2fe00219d5574d2f491f10d2f87e90
23759.037383,33911.617634,success,b4d208122f3a17876bc60c1b9ab9befa845b4a1e67f2a856dab3d29d71801eb2
23778.425002,325.241116,failure,f16cbb190ca8b212e1c98e33a4ca01d8570b2e5969f2517090e2b9fe6bd33e54
23798.889068,33863.915005,success,7fde737e0757712a654a11451a12030c55191f6ca4bb98a9c612cf99eec0a07c
23818.348468,29148.631484,failure,2f210bb387d1bb34dcc9db31c6ac073b778ddfad38e17889900b8d42c32b563b
23838.387854,265.070773,failure,1aac702a88309b07360d83db6d0181529cba546f56ec434f7d4058cd9065e870
23858.845748,33812.649555,success,7c7f403e6462c857d3097b11255dca4e410877d5c8a4f39122b6474f2bec25a6
23878.422193,33784.472277,success,2a3d60ec9cfa3c726ca0689b828a868a567755f51a46f6fcaba844368da894b0
23898.900375,204.882798,failure,ba5ff7bdbc0ebeb7a1026089ef2dd9f68bf355ac221ef22d33f190f5a73be063
23918.401382,185.410734,failure,5343ef0f828fa44eec48e5632510ac6f77952672941f89a59d888232ae3440e1
23939.005013,164.836257,failure,6f7b69c3817e922bd44f797733f978c748332eae494aa12bedf81e5167f1c8e4
23958.475645,145.278735,failure,2284a69c70cd3d82846770d50cdb614f09cf6f5166cc16e3a7484d3419a98cd7
23978.918922,124.951691,failure,6ad1af3d557987383e8b0b8414407ed65dd028e4be52daadf3aabdbeb2584063
23998.336586,135.431497,failure,daeba6f8089d537a9d36f6d049c1ed9fddd7979e331b2e13a3e8942cb74fe823
24019.158628,114.877638,failure,0f77623ca8fa64a7e4f690b9b15e16918721538ec37a4fab4c9fca2590ee93e8
24037.753812,96.527734,failure,cf6d62b63cb872e30efd4f30aab0ee793c5ef567111aa94ce188ee7a33f406fb
24059.171529,75.335551,failure,cd42c5e94604dadb3dbed93b48628a149096bdb596e205d36365030bc4a2ec76
24077.525820,57.203979,failure,4c4bd99e9f0c921c6276d12fa9eaaa315949938c997d5f8a55ec2908373bd1f9
24098.945350,36.003171,failure,99b5e1a3506db5a74abcd4fc0266d280e95bc1b0f6ba9bf9a63c9dc61ca3c989
24118.434206,15.044245,failure,3b8d5ff3868cfd5157405c889699924ba4c0d4b665e9a5c4414b19082bfdd28c
24138.413403,30169.465066,success,7598bf1d4e5c30db954d1e2ae468a648af5c1ea090fb13633f0ab9eff4145168
24165.856105,17.920247,failure,195423480e237afb52da626f7cd85a8d19b0bc5e46cd21b6c2ec2ac91b9be76e
24187.195540,27.203343,failure,43e7deb025f47270e12ce1c777353dfbc083c48f64211df516feaa7162dbf372
24199.479968,7609.914768,failure,5b36b8b48b8c08f9af5bde6c281fb46adac5b00c1db4ec1dda563e448579a42a
24219.173420,5.773502,failure,624e7b100c35c30e41e85ee8edc4befb91fc4101ca62f755ea53344e7faf0cdf
24238.212832,22841.298890,failure,f372db12f0b0aaf0426a3ccde4e5ea6b6b0b41301140c96750930327f3ab0138
24257.714723,58.373900,failure,7f3bec3cc943a975bcb16ff6ce55e9473364e85db9813cd5ffa0932d722bfe11
24279.213320,37.211120,failure,cb8fe70b6c20b0bbb643d2c108324f1e3d887dad679ae90a0bdd06a3ade1d612
24298.105932,28668.651642,failure,ffb89de3c62346e1be9506f0594f4c9df6b3dc992ee8e178f06f7d88780d7ad9
24318.432296,6.851241,failure,d834f892fd5580fd479b4745101df1f2714701ec452bad56b57b7a78e76c5298
24339.914884,23487.896359,failure,0797f9afc4f2b633d6666ced69078073c974c242693bb2b3c03d8169ebdaa44a
24358.905326,41.737060,failure,d5ef88aba049b368b8f3794de52dbc5c104213c19c9370ced4d12e86597ba368
24378.398701,21.919681,failure,66b1939854c233a733d01511886815bccc1299ea8db299aeb665a14b4c23eb32
24398.886592,29910.692445,success,65a03886cb026b6b057bc08528f20a4d2639861979dcc54cda7d8f2777cee570
24418.437954,34.890739,failure,7b26ddc72a51859a9d3b8539549bc041a2a569a31c3730f56aa4aecd23189fc1
24439.177998,13308.129882,failure,bbf3b2b5b15bb024fcea25a58991d94ddc6dfd7c69bc7ac25e914323df2a1ead
24458.183387,27.427765,failure,7d43e9300c24116a7360f49e64adc8858668fcae2b87bb5df4eaccefa90c9ede
24477.808655,7.523084,failure,8cb0b475a7521c79381629550c6410d7ca2b3e66a1ada55f290ed8ef96847ad7
24498.642160,7517.391914,failure,69a519936f400e1c84ba17e65e4cbbef26079b1a4881314a20680b04d0b5a987
24518.846221,26289.151771,success,1231d0f9e11f6e9996e06c76fb337a6668c24b2d2501fcc5297997781deccd98
24538.753055,2.440391,failure,2ea032660577683526508168e3ee1a41f090270bf3e6b52b665356fa6496e536
24558.677411,22447.125903,failure,1e1bbbd3ce3e6c5d8619f0150f958cff364ba343687c37f4da3d3fc182bf7869
24578.746894,3.522869,failure,a345ecbccab82c2aa5534ede30dfd34ac61a055fb92acadb17b7c99aaf915b41
24598.784549,33062.817012,success,4ab2865bfa7e315fc2bab912b44d98b2746de8db3301bd926adb0aff2153d592
24619.305291,112.559018,failure,8536f4d25a5165ff4d05ac5b5c39a498f84237dac94d4fd2458a428ef07d4a9e
24638.802002,22203.449372,failure,eef0005bb27ee9d05084a4f1b6f90e135e04536b912bb031c70b2a201a901917
24659.262052,69.188519,failure,98c3efc2aa6f3ca158a80aa3784aefd6c36c1c804d8e92c2168c44cf6cbf3108
24678.712568,50.011415,failure,dde3f4091a30070c7e11075da6140b3dd881bebbe5b2ff2b34a44d17acc5847a
24699.169693,29.785585,failure,b14a9878fed2245fc294d2cc09d8d41a79fc54c75af9ff625ab780cf420ac6e6
24717.549033,32936.929654,success,82c5773b61d114de9289a44eeb7de6165e02a6a7967060c60403170b643eb288
24738.982300,7581.312127,success,deaf082a54b18cb5d185b543b2b39414c18900377624e18a232e3e7438e392be
24758.985241,5.340546,failure,361e05682e32c310c9ff2710555e31c3f891a7f3bae5a7c87bdb355f0f7c21f0
24778.843756,3.509054,failure,4fd948bd8232b94fd4a9a4ded81bd6b91d5dcd8f0863c2e62de5d4cf078ec09c
24798.940299,3.370469,failure,40a868fc5e995afe24849dad7265c4a98958366bdcc3f30ed5af9d01c57c6392
24818.889411,16.450578,failure,bd37cf0ebf5c8f255a0a56fefae5301a034c1699214e11285c7fb44509ddbbbd
24838.993427,2.298411,failure,eaaac0e1f1107319f750b6ea668396a51b0096dbfe7fc8c13560e53a18ecf52f
24857.859060,29449.940985,success,901860a64796a0ca4da3ea498b520cee803158ba49229da032bcac28fe492dd4
24878.522904,15747.313171,failure,3cd3c753ec3bd8d9b5739b89f1d766ba6f1b3adbb0e89dfdd12c038cb73ab30e
24899.068922,32762.340666,success,b59b6e87c04288402c46c9d7c3319bd026c3fc1492043d91e9e7d40e6f63428d
24918.497649,32732.885614,success,7e81553f152bda5b7acfd19785b0e54f9676173204ffd5d181407bcdd284b45e
24939.046181,258.312301,failure,92a027d2a8f5a2845f32bb48a0eddabeae4fcbb8dc809bd908ea8a978bffe5a4
24958.915016,261.161795,failure,30b8544fb19d91de56a44db2da4762765efc15bb60fdfca526185096fc1f7f5c
24979.091555,240.847534,failure,3da072ce57d396352a80bc070163a1f4641da4d019e3782d0390c5d7ec24f274
24997.981763,224.267738,failure,d6e4b2863442968b4692fdb845dab95001d24f80f5c4a7b3b98bc03d67738353
25017.618782,202.520053,failure,08264d0123239eafd9b576f0256584a59dd46091e2ae194a1a446d022840c25e
25039.291539,176.082376,failure,376f99150085c86f945931040dbbb4b8b5266b23c990e2d59cc9374dc24710ed
25058.853209,161.479723,failure,bcefc419618facb65be22f11dcb44defa15c01cdf29fcf97db27227aee4817f1
25078.351644,141.952084,failure,3b47c7aeeae0182d438e220f0ea3b48844791e8aa50014b910a0b780700dca82
25098.850124,121.511741,failure,3e7921f8a00886dd2202d232e1f45b5ddffb7ed55369b571dd2f43f3098bf502
25118.956547,25690.242934,success,aece50d647ad0a0e064037c3584485dbb5fef0cefa138385e71017944f5b9337
25138.894180,81.379042,failure,1166cbd664424c969c6c3098ead4274dc90a7cff0333c3032fbafa594ca85751
25158.415087,62.018500,failure,e4af3dec32238e5a5a34837773a1273c541a1335dda85df82efc958fa1323e90
25178.466469,31540.297646,failure,d02caa0816d0fb33e1dac04305710d9b6a4f0c29d6a38d39dfb728971daaabff
25198.832238,27745.546707,failure,62f3a3e9bc0ae994f39f8c0993fc88d079f44e326c37f3cd064ced1ab4659c6e
25223.938543,90.907350,failure,8441cbfec48e0412a685ef43464e2e7d359932b8d351ce92760a703331fe71ae
25238.493121,76.077837,failure,5fd5b55b405f221d2171cf432ec67e7125ab97ce333e6aa16d794894b2a2822f
25259.011180,55.259928,failure,d858e6a988d31fc5f1202fd5c269c4bdb4d3d7f5524ea402e0cd78ea987a6073
25278.421524,1209.890095,failure,e477f58769cf27435738dbeb52ba6898054344e55b44cfff9c7fa95dc8a64b17
25299.215400,34.310517,failure,af11687d871fbd43ef9e52b795c9532c14bde97c36fd6915136c31906826a6a6
25318.467253,32334.889120,success,973e61aa46d5be9636607785e1c95a325f6066992fc814e4bfbac124073dde00
25339.214884,2.458244,failure,67e07b34b7216513ecc503905fec884b7654b9a3105b4858222ba566c4bf3b2f
25358.240271,2.478893,failure,7611c8f04dfbb9ae6d2e72d281b83392160fec44087a25c141815fc83c30b990
25379.339257,5.965054,failure,3a60d0f1f26191987be68f2766d4289a6b03f0a26f423c60327409c0c0646592
25398.857270,27.764466,failure,b35d073717ed9dc05a5efcc69aef6ad04b977dd347c7ca4861f21af5a744afee
25418.409234,7.876805,failure,dbfe24f2f0c98615ea63b4390f47601c45b6462dbf8a9a8e6656452e4d9438c8
25439.226172,28868.326458,success,f1202852be504b23baa9d39b741526e8bc67592e822f62c8cbc738f831b238ed
25459.884899,3.438144,failure,9cb78598151288cacc6f79ed731bc82e6c7f22972b2da059bdcdaf77af1c5c3c
25479.327623,22367.286702,failure,fd9afc392cda11abb2b753dac2cb5016cf76dca5c51eb9e07f2d50fb82779d51
25498.410537,32154.664668,success,90695c657c9819122ae41dc01a35f455cc556bf275cc86c85a5f67e970ba576e
25518.925210,32131.625281,success,8d0a7e3ea2004d621e593a3dcd8c4e45dff2fac88c273cb9d0f9e2c3c53d32c1
25538.342016,32392.897862,success,59f9e1ef0ec6c73bc26aa39f4fc7186c36d9577a1a4bfe8e5d783e4596cc2c16
25558.782963,30941.810340,failure,e9643bdfad39ebaf28928cdf142b3af3675bea3141643368190319818d4bf70a
25579.224562,30699.531465,failure,c6d6e7050c25b5bdf349f5c6ea85db954e4c0f1ac72d0ac02ea5c5dd20e1c79c
25597.667119,31110.667530,failure,cc096b4342679acd73cf1dd34c5fdbc716f2fee8bc5551946688b6227f7b5dc0
25619.100349,82.657821,failure,77298125df5426cbf8a2e9ee1e47b47ad1235fbe70faf75d4bd60cec1db3a30e
25638.479897,63.591628,failure,c69d7dc9c6570ba22867bdb022269f6a36ce569365663116922c02eec5ceecf0
25659.013645,24502.519626,success,ace14ecd136763fd5b687ec54d534facd7d6f73dcd721693f0a97d666f981387
25681.572792,31980.239427,success,4b4b14477180f006f5a014c43ed9500007e2b42b9bcd45fd067244fa0a669050
25700.074778,61.903759,failure,230b2ce50788e5dec5b0392498804e2cd6789dde30c9dd5d8065571e20c09291
25718.673002,43.608732,failure,5d9869b7cc9f41e35ac8c8df99a31aae13e84fbdb412688362517b66d460ac43
25739.278772,23.277476,failure,32268a22f3a7b93a32178dceab4b9472f0e6f5b50cf59883f4ccc05275c83cbc
25760.186226,7893.331634,failure,7016fa2f8c67ca20f77fd756e141ff814c4cba64fea2fc35448cae79b5e3ba04
25782.590498,33.211018,failure,838f630d06104b468bc1d9fa0634b0646bf1dee9a80daa6eb39039de4dcca353
25804.424303,11.021280,failure,963068c2f5c3d9d5c26c5c5abad3ff7b51540a175735a45d938c2c5b888df538
25821.439620,109.833265,failure,79239db147d6e8d4b9da9ef2c2cabc170e3cab4c4b200eaa5fa291f3583fab56
25838.894804,92.752990,failure,67145f56fd49f96208bd1f284bbbba051031d11beb16adb3212d93416a03969e
25858.553405,73.414977,failure,b46fcaab91febcb9225e2459d635f5da6accc603347c22ea959073a0073da4fa
25879.110566,53.164149,failure,1972c27adf70a8ce468c709d2eb8706d31dd200e3c01a9c52140349989280c45
25897.658016,34.917060,failure,0d6f4e38c80a87a0808a9e7e56127cb32a34c63d6c19c66759c3013ff4236afa
25919.284871,30356.616224,success,f1f39ab78d38ed97602c59d40df9ce8c42fc9e0d8b5f4434d9347d109b99bb9c
25939.160340,378.933928,failure,ff3b6c83debc69d9bc2779d6232ccbceb82bb721a2f77b40955c358f01266c2e
25957.904371,28350.149691,success,2c5801b3e0211f4c84a003c6b335b0134e3d158b8261f4572bcc4686c4dcc804
25978.567696,339.874200,failure,5b8fc38258948dd571ea03e6804ca2667cadc455af3cf5905ba0883b5e84c4f3
25999.191539,319.543235,failure,d60a506d3ab2fcd429eb99d213c2f87eef0289f96ff5fa577b861152272f7468
26017.954986,301.081221,failure,e0b0633be689e13c27aa989297f1f7c12d598702f8b352d700f6cdc72eb601d1
26038.454331,28270.963319,success,fdf9a6d05fba0e2dab553d7b6b3a8113e0821bcc67abe5359b21d8d94c69e81b
26058.428140,23464.922471,failure,987aafb964a43a9f7836ad734b60e5f2c8e19f9b86bd34d1cdf9d53a712c0634
26079.004446,31572.761150,success,56f08ccfbafa6a90e0688bd1e2ea771e98db2a053d93528d6216031ba497acfc
26098.491281,225.205786,failure,9775ffc09f0c5319235e1785dfe9256aa856866f974e805e069cc5e7262e7da5
26118.983083,26847.283027,failure,4fe45af893312d5d82b136c32166f476cf5ba383dffe8bae60c45ed2867652d0
26138.371029,184.766560,failure,1f96ac8ed8203d6e1d9e4a5887551e04b219813a01c6cbb6ab62c052a5287448
26158.795819,164.625461,failure,e4a4f44d27e7f17327ba9a17ae4d17de5d3de72b298eab882743b68ab4e8890a
26179.225427,143.599588,failure,d3b14d0449e846949cd92aa64612ef19251bfd6b962b5a08b47cedfd1fb17abc
26197.646537,126.862702,failure,ee137cb7de2df31726049c42ec45be79b3984cd80c32438d2a65d00b81f44807
26219.076223,104.888496,failure,7f8a35a6244462d199848d437999bf8138f89f49ea8c982525e0c079818dd012
26238.463106,85.780154,failure,63b6ba7ab79b7f5a21a25887784667e382fe91854a9bc7cf8f216b25f5789d83
26258.927569,19921.817042,failure,f87a9e3102e730a02540f625e9f85235d0395c12302db6c2a34f681b15e2d7bb
26278.387857,216.999747,failure,6a6fdc8c0b6bedc1751908b04b3d18195cc6ea9a5bb9877e281daeb4e99cebc3
26298.386965,198.909514,failure,0e471da70b8359748e34bd76f3d5b42bfdae98fc46d2b99737d465cf6346d109
26325.195759,83.282828,failure,0c55c388599dd05ff5340e9ada523582335f72d32f32bd084d818a078fc270f2
26338.828716,69.721412,failure,4d9f36a9e5a4473687baf43c949cffb155b90fb2a7a7975b8bc7640d519af0fa
26359.285625,49.331837,failure,581c3397483ec7bb8397bc516bd58c796db245655f483e83904d62504510bc2b
26378.731126,29.951105,failure,8e5a8d4e19e0a96fe5afe98432392d5c7d951375302a98c00524e14609c65f75
26399.217198,27908.250095,success,c5027a872f6a7d0640bd035175896afddac9b526dc33c3ed2ce3d49a88b18f68
26418.186044,4011.541820,failure,7ffd83d152a9e94feed2c3451cf2c64ea4eac94e3ace4ec17f1db9f90eb018a7
26437.782222,31213.695505,success,4962bebf94718fd72b8d1c76d8f44be4f8feb120af66a1acc95c630072a5fea5
26465.847223,22332.402824,failure,593ecfe40bb10bf8ec4a878a320219444041a67c6f55bad7ae80b23493a960ec
26478.411958,31172.877212,success,7cb2e3e6023084ffba0e3161f6284d5858adfa5703e473eb88831400d3a4d491
26504.278922,3.210547,failure,ba110468294551414f9f39dd74f30d17d4a3d2262301127190c0d44fbb822363
26518.601476,31151.687147,success,ccce6961c7a00af43f79997d0a6baf3487bea79d66e615b65ed6b86f1b52bcf0
26538.886479,112.465551,failure,fe2d244a42de66cabc17a022b47dc5b282ca091536f0da5d324db1e1996ce28d
26558.476175,93.215238,failure,fca995fa02ab58fffcf27b5dda3d4be8b5b16cbba058ee87e2a076c1d39b3dd1
26579.161994,72.788385,failure,2cd7f71e8f49b52a38ac24da52bbad828ba620d203a10978bc24f2c396c2046e
26597.795925,328.837935,failure,fc4fb99d64c6237d10fd83942950f5a21215549822a2084868e88080de200639
26619.270693,29740.513652,failure,0aa658c811f7f19ae99d5a102c82c32405125a3aca6c9d515b1c18ec57a7b4f9
26638.727996,31013.415886,success,3fcfd296a5ace86beeddf93b120f1e81eda83363b3b1ef94cbeda37468bf7dce
26658.695546,30994.278323,success,4f92031c0cca6c7fa4dbf76366856fdf84bfecc584efd2dab5ac7099e199765e
26678.460594,251.650863,failure,bad19971f997e9c42f8aedc8089015ba327826c50f931adb43f8b06ad7099649
26698.935887,29589.909330,failure,8729a32b8fa5cb6956977f691032fc134f3ecf2700e3540a6aad762beff430b7
26718.349529,211.639222,failure,2b9e0b6fa339caaf1f96116c173e523fda5e8b24de6919647cfe867d870857cd
26738.816567,191.371220,failure,a0c0617f304a313383a7c1162594dd1b4424881f3f9f95581151125dfee068e8
26759.258177,170.999718,failure,23a8240274c798f06acacfa3d57db06d5970aaf2bafac2fd2f8956fd7d33d4a6
26778.690465,151.632901,failure,8931218b23d409e4713415fce396a439905d2f86b96e433ef7bbfc2ec31a913c
26799.131714,131.257032,failure,4023aec07d08bbdd3a0baf8f92c918bc5fc0fe2c1d2dc586b775cc304570d90e
26817.480442,112.985996,failure,33aad9bcfa1499a591f8ce3695667e0d346a146103df401fe524e4483857df50
26838.894638,91.639044,failure,2404e85e6eea67f06b23f115fced6b981fd2e41188b158cd6cdd4ef8aafa461d
26858.311177,72.288176,failure,5f4b7cdca5dc3bdd3eff528942d5caf6acc01e6770ee02fb42c46e44d5d4b89f
26878.795025,51.867684,failure,119d697b3dfcf40e13798a10dd89cf785e1814f7f01e38c17c9e38c3c2602411
26899.228571,31.498586,failure,cd9dcb482ae2ca8a8b400e82455c9a98024bdb0b11e978866aa3a985b596228b
26917.646815,13.146283,failure,f35b6863901007b83e4b1d7a4779a781e2ca7dbcc449575fcce270575f0e5da6
26939.326650,2.512154,failure,da2489a16521fbb2a8f8d3b95231aa3ab2d3ee3357ab97572d72abf2d75be62d
26959.373045,30712.035187,success,5e9c7b426932c24c928af8be179b258379c22cc3d946f6b7fbc6f332fab324b2
26979.330536,106.344500,failure,d76fc90f3e17c06e9ec8319ef3a8d771aaae78f67ebfb33759aac69007a2d7ce
26999.104381,21787.908753,failure,ac0beb9d80179cbef89f80c534815f15fdd1506bc2f4266d8e6622dd205c77fe
27017.712695,69.521004,failure,8d54f1f27ee354299bff17a78b4d072340f133798d1c976f424b98f90e3010a6
27039.164410,79.304874,failure,b2288bab502cb01a76c2e22ed5c057c03b28710e0e3c8427c95384ca6fd551ea
27057.515832,27386.992331,success,81df14e65d205ee47f3937503c4d4b1fdcb7510f37c575c23d0224d4bc6109b3
27078.919470,20.518842,failure,de261d97b5aad6be8e78455dd8b63b1db68e4787f3a8b3a3806cd4441f329897
27100.348905,5.992605,failure,29b1a51e06ac7b4a77d1ca65cd4bb1adc12e03a8a64b32dfd3bc7590ee8c67b9
27118.901427,3.735110,failure,c5c091126a0b698bbba0fe56f200dc0f029532b207a878c0c9c0ec55a5a526e6
27139.240772,22113.063921,failure,6f3b222f5c293b73bd198889b20d7c88f75e2142a0469a246e2937979e592927
27158.607371,18912.913709,failure,a43ed972a52f459be42879a3c9f1956e8f54e93b721242633eb4c3d1f773e35d
27179.652602,25765.087377,failure,ee834db7d30535c0ba6ab10946eb7aaa5366265b7b61628278fc5d2ab488c91a
27199.390463,23608.328836,success,80e012135f375866968ece3358719ea3c829f0c84e4373c15d2e07af9c60264e
27218.961777,267.939645,failure,1584f8736976d6deddb4fe63dfe8a92c3aa9cf1a0dd67fe0006bd4327654a693
27238.642212,248.291349,failure,8b28d1086aa9056c3a8ba0b9b4838271192e1df08790992842ed0b8a2b15462a
27258.621015,228.247737,failure,0d1088c2fa807ac25102466001bde1afa3aa03d4ffbbe19698225ecb1f93c23e
27278.509652,214.574144,failure,1c0227bb7ab2701259e5f6fa679e0eb7efe555bf7293a75546e854d424463f18
27299.230638,194.111553,failure,50724ad61d5e2de452de9cb0845eb5707959f6c34f0b9b70f75e4246a42eefc5
27318.823973,168.003593,failure,52f96602183a11b3bb8ff3c5dad1c05444e55fa5edbd57a8105f2bf82931c7b9
27338.359672,150.448452,failure,035bc7ec8ac21377d2789c4551ea6ef927ceb1a28db1f22bb07cfaffc7085507
27358.835968,132.730381,failure,55bb31f1b08737d1f061c65fdd6508d2cf7d1cbb15e40c092484c1c3ccbe8bb9
27378.266765,108.978278,failure,0b4d5bd8798d3ebee4d2f7f0dd4cb5d114839bdc97d39a1c683c20c61dd618e2
27400.489950,132.821939,failure,de03807b4e0f7056e23ea929942924c24e01b8b2c2dcc8d387b0c25c76fb929f
27419.015493,30233.220438,success,8faaece8f9d07db18b917fb4bb2489825885ecd18931ba65521baaccf09bacee
27438.534973,48.218417,failure,a8bc522979462e4d8ebaf99b877c7f73468a79ec3488bc012e330beecd4edcf2
27459.184437,30203.064856,success,74288006f79049dbee0982c04b8740a46192f5812d8dc0eddef5afcea9b79adc
27477.536953,16.526653,failure,16391292c21c336b74e2bc9de4a3ae2e3eca605d72cc8ef745196fb4d9984474
27498.720679,28.310976,failure,8ca1872f6d09c92007650442db9843310b8b33fd777ced11a88e8575f669f1f4
27519.367178,7.947547,failure,6d03bbd59eca23caabc16a0e54d1d6d4a9dc373bce291a9c2f13133e871d1573
27538.778749,9.875357,failure,5666f19a95844c22115b3299d84675faa6012b34a00785247abdb9dfbdc1dbe2
27558.649223,30111.914846,success,5a5e4289a6b24556dfc0c5d0640a6d1c2aeba7ddbc25c8322efe44052a07e4b7
27580.307030,28918.764684,failure,3497d8865a69e9d42f4b9e2eb12cd41f788890a0781341596fd4503cd24b4455
27598.988239,21187.039774,failure,75928bac94ce7c1396dd1408ac7af90df7513278c48d866f5de950e27950bdf0
27618.899428,5.372407,failure,cd3332213ac92c339d90c7a508ce273172ba95fd7d7261bf1437f6df664a3f56
27638.794437,21080.345915,failure,bdeb3d73a924aee7930ac243c74d9a875c398aa4608411edb8d3924d35f20d5d
27658.359139,28639.923278,failure,a462b4c4d13df7f0136e380aef9f999f52b55c06911b6f96a85315851f7e4d42
27679.295200,29982.650755,success,1285a28ae2baf0372fa87992208379dcd153c4a97bac7b4788a7ba89b3592a87
27698.757394,149.313518,failure,d8a3928e1eeb80d9520bcd584c072ffb580bdaacfe8fa34ab9ecceab0964f2b2
27718.936044,129.983396,failure,75732dbb50746b22c0ee3fdd880837f032ec9bc3ff91bb87c9fdc79e13f901f8
27738.334371,111.121174,failure,0462080df74d7a805f3ccc729951a6d08c75e43e964913b5179783100a5d0f15
27758.836214,20960.267110,failure,15c1f550337fed101c17ef20ad5ade94e4d702be93531584989595c916e6c0b0
27779.275844,70.945307,failure,4275e722aad04db8bfebc367abf46e855385b860587fb84ef6f8708ab756a17e
27798.951830,50.753544,failure,b1a134899ce9bddd95ed64baa2015b086dec4bb9118f74eb722d41d6f10d495c
27818.400550,31.528755,failure,42dd47d6c097b3a0360d697a2fcfca5b8eae8885481451d84b7759cadf89b80d
27838.821585,28437.171259,success,6b207212d453f9396b5c9d0088454207545cf68ed42cbe2c665ff6bce7bdb385
27859.337975,14708.248435,failure,45468c85e65d2353cf1295cc4966a7a3c748111b7211b551b6a37c8d55df6fab
27878.999485,238.176543,failure,04347f24808c3d616c2a4f18ca051e56ac38c79e5b6ade24cd34ba0d726032a3
27898.438566,219.040128,failure,8b23fd3ef67abb3e48b7850b27de9bc7abee3d77348898c68221e1157bba2653
27918.922207,198.804232,failure,4bee6524e6c5ecce184ad6aaf13a529eec2e30a6f2c37dd22c71141c4f0baa31
27938.328558,180.323732,failure,d136c4c8fac8d80ca2c72de16e9aba98ebf27b67b3fba5e1c9e04cea60d8d3bc
27958.720389,160.382228,failure,a6acfb65472dd46c1784feff5ac0b18f12220f4894bed1dd745213b34d8d9969
27979.133600,140.408604,failure,20949881366638f9aecfcd994d3936ea4cad449df34b410464645a55231e22e1
27997.475426,120.723872,failure,615a16c356ecc80ebc28f7817cae4ed9120e0c1701f6fddad119e619faa3e15d
28019.409871,98.551991,failure,4fe68639736f618a0555dc4caa0ae7ec174e0b1fcd32e9aa8a7b3a9b11d49ab8
28038.878116,79.551806,failure,7a533d3a8670c78929fda4bd083b2a52ade682fc9c9618142f4edc9600fb8645
28058.318560,60.553734,failure,623c9444bb1005da4dcf6508efd463d810d25d80f792ac57f2b30b73a1db8e31
28078.729908,40.593925,failure,d46df5e27fee75822212923364d198b2f12044866b3c3870877dff815e686fbb
28099.193992,29554.622116,success,eef18941cfbf4ea45305ff8ce77b0a2171e59cab3f9c964a24c136d623c4fb7d
28120.329510,5.215570,failure,db81f9762eb44656b275f1b6f786f54c60fe65a215e21a12d972f42fd02fbf6a
28139.047319,3.226396,failure,fd816c0b3cdb962c9f418267823c4a87823012a6883b57bde13a99a10880000e
28158.567191,4612.198874,failure,3427f1a73b7c1d11074c4bc37261b71b6b0ec0cd179423a6d6379e9d8d65bfa5
28178.406991,28321.315691,failure,44890d67eea652d496aeaedfccfd75ce42595debf87b3c48412f84260fa6d0a0
28198.962806,21432.341668,failure,e9e5a1f9d786aa5ae579a4694fc8e261de5e0b69f262899f6c7814b1324ca50f
28218.391951,28473.621214,failure,8b8105ae541ec48f712ee8e70b13613781633f3af5d9d9917379c482a73c3029
28238.370646,2.930452,failure,017251860712a193a95f3308a6dbb6caf03e77114ca546bdac6dd9bbbedb05cb
28258.792214,46.781824,failure,c8c78fc3642e61e8206bb587cf6ba314437d0c46e645626ef685ab70c4d6f31e
28279.291846,26.510932,failure,59e9509a5f9829e1dd87bf258a90bcd7a56c89b0deccddf2f7943297631f7c48
28298.759221,6.550261,failure,c4fe769d996542d3c859ec48a96407e3e3c1e4f5d7b37a00e479738a8e3eb87f
28319.282066,2.981876,failure,c1e145e35380ed7279f9112d0ad93c90c860c10aae1623088b23829dbdb2f556
28338.726118,4.533197,failure,de66bfc00dfa60ceedc8435e48b3af726ac3f90456fc6c17a43a214de73d6354
28358.716715,21806.651318,success,b5a237f3fbd3fe335f3691a62c42199f9624d936ee84deb437f6f96e70a62027
28379.328062,25928.053133,success,2b72ed030e7bb1509034a31bcbb6c0188989af9980a9409bec5417cb9a1500d2
28398.994673,27876.477173,success,7759809ed7edbbe373d8168eda18799623bd6a222252edab16aa79fe5aceee46
28418.499768,20483.873096,failure,a822849f124ebdafcfe1278b9651eb7f8120308e18cc44d10d85bca95d34b626
28438.989862,21825.311206,failure,c5c08f0ba777cbd441171a927162ba93d7c240a239581220dd22b1c0f08f4972
28458.393741,25849.836215,success,719c6f4556dfe34b08a81a1ee21e01e5a4b6dd7abcb9c359ce889631897720d1
28478.878425,21053.466375,failure,eb899e49733ae44fdf48f88ba8a3650d5e35ed46e22b8ed0f9993ce9e4ad96b3
28498.347023,227.474511,failure,38c9e2184459949e9c893cf86b08d944e5deb05611479c5a3b26924348689dcb
28518.795761,207.097114,failure,04aeacd945fbe3260cc1ea8f0de7b194fe0ad547053efee2fcffd20be78f958e
28539.250200,28158.697001,failure,daeb6b815b9603cae7d4498b526386b421dd8f289b609e43aa8550cb2dd1de2b
28558.713498,167.254365,failure,e4945c98d95389f7e30db8f987662d9c39ab4adf10a4548cb7d126f95d2936d0
28579.189917,146.808833,failure,de73162befa962c67ebb159a2577750465722061799781396b49cd6f16897133
28597.581266,128.352474,failure,23ed8e431abf0adcd0c0b469f04e830819c6a416198d46bcf8ee50dc1bb2ad23
28619.006247,107.034169,failure,835a29f3bfb7c1853a67736a012308100f675d45218639287363319d7f9b5f6d
28638.367919,87.707602,failure,c2f3722ef18851857c84a8e16573a82c7a6b1e58038027a01718d482955c4393
28658.948018,67.188375,failure,645aa0b565e85499828c356149bde88d2f96d374efd3c5fe434f4538afc58cc8
28678.314498,47.791439,failure,2aa0ed500e1443363e82996a48290c3043f8070e6ec631ad94c76d4cead49e9c
28698.824870,27.340115,failure,3932fa6e967f7912b9159ac1251dcfe7bbe282d1aae1dc97d2a64b3ba026f589
28726.421326,6.164643,failure,cac1bea5241087e60dd6c312cd8f1eddd7364778bccead1eb9435ebafcbf7d9f
28738.916696,9.373356,failure,58ef6ab5b543a154554ce276014a922e372029faf234f0552b27deef63994b85
28759.347982,37.209893,failure,85388fec80d0945c1bb312fd234b6dc97f6fecde24b6fdccbbbdec9351f9e0f4
28778.983337,17.312627,failure,17d0c7c5feb24999e76e003c146a1d81f5bd43386ddbffeae4cd40035ef3c335
28798.998488,37.540851,failure,2e16379b6c5249a133e49fd5e270b6608c3e86d586fc5d6562b652972a400e68
28817.604672,18.680861,failure,3f32ef9ce6c3cabecdbc004702ed4204919e46ceb73ebb04a9f8136f4a788f71
28838.973370,32.301538,failure,a28ad6eb49d165d28f7b092f14299c9b9e5a18bc7dceaaef592e40aca6f45cd6
28857.552945,13.977923,failure,7bd6e904c052384bce4ed50d107f1708c0b4d00966edb8ae55074d023a5aa8be
28878.991391,180.601580,failure,b9202c4d2954ceb65f050d2e49e47a060ffe5cc59df79ba23c9463522b52d427
28898.718403,161.110651,failure,1e686faa374e6cd1b7607e20cf129ea162c73289af7d288811476f03775d7079
28919.230167,140.087869,failure,a9f74767b356bbced450fa1022512f9903738d1af77c0a174c8c0ef3db2fae93
28937.717202,122.631116,failure,cc9903593b814f3bde7794b8e00429d225b7d2eb6cc9508ed78d808ab14d4a8c
28959.188118,100.927833,failure,ff7d51fdd0fbef89dfb9278a1f117647dda0afc7aa4beccc4b0501b299d1099b
28977.676585,82.906033,failure,a576e45085c996bf4e7348a437e12dc918715a58ad524e9f3886dc01f7f72d80
28999.102829,61.761206,failure,cee4bfb18b9c420a9b40d5af7eeb7550430681ce57d14fc1ae9c1f7fa4a34124
29017.658520,27271.485046,failure,b1122d7c21dfee2addc4dd0ba7e7022e1f7a09cd2112a1beb02f68a355a795ae
29038.869017,29.585640,failure,07ef24aa7a4a85824670a9598dc976818937bfe1d5962b557247b00e76c3df66
29061.159568,7.608134,failure,9534063e17402f5e8224b3e7411bb3d8c2e17987daacc9f086aca0a39dc0f00e
29078.257782,29.524448,failure,9cfefb0a0c281a6619e7703393c3d7b3522323079a7325304e2687f643243ee1
29098.814929,27599.428597,failure,8f819f48950092c63f6ba221a74ae73acd02ce90c11c811de21fa7b9be54c57e
29118.819202,19679.717983,failure,dbe01b8a654f97e64ddfb8861b1b834752acffec9ba7d3b35ece5e1ae999fe73
29138.915415,31.872193,failure,2b0119ea6432f60dd85671172ba007da42c3853c7e86ee4c60e6ab4630081eb5
29158.350363,11.909716,failure,0ca09ea5a5e1e832a866144f26873de519be5697bfc2e03f4ce73c6108f3004b
29178.810715,28475.775630,success,c0a0e5311486a82a7d3670f26eaf97b6b2a3f1c50155530f89b2e62412810fd3
29200.680415,5.007548,failure,105cbb76412c670f7016b6602cf07e07bb0476dc5abe172351a26c472fbf68cd
29218.542634,19580.322253,failure,a8aca07db04c4f7cdabf0c13566aa1fc17bc91c9cfb2727d090b974373a9d84a
29239.647941,26.747219,failure,9335bc510474922f30c8a2c67d913db1f67a77356a805d0306b8c713b5b7aee9
29258.817551,27458.170968,failure,3f7b84479c915abafcd49fa16cbc2ccdd721bee6019ba9f02a810dfd1b9aee39
29278.934342,14.457606,failure,03fb03ce10fdc6f99db3de24d89ea1785fd25c27e7216ebc1d1e8e62a8b5035b
29298.529043,85.904219,failure,13fcfe11d0353cc3f337ece8d6549c0a25468cde544d5f0a612a580f6edacb8d
29318.392408,66.322251,failure,cc99c11b5cebfddceaa3e58ceafdddfede2669cf6ec2821703bb7fe078de588f
29338.949558,46.003349,failure,92f424f2f448a6729d0c74ec27531248fd3500e7019efc0c2e91050cf9d8edbf
29358.385838,26.797542,failure,4939eca65d7eeb425b7f4936c764bc2c54486a770803ba7de4fcff5f0399f7fd
29378.855657,6.606876,failure,cf082a9f316a0f76c377df22c4367f33b6100f69456ba60deb7144f979c7099b
29398.905876,90.394046,failure,3392e2d2ff836a784f99e17a61f1c44ebe2766cb87671bf9d5ec2d8d654a2d4c
29418.481743,55.335400,failure,9032ef3b0cd1abd11e14f07094eb1243a62634157345efd383baaaf9000b6a9e
29439.147201,34.965825,failure,a34ae25ebf60d59349ef046060b1f9aeb640611b0eb2a8db2d05717d3edc6320
29457.604313,28204.839027,success,75a0223e9f2388911953e02113b96d6386799e83a9079fb8fab5656c01cef50f
29478.562509,26797.079359,success,9a4efe942c3dca56719849b69868de7e7899394c2a91d576b32d2d91fad03884
29498.767371,193.976466,failure,18f722674c681616f05fdd7851e006085426ad2c59bdc1356c76a99ff49ec2e0
29518.376880,174.733521,failure,d900b2b30b3bb98b7a88b06bba1f3555e468b5c4b4f6805ddc01de762bf58fe4
29538.873488,154.513410,failure,41c6cef5f027c73a181f458043a02f7e3ffb077694e1163ad3c92f23671d8125
29558.351495,135.284802,failure,72632568d578947c978fe48a6763ef6b1f72c518693af2c57d9405b2011fdbd0
29578.810294,126.594779,failure,e87204fc8119c1dbdcab79cb2995581d6f89ba6a6db4b43d37cf2f4689730edf
29599.269804,168.478762,failure,517829201d8bb0eba328b9cb807e197265c4fbd55efac9cc8de392ad08a0849d
29619.028788,149.011434,failure,815d3e829fa8c43e1fae7aa3f52cd976126696af1814349f79352e99a51668c2
29638.014240,130.275280,failure,a91977ace068f15da772c0d002e15b1b4c24d26bdb1968b8177743fc03256fa0
29658.697832,10078.601196,failure,4cfb7d0b7fdf2d3ea978026169cb342da60a5a3c6dc82be04766e71bac8346da
29679.256604,89.503901,failure,1dc9e837e57a103c5f4ad48b60fcfff994001bd4ce21731df3046b73a9080f63
29698.604031,7.143461,failure,23bff4e452c95a014b9378920d452f9857a24509109a79f699b3a3965297c334
29719.355488,23352.909712,failure,62e12ec92acd3649aa0a701e35d648835362b430a956d41a5e09a90cdc0fe65b
29739.014097,27914.438292,success,fcc8c56678a5ebe7c87947afd7607662d51fc6bd9cc69bee4741454a6aa28b82
29758.489800,19765.153008,failure,aa8354823166681dc1cc007f7d2523f435f511c38aaa24d6ceaf2ef7f1b569fd
29778.991397,21016.344129,failure,9b6fadaaf7bca448d52fa00ac6f1ba3763410537516030a45ce07a82830e5d76
29799.267570,16381.183050,failure,6b8a53743124ccddf5cbc3880d0615510b1e24b6847450e14b47e5fec7a6d031
29818.961424,10708.185095,failure,83afabdc6f2d3a3204d295a9482fef0f647a95f2496beaa45b486a252ac8e9f7
29838.443769,77.289115,failure,d2e7338cd98593ce88171ad1ce939e8ccd3a6f1c34fcb4bc79585d3f1ff64dd0
29859.028188,58.313441,failure,dc33c08f53931d40e1c47fa13d07440bbf21d6f50878606bec75677ec4c5ab40
29878.489795,38.925058,failure,a36da6a497a1ddccbfc36c0a8e3aa21c0907fd39db15cb8187c4665acae9b5aa
29898.404174,19.052516,failure,93bd890d706ab7df4df3a462b819e1250e741910e62ebf86a8e1433bd8c0e9b0
29919.789144,6.511180,failure,9ce3913f91be4c5a9bc999332e161facb47f7beb1af25a23dca3238a4084b176
29938.479264,27713.092335,success,e1a2396c906fb0f2e10783a93c0abcb50fec9e675da484454f894c8e5ff6d5d7
29958.863576,2.426557,failure,0072645087c5e97ed80c2b09f3d08633236077fe100e092d9dad8ac3f7d9f393
29978.757297,19015.053010,failure,0fe951b4ed1958b603c75b4f847e2c98722fc8c86357997a527ee700db50171d
29998.866484,8069.137539,failure,2a4f4f90b8046e7d3c5bea9a67c1bc6b02e2de6876784d6381447a5cb7216344
30019.154899,2089.402983,failure,f780b20fc534783a260c14ac0f7b131118ca0182df6e3146bd5791be108c6785
30038.011295,27615.531040,success,c2a7871314ec4981fb26a5512d689a2423a1b7ea542ee7d776c2262e0e40af5e
30058.685379,19473.945968,failure,63a19c0d695aeb3088c3ab52f5829cc4dce04eecf59e1104d39dc503955603bc
30079.277112,19627.057443,failure,c7100533dc34b22485b5bf57eb4466425ca98feec53829a9a10fd8fcb6d17968
30098.756602,26189.354575,failure,19e51d6820c0d0be2cd2eaab634248b69fb92e04b3d2ba6684446bc123e45953
30119.240849,24189.747502,success,6214b5ccfdb5feca29fb2fe3076ffaffe1d2cf34ee942fd9cb45e2a79a434757
30137.709754,18843.893587,failure,05d09cfdbf5a811aaa8dddcbe4f34cc938d49bc06357b2762a34c1e69669b884
30159.187968,27503.345618,success,955220e284af309d97ac8bc768bf6a0a45e9796c78cd3751ff41b0f8a4a2e7c3
30177.590451,22007.227841,failure,5cd90dff3d908e1d2c6130776f5889df092751b90757d4ec6a8f1595c0abee94
30199.029212,199.404247,failure,7aa284a23f5c3fff53cf5393b5a8e6d74d024c228d636d99769fe6dce204ec59
30218.367154,22746.229074,failure,22bf4f2a76efd2fedc33134a97fe3d6ccb54ae87fbf97ec849052b4f610e8984
30238.771385,159.821116,failure,a9743f51cc9efb23ab313009f78d28d50359289a2003e637a86ef8a4f963b4dc
30259.188389,139.438315,failure,c9b41d89b37b7cb34f6e99824f5697de79cfab72a7fb0acc3f8f79ca9c67c91b
30277.543315,121.114476,failure,12b2a7bc9877f045351958b666839841958de9372fdd04bf27f0c7b2dceea5b3
30298.952822,99.606428,failure,741b72b0eb7f693fd5407ff8ef0e67ceb6ace26633bc982c9a0acc1cce0776a0
30318.372174,22646.553771,failure,db7c0df54b4395437574816b828d1b2c0c3650a75d09bb370d47a4ad85553660
30339.189503,104.403490,failure,0678069deb9a196684dd0ab02669dcb1aeb0196b71fe65a3098d7a7ff08c0fe5
30357.955385,27256.291379,success,e44f87b299bd6362bea7385d3aad04b18734707caa40f824e81cd8391ed229b9
30378.430125,20.087879,failure,26dedd61e52399de979644aed3f6aeeb1af0d7b9ad307d6db40fcb90a0e2f4e4
30400.545108,29.261651,failure,a843411b6b805becd693bfc037e73bd0a35eedad949f0528d59a02578ca38cd7
30419.043838,10.606694,failure,a7fa1e6fcbdd2adf8660807723947ee92ff6ee17caf36ad43f7fc953f54718b5
30442.299306,11.974456,failure,a133e9e9a5b2c6fff9ae3e2f1ff5a39d14638b3e1bced8146b0a609530ec13ec
30458.496559,8.774689,failure,96358452654b5a7d5e4b531dab3229ae6509c4244ac08f54af2df03283d69f00
30478.696695,19344.606109,failure,e3a906da9e7c4c2a19bc0a3e196cf06ca8de5e4ba65836e6cb05b78653d68565
30499.945918,27151.913661,success,b47770ea25b2492abda04ff29dbd74153744fbcbf40cc8d823ff49dcc8452f83
30518.481336,30.435447,failure,72457096898878a96442a17ff03d3f3d73448b73d5fa1e073f37af359e3c7926
30538.991180,25449.130685,failure,218cd6d727746c0aaf601117503b75a8893f2d027e707b16a809c3c1c5173992
30558.587397,2.503709,failure,34f1d0a5f7eea944fbe90b9add81019b3a4ff053a939faba13530a2c507d87bc
30579.032883,33.697710,failure,bbff28e8920811c072f90bce3320d0281223dd3d6138dd8f8c949bf62e318f40
30598.430334,18071.071074,failure,8a869354624b4cc60352e9bf81657f9608bc93e4f37cf9b6a427f5a5f8162f5d
30618.857457,85.058364,failure,d8b513a9288f771babda886e71234766052f5a9d6eb50abb759744e45b3fef1b
30639.279400,64.880059,failure,87b5b0c97f349a94841e2debd6edc20d48e696190c682698741f4233fa21647e
30658.798545,45.594864,failure,a9e42d8803612a75726b447cbc7d46a93981f8e29dbb3a1f348d8f8f9500ff37
30679.247849,18844.647413,failure,86262ce18a37c24f029b6ca819a679abfb3d7405571ed0467677ee0d22e98f9f
30698.655970,18210.034772,failure,bb85bddd1c34854d8829b32b90b787a8fb7f1377007538d7a71de9007e19aadb
30719.197562,20090.110799,success,04f6b1e53d178be6694804699839564fe7fbad52f9b01d29db6c9c9b1e7d39cf
30739.957136,30.661913,failure,225b849c57cfd97a430051fefd0ccb58d4f6740cf433d9b882c4682aff4edbcd
30758.452670,18873.827528,failure,7eb959ad7e9b294b3d17c33389d4735d037fc5c27190912667665cad0377aca9
30779.264840,26891.961468,success,b024867c96b98a519df80265ad343b7fa9469488169e4efdd356f7c11a5652d4
30798.962393,21998.350432,failure,1516f1c2e9d3635d1638f7e11afc3ef5faba1208a8fa69a260076b73f0bd3521
30818.422209,34.778054,failure,5cfc859d24bb38263010a7662c8e01ad17bcad54465c37ab8e6b101955d97475
30838.975734,20291.356303,failure,dc13ebe6ccde234a6f9eef5655a9010edb0eee60f086ce41810c140f9d8df4f9
30858.849861,208.288095,failure,fbb434ba804ff3883caf97597a87c9146cf795d10c19ec6316b36bdd09256423
30878.346664,188.830364,failure,ffc25a86f4ee21d8926195fe9966c5050ff38666253c00c6f6661bf93a49bd95
30898.781902,168.430321,failure,cbf3fb977b8b6fc20b9235ce4574f492089fba176a0a946b5ade91dea97e6a0e
30919.205268,19336.116187,failure,39436ea7756d21423dcc2b1133ad5fce7301669b12691fa0afc88dabcccccdae
30937.567618,23370.836168,success,edae9b7f5837e84d6e3032bf3a55766aa274996cdbc021a3619f324d1fb7ccc1
30959.007080,19897.326339,failure,a988ce7357f5790a08c8ef833fc13c29f9a37ece359e08f1a6070f59ebd26031
30978.390355,20166.541442,failure,a526f9fb17b9c5b65cfb1d4a803ca3147f5322c7b8a72d42579c72af9835fe20
30998.763909,19166.822576,success,6b1e1053a5763432420a6a758b9baa39fec623e4cb5b83a69c64b9bd77151f70
31018.396693,19117.896873,failure,bfb1c0285a131b246cddf4307b05cc56d54fafd9c4fbb8ce9cff1852d2534219
31038.863609,26615.050339,success,efdcb79472fb8e1b99cd0d7e6706bb6658b8f1c60de08b1e9f684caf9de025f1
31059.388151,26612.199201,success,5f7b3a1c5f48974dd9052c849b46a95e669227e9046a116c3fff3cc3f3aa9064
31079.238033,834.134191,failure,fcffaf99df98e624423a982169b1edb4550e0d168f08be6838cf0d2a2ec388ba
31098.737632,815.754729,failure,485f763c025eefec2dbcf833045e79e8e6d95aa2620148e732379ff5f7f63e26
31119.201333,795.576984,failure,867b746b48e25a41e94d85db6ae4a14d4934b87e5bfe853a40d9e03f17494dc9
31137.671373,777.441799,failure,01c02eb38a379a6507709bdd4efafbad2a11cd5cea8c44a13f730a141f96e18c
31159.099346,756.273002,failure,d139b4ecee86e8f4e9b1d16fbebcb8ef91612b2f960613ab30bb933222060014
31177.445168,738.158294,failure,5b38c7ed35fece0defc027201c6ff68e30b49e8fe327fa0fa35d30912e9a0dc3
31198.836383,716.996010,failure,2b43bf34a24a1afab80cc17d0e81cb353def1751667a8d64f35f3cd941a0d131
31219.255924,696.815288,failure,35f9aeb185e1fbe7d2d153131b9a4771e3f58960677a2a862c995bcd65a8ff8f
31238.633872,677.668144,failure,e5c2923199277653b769f72b65faee3385c4cae1df31dd4736a94c5a7ee10f25
31259.012367,17526.697882,failure,159370e8c101d6e1f39783bf0a200d2720099905ec5c0e3c00a9da8bfddaa780
31278.339772,17769.966240,failure,ac4403cb7b2a1a5eaf3206f8d63fec5faea6bb794e2e3a18c70d4d2363f0a454
31299.493902,24141.699171,failure,e46ef04751ef6b02648fd9251987b4d8d9a2f5caa25f61292bd72cf7ecee2246
31318.951065,26351.235440,success,796b4899e3d570f22d10128da52a8b84faaf0cd6950b7c1aadc3004d6d56f2e1
31338.318263,26332.706344,success,eb0c7fccb3f7a198eafc7127c06f3707b96a6f8cdede94468addcabc84756f44
31358.728797,18636.109989,failure,25ac18d1fade2f5485f5bdbfd44f748ff62ed9f44d29e757513382a4a3c9895a
31379.133601,21271.161623,failure,9585023787bec2dfe4aea359c9d7027d5f0d87838353ba00ee7049f04ef3f2da
31397.518665,412.127483,failure,bb05fd654aae65d6fd087c93a598a4ad04302cc8af46f25c078a31b604d34d54
31418.943753,390.935122,failure,f712010163d3cb79f5e9c1e33492ca65a068704052ab8713e640c38ff528c9c9
31438.356895,371.771819,failure,031dfde1e7126e664400a860ab7b60d6309f731cfcd168f3865a0bedc0f333b7
31458.799058,26212.035239,success,44d3075e229d39c0b80360d45581ab924cb4bfd79f0f82cb6b658b5d1795b637
31479.242773,18273.045845,failure,dd2f9b2d2fdbff62e87494ff6132e7246d5337c6418a4964be4ad0918a1387ae
31498.742434,24998.508261,failure,2c1d24c89b08efe500f6ed1434d510934666a9c6a6dbe4b81bcb0e89dd455683
31519.232925,259.182722,failure,144700a3336ea6760df4ad9f8c225172d9cfb3abdcceb5501ce37aee6f450d64
31537.746745,241.024305,failure,0cb688709ed2ecb093a1b4334d72eb9d606bd9f1e045d6bddf5792718ed404c4
31558.480574,220.570059,failure,54871753fd6a7e20d94ebc314c9f32d66b28adebe6decca7356e188b279e8c4d
31578.941531,200.356837,failure,d911d91322cfa0743c5ce2b0004842a59d67ac4435b56e56840bd516e66e79cb
31598.352910,181.189086,failure,6f979e8c42ef5b1b23821f2a2444c270ce536bbdd70dfc46f25793b41ac20bf1
31618.743698,190.356938,failure,16681f95dc54aeaf010e69f7b5111f4dfc1555c58d21543b89777056c864612b
31639.143012,20153.181938,failure,c9ef027b7f6e2f98a06d1da468b6f53f8eb6468745153e05e9595980e24da988
31657.387527,17163.536953,failure,ce9ff3e4d4e47ed4ceb81040851419ff3afe4d8dce724f9ae6ef0c23025257d3
31678.985402,17594.306443,failure,4d55a075ed615adfdb89a98b09831d661c03c45cf3004e231e2c51b901c433af
31698.521390,22610.560974,success,3b88edc6f17de2cb781dcee4033532c53c4d2228d22a0d1d9242bc7cd0fe77a1
31718.542820,25944.171558,success,52619297bc026060a559cbd3fc493e626bf49c3278c6229a76a20eb465403524
31739.553527,20455.110172,failure,15d6697c6cfcc60aece59ccfe450df2072e1b5fd00051b94d0703693d79ecd93
31758.808398,129.560775,failure,c52be80a9bf67102712081aaaaef125c0fc73ea8a4d51b6193a0f10a70b54ebb
31779.954754,111.731001,failure,f7e3fd00a2aac02b9ffcd5b5ea4abee050b735166346ad792129ecae3321f5a9
31798.700240,25876.569286,success,443d4e6fc40d47f4ff4f7f478c845abc5f187ed287002fd1f5a90e06c3b7614e
31818.771531,24680.593984,failure,6ddf6197f7d0c4c1fc8d47bd37cee2084314519a3a5b2eb75f4423bbb21b3445
31838.485175,53.113019,failure,c6345e968dfc5aa1c9b24c141ffcf2886c0d7d82a764f084950c88b163aa326a
31859.028794,18306.982823,success,1160464fe802eb00c87c12416dd2703ddcf791a5a942ccabf04623d3f02a7786
31878.470699,21191.596349,failure,38211ce7525d3b1311584aab00820a63732708c1ed590d719124894a9228de85
31898.834107,88.301771,failure,4755882ba025d87f71ebb97e5c24b2b6b99694f44c877ee6a482bc4bb15b633e
31924.443972,91.631208,failure,e462465efce2ced83002709d3e5904f5fc411ab64e2891d6a050721856a428d1
31939.513305,76.658012,failure,113877c46150e75e2f26c6dfea3f7669b01898fc579c7c82fa799ccc4fe006c4
31962.652282,53.456139,failure,76a8e35f2538cb8dccdc699c49193b7e406322b931f2c3401c52eefff9783f14
31987.811960,47.946839,failure,46901da00d80f75daba38dbd382f6f5968acf821056aeff91d5eae69addc1951
31998.518328,37.528811,failure,a645a6fa68e63fb4c4b469a123e5e9ed141bd861f07842285ac57fa98de7af7a
32018.976490,25652.141679,success,573095a836aa002bd15be51b47c6a71c48aadbf44d12c89748ad0acc587a9baa
32039.803549,19662.031183,failure,541e99e073644f313e729d414be5de777f31a9856e6d794f0b3b9f423c82c9ad
32058.494224,25591.850999,success,356774cfc82c86f24892426e966b4f5544005595359f00223b023b44464d2982
32078.577788,32.132528,failure,2b389f69a35eea39f8217e82b11923583df166403473b99252084943bf9c95c6
32103.217602,61.635020,failure,8b194d49bb5b3af5cc2c0cf5508eaa782b60e60415f5c4df45f77a6247c59e0e
32119.224838,14.054180,failure,4e62f3a392260214f9b40f8e78341a24281d8bec49cf1ce3ecd12133e18f0884
32139.071389,17393.795872,failure,741fe0ea5ebfef4b1a64dc40c557a490ad05415d8bcefa23956a99d3505e0a58
32158.677999,62.362657,failure,42ec5c07da322bee48f0796008c1fbc1511b226d99c230f8b40dccccb072e310
32179.296808,42.013503,failure,d84147c25a135dc1250034cc983d895984fd0f0e86b0463db2770c1e359ce5ca
32198.859797,15270.421068,failure,d4fcfea8a6bf2d4620a8ba24838dcfba1127e4612bc09f80a7c50b6c712fea6b
32221.687314,8.654589,failure,ca2aa0353dd231d0f027672173616f5d85b44457424818c0d5640c6abfab42ca
32238.531649,25440.539591,success,953bd56da7c3040ddb87b5d0db2761ce3a21561174217a41e290426b21caeb22
32259.094014,24239.380061,failure,4c8af3f49d0a17ae6f20ba1f012347e39f20bcb731ffa8858a19032e5a64a52c
32277.606584,17453.683681,failure,880b916ac4c4d7a5fbe4bc09e18c1b0ba7c36d1ec52c6dc4b03781b1922f5fbf
32299.115669,25371.357303,success,90a22e21483b74233e38629f175cd11fee61cd082be10cc9b58c67d3d37e5abc
32317.523446,19082.613542,failure,7ec7d95fce7a7ad9e3c1cbbdd796bbf14aa4dc74d50bc5e5616a9c475fb5f693
32339.133556,263.134038,failure,82a31737d697a121038935e0114e0860d84f1b27ec179bee8b5a9b2b82739263
32357.684176,244.348296,failure,63d3452772249e2d201ca9ba951a5469b095d62c27cc11b0728dccab701d5a63
32379.146304,223.363836,failure,3506330faa9f2cbfd8fedd5a1cbaeba072d0d989bbd6c8f136ef0d2ec2f9843a
32397.549423,16390.020415,failure,2df3cc50fce436eb69607067e04e3da3da8e531a22a0fe180cec5d6a10c8043f
32419.102679,17451.183862,failure,c29f0ab456e3873f0d451c6b58e535b5978fa96bb0fca54cd456467ad23370d2
32437.536845,18582.796195,failure,a3ca4603a80d65decf85b3e078626e2f408848581c1ceded2281d02a6634719e
32458.979127,151.596360,failure,5452f68603cb060489e865934f811973e515a09f0981377ff36e8cb436192fbf
32478.349863,19708.523639,failure,e9fa2697217f35723174e30735d144ec4757e979db312dfc6b2cde4148bb08d2
32498.766971,102.666170,failure,0d85a30d76154fb5f850b138f0f5f04c19dc9d72dd19dd6290a8fe65e786f1a1
32519.185883,81.910940,failure,717fa7b94dd6488f8df417c617ebcd82064e062aafa67bae7191f9ac60b04819
32537.530655,64.231480,failure,b893e4d6a5c6e0027e4e9047ff345b0e48e3e484c5b22c5167aab676bc4e23b1
32558.936309,16983.525094,failure,77973cd63b3886c8d89f2ed0c7ad1f0d7f8b4deb0f16f2451912fe93904fea23
32579.916312,14.954072,failure,00dcd4912dca94403b79fb0236126b1eae3c9bf7b7feeef1383c6b9dfd2204e5
32599.623196,10.645216,failure,cdb3d06653b39555971427650ef38ec0278fba836a85fe6cb58d9c71ed6fc8dd
32619.076594,23879.103971,failure,4631aa6cec5648882bd742eb4473c78883a68cb72227683d2e8c988c7f9e880c
32637.923378,19909.120129,failure,9ad9326f6d386f6bd4b3279f5149722c0e13fc13b366ccdc2ab92fe966e6c5df
32658.407580,17102.787756,failure,9dde20269ce9eeebf8066e82c5cccd975b1aff8f6c82e8ff987e022e4ba0d0cd
32678.855074,17676.488790,failure,82c43e3e3cfafbffbe4a337c42873d8f2ff2594374db4b12406553d10de68a53
32698.343797,21610.996140,success,e94b83cb76e4be00046fa62a6201ea5993778153c00f85aa5ab9fb12fd71b944
32718.776444,15951.840495,failure,91f8b8cfc27f30e845b3b1243a7b9fb19eca4cbee2090bc13cd2f847cbadec7e
32747.607931,16.670826,failure,1572f13b830d4d879115fe4aa5ccab7d735811722249eb9f6a490a6fa1e191ed
32757.385574,4.833409,failure,9a0ab08cb8fbe83cf7cac000cf6afe234353e1b8aa945951d69ec676e4a629f3
32779.296046,24873.213098,success,5bfd4e1bcf9ea824c1381e277ec2b27d629d980aa16874479a190b142d50c579
32798.857983,15265.754719,failure,eda82379b071c485f919c122620c8204fb6ac114b57ad878641c3963039a7ab7
32818.340415,146.379095,failure,714f1138d82bac4049bdbdf0d6cda9e2f44197cfc67af8428886938356d09ebb
32838.824096,652.005630,failure,23189302e30d6a29c1cca407717da05640a07b3e8bc5a06bd56d0cb429c5e86d
32859.271059,632.623293,failure,26cfe75bd6ca72930f82758a05d52537ddc7157c2e745c26878779117d5856ae
32878.758179,612.896873,failure,4fcebcc132e4e279f8bf84e735ff91d3b47e304f5c259f1260f0e173963e3ea0
32899.229347,592.907130,failure,edd739a5a292b918bbf37d941eb1e2608a16c100afd3a03a60c28a98b8db693c
32917.637946,574.724446,failure,eebc4f299c75eb55ddcb7c29af74491c1d1ddb4d8fc787aef1b83f8a633f1a7a
32939.051856,23557.903996,failure,a1072c9745179a027a9a31cf8ff6dd9f50ab86055db87dc1f3d6d6cca4e0f322
32958.952576,532.193281,failure,6912b0ff5fd00b7444ef2d653be63850f28ef3bac083bef22843791116ca24f0
32979.326966,513.719302,failure,dcb5e53fd065de7218d529a84053b7fbee09fe6bb166c3e4f7ce4d135b01c9aa
32998.822071,493.762870,failure,b6d5689142e4259207ea64cdb476c9b3bcc1202de1271df2ac031537aa1a2ef7
33018.653673,24634.975612,success,65d6a19346776bd4b14d04ef93b92a27d0b0c4bb5ed29fb5ea9a87848cee4e70
33039.128608,460.350609,failure,0b3dcdd7508dac5c3c5b5a5c88b0f3447cf0bc78c947cfd0b345eefc52b55679
33057.592499,23241.784141,failure,e34868091a242d8e6527cae1af68397c328a15323f5cb66923a42585f12e800d
33079.152276,420.283952,failure,124a66a6d10fdf43ab6b18276f1c86ca90044c999bd4e39ee4999924caf8db07
33097.396423,506.917308,failure,f31fca26e875bb17feb69322ce2384cea80d3cc75349feeea0e63d42757f729f
33118.859204,17827.018244,failure,6c1545dca7e6746bbb3929b3bf3afd76a547a0b4ae9984cee7e589fd57e019d2
33138.397841,510.530908,failure,314d4dddaedf11780433d6e07d1d317e8cbb811de19a5299d0b2b5914fa07782
33158.848633,489.787288,failure,1a27c48fc452e2b0fbff96d1a564bdc2c7e40a0797dc363f26afad00254b0d0f
33179.269381,19787.977553,failure,8ad4010e8ad4207f38e45c7e8834f36c8321f8a3aac8af043f5da9042cbe6eb7
33198.363381,17268.697186,failure,5838728dbbb87adb61e5dd42eebfdbb4463d7425acb78fb3fc2da1277b1dea6c
33218.366762,440.993602,failure,69ff98143c6e0ed71367b87aac6b42f6f502d199d33732e10e197440e8d5f9b9
33238.357789,15990.946329,failure,0f31faeb8f24a54dffde4999091c7d9e94c6f8873a522fec5ab2c6c17d2b25db
33258.776834,23438.877168,failure,69bf3ae1ae78d577265f2e2bfb9fe6caf37152068a6105b9a835ee324d7bd2a1
33279.170992,18099.133364,failure,401ef66bf935a15df899b393345aa445c614113affd1391a6ba36135126f0b10
33297.502601,20975.884426,failure,3ad8890805577378cda26cdf052465240c43b8634d9bf14748f4a2d6b49030ef
33318.909120,23178.975631,failure,5152258bda31cb6377c0b13f2ca105000d192799cc6707b834b0073c59762f2d
33338.872116,479.356454,failure,00df85b0a2978e84d65a8f769827b603e9e0e83129ec76e52e2c853e1c4e58e0
33358.331177,296.635405,failure,5a4253d7c7e0d4f6ad769b79c21e13b3cfabb3f02e64f0608039e1602182fda7
33378.758206,276.441123,failure,02ab4ca204d70d774b71f2c6205e5fcd81a7f17468c84b71b7084088fcceae6f
33399.178693,255.564678,failure,e80d18a43dc757ea5b6595d12b20f4d349cd47a78748f4d8c1b7f037572ba88f
33417.536130,238.378784,failure,2d0be5e700b97391ffeecbb4b19d8107210cd3679b033360a63d0678d664372d
33438.991147,216.692462,failure,9bd6aa8363c88d1307efc416a31d953eecd7a94c354e5f6f4de8fad30c1f34be
33458.360994,214.275591,failure,05d52a743fcd5c65f6f6e1a8068c7009af7b823dac8cbcc5fe86ef1dde8140c7
33478.780829,15899.141077,failure,cfdf5a4150b2d3db2337f5e01f819b82271e2d31a06a8d5ba2476213513c9e87
33500.132237,21766.189244,failure,efe1f41e60146be75b46ee88ed548a12e81bb66f439a885ff9a23e9023e062b7
33517.639582,136.122036,failure,797dd8c81cde05b55e697f1f080d39122a08d77c1d8f6df586e7849ac34727ec
33539.125716,114.872476,failure,1fbdf1183c97b847cb4cbc662a017647be516697c7ff5b9d67f5c4a1352dc136
33557.490677,95.657624,failure,70016faa6ccbbcbc601390615dd4070bd550a45a53eff1cebf31c198e64fc0e9
33578.909137,75.594534,failure,890b52a4b689263e00598a78bf06757b8350532a31e1ab04a14e88f4a8855ead
33598.337672,57.101959,failure,21571455c6574897b199fa36a350b8f5543cc7530bc3242fcb17114772819d28
33618.771433,16069.541051,failure,2621b67a57d43892c491054803d4ff736f6e9e4cbe6bc0c54362fb926f5ad215
33641.686774,10.380100,failure,0b5eb041085a0baea1fe1109e7b7d79cde769bebf82608a12f13010776ee62a7
33659.828043,466.711484,failure,ac6d0914fdd5913ac94dd18a5ae153afa1aab7be6dd0f02b74449234c57e2c19
33679.239206,447.550090,failure,b58e38c70708707c163ea69815cdb40765c700d8520f1908ee6a8c1d13ac4b8f
33698.364243,427.010103,failure,5ee882daf48a9dd533aace3de43c6a95d78f27b7a5374600911d4f3174eaee40
33718.863234,21248.244896,failure,9ecd4bba1fd268ddaad6de82fa7e2e473fec94c8a0efc2d34b4e5194e65cf024
33739.343731,16421.363221,success,56a564e6ac159d9cc95306822c4186e59068a01c56978ca2afae01c017d2daed
33758.916220,16185.400312,failure,f072f5f949b7373d025510ebc6f8d5a4eb6cb4a75e5bb259029f75ea53ee7901
33778.362487,382.480467,failure,bac4578403c8ac9482f794e3c987960d2d61fa4bf88317a7bff2bdb747f3deb6
33798.873651,362.080247,failure,7470321cd926252200a98b71a453c56a1050f84ef904e5024d4f876979f56258
33818.673277,15445.611906,failure,368064292181ba2f540134649176c038031cc765801e60d96456ef4803b20da6
33838.982530,20469.340367,success,509889e64ceab86b9bf662f896c5308f246f9bd530a4766dab94003fe2b2404f
33858.507672,22477.836733,failure,0947d2dd43c9f14e52ce6923c390d3e59fb1a23530aa3a15160347e1020c69fa
33879.050183,350.869167,failure,427cd2dc874d9cb7611267424a8d629b26f9a6bc8d02564b7f2392f8b4bda6e0
33898.457699,331.717511,failure,c7a68215690db1db626b693b5be2cb23eb16d8ad2d537dfb4ff0563aa47e7a7c
33918.906978,310.680532,failure,eb079577758f4887d98da34072cf0912eed4d9644a835b928463f341a2918f93
33938.335162,292.244992,failure,8fa1f12de23755e0636e43dda35a6f1a7d6cbc86ffaeaa22a59ad730a22957ed
33958.744809,20349.821646,success,c4e9355162add1b035b0dce1fd1243a97dafdb4360ddadedea8a1354eab1fc37
33979.162341,17264.170873,failure,e3cf22ee7c7fa3a038695350ea402a25f1de6e5489e473bf65e004a19fe35318
33997.867486,13081.940170,failure,d20fbc082d26b71c92174fe30b6c3319af56fa1cdc3b2e98d4c37ce7787632c5
34019.083916,20167.994898,failure,98e328c535359791ed2d315701ab325be1d792c192d968f4d7cd5efbf6743546
34037.790113,18559.504364,failure,3922ad5f1c7e56597a3120a869a328ff063aede18bca4b21989fa68e354e9d8a
34058.431065,175.553975,failure,b2a82cb3282dc825286dd3be69858d26429be372f10a94293a338b563507f4bb
34079.072538,154.878199,failure,57f1460427d9a0af4bee9c1350cee22bf1b2717b322b1ec1f66107070fe0fb10
34097.679874,140.122730,failure,f77a992e4a6435b9b52f966c35b5d15638a0c4f4296846cdd2fc41c50b12d213
34119.242961,12722.737855,failure,6ae579cdde7ba8942b69cf3ff1cfd6a39b2d4b3892939d923b0ca4b4e1b8544f
34138.508889,23511.702338,success,2f4d65995fd19a952ce868850b9fb8c818affc3165ab4b4cdb4850a3daca2718
34165.389207,17597.188566,failure,807fb7e89b7a28cf91be55470b82ff31e72bf5e2dde03c9cfe9a3001414277e3
34178.567770,47.258579,failure,2a0832100760ab3d051bf57cc3335ebae1e5b1d886782c60248ed5f5b84b60ab
34198.421077,13413.211555,failure,b446f45db23dd1f2b90f498db7235efd6ad3e460382803ca424e31b1dc6c39a9
34218.503305,15.133415,failure,bd5fb04c6316f44493d5287f88f3b536fbdd0d3957f412b61a572f40272f2d47
34240.677917,22932.640632,failure,ba36bdf4442aaf6f180b439cb2779c7a8b40195d9fdf0ef2a923ddd935188a1b
34259.304880,41.816110,failure,f2b577e84a453fc7e3843c0f7ba516b6bf6196b21bd0205334fdbd1dedfaa05c
34278.933394,24.165681,failure,ef19a8def734d77edb8f1dd8a1d667e73dfb2a6088aef1edaea1fac85cd9f13a
34298.542232,17070.800793,failure,2b49bc88c19b36d9065d3a319c56823b97528729dbabb5d4a7449a71192b2b24
34318.824087,3.853209,failure,188c869513cf53aab22523c9df503fbbd36ec66fab8ae724538c54d8b5a1f614
34339.238364,17202.084325,failure,3035029c4f84b982bd58f67973e81150337d1ecf95af6808eea66b3bc493005f
34358.912792,8.478939,failure,5d6bc11476b0e9080bb4f0c5dc6f5185f447e967f3138011601b52ffda750988
34379.287998,28.336514,failure,03e10ffe811174836f9a52e319219d149a3a23c1b3ebeedf3a218076cfc36919
34398.956426,8.383092,failure,6eafe8c9916977f63b8663ce0d5b5d4551ea9f1563c6af1bb5aae51f0fbad210
34419.209517,35.398108,failure,493837378a53c398c86899644a4780062f0bce1224e661fea4696a736bdfdcf6
34438.859901,15.474332,failure,92bef7d2d24cc264e21d10648e3da0df26b8b5cef20a94e4363e06e44a1822a2
34459.134823,12.181201,failure,8ae650c5d13a4966285ca9f81f4794b85a59d7c5174f57ae31483a589826cd22
34477.837506,13.486579,failure,2c8cb8100498bdb4551526e7b83b54c5c6f45a345a8be1fb6273f24dab02444a
34498.876622,15.433145,failure,6f095959f24b6952b1f6c5d101c1f692cbe8a62c44d65103c8e2f61f2f39aff8
34518.868353,40.342532,failure,9afe53c7d9b77daf5255dcd15d99513a8ed68184f5a6a3a600a00b35cd0ada41
34538.468034,15389.916091,failure,2051f0671045faf4255767ceb4bc67ad9248c66d8d3d2af90a267f1a3367bb91
34559.676861,79.508874,failure,d761e6d101e0b1ecbd7475f2caceefcccb820c9ba5d102a02a6c57c6312adb07
34579.246828,60.180651,failure,aed47073e7f4a6da8a41565af39865471889ee5c94442aa4d5d9dbea60359e4b
34598.886142,40.763666,failure,0ce4b32da1e9968a15c7f36c0bf422c2c75f1ae57be5cb96cbd82607f4e3e7c1
34618.349442,21.523175,failure,bf725ca8580be9efc97c7df6b42005843cfef3573b19bf2ec4865dbe06629fcc
34641.873624,28.450352,failure,5b121977002b4686360cc32cba9358b7be690f26defd1b2418d9cf39cba99374
34658.548521,12.059467,failure,0120f8cc418c42fe1a2421149050f20a2afdfd3ba846d7cb662bd25c86c8166c
34678.463020,24.701204,failure,eb9b5d2908b95a7fbd07815074f6409481827bdf145721f51a2df43d492d9dc4
34698.979536,22963.644546,success,063bd91bef1f818a756cdd8aa8365e665ed504b330bbb9fe2a99f6ad9ed4e01b
34718.894486,19431.951832,failure,01fa22a1362fe379dac420edcdf385874e7cd2266b7f20fc6cc8dc355923ef33
34738.365861,17459.815999,failure,0710cc18f008891581d6b0bae6bf0f7d54f1a04ca008747eac2a9c06c1949b9f
34759.313469,15.960224,failure,3e1b6d171f45faedfc6afefc7717f5d99f7e31dcbc93635a4acbfb1c34f55a07
34778.720576,2.521122,failure,28bb9e2482d84f863ad0100229a9810e0d25a6645ec3905f42f3ce31865b7b44
34798.755527,26.072744,failure,cf2f9dfcd0a42a6500889ac5092dfefd821f1f8438ca8c7a36b6150ed1e615da
34818.372610,13852.159293,failure,81c9769857302e85422c086bfa3856332e931900159f0c277984493485361d05
34838.608800,17346.835894,failure,a770367526532be7deb3545c062d8be6bb0177b524857f74a80dfbdf1f8612e4
34859.217275,16635.107331,failure,bebbe64ba882b68189f3a34718cd99ae4b723ce26c4547fd90833afed9e8a45a
34877.704341,18007.845708,failure,03ec0b55fbdc5fa72b292cfa46c523993a790ced57adbd871a3956ce82faa48b
34899.164370,169.221806,failure,17d52c2bedf1b8aa194a923c85e3d153026f18534041440afef6000534acabd6
34917.579194,212.253993,failure,79a13101b234db64af5265232bbfc69e2e6ea71556ee690aac74bcd7e65b539c
34939.087412,130.261332,failure,db478d2627fa17f2513243c70154265a367f27aa60905023182c0c58a36edc58
34958.475614,110.162605,failure,b115fdf01b776329313453bf6fa252fc4167c2fd4943d5b676d78440f00ab909
34978.911863,89.967088,failure,d76e6282f8a4a7ec7ac9d28def3262af1f57459f424a23231fe2a680e4e57ac0
34998.340509,131.247297,failure,60133b080bc2fb9563edc7e95f854711aa21a7987594aebddf651a981c567d6f
35019.069986,50.047423,failure,a916efceabf32f54361498e2d3f1b6a7425a3983ef51573738b58d99f9b6928a
35038.480519,90.834986,failure,2efed8b9399a333d9bd5a3620050810b6b7523d1882a010a6df0d16c85aaf04d
35058.922919,81.836454,failure,18cb0e7eda94725d2da04fac30f79abfefc87708f3455fa17fd829daeb8339cf
35078.885116,90.725749,failure,e2fc771a9d7c83bd2deace53ac9ae7a91764629cd7ba8ba67e62f5e5b21478c1
35098.338518,76.572236,failure,f5f4100d7fee96818b409c87566f6267a82bbb22cc298a3d6e3456d463231977
35118.803570,56.634212,failure,9b8407f86bc0764a70c25539939a20c0d98add59bca35424132ff5549e0059bd
35139.332010,29.993531,failure,559bc381d4a4b8c4858afc09d802be489dee8fe7da15f2891d5a071472949604
35158.417248,17.292363,failure,932e3fa61f14785cc752261d80c163e3c15bbbc6d6b2131e2ec0df82d0c117e7
35180.682188,13606.093660,failure,109b31197b070593a672d6bc876bbe4aeae6601062d722af94ede10b08fda570
35199.230239,10873.234987,failure,7b7dba87bae64cb8be9e12ca55c81bccffa499cfb3b7f5504bde694131462390
35218.037346,318.099235,failure,02da893922fa2bb086fbcf3ba3555fb62c2c29acbe1adc34f9dd4bc3951cabf3
35238.408616,297.762628,failure,ab0364dcb69c853349991823db6721d416c844a0f41871fd2b24ddf1ad2da8a0
35258.844907,19033.829506,failure,b57675ab2c227c9da8c3bcadd67b710ed9fe4c6902ce94b28f9b0924d82a163d
35279.252103,18907.587581,failure,1db38cf1a0491ae11ccaf7fc3f5a9a0b469d3f1b8fbe30bc8b3ba47ce6e5a288
35297.649006,238.554818,failure,5551a8b348ea95735f8ad7366467b1153bd986de990c2a504ce8a3aa05d7a48f
35319.052945,20459.203568,failure,64989a4d480ad41416e93eef3d25a2ffef98a1cc61809b83bfa619e3f0058598
35338.359169,197.904886,failure,b1be33eafaebb3d36add7fc6f62fa6b4fdc32a2411bea51b291ec0387cd3de09
35358.787153,6253.408482,failure,d1ad25c10b7dc27e9e7d373613bf5240450ec70b22e8e707fef54287f727e0e1
35379.210119,157.113746,failure,ba8bc0dab42bd20db4164f292cb9cdd4b0924e0132fab1be84fa4d1320f7e836
35397.645253,138.708857,failure,19abc7b601534f52a3885c8efab825d17df39f515f04e5b9587483cbc3b1b1bd
35419.150106,117.143744,failure,4a12ff7787510e406aa6a3cddff507472064cf7d33e845faa0b0ab1570c9c38d
35437.520811,98.862503,failure,4dcd7972aff34da8765bc017fa5b86310bd730f9b4e5cfa261bf9064c4c257bc
35458.977516,17091.341124,failure,656b0ad22d21e63db4e455ae9330ac72e457b6fb8be60bd641418937389b2821
35478.408870,18813.954181,failure,af50fd2c6a92ce5d09159f2cd5dd0f1da10bed3e0ab7204d700f3154649bda63
35498.870617,37.363423,failure,87a90a83db7de9a8d4fa4ce91bc641849ee2618c6eaefb2230e135a6fe98f00b
35518.346603,15875.987773,failure,24e2d3f65dbb1b39683245658537ee9887590e4e74e5582001db3ae7ad6805e8
35540.101876,19654.220104,failure,16ca09d2fd5c6d32f3d09dfae8b0fd36722f7f3e687cc3ba5ece78dc662082e7
35558.217593,8.076870,failure,65e20b44cc407621e1f8dd60f5fc04a196e267259f4bc686b6113b0a2e7034b0
35577.593004,2.613251,failure,c1754eaf81be327b2aaa25b99391108325ffb33b7788cd0fe32dcd977a7173fe
35598.815729,16949.890596,failure,5e181bc77f1230e9ed688d79190b6e52953cadc2117e0e880c02f75eade622cd
35618.802283,23.570249,failure,fe62c0acf8bcd62908b88adcb137683cf256133dca9026682d8698bda82f703b
35638.371169,13902.369841,failure,692ef357446d23f6f8b18292b0054ee4329bdc162d965e9e11bf08724c837b90
35659.160438,19.664713,failure,aeab56167b408cf3b549cbeccefd8ab2ecd7e06a4a085a3e625db6d5bd6d4208
35679.219966,15088.096744,failure,3c7280ceb02a4fe3c38e858ca0349e8e35c384c2da3f9176d00f978908512653
35697.736579,14268.571954,failure,ebf30db4eb73bf1557f6bb0f942a545bc3309b6502b306f71ba069805104d67e
35719.239389,98.005138,failure,d228cf02057a5b10da0c0bf6238fc1a85174da79c0ec014351c917f200890738
35737.677207,79.850580,failure,10a3c673509312c1f932da16196fc28a5c50814dcb27c68f3de4efb9916db80d
35759.108235,58.656057,failure,f322115cf297c76ffacd5c72dd6e5c482cda300d141e130c5788c3fba49421de
35777.460336,40.524701,failure,6141fd0c60cbaa418b4d5cc2c4ff7db1e35b64d3e7fe2a52cf5d938e67383047
35798.649119,20470.618053,success,49d02a8d1218b99b547f64ac96425a66c7dcab917f24137cf0b0534faf6859fa
35818.375745,174.617538,failure,b809a3ccd46e0e9f32cb6ca44f19625462a079c3bb26fb355ce7fb58d351ae94
35838.888306,154.340409,failure,9e673a89dc5c33b94f95b5194cf246b7b8d5cf3a473dd1e7b1f9d67f6057fbaf
35858.367277,133.874204,failure,49caa095f84091d61a0ea34cfca1df34804901635f042641f7410fc940bd61bf
35878.854471,116.607828,failure,e58e69c2f74d531ad7c4cb44ccff7ebfb040b748498c1bdd64bcfdd6a200b309
35898.326379,96.911658,failure,16aab0f555018354104899c4fc4d5c22d05a1461acbe50a851b53771b34855bf
35918.752731,76.937116,failure,17aac37eec38cd61a0a4c3eceaa36a6ea3953035b918e23b6513ec2879404176
35939.290237,56.623402,failure,dfdab45edef8c7367999f677d43e74e8f95383706754068a538522c32fc47d39
35958.746046,13997.585751,failure,eca1044e5a8f72f0b1781f9ebb3fa578b7e6a79b215b7df6031003f4f18e50c0
35981.384963,7.934930,failure,1e687f9c70ed1201a2e813a6ad573c44c729a7fd01bf2ed2d75f059bbb44a2e1
35999.340004,7.930191,failure,d126fe51bf1ec69122e761c1ba74a070f52a426b9e066ba8d39d5a366f0e1f8d
36018.870019,15884.460168,failure,faa1a8079a29d0d1ceea807be6e8eb74f5432234b35679e5c7b752b66f263082
36038.763803,9.513390,failure,7fe1f5896de3dbf69eacde73ca1ea39c49be101c5964aa038c1a6cd1aa2b6be8
36058.816638,6.463016,failure,65b6fa0335ebae7952257902be5d633264c4d6281670a5ecbf5f692fa97153d6
36078.831384,4.950897,failure,55bc5742dc64b623afcaa2931834e82865a83cda2bcabfe15f04b651f5fe5ee2
36098.417252,3.855444,failure,9f001a6162f0aa615deec6eb61cb51a9bb01f1b0ae407700ba9598a22620d22e
36118.754742,6.527344,failure,60ec5d18e6898ef03ff249a88fa5833df6f0fa2fedd85aedef8cd2a03bcf7c31
36138.748180,2.465110,failure,a82c8a34310bd5f708ebf45f690c34e5fb26526c95578bad6727fd1c22294878
36158.649299,15782.545243,failure,037a0d7bcaea2baf6f35f5937eb276a25750f2d246e4052f2cc0a7a6565f3e06
36179.173784,13344.969855,failure,1710a08fa6db4b34835178a0d9663b83a96f908aad393abed05ac327021c6ade
36197.580447,20237.131463,failure,a33c42496a026ab0ac7d9c07a3f703e6af48a54ab7fd18d67bce465d19f691af
36219.049998,83.218296,failure,91b3c8e540196e65cc35ad717e4b2f80a81fbe1a21cabd32b0ac6e85b720fd4d
36238.424499,63.797450,failure,3ca7d354e6491321b41b0bbd0f262b413b1749a056fdffb2116a870eafc219c0
36259.259454,44.817413,failure,f070a41dc510d2c1e8bffdcf840e40dbba449ef700a7ec9961f3d7018872bce2
36279.234579,15932.842867,failure,0d07c1165b29e69044cc44ec27b56869f5cad82c492bb68a882fcf8932ad978f
36302.804219,7.522092,failure,5f40c9629b053f0cfe5ec31934c783a471bc9565860ca12044a3132083a0929d
36319.393111,45.235803,failure,e541e5beef858d551bc02e41ce081ee6d8ff3a4346cba69415a0bb4fe9f46ad2
36339.582801,25.275244,failure,a56a204cc8dd41555a0ab972c7a197b8e5ba87a4075809905c10ea1a01868f1f
36359.216108,5.137219,failure,f51f4c178a6cec0350f605d49902c4b56bb8ac93987df3d8cf6002b95365a864
36378.356118,20.057166,failure,e7a13626bcb2f2ade21296bdf6ae8f26e09b58f5b0b2d7c9a200f476f9e8838f
36398.752747,2.463527,failure,6c3f8454f955ed49297fad3bd2a4e9ed2f6a490ec6dffde22f46fe169e7eaf9a
36418.789726,5.478387,failure,3cf9a1ecc60737e1ee414b29032dd340abe5970213e6ec311b9a0bb09c1576ac
36438.739124,4.534292,failure,1043b01f9acbe05e157955e1b72149b0900e46fdb59048a75161cc47300fa712
36458.755244,2.575823,failure,73079ed0d17ae0085d8ef7a1997e303a242eaaa56c699326ca4bb3efedb39f49
36478.809294,3.466871,failure,f504e40f6a400df725c95c0b8a668d1f4bacf8a508b2e14649f3a27136a134dd
36498.767658,4.508375,failure,481487108f0c984e340edd80a1ec8147ac5b57286effc666228da1e5bcf9166f
36518.757140,2.474366,failure,a4761589e7b0f960732456654dd7d74a1069dfc14196a2865447ee80b34ffec3
36538.729119,3.558158,failure,aa244bd6be106993fb19ae970f1f3f2d6e05460879163d553f84a289b8b2b596
36558.812002,4.489129,failure,c33841d4875d4afa751b712ca65c77bc0c489868a83fb4b782ab6f0d8cfb3be5
36578.794340,4.492615,failure,132e5f560fc92d4ac0e540ef6e0344b5fd9ba2c146ee004f13688e7bea4ab856
36598.896298,14209.312641,success,c79d83426772ba1dcc93530f60ec634c62be1df7c1bb1cf600597fc0c059fa15
36618.507725,17818.834196,failure,30ae5018248a03e2f8fd105fed3678fbdbe0267fb4e7064cc11283828584589a
36638.456451,3690.898597,failure,75c98a8b27f279e05dc28c3f8e7f1ea0033751360580d76edfe14479a6d5d247
36658.455400,16279.902111,failure,875f3c48987f0de5c905bdb721af0ba0df382f7e93aa2ff8dd4ea4a671624bbf
36680.802483,19159.037361,failure,aa7910f7b98fd9d871a3e912f15a7833ce40b91f43e219a25bfc4f3a81ee59f8
36699.320290,3.692165,failure,1adb0bf6b74bafefda68c0d021e3e1513f0738bc8e523c173c6e90445df75236
36719.557146,1.804667,failure,91d6070af7b6ca13e76194bed4036ad898ff53db1d8ed9bfac4d01afeb7cd34a
36738.845860,1.857523,failure,0999fcfe03dc5d12099defec356c37325dfaefa89b51d09d6a34c026403a16d9
36759.214568,2.481150,failure,445a789829e65fd85c575495e3300e6798a2201a25815f26190b723ede6c96e1
36778.191679,4.128587,failure,5bc1d73eb5cb2668d369b6aa886e0e66532b42ef5c0432d2c96f6e4b39b76e40
36797.792747,2.524489,failure,793042f2671ac65b5ec749c0a262cfaed41455104ba5c576142d6268ed462f9d
36818.777347,8.536366,failure,d9acdc09d55c29d1b048cfe5da948115910aaca592dfec69175eec13d6db79fa
36838.775194,2.505744,failure,ef53af8e395e8d0f65db757d45f88cc2140aa150e035f4f03f5435d23991eed7
36858.735111,7.592110,failure,1b357b26fdcbbf86bf86917bfd293192794d409fff4cdcaf0da61b3474922bcc
36878.821991,3.465748,failure,68e5affbe8f07fde4ecffae0e478fad0823908ed5651c0fae75690602f4cfa84
36898.759737,2.468737,failure,97b7cec5c133eaa4b933425c7cbfa673c875cf42e7b99afa099159e6186e2690
36920.259494,2.549545,failure,cc5526929c07dd94652b63b9fb7aae2df565f50fad5c12b67c19d84adf9597f4
36938.431656,3.850375,failure,e6d2c4972466c1ffc842b25aa35934a57ddd7694ee9a57bb529ed39872c88f84
36958.769287,2.502979,failure,7d2ccce9d5185d4bfd7a8fe4e57fc225cd35ec0ff8c7231a33ae4f5fd6673fa4
36978.753388,2.494454,failure,a81b0f4012d28559b25f68fc24fc4bb38347499781344d19ddddec83a27676db
36998.708657,2.473645,failure,5278349450aed921fd0d4b151812b22a740c804e2bf82c24d275f734f014b9c8
37018.878950,5.397358,failure,46caec7acd0bd68657649d481520150e9a78a9da0822382fc7c04005ffa9e7a4
37038.748662,494.919395,failure,961ecef3720046f20af0462f175d6fa555d7ad35c0546e9680178e251b130574
37058.327007,475.574269,failure,7e8a53a52a2f50f4b33ec5c39fc333562ba1d3a9ec1f7e009c9e42a2e47e58ad
37078.787915,455.345347,failure,d5108e7c8f1ac5015051807f9b734a85fc91229131d174249e0f369b4d6bae64
37099.242180,435.115454,failure,f0c1cf82041d881008975e0e76fadc2bd5f581c6495045acd9ec01aca2175ab1
37117.656168,416.917924,failure,916f8ed78372fd5bf98d9356dcfd0518907bd4642de9725ac66f5457ef17cbab
37139.063287,395.725239,failure,26ef60dfd8136f6e0f4ed8e8cf917f742c64b4969269f6fd906724028ab72f85
37158.388590,376.613759,failure,f2ab39024dd6da7fb32dd8b7d8f8fb268834a5f2a84747065b7c1d15a944b809
37178.789940,356.436902,failure,84b541967434aac032cf34176605ee41525762d6a691c3409bf36beff533b487
37199.267821,336.169678,failure,8c7d70bc9cfc5be19766da625a954c91b74f4e24be5a35393e9a8f7b5fc164b9
37218.834427,316.811014,failure,57584a4346d436fc27d0d0213a80bed4737d2c2d21a324e24d19f7fec54d67b8
37238.341714,297.515717,failure,fcdfaa0ca3c0599fe734708c89520c12c8c69bbb758c5dedcc2c9cf3a6083e72
37258.801542,277.282876,failure,d5e851edfb24bfa47ab0b9f94f15658494af0bea3aad9274c95c894631819ec6
37279.223761,257.073528,failure,abb487c1bfbbee42d94bd2f55b92495f2dec95d298e1858b61075cf1b9a1692d
37297.662384,238.846844,failure,56f644d2313afecc400bff78b7878c360dae5b0af958e447a6a08f1fab1a7e2d
37319.098737,217.620868,failure,f11c88ab34b9cb4c6ee769857a334f80106c6c8c2a0b5e3bd048aa759651c781
37337.445732,199.482396,failure,dfd100861adb285e5975d978559bb82a07f5a15b5018693c5bf15daf5de46a15
37358.848532,178.302726,failure,9a81044175193c4cebb7c7a2299da54a06749ad60f78ddb7ef59f9dce4ff1a07
37379.248260,158.288326,failure,bb57400da11ba3f69fb2e752765cba1094bcd4deb0589e664ad6ca392dab76c3
37397.627234,140.168058,failure,f34c7594eb5543ccdf22379fb58296bd240db24d794b737c364764df83e31c47
37419.030695,119.000961,failure,2dc8c2613a520704d4b3c9a263cbbb8127eece52800fb88526b3556d7a1001ea
37438.347002,99.900290,failure,e26fdbb817b20893170aeba383ded0c3183f20ca79cbb96736868eed00f5dbe2
37458.739315,79.720668,failure,71344b230ac2176f33da8b5bce426734d68acde45d7e76f701d166be0be0f1da
37479.138672,59.531638,failure,b234af43485396b87ec40a82f7675082129de8ee1deb3e565e648e3445e643ce
37497.488052,41.385692,failure,c3b24c6caba765fef71a329fd621c488b60ffc5ca1503d3453bfc946759ddd0f
37518.904688,14.480960,failure,f48555ce42f23a0c5d79472b4047592aaeb907cc0085aa0715ede34a78c70387
37546.280564,5210.295559,failure,e976b028fce046dbd9bd1fcac39050af0ba7c831d6b6fa46ba26ccc5869121ce
37559.263242,49.576554,failure,40edc41f2a5cdcfe4cb78a3e0ba35506252904d00d129a92ab3d70b09acb9e3f
37578.801376,12682.492112,failure,37c299ade9ea072a928feb712b95119495d37686059b31812e60df9fe35a4a94
37598.496459,10.635073,failure,cb193bda01ce4370391f6da5ee506abe6676e69654712aed3d3d1aee660c39a8
37619.404019,94.224801,failure,8b10d3402828ecf642fec5fb54ad103b6277079987c8a9e4975659146ad700ea
37639.365281,74.497970,failure,0ff448bbe5a6cdc70bbeb89d438cc9fdc7b4ad1964bcb633275bba4ec83e3462
37659.007366,55.088202,failure,32a89050065e9bfde02c1a65698dbaf44df072d0e90b1b7b9749de23441bad34
37678.505366,35.813071,failure,042a9cb531b429d0f42062897e704819156b9a00caf371a115e2c20776d44e64
37699.025965,14.325716,failure,1f1d19b53957a3529f1ba8f4d681933702d4b6107206b5d27252de952a29b03f
37719.838631,30.433847,failure,37db5c207d6b9a41dc33d5c38ffd6006350b9012b91b5c8d5065f027c85d5d4f
37739.305144,14843.983834,failure,b0e74e92f1ee0a022182016be31ab9b8b18207ecd7b24dff84c1792c8a0e1d2c
37758.739156,22.545972,failure,70f95fe2ffb681f83a86061f43525ba89345bec9d40ab25a164e55e85bd1d94e
37778.428779,16514.499141,failure,3ac4b870b56b039a8120bef4a8f9ae62e76139432d81b3aad90cb7df80459a5d
37799.003197,14387.329440,failure,9bbc823a11fefddfd673338b7abca3bafdb1b0dd90ed330f5a4ed116a565b9cf
37829.099634,12.467821,failure,8b38f82619a249f9cadf16b9c69465975552ddf4b1213d730d0dd3f099ff3577
37843.288277,19819.698082,success,474e683868704b7247cd25880141643d550eac0a5810ab215fe468c5af7d5ce6
37868.696558,21.919681,failure,a0b227164a6a5a449f9b2a7ad6731bc0375548420571a64572e2ce421e2f3131
37877.911412,12.412650,failure,05737fdbc474771694dd78863c3ef1ee4f99ea1fa9a93b794ba915b56ace6479
37899.129733,13643.156317,failure,d7c032c922b1be64186955b880994df4d01438513c5ba07459eebd212b665a7b
37919.168357,84.173531,failure,447ffc7d4888e2bfa445d4ab54bd0776818271ae1b97ab7149368182625e4bf0
37937.638419,65.987150,failure,364411ad75e11392408e94b104b4c29661f0f1f73412691c873fd4273274ae1e
37959.067988,44.800017,failure,87757b7f2fb940c19ca3aac30c86bb9b468cbdbb314bf680bae53c1afae69ca1
37978.599921,13991.735804,failure,3468c7c38a7bb36cb1360bc61b70b32bb0da99251f0d0cf1ef66a33c77a5168c
38002.032101,18716.154001,failure,3de22a637f64c0e0a21f68ac46c409362ab4b2033f8a92cb4a06a2d71e6fcc72
38019.291778,13128.676062,failure,c8e44fba245d7c1747fd285a3ae6b9c6d72285620c2fe6d0b293c8735069b597
38038.893609,18843.073851,failure,a180ae79e6813681866d1d56cb64a0cae55de7b17e567d82c72773b080ae4e66
38058.542126,8.940359,failure,b3bd88630530776b72ce99f85d95b4a61d3fbbbee6537e3dc02c1c3757d1a85b
38078.951000,3.336501,failure,e85acdc56c9497969c1aa7f77434c7756d1e46ac445f9594a5f89d516f453ce1
38099.126235,91.500653,failure,8b7face77db764e1425de06d27d9e2c42247d1b4e1ed61c498d888f4877d27b8
38117.671465,73.196166,failure,6173aea2cb9c707dd2e832d82d3de10045592998df22fe1253cf7639f0056371
38139.167599,51.970399,failure,92413666289b309ff6e361ed7c45465ead3b54c4329e76512f648311896155cf
38157.577172,33.784867,failure,d0b12d7b38fb99cb68b4d2886da1c9b36b04d5aae4b15a7add2a28e0ccd9b540
38179.056214,11.282855,failure,44df2620e8846c8f1be0e5f2296f4e8ff29812d3219e73351de5f451b92455fc
38198.868514,56.724275,failure,78a3d72ccf62ab6da6ec7d315ddca674243fe2ebe57d71fdb729b9cd3efabfb6
38218.370935,37.452598,failure,84fc65339af724b9e117cdbc08f53357f23135768cdb5bc4b07c6bfd6cfee472
38238.844600,16.480257,failure,eca08ff685411e8f510b349d64667a795fc1177bcf5b28d0a484d36a2639191a
38259.449827,12200.285850,failure,e6f6ea01860c52396bc4aeaf7da6e6423c8e1253f06035b51888adf07959cd12
38279.080143,152.806208,failure,56d26df807bc3bffea50a32da09be87d87874e2fa54c5c2ca4a2361f27606da0
38298.474394,133.652279,failure,b48e7893dc1b1cba4412cc702c1ea7fcf1924b23219248645cc5bd9e4f087391
38318.937079,113.422111,failure,73f4291e04fc5152942234b3de3cb81f011d253bddb39743f562134df84b7546
38338.373769,94.205596,failure,39c80aa79cc9f21ee255f336ab96b0541ca304b07a420e806905b8f3a2b5498f
38358.806469,73.992319,failure,a8b1ce8df618015aa803f5f37365e3bed6ec3306fff20f4aaa6f6ff20605b966
38379.266920,53.760368,failure,72211519fcb8413465339e319c78ac6f00ee2e633cb943ae2329a3e3e8ccdd36
38398.344850,33.005496,failure,a4a2a219fda57aa2e47862cbe9e4cd56793fb57a23026decb56783af38d56f4d
38418.785505,361.694571,failure,47b84fc7f26fabba18154c8a6560d4125a0b98131b4c87c34c2cb42d9db39472
38439.009602,342.041784,failure,9a7b2a36007205bc3e9e7265ead9a548c3835bc249e283dd838e6efe5332a634
38458.298079,322.998979,failure,45769e6121bbb6e970e8549b040708a6521efb790c96d6279ded468d0a2a9798
38478.757348,302.773539,failure,c44fea434ba4e539c101f21834eef538ba72e5cfc5e2d7b0103050b5bd74b52a
38499.177565,282.580941,failure,5c16de09c3c3db743b81d57a389a2aba9aa168e1738952417ee14fe4280d5335
38517.527908,264.450221,failure,1aba00ccc6adffa0257dc3dcfaa1c5214e8ec5e3a6a044662bb37bff8f314ff5
38538.938215,243.270308,failure,ee59f696d82ef607cb9f81b7b2d0624c6a823b095e91472c2a1cd2c9d32ca65e
38558.314603,224.112060,failure,33f7f689c9e2bb55c7258a8ba556ed29b26a41141d3433400276344beb32abb7
38578.530124,204.113638,failure,bc231b1a4e404d1db7213d204abeb616edc1b32dd71a8e9b473e3a764f769218
38598.998159,183.872130,failure,4c15d667d7edeb365bc9e30e16f1561bbef0cc2aa23fc74cd630c868e28ef7d3
38618.379647,164.778180,failure,88447cf696fb72756e0464b9abd99e4fd6541ea2c940eb71182735853e26bd7e
38639.173882,144.259982,failure,42f933d660a3718641150a130c522df6c1b50fdae72a421c992bad807f7a25e5
38659.385786,124.316562,failure,49a2c3060113d7812ef7caf71dba7f262042a713ecf91cf9cabbb65268af948b
38679.281800,104.688851,failure,5c5c1190c0a3f7c85f385ee308c4e2861f23b0ca29ee48d7b4eecc37cc9d88f4
38698.943242,85.306231,failure,fcaf7ec1548f468d207063e41f1ddce6f2026d45d5fdc5379066cc8ff6ad0101
38718.446484,66.218854,failure,61e306a7eebac5a14b8f0c23bc94362221744496252cb4545353711e5f0c40a5
38738.938894,11575.375057,failure,7b8d3bcc59a37bbff2360a9f9d94b01e70de2107e2cfce116329d54a447b4585
38758.483031,17192.202491,failure,c01a56921e2e0e88fa91cf5af22c756701484e5c1588cf3c8991b3cd0ea184e7
38779.092416,15741.286521,failure,2891cae9bd32b4c221c132ed4cef5e5b9aea7bdb6a2e8cef09fec265ed5a9204
38797.879161,17042.725650,failure,82865e38c08d8c95d0b6b80dc25e1b4d800ff8c40977aa72b169385c62e5c75d
38818.998152,16111.423488,failure,6af007fee66522b94ff5d9d2c7df779c0e00340cece3133d44745cbcb830c3f2
38838.859472,89.007423,failure,d4fb4519eddb9d501053283bc15a5026b04300fa3bb83f5e2382e8c7ac2e3ad4
38858.420130,69.683630,failure,9289608f6a0befd5231db607acf7be7c9a9194a60a60404d106d638138df75d9
38878.917639,49.414471,failure,ac36405f43b7cc243c8565ee40885e4b8662aaf04198a9d960642f8fe81157e9
38898.345512,30.203256,failure,ad1e93cd8c9d28ac73d68e48450c58f2a57c7a5bd6fc0acb5f99345745de3a2b
38918.791176,8.533903,failure,10cc6e06034d485df908b108377d5e9e4f5c811782f91805c8f58c68e3c1445c
38939.059705,4.253767,failure,96a1cda557b93c668fa0cd21b615d65ab4aadff468509bba708251767c7f34b0
38958.816793,2.460101,failure,7efefc5318c1c95d1566be5f023df2d47e5f4a4063d504eece3ce70694e1f50b
38978.766465,2.515022,failure,3f6abf8f245ccd39de535f9aaa9eff6131194c82976d41086b702736ac2417e5
38998.791095,2.485208,failure,67905fd158d4c79ceb967b3bb8c09780aa6156253902487a3a12417ed74083b3
39018.959710,29.675646,failure,2725c746c27e1ad75c216621f4b3c9ba722db9feaa7cf14fb81dab859f5f7d61
39038.505059,9.852898,failure,2efc24c7d39b7b4009cc2ec31318fa94c768655ac2a1e3693492876bdd5c5792
39059.480417,77.870649,failure,39cc3fc31238896ae2f7780edd87b6b0bc071c07095603f2bd9f0beb3a7131fa
39079.139114,58.583615,failure,9d132a271becd6508196f6616eb5a2356722b64b87d0bcf24d239b9c7603e344
39097.595142,40.421177,failure,98b41d627129712d91de71cd081621510926f7472acf562bedb45ee0f767c0d0
39119.071321,19.201379,failure,318ebc24d30b6706fd6c60e03fb1d5b894caaba630b191b48f7db22e91cc697f
39138.695788,13641.765504,failure,e22128fe2ea8eae8b29a667dcd8e570d09e4eb220097ec7adfe4fce0d5671c02
39159.127839,35.207005,failure,4c7713105240a42ef81896db2aa673e1479c40504b70ab893528af33dac4f75c
39177.700993,16.905840,failure,ab4d96b2f6aa4d6cd6be0dc5330caa2fde11068755ef8555210d3391a3388e85
39199.159170,19064.159632,failure,cb87c180c6bd153ab2f45ab014b74dc17266c9e2a413e0e8eabd4851fdaaa908
39218.467906,14967.845680,failure,ae492e8aa104f334680d17af233ad6cb5127a84d5660ffa34cc3890f8904176c
39239.057647,17458.253434,failure,1043de6cc0dccca84548cd94b307b8e73d5e63cb194410f17914d6d001b8d7e6
39258.491053,19407.839960,failure,9cd280b3aec9dca710973e90a22d5335b02066deae0df8ecb6bec9b1ddb33667
39278.409820,17787.899140,failure,f65b6a03869cf39f7123d3a778b19b88091c09aefa45a302b85db9d787e1fc66
39298.410639,15244.911660,failure,0ea8d5fd6f7d092eb798b265e6b9cb8d3e533b31fa3425fac5f01591c79190bf
39318.951319,16651.358421,failure,cd7c943b558259a70b763e9ede94609e605fc69894773f53f0b5977a1c7c92e4
39338.428746,17380.635261,failure,c321021b043417c316ac6722dc471eb05cb95d5d39d9277e073dfe34bf804ca7
39358.891353,16195.945786,failure,7cb78eca33f442e9e17cfc7bab9a9bd38fbb4935a49ff48b3b9a379984723666
39378.794762,18554.520835,failure,aca75e2b3d2840550ceb08e608cf88021f3730aefcf15e3b61787ffce566047e
39400.046009,11073.707216,failure,4d4fea0722f029468994e09d9fff55374bf395d9ecb8529b065f11144c610630
39418.493813,18243.854141,success,b39965fc3acc9c0b4b0c62437667179096cebf49a89a7863b49dff5a70bda548
39439.030186,7393.020974,failure,6330d4170d3b12dcd193189d7dbc48e8b9fbf65abd405c1cc3b9a9992a3e8b3a
39458.429609,13086.168280,failure,fbfe87c1a323f6a95734de85231d19f3db1cfbd08d4d7724f53b342a9cf3a73d
39478.392067,17947.912674,failure,0bbe969a66eeebdc9e19db3232ea4d0b94464fe5a36808a93ccefbeb239581bb
39498.403444,17802.632253,failure,84d77c9fc664a73e7535135d8d4fe7030ba56541cd5fbeea9f19b802e169541a
39518.378526,16962.555392,failure,00c5dfd9ce8ba51189620562f65df17db8e7c714813847b697686fc5db366564
39538.801229,17342.288797,failure,960fa100ef258cada945338d03afb6caa91808662c7dfc79690920bfe69b8b21
39559.243519,17803.117687,failure,df04aea9f57eafeb2370f86080a517c4d28de0e8f14ab0757e8726faa0144925
39578.733679,17302.644196,failure,b820f8f1ea662fc70abd7d004d744dfeda0416dda25de2c58ed5043e4c4819e6
39598.482104,17284.062107,failure,d3e581e0bb8a687df53124dc8c50cf8d0a5cf91bcc6423709e7ae1b677c68fba
39618.447056,17814.878742,failure,33dd006be5244d185e3a7b4e80eeb62929f139321d9ab08194b5c54d502d145a
39638.412229,105.096962,failure,3dcc6d64b8fc45c22d4c08acf4e13490ee18fa4ba85fb8442d5c5393af214f2a
39658.574314,84.686400,failure,0f36eef50cf95a17adae8d99bddb5a595c22ac78e9f462bce1066bcd0dbd01dc
39678.400341,66.814184,failure,39ca2504d8f3792ea4eaa5a3b2abd1cb67dcdef98b25ec65493510c026a7b19c
39698.383697,16289.441783,failure,ecdfe990c34ed576a4a1bf2cb9f8e1d5cfc9e31ec811bda80c600e0af6f71444
39718.833942,4.674711,failure,4f8b44d3957c6061faa877408513a097b232f0abe73ab89ec1582f1aa498b2b7
39739.327255,4.410055,failure,538cc33beed18f8c130d903d8906107d46a184dd275ba64d2a7e2d959f6a0d08
39758.735785,41.689629,failure,3fea191a70dce1c0b249a23013c4d438bbf44514b39f3e0627f2087b711d50d2
39779.269663,18244.059439,failure,5667bc4d6165bf0a3e16ea22b075e00c0b536e9b5a576050bf1da051a3f07451
39798.891004,12467.977021,failure,dd464736c7a7c1d8b7d6dee190cf081a172648b3dc7689640afef05f9345036c
39818.976889,14701.090666,failure,45f06b3a2a1b90e90aa2e1f68060092fb7fd857c9d9ea66d036c7b956fb72a9a
39838.491514,8.024988,failure,f6ae7f553a2eebfb01af1322446443bc69ef263de927b4160f9b6e6af199c3e3
39858.370889,5.937703,failure,021a8f9e8452dba7fab5d7cc716c6f3b52c311e60902d9d06a003553771449b2
39878.578217,100.028867,failure,ccd1398c12dd3134eebe38e11eab3249da41af9766370641f81a80811d6460a6
39899.123205,79.722007,failure,f897bd8dc21fed099a001a719d86f0c17bd3576a0e0d3e18b6eef0c8c6caf617
39917.532399,61.539840,failure,730c4a5c26d4396c41d871a5eb189f768b02ddeac7d56dbaac4810aaf1541da7
39939.158734,40.134952,failure,842598a1fbfe42742cba3172015ee4fa0152f184cd1d622c3d101fea71eedc97
39957.546448,20.784980,failure,e61ac2e100fa5a20d4db8749c3f1b598ab7510a652734c3dc1c5480cbcddfdde
39979.642578,45.334497,failure,58b04aef93f779a2cc72e8e1a990932a884ed8f9cda8928e3881b75f67ba5a2e
39999.230166,25.471754,failure,3c247d49faf82690bbf30c373f133f8200379e47f4ed3979e0d0455772d530e2
40019.104743,22.196053,failure,2da33aabcbac0e51db04000ff650b297a9ad8fd96b022aef2284cf7c02e17171
40038.904552,2.709770,failure,7c6916726f59ab3b6dc70080fe5a6516c98a8157d037448c754b9edae9439bef
40059.076525,4.237959,failure,9e952d53a0c5aac8c23f150a41ebbdb74e69d9f4c82fd834b903c062869fb1b4
40077.965951,16211.466857,failure,5aceb808f0749d19a1a2e39f17ecefaeb1a33a2b1107fece77d5fe9857ec0892
40099.127532,6.171713,failure,32bfd1e8ad54700d19c134320301e122c157a98bfc83f8aeec44495750ed3a5e
40117.833282,3.480988,failure,a05a1c41eb5fdd20348026ecc69f8b9da74081c33ed6f77d261d7661b7019a4d
40138.811338,4.468694,failure,bb4d0dd6441fa609f52574bc65ad30b43bba0f3446af31f290f0635701f65d63
40158.827677,19679.474513,failure,b7539269beaa13310508fb11c0a24030db3cc759b20ee4b7ca747dd829d4da8a
40180.783110,8.947766,failure,a20ca781e25d48efcc95f967e5a6295f65dac9445cf6a909a668d7cdc4fb13c8
40199.564009,2.706133,failure,23ff2bae597ec9389af69941ba6e0068c8b9902158c5926e8b6671e06654ca58
40219.006563,78.742465,failure,4bb45c5b13c19cd84813e213a7018d4ae7ad8c5d6c275822135608fb2ec78643
40237.645681,60.387800,failure,70e7294416cadd4f3bccfd4b64e3c68e8c94b3a15940d0bd614fa38f9c53f107
40259.169531,39.106295,failure,44e15d9940dff6f25f6a82734374733e01f7822bcff332467abeef5c8bbaccb7
40277.615754,16156.742926,failure,40e2ecfaeba78fb574992197d9f0ec5a556ef1ff4db4a3beac86fb61376145cb
40298.709814,25.287296,failure,923fb1a5c2c18174cf404a06d003147e55b099fca95aaf7fd0cf52ba6e80c0bc
40319.239626,13867.351701,failure,a88fe68122478008fbf00bfc3c225dc49f13b19ee4b823aae34980ae730a8c0b
40338.869565,12005.349412,failure,6e2480ee1c504b4277fc41d48f9560b52664f6533033d05ed4e1c807675d113a
40358.458980,15013.347889,failure,ca9381720253561891d3e2ca075316fe1c56888c7b762560cd54ed45a80669bf
40379.002648,17853.306362,failure,7919474008094c8d0c775c08e1e12ffd1b6ca3c12854fb5b77d7dfde148e354b
40398.423853,39.791725,failure,fcfc00289269589ea785369a9d5eee7caaa5488ba9635e9dd3b380669a3133e4
40418.866786,17233.549527,success,778f08ebddb76feb9e53006640f0db3bff5ee97b0772f83a15072acd6f899d74
40438.593843,88.668749,failure,1c7eab0f9c74b209d42de77a83577315bec1b20ed53c56693fc12436c8f64da8
40459.055851,68.240723,failure,a8bd715dc2ea65bb97bf0c179e3d70e08ab40c096c065c000325b716f99ab7c7
40478.448374,48.890117,failure,df2007dba11efea4a83a0cd2de2c38ade0d292f45e2ba76df0f5db88e770d29e
40498.882330,28.486257,failure,d6e833c4f203746f06fc3551a08848e697262b6cdc23080a8c42790da0f54790
40519.257850,12043.049379,failure,2957789839efa4c3eb2121730e7c617c159b0e05987200ab6efef9f8fa327fb2
40538.796210,10.062023,failure,b2be4bab012d0291a9d9c0f6f2a77ede2f3419d0a7ec724ff282836c63e1a7ec
40558.621999,3.283545,failure,39285a1742b5b1a4d80bcc0045d97ca0bebb69c6bc10ff42e4e90e9674451266
40579.326713,29.238639,failure,dc38b8d42337d9e43ae19c8f5d5ea5f923a5b99a18eab6826e544a78405dad37
40598.842903,9.462812,failure,cf39681b6610e231f6c7918d5eb3607ab988559ce5747d71b83ceb246c99a103
40618.940521,16776.392162,failure,4f3893102f03e08948daac187c1c80e194aeaf0813e44efd768ad62ef9819627
40639.316451,18.998368,failure,6e6d4c836934e24b4d3d152763ff22d8da6e96ba287734c33ccc86c76391bed4
40658.700718,16993.350594,success,604d2f2041f1fdade080b95993256172fb43dec78a70b1b7255477e016865fbb
40679.024923,105.830882,failure,cb1757a1cdf22b999f449f501df6927640d4f8eb89b55684b90b99fe2284db18
40698.460925,86.629712,failure,a486f695519cf500fbcd19fa98c2a0b3ac7cd87bd4c5cdf42ccf497111ceab26
40718.941247,66.379162,failure,94f4ce0f08dcc792c908d462a26f393778be665ad4650bf2271366ff1c9035be
40738.357063,47.183390,failure,c3586fbd0647352b1e881c61421350043c93325f37e116308e620e213927b6be
40758.815805,25.513102,failure,2ebd8c643a7959779a31c004c2037632741ddd64de8bd8668428c361e8352ca9
40779.250973,13371.513775,failure,de640161d315953d958457068dc6d673515a8bd8e520812b0935815746278994
40798.533303,14254.875536,failure,736166830ba12c583be1f010a3d171b090901a22a24f158059af1b0a904b2d19
40819.420774,35.759434,failure,12ca1ba9f3d1ee713d44cd09df75a5c6640f2c904a52a0f5be6172773295d4e6
40839.255990,15.113978,failure,34de073d3256415300b840db9912a725cbc3de3382a477971522d9f4277c2408
40858.692533,58.654765,failure,d4ab25219033a27c49d64536c772abbfb4e48808c87253b624fcdc793758cc3a
40878.569706,39.331359,failure,26bf39b347e3d6710b58d81eba29d88cee7168672fec59f65fe414dec7a3a97f
40899.252540,15100.912909,failure,3f64654210a8dfec2797a18b220cce81ee8195144680aa128039157422049a4a
40918.330204,8.011725,failure,ddda3be1ac3c67c852f328161c79e5ee00b7ecdd2b7e5e6722ff56fe37a82d1b
40939.198469,14995.358325,failure,0eed1b8ca74e9da7a832292a49bcd64d1d9ed8b85e7563d48a4b861f314aa2c0
40957.808092,26.825154,failure,2952a058f8d6e2bc8f4c76e31d026c88207263e4c793a2208c230521b75e2f58
40978.836842,5.504998,failure,87a2af882fb0610b919dafd235f08cc4e3a821a51746ed4b461deb43dc3f9af4
41000.152148,13187.159734,failure,af256f29ed97ab3544c811f1937eee876d1d9dd7272f85b3c456bb382f1f73e0
41017.928761,29.397711,failure,d3abefeb7fe9dd1becedb158cb668e6f63114908a88a5be25edb14a305ca6aa7
41038.502685,16878.820110,failure,358205d1f78d58d5450d5b82beac7c671449715ac2d4cd4c3e6cdd8b994646aa
41058.522450,14930.164244,failure,792caec691f42ef1eff282c64cb951a697405498069246d220c01874385de498
41079.058063,33.414786,failure,435e6fe124111f72080cf7c257c75f295fa1667e969abe19a8f0ad0c413b1fcd
41098.569314,17505.756744,failure,4343c2b77dbdd29569bb001e1049cd812417a2a8c497fb94d89c8906c665a736
41123.522409,26.840564,failure,bb40ba2e6cb835b4521fb12991210332b2a4e6f318cb101c920bb924f08b9264
41139.088310,14415.830309,failure,27b34d5f99b1665e0c9fc01b9f2cfe5d75b095a9e2200c9facfaec1c42ca322c
41159.056793,3.236979,failure,82d60fb21881e2ea24720ade1f994e728d5510705d6b187d5404b8d326c476f5
41178.478230,9.821272,failure,113de42c92e13cc603802201d4ff7b2ac260e02eaa5ce853980ff515e6696687
41198.822714,8.479125,failure,759581048964e6ce7f479593f687fb1c8bc945c43d4c09eb38e89bb6f651c530
41218.799823,4.499310,failure,5433e2d545f80fdf56b5ea49b4716a7384b9fcea0714f59fdcd0dfc817ddb2c3
41238.782422,94.852975,failure,944ea22b04f77af520baa6973db44af9b494ac6ae0cf20949684a4710423296b
41258.364946,75.510252,failure,49ea52c551a751f431921e425fefce105088b8da2993dc7f74d26b54131cbde9
41278.881517,55.235916,failure,d3ae5f78d6d3539f4ece619b6a709d797e4f50a25ca6a322f401f6637730d455
41298.353728,36.009236,failure,15f0424ff0f892bc519642fa0e979a5849167c6fa0aab62cbb2ed8f5ce7a7601
41318.869126,14.485435,failure,060e6ac6a1d479703d01d317c23ea2f5a20039acb8d9ec7c3286e996ef53085e
41338.717238,15544.656258,failure,6a4442635e05cff2fdc63e0a911e2cbbdceea482c3a748ec55c42f4aab1ec0c8
41359.066621,14915.793970,failure,d6a1886ceba9894d145fae113645cb56a0e187e4396467f6fd6cfd62c23154d1
41378.455168,15637.152143,failure,1a0ef209fddb3c8df6f6167b5c8373410cac8532337118ff3948764966297de0
41398.898184,15616.429232,failure,ec08a5d33c342b17b96ec9dacf95a15a84eecdd8779d2aac47e2662224d6ae28
41420.081770,9250.262480,failure,fd1bcf79b06d5bce47a1a9ed5469a1201eee8bc4df55d58f77196349efbfc147
41438.461253,11706.825621,failure,2902952e94cfd740eb651639a3c5a593282a44952ab7e6b82d9f271210d370af
41458.784097,15895.538861,failure,285d93ff6c49090d32c8f0c6f047fc37e906c1236699557aa41598f402c02f88
41479.033546,19191.305343,failure,ee6691640ab842bbb7e6b16f37a0f530fa81defc528de940c3bd4b66e903e8a1
41498.909700,111.993169,failure,da0d1f7f11aa92b53b05e8664c49bdf2b983c939d9cb1e030e64da43743e422f
41518.439256,92.751282,failure,6cc94e117e4c9f7cf6f92c20b2183ca4ee3fb9196b2ffd225c31a30209bc1569
41538.920622,72.530264,failure,36855a7ea71457a12846cfd8e8eca34a32bb82fce44c34e67c9bff32596b46b9
41558.318687,53.362903,failure,62826c2b8ac8359f8196ba80fa83847efb1b8b32c446869bdc0550036789f606
41578.732128,33.168846,failure,4997957f3f149121f07f291fa40ad0f86ffe548a2314e2809f77db3245654e39
41599.136903,13428.022263,failure,63df34930e9017a4008522db9f05555b7a50efd242cff33feaeca7a9e860d2f2
41620.667798,14.806755,failure,823e078aa6aa86f295578b9949075e3a7795e0cfe1f2b3fe6de45714aecfceb6
41638.508991,14.826171,failure,22cb5291759fa18c5b06d3fbaa543d11997f17a0762c65173bda63b261032455
41662.394403,19.433340,failure,16e55c6d8434c0cb322f8f6ac779060ec83566aafb02423d23cf6cf157bd0608
41680.147635,6.149553,failure,ed292a5c5472d7647e3318d470657177c69faad3fbb5d8706b33669de8cb6b71
41698.819304,56.805361,failure,1d3ddcfd351ad620387c9b056286c65d65183e18e2657a49d268fe2aac972927
41718.426192,37.431431,failure,6b080eb2b0f2db52253192c0479c35d3db1336084e82ccb3ceb63fc8e9a1338f
41738.933065,16.416925,failure,5266375b28cb3bb87f2cde737d8e623b1cdadfefc092d5b696d0d99db280485a
41759.207781,15123.611977,failure,7885acf3a4527de80329cb96ca59d12221c6640694338eacfcdb718455ac084c
41777.966040,20591.336830,failure,50b4406daf2bd0596f97fd9926007faec54471c2b3096f0a3bebc980fd911491
41798.595017,186.104119,failure,80ef13e3b5e67e7655d69720a5317b2395a5858ad6cf4f623888d7d6aa5d2d91
41819.103883,165.675210,failure,b931ebb939d5aa6efd22f0ac5ffea3061760e75a922af8851376e362c4b12b78
41837.585233,147.233873,failure,7e4f382ed06647c24ca7a03b7b7b409e9411e24e97bfa1fb845862fa9842e223
41859.067599,125.784308,failure,e18a192c5b35c640e84b03107f8a3c27c9a0cae0f723ac80384f97d56c1ef96b
41878.464311,106.418252,failure,562354f37bf466566927a273d9231d05c034e34c5d517bc22f15b8c0b4f143c8
41898.951227,85.962013,failure,47c09969b8bf487ed664eff4e08f74da1fb29faee56a952492959f80d0021ef4
41918.390056,66.552568,failure,ac52b64a9411505b0373d802e531e22e20ae473e352b5bceae7a723c4c31101d
41938.830617,46.140920,failure,198cbe32d4ffa1cbcd4aaccf64de450c121cb1f90fc1cb3ed73b4c18d2364973
41959.233629,15701.967896,success,0c1f161113f4254868abc8ff41c00bb449e8117d9ab13f726ee1411fd8fcb7c5
41977.652764,7.347465,failure,6a4d9f1d5d7bb1f4330b00b0cbed0d3e06fe566cfcdc3665783c5a5db1e862f8
41998.788122,320.772609,failure,8009cab049239450a7bd5a2d7838ee0dfc9335bb484ed40afd4a92a8f1fbc71e
42018.850899,300.944964,failure,7e927dc2fe489647598bfd137e9b637888ea60f61bccba2eb35196deb8db9054
42038.338007,281.694801,failure,65a70be13635d90ebecaada26ac2a7a96220b7d7c6b741e698f7b81b9ffe4695
42058.764602,257.605454,failure,826a1392af40c0bdd74a74027856186bed083fc33f39966a43baf79afa647eb5
42079.209781,14196.072075,success,9220537f7218ae77b767b98995a6ef55fd9a0980e3cec77d78ff452566f6c32c
42097.648503,224.213909,failure,251e07dee8959b9354323f41cefc4d8564adff5443738b9d0e48cf49739511af
42119.089985,16068.233572,failure,0505b30d88f64d50a1270e4d1440a22bbcdb26002ee8f0ae4eb7aa1ae1b1f87f
42138.472422,16333.844599,failure,2ab5a17cabf714e9fd9f6c43db3cbab1647c268e7c7c1ff48094c0f13b83c8ca
42158.962787,170.792222,failure,15d4b51a1bf2bd492e0d3fe00e6eda0d2ef58c90239034398d70d1e256e7d3f3
42178.387322,151.445931,failure,889f151c6e2f22e5ed746b375d2280132add5eafdafe7129b09a9949eda99785
42198.809562,131.066811,failure,4b26fae23780fb5cd7e41c3869314f22180bf2272aa6aafe176bc1d719c79706
42219.260483,15433.338737,success,df5c2ac4e6a4789fb378bc0e09ad9715fd1686522949783a716c240193bc47f3
42238.732656,91.179613,failure,a0cd3e4f0af7ef4a0b493200ebbcc92ad756dd0b775ec42ccef4d5c58b1f5e7b
42259.195721,70.769575,failure,8fb49e0b88e0b2d11757ee8d4de50e0c1988846e877bf0a5906d36d588deef00
42277.544789,52.466662,failure,c1bc17ba84d8872051cc797ecbe09141c8240ab6ee9eaef0cda673b6affe815a
42298.946779,16421.394982,failure,f50c11e722a49c7b8702b75fc333c586e31e93f6f6fe75a3eb44a6ebd8a79012
42333.939651,42.100848,failure,92ab7d268055122ddce1e4a7db84deaf48890dd9d33d706e793fc743e51fc291
42338.974747,37.116295,failure,07be633538e319916dcfd3086ecfacefbc1dd1c660d94213b72c43675ca8f767
42358.643561,8679.665606,failure,3fd51ab49c868880b5437f545e892b9f1f2bf304162771e4949a7a0b15e6875d
42378.497586,18408.793302,failure,347ffc3ea5689fa7eba012c1947d9524400c5281031087b59d1b14dc9422c87c
42399.224325,80.626203,failure,776f2564a03dd958d6bb32b26258d6918d129642a8b8d9f4c0b55594438cecf0
42417.657318,62.535319,failure,846ab6d62e4f39697e83899623217812d51562e737c12614d9db7cb2acbedc79
42439.096726,19.695414,failure,9d720b7712956bfbfebaac6190add8e6004b3663a267e59d51059aca2725b72b
42457.533105,13842.141684,failure,dba82dfa4c71a343c96b7494cbd3f3bb3c18756133147f14cf8f4aedcfeec693
42478.482484,2.258711,failure,586f14a4f41e028c206dc3d98c7bce425606c67ff36d11fd690be1a1936bb2ee
42499.315518,3.956172,failure,3b988643714c8945a17398f14b9c6814e6732da68648373a1ce28dae0082d257
42518.752817,48.575920,failure,6a466b8ffada5761ef4dab60f029c0c551b276dbe0106b1ce918703181d96aff
42538.892026,28.917334,failure,61400f39044af38b8463d4f444f1c402140c68e59dff34980897afd1465eb878
42558.327331,9.707153,failure,c7d1b16c7e6a2f8259ebf6fed2817a69853e49b27b09384c7e912159a30c0265
42578.484032,87.162769,failure,fe0b0d0c0dd587278feff3d38c5d303fb6887d8dfc09bb85a451bc32987bd7e7
42598.971201,67.132169,failure,95b3f578a87717c0868cdb59af8276f4da8ea2856b9f958d0a7a849f0dbf6cb7
42618.345213,47.530739,failure,51eea74098297761f067f7dd6c10d16e5911048c5b995e5636a4df4bfae99c25
42639.138975,27.182977,failure,1e4c75aba93b40f0e086c526e59b000b174ea7542c91a83c4d8641f11b7496ff
42657.538246,16376.088699,failure,15f9c9cc9bc523e47acae2df323a5280aa21ff3e66f712238d1240cfb4857573
42678.758231,6.521538,failure,f668e6c24643c40a08a869418f3cb52a07ce4c1b2701d474f26825a08d0de0da
42698.449267,8.840961,failure,3798f288fa498c68f8ae1d290862d3e4eea7963f6134b5e6d4d714a29263507e
42718.861497,22599.788570,failure,49b5ac913cb5a49883a7950074cfa782288fe621440daaaa63360b9b6511929d
42738.931109,17.366051,failure,b0bdf8f5ddb695bb32196f8eb4bd59997e6a0e80bcc5a3573a6b1c125f8476a9
42759.042667,10.261452,failure,650d10f845418087c4cdec4dbae35ce32d412536512975cf17a03c54a6607cd1
42778.513657,1257.285351,failure,cca489a5d7eee244d54ce3cf52b4bc0b2954c6edc4434fd12dd147ee5b35e06e
42799.104276,1237.022785,failure,c56eb14d9b1ed1a37aaf8ba4060a280b5615124b6cabc7aa27a5d9ba1c6f365a
42817.570199,1218.820767,failure,531467cb4df60cdde52841db957bf81206e4cad4cc99dc30aaeed5e161fa4e41
42839.361936,1197.264513,failure,bce288632cd99e8ef630141d9dbb0f07e6ccaa3751c0d5b2383931a053b3aad2
42859.377287,1177.485056,failure,aa47245bd62a3eb9f334059771fd4335f9aafc1449cf8c17cc0b16756d6a7b75
42879.137319,13091.490647,failure,2e3f8b99fc0823650a4512af6b8f834ad5ab0bad1b9d866e72360863f3e6bbd1
42897.475357,13982.644584,failure,eb42c502ee6053e695ceb4eab2f0eb1a6f4ec4c97a3e8472783a0d5c8a7e552e
42919.160668,14913.510205,failure,adb7a102b8883ad08014e9c5b919fb832e787281048c0bcaab93311f973bead4
42937.724972,1132.582121,failure,fdf64d7f35368ee6603c8a9466bb1fbaff2a778d099b1d1e25b76ce76a96c9c6
42959.244609,1111.335225,failure,7c95cbd4533323d422cdb2c984788bf471a2335160ff51a623b4bc2300f38aa5
42978.709248,1092.103033,failure,adcdb414cb8b8e07812716dfa510ef74e9a4e4911f6e5e48c869289ccba6a23a
42999.135294,1071.903273,failure,84088a3773712f38a79e7b4b3f72fe264335c1fea9ae2a9b469426c6c23edc1a
43017.676355,1053.594760,failure,cc2085158ad5f68064418bcc326bf36b6f2dd5edd074353049a21b838934af5d
43039.115434,1032.381316,failure,535530e436835cd8055652203de069c6d537da8c1504640fafbd342ba4f1aa67
43057.454424,1014.262160,failure,2ff1a61d30c6d19c9461e4cc3845f1b1543e68c2bcf24c4b1880900bc1331a44
43078.856945,993.997440,failure,22d291e3b1feaaadeea1d5b99e0b513933f9b07fdf5b1af57808aa7ed577c57d
43099.295935,973.788954,failure,063beabb2d3a2405dd3ab4cc347f15c32c1a5848c53dc68d73f12b28183ecb03
43118.649862,954.680568,failure,12ff0008b3156e9e35f9ab4aaa157512a2b769c2e61127d48fcb334e63ec12e6
43138.715427,934.848593,failure,3c2d8f3adefe2edf4bcbacdf4cf379ad13d7332f63297606159976d9ef11bf0f
43159.140163,914.677122,failure,c8b1fbbbc8ce16cf2a7e33db9950740433f5f18b4dd9619a5e6873b0b4505ffb
43177.491919,896.598709,failure,4a56382a8bf91c5e17051a8d4376952943e653055bbcdeaa26df178c79e2c55e
43198.863335,875.488573,failure,497d606b2161a09eee619ad3351d147e55e7d9f0e9f9204c2adcd6cb961e8d4c
43219.233731,855.372425,failure,21dff7ac8ae5d1c120d2b2e91f0ebd7633fc59e076afc7149a266e4dfa858885
43237.595244,913.251576,failure,23399616d36e9923ed4df5dc03634cbb53cfc62603ed18d46b9cd8d1996c7208
43259.096669,891.979713,failure,482d19010c8e7306d7e2e3dd56a004484231df3dc60253df25e0a776aeb5c643
43277.501943,873.856237,failure,28fbf98722fd580a3eae1711e29712ae8df2570d3d89155042c69bcdbab20dfa
43298.901100,852.672276,failure,3327ccd5d6c15564b6364a91c765c53ebc66be9b14946824dc27d1bec52e94fc
43318.298417,833.484494,failure,596b386212d482b43ed17a71c94a6a92b52e013844713297790b42d05a992925
43338.706883,813.286635,failure,8f1ad38d078baa4c4a5c264dfe23eda40d228e1e6c62bdc0f6287f11b1521a1c
43359.107896,844.434277,failure,a91147b493374dba1837d7c093b343fe81ca4972cdfebfe80b66d5c5b1099738
43377.437029,774.990016,failure,4a4d5fc1f0b71899c61c1c7b1dbaa54e7de61e39c2a960ac0acd497a78fc0593
43398.845002,753.788523,failure,ada5a82e0b9b1a433d507418fb77ee6f1d57aa142c829e732dc8ace7815bcd09
43419.243941,733.602154,failure,a52af0bba457d00d014a653af01c5be8d6c40340ac64d7be103f21d7f0546a5e
43438.625589,714.453174,failure,46238a5d945a8f8dd8c0696a6e4a1ec45271091a97fce69734ee1f5a16201009
43459.005283,694.285249,failure,7bbe536e61acd536d8a01a03aa8ec94c8f85be09527e7f78c73fa00168fbe5c1
43478.331399,675.167477,failure,601fc224eedce9a3734a427573bb23750513423b70215805b7148c3f9838eb87
43498.707966,696.494766,failure,b8dded03133aac04596f67680a4ad1833d4f3b16bb3fda92c92b71722d730f33
43519.079424,635.140447,failure,943d9a3c2da1cdc6cc4d87f7f0aa8f39083f00e4ccf1cfc7477e7bf79ac1f85d
43538.392497,616.278604,failure,677e6714fc0804ad95766413f70ad5d0bef5ed9df930ac5f650cb0d7cc5173fd
43558.773061,595.210045,failure,3df8c641eecdd6608711cb24dd54a573e096b1127d2efeb65fc467c688d44a91
43579.143497,575.297350,failure,11bc230d099a0ff0a360e82a44f94ff1d1fac12fca5405cb3677c69bc0bd8d95
43597.471589,557.932068,failure,99742e105aa67102f5192f173ae245c3b8d9c7cb1ff6b26baa29a87e6e55f986
43618.824992,533.391055,failure,807adcdef51bbd10e6ade8cd7c3af070215e167eec75f8aa45a11329fc374a02
43639.206359,519.032290,failure,d220625039857b5ca7e12f07fc19ec2ff8d5c2db75ad2ed11bacfe895b086519
43657.527187,537.278726,failure,783c5910153ffea421a37c26c3daa4a820751116c3717a7a0755a52957c0494d
43678.904634,483.916459,failure,0e300aae70f9bfb3d81bef4192f5d1042016918b0a91fe1115f195390f45403e
43699.235908,463.355723,failure,970e92c4fb2f8b6e4df51d7850b1844397d757bcee471013754f9e44ecc40923
43717.526651,476.788680,failure,65f0dfa9147399aa437e13589336cafd26bac955e2bb3692d1727ebc64c577d3
43738.440817,589.871839,failure,8f23c0ac54c439215197e979dbb9f86090db6134ff99082d4b2e31a9b652d84c
43758.867206,396.321296,failure,3efdd707234fea100d0c00cc91d212b05af4499ac2507a0d79d181db2c31713b
43779.236740,424.052158,failure,c4e66bbdbe76993227d2a42243f768c37f23da8e5b42170a61c3b049972c45a5
43797.607881,531.651987,failure,1cb987f39958f8d725a8718e16b9912cee9135a5d2e4780f3845988bc8ed7064
43818.966644,509.847895,failure,606c38c56fc9957b6addfe821490e7241321ed6c67d29414824c6143f8f17606
43838.308319,490.278842,failure,a0b0568f7e3a9d1b6b8c68eb2d08be9bb92707220af21696dd0628c6403f00bc
43858.738886,470.731398,failure,826a3ac0a901343c3aac201e471cb6adef3ecf424ca1f9f0e15c2558ba2f8ede
43879.254349,450.425881,failure,f897eae606411336e7c1ff3951765802480acf36fe17d43242352d58becc57f7
43898.673035,138.427125,failure,1aa3dc7b12ce1a4af2d4517cf7f46c8d42579296d7bff42529bbb05020d9711f
43919.150779,14434.203858,failure,22880a06641b0be049ec62d7e63b86d6b176f50c4da53fcb3f05ee533233a695
43937.613548,13773.704596,failure,461e8f91a776c78eae00a31c3b7ad389c2c57692e0339775e9f77898a941ab4c
43959.238781,84.755742,failure,3ef8681d2eed8352ee54476d08a13eea4c8456d97e9a279d4231f5540eb44bfb
43978.717718,66.712635,failure,a7be903583c07a1ce534f5f81ac15de1d0527da651fafd0d962d43014d3bddf9
43999.175144,46.501482,failure,1c9fe98de6e2ac1d3d283a28400be14f518ffab64cf548aee9e14c5be5581cbb
44017.755319,14740.998241,failure,f8e2ca302eacceff6216ca770d97230979c01139496735533be2eb356a2214a3
44046.169542,4.808329,failure,13a2eb9d62b73bf0c9990a5f5d608537a824fd6959e1004669d7e7cde1b4ab9b
44057.908200,14.017288,failure,617d20283f43228b19221702a72923e3234613f71950d67ca5996f2b688c6c10
44078.665698,17342.540629,failure,0a4331694c82089e4e30598f63570549cc4621202f64ae4d89243023f70de2da
44099.237364,51.377239,failure,6d42aab551472d09b07d13ef2b24c375916c79e04fca634daddbf3e973840978
44118.762548,31.575958,failure,0148ddf40cf50bbdf35e4322407f294f03d37a994f138c42dd3afcf9dce4f3e3
44139.319218,14.382701,failure,587f1e8b43fd568423cb96bd42012a3c89dfdccc435af956f3b6ed217b59860c
44158.587430,3.712395,failure,f696875b6d9e74fac2fa5764c8b35fb5679ab3a2d91613e83b95d163802c688f
44179.293255,15.287023,failure,c839aa65f0074de0893e5237921e6752ef295e5b7e7be787d2a3fa3747ce9f3c
44198.657764,130.382270,failure,5b03471dacad80844332b85ec89b9843ddc6c47ce595385d956016674f181c66
44218.475997,111.410643,failure,f161bff44cc0cd308557f6b498f2329c182a30029fb9919683f923b10172da11
44239.033078,91.075800,failure,61c7661795c92a78f5c63dcdb384954a929fc29e7204cb07e048a0fa4ded9cdb
44258.416171,194.274156,failure,05e37fd3ef5c4ec1c062087adbb8853df2ff5104dca8e3bbde3a10b5bfad7ee0
44278.394068,173.974197,failure,8bd36e23ca3c11ce92b858f644eddf871529ae3069530ff093eaf2d0385534b6
44298.384668,154.557602,failure,8510de995984693f1fefcc142884311a0dcc99f2843c1d59f75ea5ea65fb4211
44318.806270,37.755819,failure,6d98cbbb37bf0344dcd77ba856320b6e891d941b21693adfe60bf349ecb65c72
44338.565725,17.745172,failure,5f28f726b5621fdf9cdaff6d14792727b03712b7b9c56c824207d7929aac8b28
44359.006583,6.259096,failure,666d9f1ce604f0eb2f9878958c84422e540ea3e5f811b6f77f6dea0ce7e93c3e
44378.742354,3.512968,failure,b29516bec9ce7069eed5bb9020dab40cef64f2977b113af8dd74fc2bcfcedf9b
44398.721743,7.616262,failure,d4b9591d37c7e2797be3fe5da2e300f0cba8a8db2e83a458813b65b9b4ec301e
44418.829619,34.352011,failure,0276e03faf1002e9379a6b36192e746ac575cf1eef22b20d8b482f69bb9f8e2d
44438.379819,15.043466,failure,291ecaefe6ac52cfe9300188cf225310d343d0db9e9243008b445bbcbb4b74f1
44458.918246,50.701618,failure,24eb9829a72a5b3ba4dfddb5c773dd45ea8bca6feb2025f6552b86253d1989fa
44478.578449,31.265587,failure,94474f4cfc861d3fc8af92b859e3ecbba4440294a9e5e8f26f388c497a26746a
44499.160105,10.198779,failure,4afb6ef3e5db2d121390ddc9cd6470b9dddfe73554a78c2aa11b3bf281d7da95
44518.326029,11.947775,failure,bddd42f98489dcf6db09ed208ceac61bb30f5794f4240dea612359fa46bf0114
44538.743855,9.524729,failure,c060df0338c4198a283c3b4181ab6498c9bea474d164903feea65785e6e8835b
44558.736278,931.807326,failure,2d4583dd82a070ace299d1a5b835f240cb270deaf36bfb32656245006d2f83e2
44579.264596,911.494985,failure,76e552eda1432385527d1e3fbac51c77398647bab4474afb86c858d854481ce4
44598.711186,891.559246,failure,bff171720c3782b1ca081b4059c5e6e2d445f36b2048b4620c697b71d605bf1d
44618.371309,872.606464,failure,cc94a5381fad843e31804e7583c8d2d2c490e8a3deb6cafeedb0a0825fe134b5
44638.356999,852.847871,failure,fc1b2b321f8909f1133c8183fd0ff57ae438e6cd29c75f8852fb63af5f9f4c75
44658.345796,833.071054,failure,53e2ebc27c22e335f3d19aa01535ba03754b66f31c2c4f480231cd883575a64c
44678.343659,813.282025,failure,c9ce9d4cae74700448185a06cf73e5e93025873bd3aa879ce325912077022974
44698.348295,793.484590,failure,7ba8375001477e9c0c61dfe1b78647700bca19093d58a78d55cdebe4c027eb6b
44718.789273,773.260350,failure,afe9e551dee6bed2e0f153118deb5d3ad2bae0a0e7f579f61458da4b9d137f5a
44739.218179,753.071536,failure,bcc6bb3e271247244a938fe0408b7ff43bfc32afeff55496c4a92955c3187832
44757.336677,735.172922,failure,22493ece2921101ed680f2e58926e8019c240a5235b70679940f9ab6700ffeb2
44778.784215,282.985359,failure,7013bd6d938789098468c5217a79ecf2d7882fe902d9304ca26755395a67d127
44799.193154,262.204206,failure,775a0ad06b84a8e03a49cfbbdb0272426445af4c1e75d4e87fd1b7b07770f995
44817.511971,245.018091,failure,cd665c437f66cd9245a39e7d8350e7d719052ebeed32edd6323355d5b105867f
44838.886926,223.122709,failure,f729ff0829e010b7176814c23318d55054c18542cb47cac36608aeecf27be3ca
44859.232007,204.180367,failure,a5a3870c861290018284c799f51da118ef216ddce16c2d514bfee9cf1eaea455
44877.613018,185.352885,failure,fe0d843eaca8e05cc88eb879c8eca1f109759c58fa8efcb6d577df909d1096da
44899.073651,164.758164,failure,3069496ff395743f71f7b408103df62e8134451398aaf6efd2db64d88ce572cf
44918.546068,144.649648,failure,31801106e2927af16d9bde6dd0c7ffdd245f8989bcb217d0d05ecc62b89983ad
44939.059409,125.232412,failure,25996dccd4abf456e031e609b2ad0c8698a8b79f5ad34333b74f648e6c4bed15
44958.435790,103.808397,failure,6b87d16573dc9988e4cf78f20aaf1f38c022871ae724e7e56bcdb6dedfa55855
44978.843256,84.778603,failure,1ce04868f1a8d9da416e4ec6813849fa1d4eed3b48d70a40f09179c40c4637d8
44999.233270,63.520253,failure,a0755a044b8ba3ff368e972b1b74acb84cd520579ec8515cf0a94d0bbd73b193
45017.776920,46.801528,failure,20be638d81243f9d9ef69952cacc2a8c31d9efd05411b4491c29b0139267e172
45039.081796,25.721145,failure,00146e51ab7485e2c85ba1b6d71b720e6a2007ffbcfc5992bccf20f19bdeb4cf
45057.695434,6.375521,failure,8e95130b82df3786f736cd3e4cd505873620ea2688686bf612bdda48c7ceda7b
45079.253786,17.996645,failure,23bbef3c5eb84f19462998665eb49875f26f19efa01b72598cf70d2dfd90b218
45099.765574,61.082788,failure,a9d4544b5119363ed33a87f73ebff98ae2b159f778a9ea38cb00f6a413e7bcaf
45118.347807,42.216353,failure,78288ea4f60b9da8b2508301ab851c88895b2023b366d24697e9c08eca5710bb
45138.850961,21.451698,failure,dcfc56e55835e20348ba18ef83566c8d6800a2504d585373e62cae6f05e4792f
45158.317549,5.952223,failure,de1422a38c943d0472f7a783f78f6cfa53234094380816dfcafc169afdbea00e
45178.706874,2.531534,failure,45c050eed077bc21137d6ed2f7b5e4b2e126b860b450014795f01dd9a78ccd77
45198.703688,8.650553,failure,3c5e2fbc4f6a8823a2063d99f5f9d890bb5ffa9c7991fb92ec411cc9e1f094e3
45218.769248,91.861263,failure,e9d75e13bb93906dccce0ca72140f7904146bf384ad19730d9d455ab8a0e8f3b
45239.268825,71.588914,failure,722c466fe8eae1f56c40ec4bc103104de274f0541deb787ece9cf367a541207a
45258.807336,52.274976,failure,f842266c4209d49a5ee1f2492035dca9e83ac5167eb99aafb820c3900281b620
45279.263173,32.036288,failure,0cf3065c8939f945a22b66428c1c65b99158febc6beaefc8f224ba9ec42adee7
45298.751692,11.552729,failure,603198516e0651b3ded29d95fc4679c91c7036f234fa9dd556522f26819cea8d
45318.769514,23.136856,failure,394d8c9502992e857508efedfcc696803237aaf8325136a47509e069beef7923
45339.267659,2.389644,failure,d63ad50bebaff752b26191ad930199bc74fa2d48fb1baa7e4e518e71c4aeccb3
45358.388232,16.899238,failure,5e4398d66c1f5cd4261338923d0ed2ab17d755e7ccf2685eb9b4b81164e726e3
45378.792655,115.453446,failure,6e66d7e0aa7fbfb5f608edfef51ce350550c36421b268f745accd1097aa55f42
45399.251758,82.485727,failure,03965173df5da7f6b8967f96d3d6b193d2893a2103dc373b9b4bf5eee0ab6fd3
45418.679585,62.820153,failure,3616bcaa64bcb34c3bc53f97d512c6a7d055dd6b3d6870f05bf2184e39f5d89f
45439.161130,42.809113,failure,ccd840ded912048c390fa91504693b92e32097e07c95791e300130f59f3f62a4
45457.506377,14.792886,failure,283b4aafd25c17df9e6baef2031ff524d793e8cad7297ff2ee9531263babca05
45478.773255,2.406064,failure,343b4529c4787bc7a02409f075b3ea1e26abe3d63e3413ec0b3d7e9983fb0945
45499.336620,20.941250,failure,a71ed64278d69d751b86b2033bb1bb0aed147a7c3e9acf9e1c53c7e6bfb97af3
45518.979984,9.292974,failure,430856a98efd819798dcc1d0fc9597b94558367eef232d2b224f99cd042f70d7
45538.756702,63.827275,failure,4e2300c998450484b53740768eadc80bec6024f15bbe3543a7f40e04acb4c523
45559.284362,43.526021,failure,7a966aa516a55800adda90b6612833a7b74820edef25c177e8d33c7580930d7a
45578.784873,24.248550,failure,bba184b2e5827398a1dbd86f0b5298a2e60a4f02dc83b49773db4ebdd06174b3
45599.225081,3.081916,failure,3a406be6857d1616e22e212daa1c2a34f469bb97cade949403548d604fa3f86e
45619.450234,13307.870712,failure,fb2160fe8266e252f7e63e454b57f7baafdb00eb768111645a97b8989835bc7a
45639.136287,11949.163894,failure,7bbe3aea77b5f325ab709b2a3532dde5a5378ec2fef8f0abb8c0ab9bdadb23c8
45657.677233,4525.673741,failure,bf00aec9ed82c213eab42009b2adbe60f70a6d064dc15d5fed3fef133c183f49
45679.225850,11438.115569,failure,382c9951610a6d66ec9505e207b83797d4573926aff47e20f58b887966d4988d
45698.953127,15008.366626,failure,8f414255c328ca6f198a69835cd3e2bcec5d9538d3ba9c36b05e517cd9bf01da
45718.428021,12067.905447,failure,18e7a4542516ed1a28bd099cdb9b64b5483b2886e527e8078e911cee2fa7dd87
45738.889629,13261.182833,failure,a0fe6b1279fa26b69c7252c593f10b5412ab37d3c570e9f8b6cf4a4ef9afbf73
45758.323287,13951.015025,failure,2426bd0579d7292fd293d2c27600bc6207aa8cd7835308c228db643d49cd045d
45778.740213,11207.599347,failure,781b1d1e996f04d9f9581b240c1ac25146e6bbaca399f2035ed8c3002b27f840
45799.160876,14104.167514,failure,cf5da2833b5eb641eec3fa6a5125fdfad5b94fec21939049f50db9243527bda8
45817.511613,13893.799609,failure,ea092d1cd6015b76cfec6dc937259ebd31a98c621bb4b922f1e1709f431b5b17
45838.974672,13988.351533,failure,a70d0c722866708637cadb4dc80c4733924881183ff8d2b48f4acd2150e6a1f3
45858.361343,11558.950865,failure,8975175aa3ff4017a2e1c9f7a8f4f7f1f5178d3136d05143a30158846dca65aa
45878.776686,16304.524339,failure,e8252d0126a4b0587970faa2f5e099a3311fc97e0ea0717991a6406cc59861cd
45899.238895,14555.081075,failure,d89a5b26d48d9dcec4669292e22d4261e4191c00801fa7c2d2da2a20ea8d7706
45918.651435,11381.271525,failure,1eaafa33cff1748fc27f933a3e425fa3c849eb52cd64cb07f26b2a6adee19d48
45939.311738,12011.978076,failure,2aaa82421f5823f137afe77794819b7a8e1eabafc2d3e2379347ee8e9379a117
45958.586043,15699.985033,failure,fce7f9de61bab56a7608399f69740c3f60be72247079001dcf98f5ed57c34e2c
45980.320992,12473.006152,failure,df82eaee85da9d0e66005391a6033ee11308f3291b93f4507fbd567a391af5b8
45999.293001,12372.018583,failure,13df902a1299ce7422a72d68b8c3be2e59acc4d7f0214c9911a9102d5ce594b6
46039.332272,39.520908,failure,a03d15529b73c2a188a2bad7258e717d19ab24ba910f21c8e5b49d29114adc7e
46041.964030,38.582773,failure,f1ce85147a2ae2828dbec74c10d4ffba1e22d1976d0499ba3ce4ef2b36f2c98e
46058.476718,11628.825654,failure,09a1ecb4b0e9267d1a70c37508552cf852bf33e528f58b416868a57664521983
46079.266369,8441.362779,failure,e26a2d3868082199326277c56ab9313dddbf01a61a707554ff8a651fbe1b9d84
46099.210285,11709.111484,failure,717021df1f80df526c55fc764a1fc5f0b3142156b757fcc7cd3a46a739283c2b
46118.856586,14677.450562,failure,969746d55f4349f63caf5401a2b86c85952d139f914e47672c1fc7633f30cfd8
46138.491536,16689.822324,failure,9230cb9a5b6886af84ce8e5da7c5e0d39843a0d86617ce9459386029b18f24af
46159.064500,12785.256763,failure,39740f09691b1abcec798c300a91a1d855ca3393ea6e4a3c41e5299a95e11c30
46181.336739,19142.273547,failure,b44b04c7905799f9a0905900617a660eafa55bb5dcf2d4ac80d4d305516e57ac
46199.386425,14053.912241,failure,ff5b5bb361a43251f876b6ec8f542dc6edb0d7a548551d4277bc7d443e068fa0
46219.813251,8808.197892,failure,e10a67ab1bccb6eca87eb126da122727459926ef4fd47ac971e7fe4d190332ff
46238.366713,15720.460406,failure,df9a1b35e913edf1bf05e6e646221fc7c2faf3c784187f59225ce6f7d7e56da3
46259.115611,17711.149592,failure,1ed1d532c1f0946d34d92e32459cb4f5f3ca062640de2e104e1077414ae43a33
46277.615464,10605.484098,failure,8423c6b89595839754cf8473b4f6569e5590539e1ccf72fada817f27696612fc
46298.546838,9991.515658,failure,a339e250491eb54c6d90815c3ee0538770d72b978101836df839605f2457e29b
46318.825481,15896.462966,failure,e8290463f20db8ae6df8d532b74b3c7d1bb422522091c91f2f999f6adbf9503d
46342.450548,9813.097699,failure,88652cdd4e9b5878f6d6aad371ca95f4042e812706eb3349e424c157ed901fdf
46362.274165,10518.453404,failure,828f5bfcae606ed2d3b118d6c7177d6ef8c5d0f94ac369f763c7835221b9d6f7
46378.941258,12966.371894,failure,5004b7a985cc0d90e8fbb689c2084dc54aff4d1d8de420316fba770475f8e7f3
46398.385548,12354.933233,failure,ce781f70ecfc68f12796831b3fa187faac88018f1e23bae3a014b4fd4bb1d680
46418.856094,12203.486230,failure,bb2e82774fb8c7f0a16a953d9fd8382a1b6ee4f145fc378c00892b3c2c7bc693
46439.273793,16298.044379,failure,95e64c7dac32a73ecfde43f6606a21a85019c859c2622248f66eaf74cba5e21c
46458.720678,15602.249101,failure,7c65f613336a96ab2c6fb276aa45a9e66f938cfb75fd2743d6b1adf74b8429cb
46479.125654,15672.168833,failure,fcb023cdac2db663819cf34a70e74eb1839c8b88776705d194fd54198ef3497e
46497.499966,10220.987029,failure,c8693068ac7beadd22e69f95066a7113a86e6d1249bce3dece7836e291265019
46518.909459,10598.825114,failure,b1d6776b282c13c4f8bfb784cdbc31fc3f318ba81364d52e5234409de6b03258
46538.474300,12365.849106,failure,1e903880fad3fc7851158fb7bc251691eac14b08374cfc1147d812f32de609af
46558.873094,17780.749469,failure,9c0912af8abf029bef032e439b22ff65cf87cd098a7c5180838333ea838d367b
46579.524714,14205.816667,failure,991b48e4f06d21c48ffe7ca637ff36e65337d35b5b76dadfbe459471153f7f2f
46599.143715,17875.143551,failure,2359213e12e7a237cc0e45cbcb17225ad163e6878f0a60075ea01d8040e2aae8
46617.577687,16458.107379,failure,82499b83c7c8198c6f2334eac6d247c24315219d4ef5dd4663c020ede68e57bd
46639.099356,15124.184389,failure,8bc40f43846095b3f269c919f06b3f902ce5a86e1be5844582f06ef4ef96602f
46661.664243,14426.703799,failure,a93987429de547f0bb6f2d014fab5c62737fe157c4fc628795406ecab2b66697
46679.131828,11310.169234,failure,86e91df7d001c3b095f212f6cf6dda743afbcb0f87ca4554eb2715696a5f2a2d
46714.656021,127.467518,failure,f1f7e6239897f59ba5deb13b47acbe4f73c655339a3d2cba692ce4f375b4b367
46727.624284,114.797062,failure,5b383378b2d5bc85a294af113a32043d7a4cc67ffdcc3ab1d4114535c67fc0f2
46771.852441,13629.441663,failure,5f004b0842072ad5bbfe1bd8740053497859f5668b0c643cf94830ad66089401
46773.253577,13981.062648,failure,514a2a88472477a4ed68d52bf176f41c8a5733e07d975026be3c414a9344e96e
46777.761605,66.350340,failure,0ad3e5b66fdb88d835411865db5d50d09de021bb9301b1c5b1f9646fb648eaf0
46799.148376,10500.487035,failure,4d2f5931b31f11d33f43d740dee5076dd1fed3eb7c43d9b67dc2d3624409f17f
46817.459763,26.395610,failure,f1e65278b8d10dd2ec11ea315f7e3bdb25a3288b105d9606bcc372a6c923e830
46838.992923,163.910029,failure,ce4d1a9fb2a0615c8706465bafb558e8a60b16746fa6b2c96a2af0ad72762c2c
46858.525385,145.105024,failure,0f1bda3a9c1a92128d49bf5caeb1b9e4e5fc459c1f3f1c522c0494c208edbe3d
46879.107266,124.297749,failure,61da63826f59e59f049ab0d380916065e52c34072707bd21d759490b334c341e
46897.852360,106.024493,failure,44d4593ea62f27f2c52ead7152b65e90be47f879b8a119cd09f24993a93ff4b0
46919.136412,88.022305,failure,2b1f90cc368ddbfd20a1216c6cd4c43495ce3f238c2c90eb0910d705a70570b8
46937.557200,67.523205,failure,0ad8ed628153017a572416dacecaff45a89ed1f7cde573dc5de43c76462fd7fd
46958.884692,48.500421,failure,c8cfb9df3ab5bf3eb610cc774f2f4c5e432ff8d607da269e82a592e68dd01567
46978.366570,15770.064382,failure,1717331415dcf35c3825ba97b07736d71833a8bcc12276bc2f3da7be8fdae0bf
46998.843298,15814.478885,failure,2bc6c135bf3a902df0705c7a06a78acc2e27e00c50fcec214a8c05ea8ce23201
47019.097948,69.557345,failure,5675ede38efade1074e7353960eccb5eabe3e153605d0a4470de4f25d8efc95a
47037.656449,51.302342,failure,02157e7f01a4311728850e31734242f1ddcabb375f030b23dec32a5a9db57ee4
47058.746294,15525.192393,failure,27fdbf54ce44157ded4bc380081a923957bdf1342160e351a5b8c5826c5e1604
47081.433526,6.902059,failure,9d7285be9dbff76dc480760091b63413093f91e9ed2663ca8454a6daa2a131a1
47098.430355,7.240753,failure,d00f392292de2dbddd81c4248b2507e9b87fb4aa4cdc9cf918aa3555273060ad
47119.274049,15.008566,failure,e4a1acffb5b4ddbef8a7890867a59cdfb36b1570a544df02e639d6201f0e96b7
47138.765027,5.507586,failure,c7629472621cbeb9705e0666f586c89fc8f87f9dd05e5197243d95ef4f30adbe
47158.764869,3.520774,failure,16602f9d07e5d43a2908aab79561880370c61eb7b44019634bbd4e213b6569b9
47178.774220,3.505245,failure,6582b6d308711ff1b6b0d1393165820ff24224a49217848f60a87b9f2f4f9ec0
47198.742685,2.466295,failure,5f980c945e8b75d56138a6a0ef17950b2dc0f8db9c76b9277f74b4c3f7d33c49
47218.705009,2.535763,failure,81a53e483ba299ddbd4033e6bebb89b4d4a5dec84591e6f362bd11f22605df41
47238.718077,4.563511,failure,5d21e7d159352dd4ef2e7e209b1593b3c285c2b6641bad9757da277933683317
47258.843080,7.447554,failure,7ea52377690c7d3bd3b273649597fd8fbac00b55fac4a672f945379ca615a63f
47278.985245,13861.807210,failure,b9c0afbdb57085c06f913015a0a5ec811cd0201cab5b94e9dffb873014ef9b7b
47298.885705,20.961201,failure,047a2a62fbd0f623438b41b2c49033f26e67d503107bae025476f0da883ca786
47318.384226,30.236896,failure,ee32d9c52a454f93bfb6d3d9b23f029d1a9003835f3fcd29c9e0b2f96e68faa2
47338.458146,9.872772,failure,228b3e7fe8c4734d0967176c0fac7f7c86a6b0a2aef59c03306b16b87ed718f9
47359.130134,6.167490,failure,b7b920af3688d8d046549f376984a392e330fb14f03d431cd461fc3c1f7811ba
47377.782360,2.559355,failure,85b552b8118da38881e16e9bacf0ac5aa84334991e3ed32ff5460a79e26631b5
47398.808660,10.479909,failure,8d96677b6a339a9bdcab1e51eed02a12fcbeb6ec4fb949844f25b83ce42657e6
47418.764161,21.755963,failure,85ea25f709f7a18807b4462f07f3f298bc325a48abe914edc861113710e5c035
47439.246892,28.572816,failure,6ef0033ddef841051b368ccb86c59563722051771bcdc7b2c40701e40c52e2a5
47459.209647,13771.114393,failure,14dec0baf4e610f42e32da513e0c3ac95a11e130d2451dc1b02d07e9e152d12a
47477.788427,3.497942,failure,83766d216606937ff4079612e7785f73a6f0f5a18231f3393cca0f0f16674ba6
47498.761340,19.538364,failure,85c5c8ec54face9820afeb88918c038e3e9edd0019067e86671c700b51e99a07
47518.659776,2.503574,failure,b7cc01e4beacde21197009ab5e832920aa6ab16bb8d6e64985d5a005c0179c37
47538.639452,14.646741,failure,f50c3795fdbcc5c4928670803cc4ec30f58dc94d815f7c4060ca92e5dc7d6559
47558.755379,11998.589214,failure,59ea8abf9fb43bf034d1ad501230b17b9b4c96ffeda82fa54ebfaa450f80d23a
47578.992869,5410.682434,failure,65bec8c819fde04e3de5805ac2707a0de5a34644731f04a675ac6c8e8d5a4585
47599.367892,11.963807,failure,e52fb4079cb4d9a995279e2cfaf44523bcd4fca2e1e209424c65b2c525fe67c2
47619.178196,2.578571,failure,0318caf8d0ba855044694079db1bb0c2f9a5fdd840dc5bab08fb4de0f420db0a
47637.965770,201.166989,failure,86c6813cb78ad5fbff027a74a7af47f630b3d7cb05d394e9e707687eefdbcece
47658.559125,180.905334,failure,989af3c4f803527c8ec8aa09410a6d757a92ac98ae776070d83e0186d0f79c6c
47679.560579,160.163467,failure,376a2d776729dd9cfbed749f20002e28e7b9dc5d024133c9293400cccdb9a7a5
47698.706903,8141.656164,failure,da44510886fdac7e06249e34d44371e40ab9d9b80efa6ab8fa8b735af2944da5
47718.686859,121.533720,failure,ef0ac72c8f9964c2aac354d8f67e1294d9db30a6f951d5a852b9de5b09b16452
47738.796624,101.171040,failure,1a68190f410463ff8c28beb3af2f9bf59593720532b6657433c713e7824f4b5d
47758.869913,81.579477,failure,140b4fdd5acd5b3b9a524930ff80f8460f9d1bb33fbe1fb51b38469aa440aa52
47778.812621,6658.822530,failure,907496a9d1cd6f4e36cce81c69d4b49fb5882db7a9550a73e371cb938a3efa23
47798.988908,16739.550736,failure,8ab79d127e047159c5f9b783b9ee0c9f232f235c7eeaa9e282d30bbc11b5d5b0
47817.791370,22.933446,failure,9cd83f3f979cd85ebcb06e29d3e73831825bfe09449ed0e92771415b916ac9fb
47842.738499,3.587216,failure,71756e09420a288635c140322fb3fb180322639238b1a9f762c60e8faad26289
47859.423587,2.701598,failure,f9d11a662d894e1d8c79e452d5285f1c6dcaa7e632fb771aca1f889668d6fa2b
47879.745773,6.577113,failure,6d2cfe8a57f87b0a447f04d4882543fd47f1e292142019f050d3531b3e30b683
47899.025442,156.954838,failure,0e3ed8cdec1efe0b1c85e8c160540223852e6fcfa4674c0302e0edc957d16008
47917.779635,138.533627,failure,03604a2f8b6644b90abfce6313a67a1644cc8ffd8706669e8c5bddd47ac2713d
47938.397183,118.171909,failure,f8feda2dee60ec419513ce73dcaa17d4d1c06545cc7b6a0a83f3939b92db325b
47959.094789,97.710467,failure,f6ffa482f3824743237d9be8afa3fd32ab0612021716c4279efecad162288a09
47977.668460,79.385424,failure,09ecd0448fcfa1f48a0f69fd6b9d1ddb3e313d8328de96120a10de7a7b7b2d50
47999.351749,57.934492,failure,a4afc771d1c44b90761557efdb8c2fb142df51ca8364a4d404b36f22ecdbd420
48019.178473,38.331249,failure,76093d5d15d75c372eac60e4e9bc6274b354b458e242d61cd9a2e93a53420693
48037.883355,11302.246620,failure,14d36273b053e27f04ea324ce38dc5c0927cdfac0d4bd40c84d8a015bad96663
48059.006123,5.305595,failure,7746de60265f77048c6055ef40ebd310760ea61db255996ae34eda74cda00c43
48079.170068,2.135737,failure,8f437d804317e93ca32cb8b160bdc5162937407892d1d9913aadd9ad0b320356
48098.085597,91.588259,failure,c9c93439ae41737a8e34949a65b4dc7edf99344feb25a9f9001322d4e88e937f
48117.551720,72.366746,failure,866112457965181011fb45d9282a6f9b6d2dce71f80567d3cf855d151d98ba08
48139.122914,51.042105,failure,da73caeb29adc5b252762090cc51ef0eef0ef214a20595fb20a1605bd496e251
48157.564705,32.828834,failure,85dd0a327fc36f1b2e84e5a35f9e866eb48ad5c4afd82b0463685d31ea899c84
48179.045673,15956.234625,failure,c364ef9ee48689079a73f681a2922207947afed052238d112e4786be807bf07d
48198.400162,8300.373614,failure,83a08e0707f371bebd202f47b1a31cd4dca5106592eed31321d0f5d1017c9192
48218.985563,9931.344575,failure,8ae4ee0f14c54bc1928a3a734790baeb45c182dea5308ae124bb9501a4d6f7bb
48238.391366,9330.921454,failure,f77cc4aef705e60ade31eb447440f3ccf9199077bca1634a6d7c2121ad05c95c
48258.831090,8621.602789,failure,b6dcf5f15167274c4612d15b549c078a5759718295c0bfa181c62f97b73d483f
48279.264653,6748.452399,failure,c75ae6357028a34fd7e5dc1027a2fcabdd70b69b2899536b701d306d910451c5
48298.696483,17563.885053,failure,a9f24459e23e68fd99f842133e605d9157080e51d59943c9680426a098606796
48319.181551,15465.408399,failure,9774cbe9d86affa8b9ed2be651550e21ee574438b7ca15e150acc1c8972d38b1
48337.650441,11337.690561,failure,6e88a6bdaf16bea14b12af06c7c9047ab9970ec926505af163a93eb0ebb1638e
48359.160272,9491.172954,failure,86413052f0187d466d7c113a4dfb2c2a055392d117e9ab5b40b8ce83e0e2e159
48377.548304,341.354522,failure,0b00b2bd668550a9d6a434bd90163348fd2ea71c9a51ea96d126d524d39efcec
48399.023501,319.923155,failure,5b2379aa0f0f396ec69067860140c142941c13860cbf0248ac16ac26d3c84ef1
48418.468556,300.355354,failure,69c9d166f70eec7d5bf946f18216c84cba09c6c478438b2bec89cb2e768a102a
48438.584866,280.402134,failure,4ad2ef4e62e506c9709ca6f4327828a66d594bb7bf282e03432d14bf05853720
48459.224036,259.807777,failure,ccf6f1f18910928f19ca52d27792b4b74c28fef4c4e735a6f173149cc62cac5a
48478.819237,13428.489284,failure,8af57bb58439d45fcc459420afb20c9f3aec51c909f5f1554342affb899d327b
48498.647677,10872.659481,failure,d0cbe42862cc29f9a18209c4c5fc62e7f7dbb434b7b66cb6c8f2e5b1fd3968b2
48519.145999,10227.154470,failure,29ba37ce919f3ecbc3077c83d46c79e0cd3590f53c07b2c32ffa5df1ac849f47
48537.546483,11028.770508,failure,2bad49991423776c63ad0c014eb5bae654fe25d937de8ce137eb69e561d5f659
48559.008577,16547.265779,failure,b671f11d287fedf1df298abf749123db13b4b0b0297dbbf78056d0fa2bfcab72
48578.435869,16501.903137,failure,d4a44f8ed256d79537f9a05c226b636121b666ecc9a22680f9a978963a6b1e27
48599.094335,11930.245920,failure,ffebd98d5401684e44504932cb04f7d1f5f299540ded2cde7b0081f078ae2125
48617.722268,101.459841,failure,50fb807140184da8dff95b9922ad6eb27e2efaa407775706620c9140101c0891
48639.300856,16101.471061,failure,95a7ebed74a916fc9c6bcbb87a1e3083aceaea06a620e32dbc8e3a0de861a685
48658.973269,6656.363334,failure,02385fa355c343499ae1811c414a9e85da4d1123a15cd4594b1e5af524654e67
48678.569903,13495.728125,failure,ab32dd4ba6981223811db3e71b73f9a3f7663b92d1a9f2639a61df25974e9255
48699.119408,19.950905,failure,86beb5f11c328cf5e59a2f8501b17e4a40aa7a3adc0a295d661f24188aade31f
48726.948620,59.593078,failure,98d63f98d2c1ef3df10f44fd538dbe2d33668e6679219d5e89ad952f227198ad
48738.929440,48.393194,failure,a32c8b6593fd208f2ac48f2964aba3ebddd1d590dd4ba0afb3aa80ec1fb10a42
48758.398609,12149.950172,failure,cb9d4cba59d3702f46575503048d3f3e5449ef3a75ec286aba7ff0fe51ad9a8e
48787.910084,11.223437,failure,6b49775ef3cb51aef21288af019c33ef1c7b74856bd17f3112eb8229456dff89
48800.304635,8671.071263,failure,762b1a54f58292bd56077adeb09d3fbbc33c24851887ea35c7136d8ad1032e6c
48819.405366,18530.895106,failure,c0105509b22d0d98b757c31ebb726bc72d07f3598534581d6984a62be5cfcc5c
48839.099479,65.515809,failure,3ec14cba45bbbd2daa9d82c39ad12f86548091b119cf3457e709d69b7f7a07ec
48858.798411,50.553677,failure,6d9fbd4e28ac1f9730dcfa9cb691a18a2853fb3995aec00265757bf0e8d34e58
48878.389765,17238.955456,failure,18fd476cccba51d3dfd304606592fc108e20bbcd1b41f2b705383429c62bfb3d
48899.969175,1677.378357,failure,484e68ff9e4e21120550e84593aba64143e35f9fd50a92904669e89bba94317b
48918.912146,66.827110,failure,7475c89a5dc4f29e9ac1f11c8e5a3465c097d780a910c13c388cda2c72cd4984
48938.507097,46.854575,failure,e72e3160a6dc5ecb2785bf66bca9adeded32f863d3e758862efd10d154b62a53
48959.144675,17505.168153,failure,f8bead4884c83ec8ee73168837081b7efda1aed55cc9139c551ffb737aff5565
48977.599889,8.440230,failure,28a2cc9842454ea6247e59e16523695924c90b96e0d2252c28f72e4e742c1966
48998.471397,12012.182333,failure,059f86cc3a4bc9ec11ecaf46f78bde2a0706a4ffd8484e822604d9bb910fd354
49019.253260,14056.120503,failure,2a28cc5755b491271711966e036996f923eb8968dc48eafcfce8bd27e5e15dab
49039.217370,12209.080112,failure,c05fb23807d51fd7e3528dc414935658091c478c19bdbd2ab86bdc8c6b0a7e25
49057.461146,5.834698,failure,5fdbca38ec2c06555bab5561a6042d1438fc844be187db995c3646701181dbfd
49078.796336,50.822002,failure,99bb7937dda853f405828afb85818a75ccfa166769c46904725b2bdf5d06cafd
49098.370839,26.953704,failure,83dc20b0c5cd5d66c80df047e1cc9fb1f11314d166ac6bfb036647048a9cd0d6
49118.851129,6.754090,failure,2dff6a840b3c3548d1d27aff94961830a3529d1541c66d6fde8ff6b3e8943392
49138.487939,3.388601,failure,8ece969af690bdf5b17ab8aa9828e73b84b471cd27c6399f754e04c671dc8e8b
49159.328341,16.973653,failure,47efdf81ffcf56abf86dd90df7e719d3db73d6696367d8a3bee937f91d54d2a4
49178.769651,30.525473,failure,cc2011b0ecb41dcb43d6bf491427c74a6824fc8a90e3b481f150f2a4d598f11a
49199.316294,10.240922,failure,c954bbf2d79b64fdba327eb3f55b5886b7c6fbb0945e1542a604cdd34698cc2e
49219.044752,9777.265359,failure,b1648f7e4288f120cff9a5d095f9fa0e4e8be707d373d06bf7c04caccc88174b
49238.732064,11173.592626,failure,e6d25fb8f43b42e81ceb39409599d2c27e931be647b8e92907532aa29ad4f0b5
49258.729106,5768.005830,failure,3f83235eaf20419b78f5b06b83bbe087ddc77885d4bac9a5e846b21fcf0e3804
49278.713585,6568.954429,failure,a5b32c692c6a679da13e32e1498c46ace18a079d0e0ca12c713f4b2447da6fd9
49298.434900,11.931330,failure,5e18098bd9b7e58245fb642d70915f985f7979f9579ae2cf5edda4f184b420a7
49319.074544,33.249351,failure,e6d8649acffe03407062990a922e95a0e9ffb3a72b2f9c455fe3ae80c0169fcf
49338.489475,6527.396601,failure,669926b25c4f8dc6e681cf16b9600eb1e387154fa5939b14251630aebd2ccc9c
49358.909485,2.378293,failure,350a416fb90d4ebb4b024012d55e785a9d1438d639bbccec970182311c4972a9
49381.493043,12391.794950,failure,9cb581dc59fc72a92c037e11215d8b2a428c0466e9159d53803572a119c3ba85
49399.224229,14837.054634,failure,c1832907c28e355ea661482d06eebeea82d4daafe5fe5c5e6bb6d592734177bf
49417.639672,7077.719473,failure,691f02c01bd792d3ecbac684646190c763f9f26276dd7ca9303156fc2f68d69f
49439.006703,14471.189056,failure,ea881cc741f816828a0ca9c658c77dd1d56eb9b01938559cae6bbbeec26da4a1
49458.315570,14285.961032,failure,0da9af9ddc9f63c6a38078e928d17946c0c0277062a7c2c33271e1070d20a6f8
49478.701647,11262.131800,failure,53100963d40af2d8664bcdffdec96d1c1ea8c6faea1c1ae4210fb91d1380cbb6
49499.066986,8901.449228,failure,924cea2a2ebca8c4e1c4bd18d822e0911aa7d7db23ac74e21ecb224c4fc602c6
49518.413582,12259.236398,failure,988bb67a67fdde53b007c1b9f5721721c799ebe35fe385301363e8686a93e9ff
49539.346766,15120.240851,failure,0ed13a7717dff786fc989955b78bf7dd359498551ecef1afe8140e4852caacf6
49559.121088,38.229950,failure,6ef056a474b65d4a8630550f3f2955d80f9ac906a1aeb5454bec9a412a55be18
49577.598586,6372.808855,failure,c987eeac04fb1bd0dd19ee46668d5c7ce6059975f73a0046feec7dfdea27d6d3
49598.833775,12.477133,failure,b23217bc8266e8bac5a43e62b140cac4c58d317a158d681b732ebce47c1ba75d
49618.809858,2.493185,failure,abe9303f5caa67d2b74cb266c8a47ae45b3b46ca8ad0525a4a7a7ea76b2603fc
49638.707076,14901.665231,failure,ac55514e6115a751fafa80bd763e2244925f59164a99cbf8d326732951cfa44f
49658.863882,8808.751469,failure,cae355809715b4c846223210e463ef02f2b6176f45289bc1ba3db13d7a8a9d24
49678.413201,13154.975207,failure,ccca1a2403abe4dcddfbb073dfb1df88307c33fc279095c2040d1a9ec2f28106
49699.054057,16155.242491,failure,2b95fecb5c28e94ac1a5f6210eb2cd5ca8d6ddee8d1189687e2c40b8ff196843
49718.835091,4.459982,failure,1e93b4fdcc3cbbe32fdabbb8710f6f88efc7467b3348db95bef30b67c1853626
49738.725317,11484.603141,failure,d7374ce19bbd5885500a264abf4548ebabdbc23933fa30e801a21d2894ace8fc
49758.705608,7977.654795,failure,06217684f0d955c8b9faeedbc29639efcc736433cdfa06bf85222dedc57436e3
49778.626189,13114.318934,failure,40b459b7d1e58c43414001432f1c5f406ea3f9363cac58e3c245e7bcf4ef6e4c
49798.535099,15349.766758,failure,125a6dd2f9ded8ca232f752769658b50a0efd2ced79eb37ebb3fb380bda56acc
49818.769388,12721.996965,failure,4a4782e4f303fdb24fd3b0149c69b5b8d1679529d0979bd536ada9fe5a10773a
49838.487156,2.455475,failure,b7cd2db57aae6f794bdef713f2ed5eff3a47631338eb2807322388d45f20e297
49858.410683,3.875266,failure,a9621c00192feb40aed7435434c6c0094b641d354d72c8d0fa0f2592792641f0
49878.747600,10571.591636,failure,2cde8f524caa42406811e7e7fb26b34498488fa6f597a3bbd5b13e70061d74d9
49898.740013,15419.584435,failure,1e0d9c5fe808628a3fb709a173f1cf6feb72415afe4660afd9e2ddb4885d2afb
49919.433826,7203.505862,failure,1d86dd861a17a8639b758713690e1a9f07286a2015fd116115e0175fcf7a2135
49938.875647,12838.428085,failure,b8f325e45f533d411308c314f93066aed0a5649264d6df5c346704867a030274
49958.801989,7341.965555,failure,3179211182ce77438358b3775299d6f432b47729c842648cdc5676f84ab6b2ad
49981.155945,15969.157469,failure,ce9b33053597036f42d992dccf94d47065bc7e35b2a1831011204bb622d1e71c
49997.401649,16382.942870,failure,6d85481ba5568ad102ccb2118e1a0f6990196c1acb28488fd65d1408a19a95d7
50019.197429,10.111403,failure,da5fc407d06a20906b635ee3c6275748e9cff5b5e7aa913ab099236d1d0a7763
50037.783827,5.501406,failure,c99d2c61622215cf36134b9496852d094ce95d82c4a059f2d095d8a6f1a7687f
50058.739541,2.458201,failure,6ca050cb09d24fdddb1f5e78e9d7ecb42405e00108039cf0cac570242c76ac1a
50078.666915,2.565087,failure,df22313066f7499865b5b538d29bf4d4b0b4f60d3c3952be3f237e3810bf7762
50098.687921,2.468750,failure,068cb3512ba9d638721ea2504274f3dac73b5fefbf7edd694662c9b434a03d19
50118.608614,2.480412,failure,4b5d073df52b840dda9657d7e31e1fb1511972ce7527d1950a003ce07aa4eadd
50138.730668,12651.573938,failure,68f2e8fb4cc2f868573c148d1fe4072fad977fe575673f5d38c2b2d4ce7de37e
50166.518629,18809.790244,failure,a19a0431c62fa27f0c8f91880fb97e1e5605827b776864d176fab42396650b26
50179.014609,16085.283148,failure,16c18835bd81b9b415b05652aa03d665a2bec229f5c7d8f4cac3b4119e216d6e
50198.891061,5640.514675,failure,2eabb6341920881091d79fe1a26ffc4a373fcd4a8d4b108b70e71cb3b661bd84
50218.440953,15102.387784,failure,cdd3e494aa4a8eb5a8d0e462a98bf0aab72c4d3b6a1139506071e399c1582eab
50239.204256,1132.137686,failure,4227be99507f87170545dfe66b9faec9afacd90b074daaddd23a7236f45d44d7
50257.788833,2452.533742,failure,3b9832e74295f8935da0783c0f878dd91eb988b83a9538816278087eadad5596
50278.728530,19065.561262,failure,d5fe3f0e4a856d6dce8a8bd038d335738f8779b580492f623ed332de9f473416
50299.268643,14888.032441,failure,01bbee1ebd1b6cf7eb7450c595e1cd436b5c69fac1eed461efe7dfe24ef21bb0
50319.189316,15186.144336,failure,ced5d088a52ce00b67915de1b2f6dbc555aff32674016a63917610973566eb7c
50337.597228,1671.948897,failure,40cecd7c2a1f9c0f81fac47b201428ed7a1dc1e4a1a744c8fb0641d038306513
50358.887380,11873.464717,failure,e0e6a2d0ba159ca74f13e9953b12124819e816cc36d60205e3859e67ea93dc89
50378.573853,8675.728090,failure,c4c4f2d0284f091878f204187b7c67cb2f42d65338da263f6f626bf5f0be5f1a
50399.159589,2141.786984,failure,d6b4f77610a8e90cc3a6cc7ed059942149c0eaf0db4a402abc6a0b2f0e43160f
50417.623264,5359.069142,failure,63bd787bbbbe5660bd52ad73b89b9a94129e976971c56874b3d25af1f04c9b36
50439.163025,15695.163492,failure,518cdb35af6278ccae10a47edf9135765e917486df08ba6a221443faeb096a3e
50465.662887,13572.167975,failure,a8c4026989f47f79d8814fe2ac2d71510845b135e988700676fc81545e9549a2
50478.996177,1707.054201,failure,8552fdeeada82cfd4f44b16a15e6b3b4212b4c72d75aa03a8cf3339e7c0e2c46
50498.448840,5056.512517,failure,b061f23d71b78e819c5155cae7b7ceeffb864ee4f96dd2b1add9990e7e9270d0
50518.931216,1402.094354,failure,8e07dcfc8bbe08f5ae5d7a7ab2f36cfa5ad8e470d9f177e9d5f528d03df32b21
50538.319881,12371.003641,failure,0fa8fffc762d08d2112e097917362e56129cf0599ce82ef5040387e923714ff9
50558.756514,14725.196514,failure,e37c4281998d9057179a335bd674d5a691aedbfa34fac11b230d97f74395d8da
50578.824969,19908.112574,failure,cad23fd9e7d30b8dc2125b7af0ae86a87a8ea9e8f17d339d7c9edc9560c207d8
50598.836379,13592.456313,failure,c23fac0581747b5a7cde36e4a0ed75bedfb175d9bd52a58cd33decef11b3f1b3
50619.292307,13125.255364,failure,e6acce0f5adae72885cca682b259a7e2092f45b6e13a18a5bbd83ab9a90c085d
50638.728830,13899.554363,failure,b2ee7df75b2721d02ea7a560171212349b594ff810e68899fe729af6d4168ba3
50659.154923,16623.170840,failure,4265d41ed5abf5a5e11cdab15d4f1c4b56a01a6885022d1cd552b228ac6c3e0c
50678.187915,1510.327987,failure,952c797dc4b14f7bc5bf7dc3d526f3fee55c9c19f634c724fc76e464f6ef1773
50697.548779,9698.791720,failure,1311a50ac42c8951dc75456855e1329d8094cade176cf11b085cd61471399afe
50719.122051,16608.146436,failure,b66729d1049e799de672a00cc7d321abba5b2c102adbb32a96bbaa88da2f59c1
50737.693123,14709.614925,failure,817bbf0972128b2df49513f69396042a5554220b19d88787ae79e8d51b5604f0
50758.564274,14525.687745,failure,6f2d089ea8a9c8ab83f3234114b9d1b17fcef60cba5ff914bf678b7eaa12888c
50778.745677,11699.570236,failure,fabe8b2d9b18e0714942853d5ed0959dfc6e1695c0b8a072d337eecf2193830a
50798.317129,8539.087683,failure,9e4d89f67dba1c702b08e129655c5fc08dc031e9a08a13920f634db02d335a0e
50818.703058,13314.651516,failure,447dff1b97d3cb449f7b54dd94e84b5eed6db86cb87e39cb15e6a7336ee286bd
50839.282322,7353.033540,failure,25aa4d9b9ba01cf7f47983cb51560e4a82fec447053dcb98f0bd46ebfedcc0b0
50858.847342,11786.745279,failure,2bfeb1dca8759d277b8dde7fc9122dc6cdf29f0628efbfdfb493009ac1b620d2
50878.427099,15064.136942,failure,13dd34bd536743fb3bf56f63f12273816fbbe86234fa5a498bd9e53e5551926a
50898.387696,13881.197131,failure,0ef50cf65a89582c999e544cb903720cbe615c71c140a542c58db38d5285f092
50918.381393,15243.919182,failure,f04bb5df99c431a3c7baf56baf0a6d17c01307e95cbb697650794f43dd8e26d5
50939.053970,15458.255294,failure,185e729b452113d4e0528a778db765ca07ef8bdb66614ea28af12d2c17012bd8
50958.401579,16579.892806,failure,d6a7db0289687cceeb1c5960840ab71e4294b1d1f96c3d817356234b1922eed4
50979.270898,7041.560930,failure,e49555f8a53f073eba3085645c1f462d81d836608b5a55c48c5839a6690014ae
50998.373897,13701.544344,failure,611321ae4cefd2b462cfe750cd81e9e99899ea519d2c4db65f51c7cf11c05174
51019.011589,5427.289019,failure,25312f32a49eb7c73589e9c176f978a739674030b37c7adaca48d9ebba779940
51038.651026,16905.691167,failure,14b4eff97520ba127b842d86e3d562763eab9b20670ef1965fd49719104b5290
51059.179637,4929.197027,failure,72dde7654b7689a816a064a8ca293ec5db859576782bf8956e25f07a4c465a68
51077.692111,18149.287609,failure,4ca11ee0d90cfc45543da336d962f709a2ea5e8394d910cde438d028c26cb221
51099.134523,16695.144574,failure,c27f984620484b26d13c409e7de2ec6a9b26c28198d666744dff8ef303d5448f
51117.534742,14639.764565,failure,47c1021f9a151ecd640c4046f08ccfe51e77b0e1aaed23f4485a306efdf8447b
51138.755899,11735.079398,failure,358b8c53ca35309004c520027af687abb2232a16d38a36fa497339ce263b2750
51158.437044,17545.876670,failure,58e0ddbdffac30b4628bccfdaf8994c88fa8e7466f7ba40eacc5a8edcdcb3b1b
51180.207371,11030.089451,failure,bf7b0cdf6f5979095be4bd6d815c547428005b8232e85c47c5970fd87653b3eb
51197.398006,15793.879185,failure,692b1bcb3dbaa65f17eadbebb0d804d1cff4acd2fa997bc20f316d7b1d40a7b3
51219.100809,10458.207936,failure,fbdfae3348f60952e2b740bcec3ebbaec9ed68d6bac89acd5b25763476e3f0f0
51237.386127,12659.905354,failure,a9bcb779cf09976fef022a993a8105500664e84fc6eada84d676ad6b03ad144d
51258.872312,15918.476223,failure,61767cf9adc3138980b6784ff25b4ec2f893d6016dad81137c8efbc95442fef6
51278.408480,6572.208969,failure,b1858b364888b62ba402a4d4261e7b63df7e2dae84898b9db48c0de11ad447b5
51298.554470,14572.142131,failure,afcd203727f0213eedb22ec59911994d01cff56f8a06acd68a81ba2ad019856d
51318.377276,14778.988683,failure,57ab08ee838479ce82930fd6508ecb436153b3ed5445d3ab527a49eee47e6d4c
51338.888257,433.322431,failure,72f4ad213d01792f228cbfe98a7f2369559cd57a4985d90106d1965ca37cdec1
51358.352603,13956.970321,failure,d4ae1f5044089aabdae9fdc95f83390341fd54563855904148281b385443246d
51378.718658,14826.641701,failure,9cfc26f06f2a92525660d022950252d3f156e41c70bf8eacae08ce83e3d33f3d
51398.782817,7957.528109,failure,e5a4d9cc9559cb4d8a97f73b85c634480e9c9ac2ca3723f1bf3d8faeb0cf875a
51418.557805,12775.712116,failure,41409d43fcb2e1773fac7b83f9f2ca03591f34890a0ecb72932085f3e7802de7
51439.211018,13884.092053,failure,a7c6b7da7b8799758cdb905b4fdf70938483c9284f235900548ef9b3e1298d6d
51457.878168,11466.487424,failure,8eeffbf8428357f247e66f500f2456dad0b4decdd5f22b481d40ce1fc3d2d78b
51478.328518,11260.697737,failure,8202281c7ba68c682e8b51f0ad5ada22464eb743ea35592e3b122245ffb3cd6c
51498.736459,11693.590045,failure,6fdcb4f29e46680f0ec49422b019f9953dd0743fc3ecdc30087c6be6db252199
51519.161713,16005.119960,failure,90fadd67fa1e7a8ebb8b7100a7b5b5b40ba8e1a70e8ccde5ae09b5c2aa7393a0
51537.691130,12147.590015,failure,f7fcd94e5464e1cc6fc5da072d508c80f3ae95afb4c863f2b06acc0b5e06cd44
51558.581849,10290.732699,failure,d71cae8dece86827e1238af7ad1bb02b3b130995e7b1de19f2608219e52ddcc0
51578.437495,12195.839867,failure,d9b61aa5c70d989ba271e7e96c7fe5553c489f6e980b050895db4e3f41c97c23
51598.923881,8815.334066,failure,0b1020e9b6cabeb0cc25b76d453417b83db44f18a1d0ee937332d5f80f1c5a77
51618.327075,9290.581516,failure,24d602de934c2b37092bff0fc0237d6997163eedcf43aa34417f788989bafe39
51638.375225,12495.738737,failure,b6a43014624ceff6ac915263ffb835d2351f32a1b8bed26222fdbf7e47c24a99
51658.658638,11764.642012,failure,406a9099e028fac8f6c5b00182f4a08ef0cb3b37910d9a824670fbd96ce9c3a3
51678.888502,17255.400402,failure,2197f2a202a95e1ad9d77c001c479cfb4f1ef02a58fbffbf0ff062af5ad42d87
51698.438546,12437.089438,failure,cc3b8ed6db59a0b170856222abe0d463ec73179606942128922a07ef55807a41
51719.354011,15174.962287,failure,c036d25cfa0918e4166f7b5fb5aaade64bd61f0f52315be119147e703bfde8e3
51738.525268,10999.076576,failure,62f770cd09d9de7e01931e6aac098a5e5aeaa4302893babf1f458f0ea03ca462
51758.995404,896.317599,failure,f346a2538791d47e3013d0cfb5d120470e267bc9d2baf9587b65edfb4c549802
51778.722504,11224.613857,failure,b05d1393033b0ed803ac468fc1a5c3885411dfe6569680fcda116bfe20f23514
51798.863875,13023.424542,failure,0bc231243c3428fdd59831167f171655c4581d9f60a165103bb842162b5c2db5
51818.389875,10064.865136,failure,8bc5fe3435482f0c6d9ff763f88c648b36d2514890bed528fc4df248901a746e
51838.646318,11378.660217,failure,8ca4117873aacc4989f5e99c4ccd6f6bf8eeb657cd094c9408f7d27290384e2b
51858.405567,21.774795,failure,72d95bbf46d5ab122e65a6ad6db7196e53ad2e674b431a66721ff484215ebfd6
51878.906900,9545.393401,failure,f79a329db3af76a953fbd3b00e09e0d01b82674430c478d012b8e730dc621dce
51899.009210,11733.284574,failure,ea1cf8e0377972da1bc9be11ab7e1432bbbd992d9a03f2f483d9bf7d2255c5d9
51919.054064,1019.007282,failure,d830dcc566b3544ba1b0c6cdf4940a8e6f2d420b32370a808a0325561987dec8
51938.617903,5893.709618,failure,ffb092d2434cdbd17c8ec3788c19710f346764b3bcd989ff22c4d7bbd93c065e
51958.637691,226.503454,failure,49bd77ddd5222932ac2ade0a5e1c7b46e5eb5d8034c327ec5debf7dddeca8f77
51978.749859,206.995007,failure,383a97101f80d84106640bf4387fd0877cddeb3427d445000f14e629269ef6bd
51999.499128,636.731880,failure,c26556316a66afcc5dd4d4708dc1075b634334baea51b38c067872656509462d
52019.454558,10422.873912,failure,1b637889cf9c5dd0bf91c3cd1b97bc655339ae533af9d2c2ddec12c9beda8952
52039.623600,144.812328,failure,214b34fd8f9fdeb27c6bb2cc139d87498cc87b2bde28a8f73de5a896f163c2bc
52058.419537,4823.830613,failure,0be4fa1162f67ed1f20d7e49078984f6be801e173276dbdfb879aae6bb7fa4e8
52078.406615,11646.897824,failure,200c5242a6f80c62e96514d10f2dbd1995d5556082425e3db118f38ca7cb568b
52098.932714,14521.653867,failure,0cc9cfcc27f0228162a20b9cc4d3900d19f6a68d1eb80b08de9ebc18f336452f
52118.376083,10902.976401,failure,1ce8204523c9a191a6c853db9c446f937cf144a3d28c820bde17c15c50d51cb1
52138.895612,10717.430906,failure,5ebec9ea9acac4eafce0de3f7930252082ca63d1380d9ccdf5095cabddfe96bc
52158.355662,13895.010116,failure,51f16ceb4e9e218e6d5c4835918e2fc72282c57f778acd4b6f177759adcb3810
52178.921867,3661.183235,failure,c3be5baff846e53edc6f0cff907567b78f5cf3e2a3c782a9800f4f74ca567c64
52198.715972,10986.712568,failure,8f99a5f3df46b4ca4d828447f5c9c309998d755b887b0670c648eb24269d52bb
52218.695037,3934.003277,failure,cb4446aa4a028ff71d5d734013d6fc1980a5320bee08309cebdedaed563ca127
52238.700060,3537.696432,failure,b51cf7f7d9db3d6f90104b18ac8408f78cd9ff467128c1df371e763ea43ba0dd
52259.373502,13708.167318,failure,9bd069122b0fa392e04227c396f53c9e6fb2d2c0be817e6cb9623936f7717bd7
52279.041114,64.647367,failure,12a04a085eb5752cb11dc534d7741cf4aa980f141cdaad204f830b2b8eb24121
52298.583145,45.368510,failure,4a1672e6446166307c79d8732e7658ba9ba86407a04e95623a40c8eaf7b7549d
52319.091053,24.273944,failure,d0f3cb01f77fedd18feb35b25564f1b3317a5eb44efbe321d0245a7e5861943d
52338.521218,11089.727557,failure,c3b0fc1a0395c8df8e71c406e0766f57d8b0f907687a042181a7af84eaddbf5a
52358.748980,2969.985378,failure,b3358ca3aca519359cbf4dd3837b8cf4e28b42f11578e36a7e535708a9bbfa6b
52378.362894,3556.112470,failure,5955d7b2c4fd4d9dc632a5ef32ebd0f0840694a96b5e41291b77e3e1864bc583
52398.387723,9453.913941,failure,a356494f8133d0ba3645273a836954bdfa60adcb3e9e194968089582d97eae87
52418.375744,10457.945117,failure,1d1a0e1f53a80d5c62923c6e8dd608c306649dda81df7589435fde13fc63cb05
52438.374816,7741.656690,failure,7ef82f3d4cb1695767848d61e4d484ac2301b7310fffd63ae0a47b36c1d207b1
52458.359481,9349.958751,failure,7cfb00437daeb1030b8e005008677fea503b9570e2f7d2096e4be787a6fbde74
52478.788484,4400.958571,failure,12a5e908963d65bd39887d05a40dde119903bf2590b74d66cd7672a8dcc3b1bd
52499.184295,11221.315021,failure,fb18c2f2df1ba040ade0095dcf2abc21f0fc3c356defde0c34947f7cda806909
52517.541708,15047.753477,failure,0a637430f9a42685a29492f98e1a47176b5be2080aaf396125dc0476c24344ce
52543.350454,13104.948121,failure,2224d422d8e249aab6b1257ee6c000e387c0fe04e49c82b8206f6cf3370549fb
52559.028078,10332.941139,failure,245ac1d403cf6b2804a1f320a614d6dcd86449ed5f347f3501f51a40ddf63329
52578.789373,11554.838985,failure,7f518196b56a70b7093a8736ff69cac5287d6e08cf78f5572766f9bc24910653
52598.758990,13319.671734,failure,960af0b979d717c634b67e1fe0962cf131705c4db84be11c9c3273d89db6882f
52618.423867,6845.903216,failure,48a5f24e89c7b7f29177e664de5e5f6a6611fc61201c5c3e2ea966f6a60df65b
52638.770288,14207.517430,failure,cc826a09f14d4bcc3efedceef96b0ff5e5c7e7b2f6728d189c74907e8334710b
52658.797952,16094.501774,failure,49395e19507723c3ce3b98442a843884d7204343e23b199985aa4fe31ba44036
52678.334704,16548.955478,failure,cd8bfb917003eff8fb5be7043a4d35a25c8185a043abb3768aad7fa8262e3f6f
52698.825881,18696.510424,failure,a8abdca64050978ae91bca5933e2a49c7efea8987e180050242b40e5d628fd4c
52718.731220,257.685999,failure,f332dc9a9a344aabc4bf71a1a9b280588efee0e3415585a10ff67f87cb603e54
52739.247653,9801.235358,failure,e84f9931ffbbdcc4b74e558108b97845f9f4cbbd6d04a1145d0c47b3b5cd1607
52758.691434,4183.621085,failure,aa8593b36fa05c3085eb2964194672a959facf348d62e2cec88499e2db71c56c
52779.157575,3907.630267,failure,ced1cee41f89bbf3898672a9ba5a7302513622426b2756c6bd6449320a633fc3
52797.641580,15147.226130,failure,8bcedf0a9417f67ba09e1a7ce04a580d24f9d3d551526b6e9759f814783f565e
52819.238621,10607.434214,failure,5eea4edfd82360092cc93311d8c0991fde86e69f83eb98ff7556ebee219b9c8d
52838.746639,16536.536918,failure,ba4b93b76b3e9cf185d1155e81b67e27d7c114997a1dd0aab99882866ca150b4
52858.419882,10934.879415,failure,041dea7f0ab635dede223706d865580752da7bd1a793d59dcb756065b045d76f
52878.508739,7062.728438,failure,fd730ee0b8d6a6a49de740e1ff496c0dbd0ae045ea1564c49601e2f579ab31da
52899.150282,15073.314636,failure,1d44bfbdb920a9a20f6ddd4d575bf8b317624c36d9f47b4acf6e82c0c8856ad3
52917.570841,13293.762502,failure,9e456188a9f21b99f08c7fef3df7ab4b2229c9cb3bdf193e448c2dd13eb69bc4
52938.905168,13848.396252,failure,823c327a32427d251aaaacbeca0f1ad4322dbce22843cd1215a6247abfde0031
52963.188239,13.513063,failure,e3dc7451fb14fda2c30f03d1512df32c8459ab3485cb6fa74360d795728bb07e
52978.189829,87.182965,failure,23d9e05e4befe27219ed045eb63ae5fe691217e6aaaf17a1b687e9b9313b46f7
52999.175886,244.206332,failure,dd496559aeab1c61bd064bf1876fe3971eb7eaf008b876f167c47da63b48be82
53017.974430,9028.335233,failure,c2340ec3709fc8a432d21ec1096afef6f49b0a05e4d7d8a9915a75ce215e5d27
53038.595576,18016.692326,failure,419e321bfc9b41b6cdd1977ee9042a6f13fcd400b6a65b0a2d82487be8716251
53059.155069,4242.303807,failure,2c5c9a41029094a76fa42c35171dbd710dc3802970196c363741f89892fbc1c2
53078.067291,60.572537,failure,890d8fbb73da084b5f166645c3c98e3c55fc2b40f191a76db3eba3a84458c56d
53097.686905,41.187815,failure,6fb9ec859b552c30be7eba4546992e11e15e150c5c0af137ed1c05c8d8f67b0b
53119.237973,19.121279,failure,5e4fda0cd1414dbb9672f38216a53da6d12240881c059d8a0e15072c2c4f1ed6
53142.315208,131.052261,failure,fe3b1eb7577a235f77599a908f75a36d5a6161abda6b797c001cc6dc98a9d3c8
53158.708490,114.973658,failure,5a911c919b0250b04da37320fa31a13cf0572c2d9f6da67c0e0e42974cc34b37
53179.246555,94.678971,failure,f05c6573d7ef3fe242b91ef3e91d3e98610a55efba197ad165196032b590e7b7
53198.702550,75.468317,failure,17f4e1daf559632be6b88c3873a66c659efcf1baa9d167146c9f3b868601fa66
53219.147684,55.257544,failure,e52fcc19e9e65a084ed925cae7e4bce24b6b6f9665e29e0771de88e67f36337c
53237.465866,37.163093,failure,adf1771d6433776ae2613287457993325f7abfa951aa94c1890de7b544fd64fc
53258.796359,14687.321382,failure,abd1f51490ecaf7732fadcfa9ef2dc50987b02cc331a2aa49d4a136b9dfbac3d
53279.234039,15144.465111,failure,39477551bec01451f8277a02471346237b7faa3e46899dd9211ffe98186658db
53297.713178,12504.586471,failure,bf0a6fa840e9e6feec75f610ddff17bd3b289bd697562a5586f6f62859c8743c
53318.514577,11049.169941,failure,1fdae71a64c8058bcc4fcbeedf7a9f58d96c8ec960d75704d94c7f3901d764b0
53339.063712,13965.207155,failure,7899ef22ad468079583151721175fbe630e9d7e47ec3ab4f6c0e2150967b2c31
53358.506743,17128.118706,failure,b5290b68223b1794979f82780feecde46147fa0322a909dbfd9c4d824bf7403b
53379.040351,15461.492130,failure,f12df31a065bb01924a63cf739196d0414ae2f9c1497af1c925fa29aaf44e622
53398.697115,3292.960446,failure,6e515de716e4ffd7eefe62968907386d2e686bfb130055b54552a9dd4df8a3a6
53419.164339,15353.092232,failure,8ab85f39a2c6c8a280f071708c033ece56cc77557d4d7c6cc8821162fac367cc
53437.538014,9174.731587,failure,9bccd098318f0e78103d9075ec0f9d035190fe139ffee64ae22d8c00aad5f57f
53459.113327,12964.163301,failure,b9b47ed0890e030ccb90ecb1288305ec733fb096f701a3bfc542ab3f538cfe9a
53477.796270,16199.497175,failure,02cf2e4e365dc310cfd7849eae6bf896b493f7a48e67fa40eb3717702087c69a
53498.441823,12907.834976,failure,91a8d674c2a55d1347bc0e5b7452566f5f6cd01ebaaaf722b61b713c882cc448
53518.947728,14490.355717,failure,e9728016d7017b77bd77abb7aeca3fcb0d587fab4b800b1c8fe6293ea2efd516
53538.379449,14406.973735,failure,432e45b4beea223708a684b6d8e030dc08b9cfe2b55cb4630358d2d595dbd348
53558.862863,7597.452976,failure,78da4e31c7195f8a086b61a291bba6fc85c511f25c66357190a26413ded86552
53578.328746,5256.457126,failure,911c2e88c6e6d42cb5a589b89cf0140a9398d1072f5e7dfe283b4ef6e896d4a2
53598.740319,15160.303360,failure,f4f3d9613218b92668ee7bc4bf510788fb09503eca6adb1cb18e65f3fbab8a92
53619.182227,15728.523182,failure,eed82f77a6ce2883ffb4dbdd2ca796e0ac5aa78ecc10082d9c7a3d07cbf73ea2
53637.525255,18052.809499,failure,26f967aef5419a05e6c461c3b804787a6791d423e866c76d4b88dcbec04b579d
53658.632587,16618.666591,failure,760b99044407fe59ccb3e7ac6bbca323b152b386e95eda85e643e496618d157f
53679.149073,15548.414813,failure,f47d2440296115e751b1138dc8b7a8fbf4c6af9694388e3523cbdd3fc3c49a25
53697.503632,14082.594934,failure,f18e9a559fe468967bb3ed0a129cc4af0ece6fb145b8fc017277d0f627077536
53718.901298,11968.404238,failure,c304e65d07df4f2dfa29ab08702933815366a18d2b347185cffdb16a6c862a8e
53738.301079,6615.021358,failure,40903883b2ef8a6201bfe00f80f5ba040315c6557a4ad06a2bb04e099a007b76
53758.694088,10796.048496,failure,cad9385de1909a08f9cea101840e0f2266887071c31921ed45a4bf4eb193f8a6
53779.074263,15616.230560,failure,8ad8a4d3568bfb962b4616e564a3d8258702b3801df767b21529fbae525a6493
53798.414074,16670.930532,failure,59622046bf9752965a3df6770f94abd01a82ff349e7fa862f618507799de9893
53818.835735,14401.160215,failure,014aa5fd2d02e0842ae6517d51ae17deb18bca260f15c18ab13f191c67112eca
53839.222221,15525.057860,failure,ff98e04730c8ea7bc3bdde6fd63131948557affb7dc98c3490d958a43859b298
53858.676964,14968.592903,failure,2a2145e1ca94c0ed22c541887eca8d3c16339311ff00e2703c8b56f0e128703c
53880.154026,13010.152212,failure,0f0f77045d04bd79bd2427c27688182bf66f20cade43f7b24f8bd2db11365098
53897.478681,6350.886928,failure,fda1e1b19b4b98b1c2b2dec901aa81b59c33d630b961483754231443f9ffb688
53918.852924,14300.243541,failure,3acd117192f025cfdc13c3468fd91461ec5b8fd9e95cc4be0ef310b5bac4e93a
53939.230374,12797.013121,failure,32dfb8a3bc40336bb455e5d21d995215339031f18c9c699a71be331165e606b2
53957.531695,15270.302007,failure,3d27335067124f124b6ced2a2ae7bd6e65e86abd7a99f03f528c7bc09d5e92d9
53978.926636,14244.069267,failure,3033fc8cefbec53a673528647e880393798b6730039b4f16abfe8b158ea936da
53999.301571,12741.874312,failure,411a13f244991bec2c49d6439cf2c54be5c323afa0b0ccc363279d2e83d49906
54018.858542,4864.476770,failure,d7f8f058eeca74929e1fc1d9c37eb60aa105fc3577341c7cb15855e13718e18a
54039.235340,7140.689321,failure,a3c3f1cc1015a8662ec07ee8702dd95641a03bea2f553eda50d9e142761aba2a
54057.522936,10318.742624,failure,37372077a239668f861797abfa57776189fe9f6bac368396cea33f2044aab492
54078.888113,13307.425096,failure,70d0af0a434c6b72545f2fdb4430a838f79c17ab15d74375856ff45ea58b4eb0
54099.240767,14738.519841,failure,cb901abfc21a362019846ab26f9cd38117059e5d81450e435fed6e05b4da49c7
54117.689811,17026.645888,failure,8622898d3da07339b115a7744be72ac00b3f7e26595739f97762a98a8615b288
54139.085516,8884.190999,failure,0c31dba85e93af7600ad548b25775cc5347eeaf373db0bc67afba27ccbd58ef6
54158.523790,14600.214768,failure,8a962b7e7e5e1bf641a7933594527a511291a74cc628b4721b655d02d908a44d
54179.028907,12997.591638,failure,b08b4dd93f21db7ac862fbc44945a01657233714b57d415f6d9e4d6970a26235
54198.752255,9935.831651,failure,cb64ad394cab85ac507a4d3ea839035f40bd48eabc55590361fd7f8bd3d05f22
54219.690098,14018.589208,failure,743ec7da05a57af7f33babd25148e0bc945d6ccfcfc78c13df0d179136a208de
54238.739226,8535.587528,failure,825b6253eb569e9be0481324574acb992f5fbf7c4c2936ac7008b0823e439d49
54258.524198,18911.754173,failure,3bbc5555105966ae84e2bbfa3b27046b8166480f02b811eee983e8d891749d74
54278.972831,8150.318108,failure,d5f8e31da41130de3f6f3dd67366c01398ac706ce03f07db277b5f09d5224f93
54299.531516,11020.981139,failure,53a4ad1783b2a6e7bc56206a8f25c952e307e006724f2c3bf54e79a9c5fbdbcd
54319.581746,15176.322206,failure,5eb004c5d9dd117a27f10ffb127145700d0594aedbf9d534b6b9108f36919eda
54339.073258,11504.230277,failure,4eb3b6d3f397a724c703d293cd6fc54fe5d73873dba6f2f67fea84ce8920e8f3
54358.462402,11583.830270,failure,097f6809e0295e5b21abd2465ed280b87bafc1ae2a69252b84a14ae2070e82be
54378.883645,14515.426478,failure,7f9267dad6a7718bbee75e06f6d5d86676f6e92be83dc4bdb8d5bf7405e71aa5
54399.254454,4567.061895,failure,6a6f41b6b4508616824e327b99c069dc7de7c342021fd3474f3d3a5330026632
54418.652605,16050.978518,failure,ffff978c05a2d0dcbb11d5006ca598d08b4f6cbd35d73c6c065b5a01bb36925e
54439.025828,13077.255248,failure,8e0db7a9c2b7211904fc2756fcadd26b4c46a2e454237921c0ceacd411dfabd7
54460.590614,16522.732344,failure,6258aeb1c4349a0372082b437e04bef36720552c18dc9e5718fe4a263939cb6d
54479.005877,15599.265833,failure,36fc969b614047d2b01d3b50ed112d7e3048c7ece707df23b578c383023913c4
54498.334039,12233.954386,failure,c6133f8150fdac8206b321dab46aa2b2b21fafa79283f979af885963b2b7eb2a
54518.718133,14054.560637,failure,be03436ed03e89bb63b09367d137ad285ed4919b18da55eb8b1834722f42c95b
54538.533090,14503.866791,failure,705c32bb5a297a5932c350249758fb636654fe1a44906836c837dfecc1e4c788
54558.508552,18476.770989,failure,25e330f056197cb7c79e55b1538f14407949ec3e536373ab93df4e72a86a4b62
54578.409638,12218.883152,failure,9ee67325186d3e1df798713672171c8d7fc412e89777de7cbd1605446495af4e
54598.402642,13347.382597,failure,63cfcf49792352f73d632a16daa74bc70b8aab418b774b58e24bf1a7387c14cc
54618.339313,16202.949567,failure,a362a4e82479afdd15313e1b1ef4beed5cde2ecfa82f5736277a6bc3c802c256
54638.791673,16031.506580,failure,0c19d478f077487ae8b7534d92241612ce8aec7c9bf1318992f6d112b7e2ebd0
54659.282884,9720.828384,failure,da2d9f55919711ed1df6f57479bf84c386fc51a492fabbd3500c44fac6e6469e
54678.714927,11553.579195,failure,b18a545a87df4c23958c7af8e1da7b9b2a546b892e2d4d99e4f7e05355b41d58
54698.547155,10117.751839,failure,f65b64bd321bab12f240366170ec732376416c734d14ee09a762a7333e60e89b
54718.994526,11468.337210,failure,dd15b08b3f2846bbbc88a8f6a12d3f4c46ed4a37c75cd57333405fc7872b50c7
54738.355698,9456.178900,failure,eeee640010325175db484ea7bf63ee501942dc1a4f5fc50e149b3d0f8d9784bb
54758.763576,13783.826503,failure,4e2a0d47473a7e2879a9c3787c3a35cfde8764cd918f8fd4599fc4487972b7e5
54779.197652,14447.148833,failure,8301b2a94ec3f8c04079d26ddbf26c71847cb01acf20074d8f3ef88258b1b6c9
54797.394042,14549.925838,failure,187e4ff84d27fdaf21c1265f094769057388e7c09ca1bb7a2c29d22519151991
54818.850268,13532.437129,failure,24c2cf6c51de6761dbcef7848f33734c3fca48e387f45d90dcf4ae4c347a5786
54838.351017,8095.935581,failure,6f96e8518bb864a0307834af1681cfe2a6472fe0fab483df78d26a9152992912
54858.831418,8806.459209,failure,49080afddb1ea07b402e633c4ce5c0eafa7f66359aa6b2907f3919cc8855c539
54879.222736,15029.062843,failure,d7dd4531bcf1b56629f3f3e832ecaf3bc33a96618033e250adce1718211cb4d5
54898.207846,15870.061277,failure,345d9f839c3a0537248a31abe1fa3006738eccee3d22f18157d66b392c49d992
54918.355415,6134.822889,failure,cb06d656a36fa353b3d2186b525fd2279a901174e30c4cbf0b2c49215bfc4d97
54938.853289,10835.446988,failure,4dca8f1bc3ac5b9d71c813efb6825825749c7ad62b0da97e51c81f67136ec178
54959.329342,13263.412162,failure,4b86adf7ce82edcb1bcc573cff7d7dc9294c71167af032e5e08b30fd1bbff210
54978.773216,14357.540643,failure,e78c91645225a15e727fd87592e95354635a4cb544a9bba59f896da650ee036b
54998.357720,11735.919265,failure,940ddce3c272a479d9ca39a1340d6f73def97c09c362e87069e00e2ccaad6880
55018.716507,13681.788016,failure,f5a14f32725325075d7c2ea977a06ec4e4dc61cf4820199890061d45f11b4524
55038.685728,13611.630580,failure,ee76edf7caf3f516181b425ca7e545ae62d7d3f236e399b930740942094d682d
55059.174104,13578.595018,failure,019e2768f3175e7cccfe996986d1eeb8fd48122c51584720dca7421282db11f0
55078.870112,9715.433262,failure,0b9752da285b33b8826ae0e4f0626c2097d6844e0a59a0c35497e9bafd67a07f
55098.697492,11591.608692,failure,22404af5f353f7ef00434dee232cc82deca97b0221fd554173be72a3fd07d7ff
55118.517800,14974.766666,failure,ec32e955295a47a9f2e132c34a6a393a66dde24bad60d931cc1fa294bd3738cb
55138.536574,10145.999888,failure,71709233a64891312a0d24bfbcff10454b38245c091c10321d35188cc3ef64e2
55158.478477,17018.105234,failure,2a58556997c57e4e6cec37e012d81f04e269b2795dbe4aeb960c4e06f42de95b
55178.374655,12831.191634,failure,43ef1393c9e260154ae5e941bbf11bb37f801a46bca16b3c0bbc5f77ae743e88
55204.139409,14627.207356,failure,f13a39018f3cef73da17c82d6718c43a26d1ea51f60a2cd408a906ac9dd57fd3
55224.704187,16519.988803,failure,6d8c5d9f6379ccb3f1e58556e51e4eda3705e7e1196b08f0b1f7bced2669970e
55238.539207,15032.778059,failure,b0527b047f44934dfd88be9993865b500b1513264357bc51cbbe98f389899cf3
55266.708353,16703.025700,failure,6de71037e77bbfae20b625970dbe9557e19f28146c4228f0ccd86acfd2ad9e7a
55278.951444,12739.502975,failure,ac39f38f342512e41c24df539b8a8032c1245d48dfdefdbe3c6e03bddc984311
55298.716531,3424.375109,failure,b761f66d6bd5fbd018be3407460d8eee5395f6e76acf7f71318a2d94ecce0e61
55329.187101,13604.122250,failure,7c22499ab9a61f2f710828ea441a989dcbeefe1ea9d2423bf5e4b534ee65c3a2
55341.621935,14791.660925,failure,3a364f1f0ede29482c2f8a268b84625a1f14d630c66e02ef60dd7d6cd711790d
55358.452865,13471.813619,failure,5ab6199ad882e516d52a17de71da94ed18d5d83acfb0bf0e48a72cdeea1f8666
55379.262554,13293.046808,failure,981e55dd305900c9d80228b53436ff28591eb5392eb19b5d7cf5686d2c4ac0f0
55408.899019,1891.309897,failure,c173e44230dc1acb07cc9c0e4035fbf818cdd2ea528f9401db880bc0e9acf162
55419.276348,10910.119276,failure,7d5b3187c283582a068fb16e6b15fc7270d06c7bbe1dfd8bf570822aedefceb2
55438.632453,14359.657860,failure,66394b47d88fd134ea6c891059f8cee16592e9015bf3b3ce4d6d3d43a21ccc9f
55459.320027,14036.296686,failure,6c3b8d23e80ae841c07a5737b566ab2b5167a82fa51b3c3f73dab84e25b456df
55478.675852,13504.614622,failure,d86b4bceeb0662d71e4f3b59358bbf1a9e36bab2ea6e3691b419ce162a024c71
55499.053206,16033.266594,failure,01ac114118d8b0750c20bfa794ba53f320f4469fa6e1a4c3e8c47afa13f56d63
55518.303776,10492.101685,failure,b0527e2d060dbae6ae6a0ab9dad621659f9364d9f534b9bf37702444410bb6f4
55538.689295,12829.632899,failure,8ba73c1ef534b9c815f5d3a9682a373e355347d8650f26fd1bcb60c94bff42bd
55564.003420,11914.324357,failure,1ba7e2fc3309d6cd75732a8adba5a689b6b3f3aacbfc83de0e544af2233667fc
55578.371500,12101.663833,failure,6e4a367d46692c7a9c78bca60db404cf17effff477dfacb8ec7b6e9cd2313804
55598.738374,4158.998857,failure,5e0e83a375436f9aec886db80bd0be6e9a54098b8e4d5a2c56b3a81fc0c59f8f
55619.091894,13820.219980,failure,b566167836aab76da52e09f41e64d75ac0ebfe02454894d16a645b62617a0e62
55638.354577,15568.923603,failure,1cd2f7195fa10c5e29191054658b8dc086975c1844fc31215eda4d7947d77910
55658.475749,16107.397906,failure,05d246e516ab8b4c983e0effc7d9e2f2513defea28ae18c1253240d214711ed1
55678.927009,8358.411888,failure,2381da8addbce35d06c1a36298c3fab6c02abebcb9d4071a5fdba1d6e444df47
55698.311166,11117.973350,failure,8fd215dd5ebbb678bf2de252c3e369ecac5347121d8693f920532f2f91bc4dbb
55718.735315,11458.126464,failure,58bf1fa66fd4200e4ec74907acdda056928de95823f801b4135887b83e3b4d54
55739.116686,13056.912515,failure,e32398ab452ec5aacce6b2df14f4d6c03ee513cd4c12841ab7cfee4a6934b9cf
55757.429953,13058.847801,failure,01c5592a5a69d6c231c7510e58db1a33210c06b65b437fb6c1cd54e3d3aed86d
55781.954596,17534.373920,failure,813563edb6bb48c1922f8575276f22224f2c3ae1242647c808794adb5d80d0d9
55798.390028,14267.473390,failure,6aacc25f9e085a8349c812037ef9a61382e2abe47043ab273bdb6dd84bf814fc
55818.829196,14306.447114,failure,2148ba5785e0baf863df675da75db0fc6faccc7c951934d734be759e3255902b
55864.634964,5315.006847,failure,302e959067fa6bc1f78a529594d22a49b88b6a31ed2797a6479a010b57f8a94c
55873.527271,8669.427158,failure,ae794c0305df1af1c6811746336b804bdb2203868286846b7ce2c2aac1c1c34a
55879.046334,15186.224146,failure,4e411a1b0f4b3cae42c7312fdcc555973755f65a47ea0cab581796e79dc5c4c9
55898.439316,13823.874605,failure,c4f81a5475c9ecb372fffb763020c57dcfcd187985bdb3e9ec6710ff197a5e47
55918.880187,15911.163639,failure,334643a76b8365869dad0ed18dc52af33c7718e335922a614d315a8bfebbe6ea
55939.007941,12879.671013,failure,a8f6be6e28266eada45c7280face6c45de4f52b9cbc0a1361e50440db60e5bd3
55967.044534,12592.906182,failure,85a8e976f83d1f5bba342bf46949e8eb6534284cac40b4e2df5bce36956353f5
55986.422349,15995.123480,failure,f4c9aedc9595a4aa80801d80b6d85682816f6e9f8d2cacf734971240ca3c0950
55998.827318,12220.730065,failure,6522a8023514d64dd308f6d1a4ed7fb1fc613ac2bcebd25643104f0a018062cc
56019.067148,12740.264942,failure,9b89e9203dced4a2e23b071283a08d28a98088ed4d8551e55bc6b0d08082ecd9
56038.108925,13846.187103,failure,53eebe534323b46515ce23214dbb8ceeab8db9a3e030974437858701b8ada2f9
56080.207144,424.041494,failure,b40c137e132bfa5cd3164da33e1eff83eb24fa684c18ddb981cfa9f1c7b875d4
56081.618190,422.874897,failure,bb868178de2f5ecf664825093eed39def8963f485c6a6305b7b4ad27a5b6c343
56098.598184,406.118174,failure,61a41ed36388d136589ba06a9d5fa4a0287336c203d2f448f66abbcd01e10779
56122.544624,382.392781,failure,8a5e57afd8888bbff0c5d98199442c3f481be22865ca9b4d21b4a7c7efd418ba
56139.297783,547.088210,failure,0d8ce99a8cb81bf1cafa31951c55bd38663fa443e04128ead76e932421525d52
56159.304567,527.825214,failure,8a2f68ee280267d21030f2c50e7c436fb2ecb85d3f3bef9b627e82cae51ba1c9
56179.480021,507.982973,failure,2a5540250ad0636cd9048cf615b86008b9a4912a345a7db26a0ba2cdc5149ca7
56201.637341,486.120516,failure,df03739ab9b4eff45cf0b8cdbf3d3924df6731d25b82c19eee7454e4a4354aa2
56219.465558,13861.808799,failure,e0614387f9ef35e0d48ad1ea76e96ace75c1520f6d03864d5f26d5ab47ea838e
56251.156586,14513.492873,failure,4130edbdf4c56581a54710a8cbfd04ab688c68ce546f5ef34021f0d0ec693c9d
56258.287654,13406.412448,failure,ea48bc812189594fdc0af6fe9f4885011c4d8d17213b35797066366f2b32ca60
56292.811764,203.515221,failure,fbb19f208ffecff6a57e3f9ff563e8a7433df3bd44b5f839d39eb38c451185b4
56300.633813,196.028700,failure,917a0044a770f002256824b46be38d40c905fb76cf3cb14cad80912975478dc9
56319.677044,13745.949307,failure,806290b61c0cf773b207d7863ddb6892dd97ef9ac4b965351dfd30f028d11583
56338.997506,81.851792,failure,68e5b1de8d02ff58ec4f844f2f16cd824d49226b39a2308725da44c020da9376
56358.524677,139.052067,failure,bac81d6ce14b61a3c59865ccab90f4855917183280847982a85a1c132f3fc30e
56378.453258,10343.272586,failure,c7e802abad608c05043431070cb7e6d965c84e50b3801da3b1c4444efb2d636e
56398.415119,15888.504878,failure,0398504c127c3b7c92e7d92f3c13a489698f7bc70f2571dc363c99200506220b
56418.387339,299.500043,failure,6f7b7b25b9450b14ea048c22e1d6e84a9f512862a966725527e6aab43a510181
56439.212579,861.269159,failure,ddd4f797d72d2e8d0adc575271b59d0ed08ce86e19efc86a8161aeee4bd892ec
56458.492326,14460.795316,failure,143035603f3bca1e9ee573e1d4dffa420ee9fc08ee6bf9e07bf357136d6e9001
56478.486937,10985.958317,failure,9ab6010f82f41c4135c667c33794046c07a333e9f099f54de18bc6881191c9e7
56501.365233,7055.966450,failure,21e3497d861181390a6bfe078de41aba82c364381c8d3cf8469d006ac4685185
56518.444913,366.255003,failure,d0ab8defa03e5b68b85cc8dc6bc3c82b300ba74e7a2c417bb6652d1c2e6ead4c
56539.086254,345.352572,failure,ad29c90125c29d0183e0b86924a4a2c79e1402c01b156b363a9cbf68d02e5b3d
56557.509585,327.448376,failure,9fa071cd030530c36ecca89656b57295295d1ea0d94f72c877c462df5b2c27e0
56578.955587,16627.346933,failure,ab75a8e4671b700e12d2d226ba0d70071871316f1e15520f5cb106a850b1eece
56598.377124,285.263053,failure,c05293ebfff7bb30c8c8e9877c0638a805ea60ec01ec3c4d9119724c80d1ddc2
56618.785938,265.117543,failure,5a8089e494a9faccd1b359fe6f978bfc74690bf2aa2ee3664c2c8e6cc6105ae1
56639.503048,244.670059,failure,fed5291a4e01acade0bf162b4d452967da94010102c012bb8c3cf587f833a85d
56659.371849,10518.204095,failure,4792d29a0bf158c20af03250425f1f6a1fca22c7c83664462af44ccce6ffdaf8
56679.075595,15326.356781,failure,896275cdd1b3427541670ab162bcac009491cf20fc71c3d09ad8efffd0b0fada
56698.677184,10.000987,failure,e9418f150ff54f090f0e65710148bd9bc420277af59a271e5499d8ccc2197c99
56719.469553,8711.823700,failure,3f57fc94e2c8bb6db068322fb0a293e17f77c0560201b36d963cb56da64a4ad3
56739.053439,7726.263038,failure,1785c59511e5f0a4cd99f90c23ebc8bef369fad42c81b634ba14e6331b194a28
56758.506925,10516.827640,failure,81d74053d86a928112bfe3d51cc00a6b4af2e366f6d84b462bf411fdfb6ac2ea
56778.986459,16331.343241,failure,8e8ae9f0f21042ea99afefd36c326dcdfa1fbc27e65007f9b6803f4c93f61925
56798.405662,4211.952093,failure,0e498010291b72d9f07301fc3f52120d7423145384f41d4ed5cecd97c31ff9cf
56818.885716,7721.231291,failure,2a3880a52f0ea1ba5a000026d87cb201ab840712df8a171056e2933edef80e2d
56838.362085,17426.988031,failure,8217072ea73f1dd4c32f271a28ef1699bd9f5b3a3c38be3535cd18c1145bdefe
56859.651608,14216.626006,failure,0e59663e0ffdf8619d703bc4ac987c8a00bfc98747d2538cca8a387a22f9a58f
56878.411158,13474.957090,failure,4ed347af8eef6386b0244a1c6d7ca2058ff39bbf4931f1538bb2ab94a890fffb
56898.377838,10420.201926,failure,fe86331d939a4591e6d13c20beef9f3e5abd3149c68408c3bd56948480157b88
56918.390894,15456.136242,failure,dfd65039776e87289004bfe14ff0f2895eff59674e77721d70ec9125caf3f4fa
56938.376569,9704.926042,failure,37a3b4152aaca020c8756178eb84e23a317c3b09c2ae95a8963b020b02a4447e
56958.804548,16526.556869,failure,468a2857f02beb207f865bc597a562f698ffb5010fa31635b052af0f12cd4066
56978.346136,12974.948959,failure,9d61468d394a64e8430297c8e12ff393d0e27df19f7c6e090cce254ae721c76b
56998.432376,11042.178205,failure,55d0945ddf4566ec9cf958089c1f05751dbda8c4ca6b67db8787fea8f2624247
57019.026821,16940.769279,failure,8cfc5e6e7fea68c50e70008570be015e265920d2f2154f440b30c2f080b2f7bc
57038.516183,12593.790588,failure,a8ee8dcdfee07ebcbe527b71ddd9c7fd7a2f66942a8ae69b953574e7486563b0
57058.377299,7652.546286,failure,cbddd56e5b386ea87a36fd692b2019561cffc24c1578cb06d23fafb4e80b1bb8
57078.762549,14890.711676,failure,11cb31fbd47d04c4fc4321543a89cceb3eb07c153228efd9c7a2a55128f2a690
57098.366262,12396.975986,failure,37114bb9ab2564a1796f4a0cf43dabc08ea0e37720fcef82694199b1677679bf
57120.343332,15019.534068,failure,fab98545d5063465243e1956045707cc9859934ded9c213b3eee021248893373
57138.394250,15297.890150,failure,d5e9c7e6bf6759a4108d42f4b572cb738ab8b636bbb5d51d4e54ac2a671b15fa
57158.931481,1387.180026,failure,7d96e60dbd286c9d22d1913e887139ff5bff66308616e0a2dbf861437da5e0cf
57178.734082,5772.551587,failure,4752ac0fe1c42df7e86abe17f09a19d6f3ac048cde58a085a4df00892757f0bf
57199.268228,14611.660847,failure,d5b6eb7448d596566043f245e9bc26f68e6cc0a5ea9dd495aea6f0a18d98e2ba
57218.756560,4304.853197,failure,20a9a57779a61a6953ee953ddf1f486a7e85d5ac8766d394055e499eb2891e44
57239.225456,15057.062880,failure,7ded540ca9efb2abb1ef461a2b10aa95af6df2cbfd067254449a5efd5e82ace6
57257.644411,12735.667109,failure,ce58abae4eb08743a958a426bf151e712a55f6bd5901b103b93cd062d65bcc5d
57279.032629,13521.446111,failure,cfbae1e697ece1e200abb6671cf9f04e6056c9ae76b19fe6624da9f521c0570e
57298.371636,11930.024542,failure,5a5eb0dbcce3575c4a144072cdd585c3fe7fd8a22cbd94967fec516646a67c83
57318.565566,15837.014512,failure,209d7fb5f5b43c25772bc3e290b93c9d0e0aaa0de45f2c8105e59652353013f4
57339.233929,13.178865,failure,b24282f834c2cea11eecf8d17514f8dbb49abc910572075fd0e4eded174253a3
57358.843244,15751.806516,failure,0eadab30370e7daa6ebc9acb5520043fe13a65642fc51e91ac4c7e4bad5921de
57378.879344,11169.394458,failure,1416f2a83667851674c1dc0c5e97b75f5a2e98b13632812622b55cef64ca7757
57398.818065,11004.482045,failure,c3ac98da13e25499aa7dacc016a42ac6f8e964e8a309c7f16e51429d5b3ab032
57418.714979,13190.600016,failure,7f46da3c1eda6cf35780a28cc4960dd1f207385659f97b0c775c8d9dfcb666b3
57438.758753,11983.107466,failure,ccbe5c5806b941924a2bea75d2ff9886f12db72d19815ddb0d5a66ad4343d8b5
57458.477669,14819.861840,failure,c45a6b56d41f21afb09de824e5d13964cfe52fa3721a50d1bcf9b0c1f4aa52c8
57478.821185,12146.513060,failure,47f4a79bd058c3a308805425f0156f971cd5f356b6d8c9af086289ef5cf60c10
57498.424168,3.914281,failure,fb11971f3e0e4b3f1be52a2b1e7307ed82cb8f3deef05d8c6910822a4caace59
57518.886923,2.510458,failure,052f687d066dcfa2c8dfdf9919563971dc878d59e22246e078355c1874576caf
57538.862191,4.441390,failure,64f0550d6f97c10cd79730fe1513db30732df09e264662b13653c640d6b432eb
57558.836888,6.863246,failure,b96a7b27b3ce53260634f33c0f0343e6a10e209d245e0fc35c2161c5d67d4751
57578.772803,18263.012957,failure,82042b767fa3c0521821ee1a655a4b404f7465281ffb0c5dd70ceae323e38f01
57598.722344,14091.903947,failure,358f43ca91322011166215a52503dfaa1a46f6d28ad454e3eaa644cea7ecca14
57618.583732,13947.748025,failure,fdaacd3061b0c2ffd9e4a907682fda2ad5b25fd788daefa15f37a3e78256ec43
57638.371646,10.927763,failure,08c086c998563eb066183df0c0ff195c718bff1e6a017e1a260b336c066e1e1f
57659.141195,13773.138605,failure,4239ce2905c1379ce1dce59030e8ae6ecb9a833d0f2aab266340a1d3f53f58d3
57677.699907,6831.600687,failure,196b649a171227fc82a6f81a3c15e40016e003760624869b2056e4ac172dccc2
57698.504040,15290.790115,failure,d73ffa79374ab829d169df4162dde8e27748d317f39e741da40a3c81329936f5
57718.743353,15951.561451,failure,28841665572fda25ceee5f2b6fa2eeb87f8172434c21ebb66d300c179a168de8
57738.772070,9997.557842,failure,077ddc740c4d0cf9490ffedb515bfecc6494bfd5cd5adce646fa7108561b9044
57758.339678,13265.954737,failure,2c41e02cea91931ded3f1add3efb77d0ab9e29bfac1be0a1bd96a7020ac1f5a4
57778.377571,10858.886671,failure,c8ef38aea8b43ad2fa36e9ed33c7d5093bd567e74f2d35596b00d549bda64b10
57798.800793,16142.736788,failure,93827b504a7a93129a3061068fd03298abb4a023c323566989bd27148a2bc2b0
57818.746407,11407.946034,failure,0cf8f13eb23bba8d2395b27d80d03b808eb968586a5416216e02b64803a73748
57839.115619,13626.179084,failure,5d4c62253b4c7dffed09a1146610bbff4beffa7f9b343b4bde76777439ab8b7f
57858.044212,1801.633321,failure,8aa6bbcc6e5ff6ec45064c6a59857de1a19f105609c7cb0c32b4d1123cbac8e0
57877.372550,14997.919971,failure,1c606e5d9bbd903920b62ea32850539e02c504d5133097f16388ca1ac7d2f615
57898.366612,15350.902050,failure,65048e90712ca394870000e8a4392caa44abb9b5073e6f4bc4e34e6fa5f4c29d
57918.703756,15774.591269,failure,fd7bc7c49fb1c1bc828cde5ce42e17850bd855bbf0289bd4c9d789228b41db54
57938.781092,6547.500158,failure,783311fb37da6527c314e43bd400eb1b53a8f7796bbd8f35fccf933428a497b7
57958.715013,13093.570512,failure,54380cd5541a7d00af6f366b6f97f450cc08ee044c422f08f07183e1b32c7a38
57979.261853,10501.033767,failure,f666f7fa9210be332f98550f8218d4f36adf963e64c97c036a354d0ce3c9167d
57998.688091,7820.596448,failure,5751b6b788bb4966f7cda2624265bec14c068a23b3c00e0d64ffcc3887fdb034
58018.342940,14861.933687,failure,7bf4490ba4cb1a498d20bc68e4c6c32e3b3e8c39592ab8aecf09ec058c3b0d08
58038.769017,12035.544066,failure,c789d1f8d427e30ed26ff7f0ed436549202595f67c96fe587a2aff25cd85bb9b
58058.404951,11466.875489,failure,8f6553367783bb4e3aefac0b08178c0e4e46d0284ab40b3180723e386e3ce17f
58078.374638,3698.994956,failure,ea78d178921ba9ec6f7e6b1a7f8b6d155acbd395f7256a7e1420c669f4b86d8e
58098.800455,13050.525241,failure,cb583a12754073efd48bd9d51e5599649518f688f5613cf4ade6e95e35476fba
58118.361903,12217.963440,failure,52b4cfd173bd51d9b917b874f3b50ecc085c7a1587f64ba038da98302cd76c1a
58138.764820,7978.863342,failure,68167f3b6b77a3ec44e065520bc8148a80515e346aa0ec977dffee9219a728af
58158.723199,11401.671492,failure,b43908c71adb8c8b1ac11c294c918e6c650136598426c5a1cd4a3881b48415f5
58178.380524,13125.943613,failure,8027203b1bed8410773523df7d84b8602ff7c1d20ce4d79f4f0bbbb602babd59
58198.735833,10019.610140,failure,54b1c276e8369c76d0f98b52ab8689e82eb16d76adb948cfacad993985eb67fa
58218.376688,14011.076214,failure,446c9f10ecab360c1d80a5412c6f2b443cac08b76d6a2afe328ff52482550a85
58238.781629,13900.830643,failure,4f1317a62314d601473a81f08e682eebbfe2afda2bddcd430cb14020f499a065
58258.387128,9348.907293,failure,aa4aaf452031553bae94f1fdae763b8ff958d2ea1ae486debff5f93b55d86707
58278.780538,13942.583421,failure,700373293c1cfec4c6cc411554246b707ded0a15194a5baef4cb1256718174a1
58298.441950,7637.870575,failure,eddfafa383eb8e28bd9ba371ed851f473de6ed4cfbb176f9f286fb23993cf4ac
58318.902152,10324.428657,failure,cfe5d213fff9d1e23da0d2b94dee94ba68ab58866e3400c0756ace6ca1e5e210
58338.254046,17502.540348,failure,607c41d8c219727e58e8c678d645c565a79ce122d82ce8a67a09068ca8db0ffc
58358.771343,16231.760585,failure,b22b18c5d951569c0428c2a59c952c973581370cbb92e578a7e95d590937a0bb
58378.715756,9840.611303,failure,bf9f2452ab603c516573a8e5db2da86b6a9b4af37feb235ec25c82a22dc6315b
58399.189263,11615.121764,failure,437f21dabcc1e1d0ddd4276d0521b54ba06748da3a34b1ec1382e041ee793706
58417.418470,12808.860221,failure,852607d00f87fda43dae1296f29c07709e7a81b77a11345f47c6bf9d8061cfac
58438.372621,13473.915190,failure,9342ef2506a48e5ac064e12bb7364cc9372f910b25ad98508a5c6b092c0942e9
58458.756343,15480.853629,failure,c6b4e08840c98654e08ff1bd4a95d52fceb7a7e766b8c360568517eaf898df0c
58478.755907,4221.557740,failure,8a5704b8a55ed58230869d8259af037faf0aaf42293eb081bb622d747fd6638a
58498.593103,5539.482850,failure,5c52f972273c8742ef9bb99c04313d92dba6efb4c23c04cc3bc5f0e3a1bbffe4
58518.369798,14977.954725,failure,3399448762395eb7060c1c7b7e3441dd011ec49280805df1b1bf43cc33b80648
58538.359595,16053.259254,failure,bc2daeeb2e141cf9841ebc4d11ca0b5b5e063967af037fe249840e6fee758f93
58558.528711,14695.743824,failure,2c76370f41ce66088fc90610885ca85d06f81da9a0012697eb88bccb4abc37d6
58578.593907,13309.613782,failure,054241b3f2cb51a5d71e1115f8ff99bb721fe4812ae686855d86e0bcc3bb853b
58598.354782,15991.249318,failure,e4ed8a3fe49a3a05a26719dbb7d5e4c3563a61ab2c22224df7af4037824dfb1f
58618.733835,668.621221,failure,2a6cfbbd74345d40417c33dcde80ee24d37dce869761b491dc248263353a4716
58638.779314,424.702948,failure,977c9e8bcf8bb00d84b59c250095912f72aa97af2fc5d62e330e23dc145311a1
58658.355400,559.801440,failure,9284c87fa2da56d500be59c53b1e86c0792adb33dd7fc3f2eb0859529aba4495
58678.740163,12024.541681,failure,7cb5c4b964a311e5cd40aa8b55b13f4e6bc8e676301521d7b2448e1e7a7f57ea
58699.207439,4386.096948,failure,260b86527de3056976c3c0472da0282844d23870f718b1da3fc23cfd5a665f42
58717.625734,9558.668769,failure,3e97ca6d0bd874c1b46b3a8a0953310bb868327417e9f50229548fe3ad07ee29
58738.497453,16559.794214,failure,c65ff023739ed20f51c27d474ab28c607af2ca046a9736152ac73a9803cdd5b7
58759.109415,11092.086821,failure,da864bea0953fdf9ad0772cf6283a11d0962cb9ab0bf8ec875dc888fb158f3b5
58777.408020,11701.582002,failure,b1e5ba9a2b68d9bd3fe4d30c1b960cd74537ad8268c4317eff2c7207cb541b8f
58798.371638,13809.924001,failure,d210b5c92ca4548065d077a7b86d7b9c81568e0850229f45699cb3ee54b374fc
58818.365753,11836.944197,failure,0a462f07d276e431c2e943c7847f7a02025a6bf89465dc03315a8052d18e116b
58839.197870,1297.153837,failure,0d6a69bb79a33def718bff32b62770625e256f54cbef8e577798669656faea74
58857.364011,12302.713250,failure,7cad9cf025c2418e431b4fcf08ee8efd88bffef358350750efd1fe225b6248cd
58878.370789,9885.927763,failure,5a84cdfd448884a95a5d205587f03611701be65dc66203e3cefac85a30547a92
58898.761513,11679.690144,failure,507f271e50358b097069c54fbd40fe4c6ef78a39421a6b1e4fa74073fd9cbefc
58918.729670,11146.605806,failure,ad5bb922f4106925b53b7b1c64163de1867a7e9c1d795ca3dd074dd0012e7722
58938.724075,8797.880934,failure,5cfc9bf0157efe1462bc8f18a9de9ce0919110e04bbc3b0e5070f6b431887d14
58958.733348,4723.554188,failure,03c81e0cf7f200e04ff27fbc2718298fd299942f4ce696a9453e4826f475fea3
58978.730418,14980.839024,failure,0cf7fa0e86bd11b7c4a0c06363e2a20a3a633375cef604374cf1b403510cabf5
58998.717790,594.694824,failure,9aee7a38e2a004d5dfbc623ae556fbb3d1029a3072a7e1ac178ccf7af5eb4dbb
59018.773118,457.062809,failure,cb167b9cd17f8d5e6995406ce37194ba1a39f49147cff3ce1b346d1469b54821
59039.055392,12305.272564,failure,dbdc16d49dfeaaae1d0109d611c4dd66f0fa6694c4a8cef4b52382888dbde9c6
59057.367703,8609.920066,failure,a48758b4bcde895ea54620d48afe343647dbe5038056e1b9b515eafb88c65cc7
59078.887915,5722.721345,failure,f8f967f4f2cb10bbe7c2a2b7120f9426032bf6b72afd0fcb38c6eda7444ffa9e
59098.612344,1810.038593,failure,465e362982979648095d94f9957ca0aa207bae67bb09873978f173fbd9007e88
59118.375525,11357.227612,failure,bb4b50fdc80c135bc314abc1cd25bdb739ca91bae128cb2a5497a45b896359e9
59138.355606,11347.945666,failure,0ae2f2907a848ca76cf45ed7ad73aef0dcdce27713f62cfbfa71e6d302e251e5
59158.813025,8159.469653,failure,4f48ae1519a038599b82c9318504fed851c13adb84f85f00247141ab81ff8ec3
59179.307602,4122.021597,failure,e2d26d7bddb4a1929ea56e9bf6fb99af793eab233e42027a9e1d788119228855
59198.353024,9020.271542,failure,a9979fad6b50592f97323cd71be483b83422589ffc82128c35f7f7ef67e504db
59218.457433,14358.850040,failure,1233bbe20821f6f73f6afc8005ea89ad27fa60fa26fcde2442292bec1250be9c
59238.418990,4986.852505,failure,1be2ef6e751a21e84f904b739b5a082db1e73aafaefdf86e67188f57dae64096
59258.391146,12507.955540,failure,3674b973d12532bc67781b3bbc7a09951454200399b71db11ccfd3a3d3a0b27a
59278.364124,2016.936928,failure,f411652280765c869680f4583016372a13dca37f7c5d8135b68f1c09c1d31400
59299.040326,11705.256053,failure,1f9b7755c6e8bd719c21da55341c1876f5c3942499b2258b7bde51bc56a41638
59317.393794,12602.534544,failure,cfa30a69f0e16f32ba376a980e067646c986343386eb72ffd5557abc5b885bb1
59338.799407,4821.636827,failure,cb62c6a4f6656d80c854c0dfb3562ad670f1e76b89015f3deb8a8e6b9d9b31bb
59358.730789,5340.851413,failure,b11261375f179f08a577838cbd96159b9209d356d44a5392d5ebfc8fb26054fb
59378.707012,9850.251220,failure,48bd121c3c0b03f1549a1170957cc310e825a8c4deb8378da63dbee0b8b511c1
59398.384647,11914.004849,failure,c4c069062425eefa27b08c0b32a0d016e75124c36c46577f75ac928c53b98d84
59418.369587,388.789494,failure,ee6b71e04c590d87db45daeee13cb07a006d9d9844b730071fe3dafe55e2a731
59438.353304,10381.750966,failure,21955cecaf17743b1f4720a33977a7a2ea7fd4bcf5a061ed7891406b55107b1b
59458.347090,15924.920265,failure,5c5637944b9614a86596950dbdf7b5d6cbeda51f33876c776160829f44a56b99
59479.278000,8465.839661,failure,15750130f56218dd93125e9903d5cda8b7441b6837501e18613816f8ce12c00a
59498.384754,12910.904935,failure,8a70b9c7754977ab7e3f9721fa2d404c589cc598246b62e61994759e462f8357
59518.359856,13441.706005,failure,e7ec4ccfcc89b588af7fd8c39560cc6d24a50d910cafca4d5db8cd21de739e05
59538.354844,16302.685704,failure,78a895f2a842e3a21a8ec24c55ff4b2b41e83d1c5c80cf30fbfd5a2e0463f9c2
59558.746563,13291.515483,failure,62e9d6004c62c7d289b75788ff8427165bbf7a202caaad78a24220fa6751ff24
59578.737333,16176.605407,failure,8c6d985ad94345eac507bc17631655a79daa7f5b47574d48bc66c98374ade49b
59598.834600,12416.516066,failure,19a2a3c1a411470c2c313dd58fd0e29628e9725c4a66593bfd5fa0263b9f0840
59618.414324,10622.032070,failure,480ffd696a389072449f3ace1ae1a043f7a5eb7d127b491a3229b718d1e1853b
59638.370591,11782.886686,failure,f4ac39c6e8f6e94567d5ba705f7d140e68bd477ab7f0a43191e04e3f0e82a598
59658.362674,13574.905647,failure,da5771a7f4cbf7260b7d1ca15e4c632a6dffecc71139bf247e9ef0f82a1c63d3
59678.828538,16161.693355,failure,6de996fc428e0cc4c79ef97d560fcc824dc00d67ba3e4aaebb82379a86a33e2a
59698.350216,15457.938932,failure,ce3e11114f4d53865934f06ab1298191c284306e2ab28dfda5bed01deeb319e4
59718.731665,15608.567668,failure,ff23539f067a8f4785da316a7bdb01bb867fabfc389786c4d9845e75aa5d7b7d
59739.214040,2256.105698,failure,a96dfb7b292a696c50233e0123113acc91e7047f1c7f587b94d8c578e78e2afc
59758.025711,12085.625948,failure,99f386b4d372b4279c909909f725cfef3cce68974708a0ce22dc99406835962d
59778.375102,13376.940018,failure,8c6cf111ccc138f2b85b6000abcd88f89e272c24f232c07bd9fc79289fbe7831
59798.872133,12377.436272,failure,8f5479751dd65105f121c548c2fd1f6663e8b9616bf11b252752219696482d0d
59819.332799,16632.949689,failure,045d2512ee0d64234f3480615acefdae905bf2501a3bfb2151b98946ac84a2f7
59838.622108,5576.690173,failure,52e4157ec5cd078026ad83c5b8f8a63367e36f045f277f992847b1885319e974
59859.197104,18161.187202,failure,017e025cab2c9aa15e4e7fff92c8e8ad02f9f1103a2010cca64b3ce1435e51d2
59877.437784,14061.477719,failure,85e193dcd83ff6a49751687e34289dea7301d8d8759eae61633675a44b0d2453
59898.842697,17988.469489,failure,e8111c3b6f1b76e52fcae073ab3754ad928d3a5ca70a6ae48c9c13951a828468
59918.354266,7263.790167,failure,270aded271fe44ddcc4061945b5a47b07ea970888a6303fdc5bea2abdf24bdc8
59938.823156,15349.443661,failure,c876bdb2087b67d3debb7c01f109e91da3e520c30b7ac5359a6dd69de33fbf5d
59958.643443,15153.619713,failure,c854898f787bc65ee12ec6f47d038aa5cd457c6a34be85b0edcaaedbac7cd24a
59978.372692,10249.316416,failure,6f4dd3cf3e1ccfec8c7875cb06282f016cec475c8440d0232998e798b2984dfe
59998.369674,8220.490987,failure,f0a95be5422ab775969909ac18df572338f4ff360cc3ac24de55de67a63756ad
60018.685443,9832.167220,failure,7b0fa67862165e8a710c927353c9c1eb7772f0fbcc220fedfbd5d4cc67e22fa7
60038.372424,6110.924507,failure,8ae1c4c301f4890bfe0cdc5e0d087cffef39c8f7bafd5859197bc046c4368244
60058.782717,2270.949597,failure,73e3dcf6d2065306d3ce1457419f3198294e13fdb24d0755fbcff646aceff8fe
60079.223786,15177.088949,failure,08bec8d416347933b5c1c6cfe3075ab2e28354990929db5aaca88a00c48b4ecf
60097.340247,11875.940686,failure,6e8e30a285962d7fc8625a752ce2f1d106d56e56b9fd10e35044ed03a0c28a48
60118.345075,14470.809577,failure,6586804722904a9e40db52afe8f714f73f4180ed92fe842d9ded23865f9354f1
60138.750550,16150.602567,failure,f0a101c7fa0d67dd2ae5361d51982728ecc0678ac970c8312d9690c3b7d78868
60158.374137,16132.399546,failure,4f7fbb40820e44c74e96854d16877147f77e4bd22fcbc1d7ddc61e2241ec0ee9
60178.764014,14979.488880,failure,08aaf88e9d8dd9b6073f9097eb3a7a5305bf36852889725d1848cd9f529a4f14
60198.599230,13014.672162,failure,18c651853d326951573eb99f8b2f2cb9017b8a9e6df9a8f341b122ac1b415086
60219.114157,12345.131549,failure,25923d5023aade3e1870eec52c35390b024dffb568eb5071019ba8078f2d3af1
60238.405583,13721.605953,failure,2ed1a538679cec0e782a4b5c6b89b746a61396b33b9a8a7d0cb667ab9e9e6952
60258.711285,10437.588445,failure,663f9f10242927facf7c2d305e3d57a200500ec370ad890c5439a9e6b70c11cc
60278.375076,13662.928494,failure,b2ef8291fe16ce6bf184b6318e425cd86cbf97a5ab6886ec453e99c788eefb5d
60298.352364,11221.729595,failure,add9b9503eb161501cce1d1b87280e72591e8e13f4b6a021b3366f92247b8a05
60318.348376,9079.184899,failure,5f7584cd81fdf7897f842056db440a294b285330a6dd2c9e8b5e1e26648f7f55
60338.719638,14948.592280,failure,3fae64263ad4a11a3cd361df19d911748b4c77affed38e601508a3d027ab9735
60358.717274,14466.738901,failure,3ea872a75818482e9bffe57ac440c4abae070a107f581d6631d6cbbe7a54a139
60379.158405,5792.186887,failure,5091ae614f2f2a26f9afb4e30e79ff6cadf07db3118e8f9a21e5b3bead94c500
60397.747879,9256.553240,failure,7d1cd8a6ef177c5b693ec77f1fc14e677c815e6c0882c0010c72135967a10f7f
60418.782903,12171.527993,failure,cc186ef14e63836b7a49441d9fbf8e8cbc3c6649ad7e0f70f4f4956b5ae37e53
60438.432928,17089.191574,failure,d46bf852bb7b246a88b28c2443d2795c8a63f4e923082fd57d3a23bc7fe547bc
60458.781740,16937.490379,failure,7088ce169657c18b0f15f5c722575126e2c80e8fd69b7a1f87d60a5f8e03bef5
60478.379699,12404.879550,failure,69f2611a065d6e2e38266fa0a13b6d6ce1ba7561bbe2fdeaa076ff549433ad0b
60498.806805,12445.515961,failure,47f72126abdb82d0a5c26ef574db752f909c373ca7aa12d9b75f23de3d33d7d7
60519.197182,11505.106968,failure,41e8c3096463f290b53857353f203943601d035da58ac5bd3fdebd9ae3214aaf
60537.714444,3596.157071,failure,be7bc3b25f2a0d0588b73d1301d9e487ff7c29c8a1982c6bc13dc2023f4b2440
60559.144855,11018.157289,failure,698b57b766778a72283edae28e6f601886e1e805f6dbd0290425c2f8746de2df
60577.437363,9627.856717,failure,2ec82fab724121ce191931ca19b4b5f073db4610699fff0b495590c6e74e5959
60598.396607,14773.883085,failure,2478578767acc68e16ba8cc9a79d5971d0299cfe0fec12e2c362aa65a1568d80
60618.494196,13972.469076,failure,562b7af22da98dc4c1890d1e9dc866fb11dbaa5bab74ee55a2e54c39f3a07e6e
60638.905322,13301.846773,failure,06971b94b3f840ab612df294d7927d1ea961d3b48700a93f28c1797f7a7f07b0
60658.375597,16047.429292,failure,8bcee051aa97d3069fbe5eb79c4e55bbe484aa5a893b4d6436507db8540b79c7
60678.760204,13955.555996,failure,56c75012612780dd90706319d9ace8009b6a93045d2d25a1c721d74c040532f0
60699.271014,12178.009136,failure,48afb090ed8cf3ccb2fc7bc08185fa529c6ab01821903c8b0841c51d7fd5a114
60718.725660,12484.557190,failure,588435431ed7c401b16432b09478b0b063908df7280cf0e6afef698035d0f2bf
60738.370736,16942.944599,failure,1d5bad004a66f538bd6f858d7110a769296ece1a2411b739decb048fd07510bc
60758.753760,12929.543463,failure,8c8da041c0841d98eda144a76030e28d3c13852b45501cde47eeeedd8316c679
60778.390501,13161.900204,failure,cfb8e4f8889c698e6db0df21bd58f096cae4b47eab551df2ed43121432b3f9ba
60798.735315,16727.108117,failure,09be561f6f9f784059c7c22c31e4e50455226877538da3e6c16a325e0487e159
60818.359183,13141.877638,failure,fcd31349986646ca4a5ccce30dd9340f7445f99c64d2a5e04c5b7b84783a6074
60838.825821,16329.456855,failure,fe070d8609bb6bf98f24e478d409025b298ba9c301cf1749a27ad886a67e02bc
60859.254379,13407.300125,failure,baf099512da83b88de08567a3c1a82502999300fb68bb376873befe327e00330
60878.806815,13061.019565,failure,86a7255070d20273f962699deceab28912346781a0f761c07502c7376a678ca5
60899.242426,8904.058751,failure,7387e4cc6171ce8bb98c453d6f9ef15acf8ccc2d4f8296f58131570ff0a997b2
60919.309889,13670.076760,failure,8ab709f796232bd0c5add3af267709b3c8675a45ae0b198c2d564a7965318243
60938.881350,14309.426915,failure,2f1c345ff39e904feecd81a2fec03552aea089b19f3269cdc0487a292c6739ea
60958.333873,14210.925088,failure,1afa7a379ebc8b19a78bfd4b5a14453539b218d7318d68f8a4c4d9e35a960b01
60978.765045,10938.510469,failure,616e515a4e8846079cd61e2f639689fadd9b5346db58c8b84bf16ce7da72dbd9
60999.181722,13592.228433,failure,4d925c31585dfe18e35bce8c46a67f6f7a66ef0090d1884a4d656fd433263c38
61018.361281,12922.625356,failure,25c6b97a65f404f6c41ea60783b7db9a84e4703497997fb6065cc5643ae5dec4
61038.849389,15401.086412,failure,f53325e03e6ae034422c67a283ada6ced75cc28212e0bb03329566cbcefdac7e
61058.572559,11791.225853,failure,5f7f601065eafa79d996c9544596aceecc6370f837f7767d28efa43a8fbc309e
61079.103145,11283.247121,failure,e139be35028b40e5faa7418a432c8e4793423fcd90e8bf232cc452cdc45cf0c1
61098.740237,14001.598572,failure,723d78f947d4ebeda1dbaab1ef7b244d86e30a0c4620ec952054ceeb8da1a215
61118.394020,6058.714644,failure,f67efecf39fdd39e2ba601fa8f92f14e95376000a3f306b63686163ae4388e42
61138.359679,12137.910169,failure,39a6d8fce7361c0d83678da52206f96a72146edc200c249be6c6dc3e3fb37a42
61158.740531,7621.231122,failure,e48f968e866c96a2585b1ace3f0de0d71e920eda91c155aa49958d65f04ad75d
61178.349613,13417.932914,failure,a6fd28fab370a1cf6c3fbbe983648c103d58ba4bfbaf78a1af65ee7629315ab6
61198.440502,11011.847554,failure,901826ed279095a8794e175c4a67fc9f64fbc52b175cb195dc46c9144c2a5376
61218.374512,14235.939371,failure,d33314a02b26fdfdf07fcb89855db938dfa1982506309d84d99111dedf84dcdd
61238.757448,622.528638,failure,003ed63d95bfba9cd014b68f970f2c3cb1a18611ffb8a7ff28d42fa7567317d8
61258.423755,12302.461450,failure,2c661fca10ac1d6cdf49268cb94a79f7b922051ef480b092c1de04b595e22be4
61278.880157,15426.693466,failure,40071e9dfd2123ec881239a8e8156e03151a9b4ace4c32b7fec2914f92643007
61298.695318,660.531376,failure,a2e88742507398636d171dfc83f413370f9c27fed873161819403606258fe4bf
61318.364441,13504.986998,failure,98534041c417f7b648f39e1eae240bd434d6b6baeab8556d508a49235aeca755
61338.351809,11562.782831,failure,93ff2a5f2c4571e2f653767369e326436349c4203169f62a2fb367593451718a
61358.380553,8987.001312,failure,91f683332f0962d6c1a01c91e628326cce6b4d5c72572371c2535e51413fef38
61378.358073,6.144607,failure,96b9e916ddc7ed00d04fbe05d04d633e2a3192503755fde0c13156e135705379
61398.968829,11.331541,failure,d31c8a17df8d6ca5671bbc04a118f4f7d21827698d52146455c6657a6b240eb1
61418.740901,2715.613964,failure,77ad412faea315bc2c3107294574026c8b39e0bd872acc7455ff7139906f67f9
61438.423518,24.881885,failure,979e4d038c87c88196bd25478f48f86074d5cebcdad2cd916d60905e7cf82d41
61458.922698,8822.269196,failure,b7178ccf36a8100fd1e49168c743e715419da8cf75aa0329de8046c2712c3626
61478.750893,2.524235,failure,030e8d4b9d13805295e3041f6a314b56e0346de53541e42772276ab1bc830400
61498.727712,2.487608,failure,9032e10db639102e045e2f166a91a5b4586bfe9c63ce9840fa3233c98c826c3e
61518.658156,2.438928,failure,01f08f1ac60f24dcb24657ededad369abe166d11b2b2c9b5bd63e792a8667d2a
61539.277808,483.018499,failure,468a51c2b9af4783d3163df43aaad68bba3689c81f0abc58494b4b634bea2994
61558.375398,2.540425,failure,3b2712bccb072a9ba0b2b1c27130da560ac77be69d137a1ccfe9232439526252
61579.271629,2.514166,failure,b9a95d8eba0a8f7dc1f86a93dc025dac5b77f230c07ad28b20676d9f103144bd
61599.169563,3.158542,failure,2d34d338ef6126344996a8b6305d745116f0e745595a1a0ae64afa16426ea2c2
61617.722311,2.496394,failure,0aa4429cde2fcb1e01d26ebdf80f20064c0a39f386453afcaedfbcdcf472c697
61638.606079,2.558548,failure,21cd84beae8729271893227dd85119220f6a42a6013fc6fedc2148dc2f3f6800
61658.861520,13497.697855,failure,4773c1ce085b414367dd4aff7a9fe74a5e86064a47559c26c9372f73d2a64f58
61678.723878,10746.636058,failure,a60545f869af4ef509d4bfbc27b9638252f5cf80a6273d1d9ae861c6158b2cfc
61699.184698,1.809550,failure,b1ab64517a4beabbce839bf4ce7eaf92187b71aa5f0ae07ccf5e60cb3039f40d
61717.458754,1.745832,failure,757679a76f2a26d01380322b10e33998f6bbf2ff357450ba34ae4f12910acff7
61738.637253,1.706100,failure,f8dee595f1c39ce2422d1bc247886a1d9a76569ccaab11f559fd1c35e17a91cb
61758.836902,1.714305,failure,136c40f04b59beb731ef3aae6a4e9861ade96074e726c712c4bea2a3b5eb40e4
61779.053933,13955.251658,failure,4b5219b37d06bebc2d3e152c82170bb9b79ca4444929c8ec417a4d779c1a613a
61798.477083,12140.190694,failure,9eb7d5f61e6c53bbe767f5c008ae173f8377c847e469308412f4c7ebd480cb77
61818.742193,11369.542211,failure,d89c821d91719fc35282483dec49fae00895386b6ee79d9471c76f98899ab61f
61838.378915,14525.916381,failure,e8b2dee5d2b333adce99ce5dc5d0606562451e0d273770f2496367dd810a0af9
61858.801935,8337.497366,failure,1849e2e86b7f2a862ba94354948ac7ceb7ce550e4131e08025da90643e8c5286
61878.433399,2473.874701,failure,13f9d27e3952bb1acc5813aa80c343ef8dff9fdd601b1b784dc8c67b87869aa0
61898.521302,10873.800865,failure,281cfba9ee712887261f32944fb5b817fd0fe5ab77c65b017625795ba579e069
61918.712165,1444.505546,failure,1fe811a553d84b1c7b59160186523ed1ee829e11164dedd25d5f333f56e533ed
61939.180668,13516.082744,failure,d64d72f4f21052054473087d2cddaa7a540e3ba1515dbcd7de8b63ac08082d56
61957.560268,14403.754770,failure,2ed14eb9271d98949a13d4bb49bcbe374d4d0f0a46b30e037e9e19e7266831ed
61978.462450,8654.842139,failure,cff5a88bc1420959daae2bcb92a7412f7d9f991df1f09cb552214699f5b24ca7
61998.751353,16734.794085,failure,9223c2830da45a0b0b3312a4f6b8159d58de0015c8f844b836714580a85d81dd
62018.414264,1845.000184,failure,d91f3ea6f70e258a265b0a91ad77deb1038cde4ca874d11e43447fb4be316e4c
62038.421088,13067.338622,failure,13da92ee8989d05e0070bb06384e65dc80225d2b609007f8d4c8932c51ae247f
62058.466553,13070.819881,failure,6a1abf1224c2a2fb8719dffe6f3de2bc17fe104827be8bcb051f7ab2dac974b9
62078.459501,16426.264500,failure,74a3114ca3fe082ee9218ab48c3a837ee9fb89e7aebc67df6e85ca973e6b58d3
62098.373855,2.917739,failure,a45c2cac0b77c2f37d617f645707669615964c3eceedc755e33d0b565ce63e67
62118.686353,5.605725,failure,8a8ba5057746b840feb0399c9cddd1d9f63f3f11b8d024f6fd3c88e70713f322
62139.629482,3.669993,failure,468ae66fec3020f03a0e5de20c861915983539db5cb703338a629fd4f32de240
62158.709322,12204.582048,failure,2a208d049b59ed6bb372479cf9942abf1df2098c6a0e13ee8387423e2be8bab9
62178.707152,4783.589368,failure,ef0f7894379698254d484dfb288f06674e2a163a363b8569ab402c609d60349a
62198.763589,13855.535352,failure,198ff4842e17a835f4bff11185117ec5aa9ad88510ebbf3ccdcf63a2dfcd94fb
62218.694876,12371.389648,failure,ac9df195bf3a5755618dda85e9cbfb82be682ccbcb955dc6f51516a9cbb843bb
62238.752044,13734.539236,failure,b09ca9e25c82f9680648f79937ee8db8142f8874cf3f6f70426a5b4691859ba7
62259.249273,12717.043063,failure,f9f6ce786854d34ccdb4e24aa51bc62fc22f9075005814c0655d7e0142ec7c8f
62278.368375,11.943078,failure,a546c19e264b1021b3233407cdcd8055df87517285b5ad71c539659c5a87f10b
62298.761803,3.527040,failure,5a0a1e0b96fc4d41dafe1c30a39560ae46b7fd5aa2a6fd0a81dcd79bed0e67d7
62318.738884,3.544803,failure,56f821a7ef479a36b99545b5312ac86184a3c45398dc236b86b6a646ad7cce84
62339.145746,15186.929683,failure,6f68066dcbdd736a4a2475f0f0499b1d74e085bde365f4bb0accb401a210fdbd
62357.381653,4.916698,failure,e479b2c848d515710c3ec762b645cf5f53be898a2b33fa643377a0cdc2056b55
62378.718607,11560.436898,failure,0a53b9eba38213d7cab7721daefd2727d74e91a37bf0a4d8ebb08b5976e7389d
62398.386770,5.912310,failure,bb6582901993f32c3d184d2204257197824e0ab080ea188b09a9b2ae80b7b531
62418.735956,4.548209,failure,4d9bfd5fc3974133a4ae39ec937dbd8b9227dcc3e28dddff90035586cff9f223
62438.758661,13949.083618,failure,3281d98cc6f6d6b80600ac7d8bf7a1ca1c537790458ff9341ec9101972905520
62458.751682,12883.905081,failure,d9613560fff8a3ce6bbde32086295a17e9f56044ef83458481256a15cacfa68d
62478.626395,11480.242638,failure,7f8c1f89a61409aae4de0440f597419b3a00b839b33655d1dbec636e95da7bfd
62499.166272,11766.460583,failure,dc68c73cf02b0d49ec3960d6da513e2c45a1caa4fa4c4b53a40c2582cfc70a51
62518.729682,15984.614197,failure,64033e4520a120287e8422cbef3f0d82bf38abee4efc171a962c21acc4a5308e
62539.177279,15195.387712,failure,325f9967cfd1dac31cff885846204979180865691ffffaadde05f8328e5f476a
62558.271786,25.329230,failure,8fb59596ee5c74ac9729f025122fd45126e6b99dd44e52a3e627a0821aa7bc24
62578.801133,4.520509,failure,0e9a9db5cf3dca94a3eb9913eba4726bc9579618bac00060fe7ff4426a6b8bc9
62598.369483,1.744019,failure,4aa05886671ff9f015db3ffd2b406487e2b49346adf2f098a352579872630aab
62618.672854,13409.703582,failure,5e1bc26d2c322435d1962068da9b7e6a6beadbcd4a76ea9dc05137b6c41f7390
62639.056854,10657.226724,failure,904f7c4a8506b9bbf9cf09e4bf2c18fed8a5cba71ede3f64019217c4c0421a60
62658.457545,54.853640,failure,3fabaf71d7be4f543c9cec7b3902b55fc6b78d48d870e0846684599af6b8056e
62678.917896,34.649180,failure,f83b492c52d0ef7ff94fc160fe754aeacaf454575ee7d17511d547b041bdce80
62698.311904,17617.002392,failure,a3981bfd6062374adf56d63bf04fb875dcc5b9294be6f779b2c850e5622a7f47
62719.076294,11869.584889,failure,ce5e8654a655df2bb69180e5e434889237f1e4b3fc1dfb28eb23aca151039ff9
62739.347396,13635.937207,failure,244d2002d2873c1d281092376f8eec6707bce03cab1dabd957c1483056024f77
62759.028593,12738.548206,failure,91bc29e192a26e5c94b634ae5b8aa552399fa3458c25aed258dfcf8acecdb88c
62778.750244,16020.008540,failure,527b307d30e92767d3add412bb45147ce60a7e0e2de74ab11e2e73f36d9a9413
62798.771727,17127.519847,failure,f3c34ef0ec9bea60f9df903d96f5fafadf5540347f8d5621c378799b83c4ee86
62818.823766,13595.502133,failure,ce9649addb125f67603fa9269d6896002940cf886b256fb3b6f3f4e54532eaa3
62838.414647,9020.360835,failure,8f7025196229580dd18bff272b74742a4612635242f749896b444c00c6355461
62858.782858,765.815624,failure,1bac81afabea9bc49d47986b8f90db94f732dd8d74dccddf92ddf79fe43386a6
62878.775047,13055.534580,failure,dc2b52972b07746a3d0a2941b0b2994685506d1719b3996cd9202efb96effe41
62898.380384,5739.156590,failure,ab7fba88f41eb3bd949d084e8d8e67cdc12b65a0d7c0180ad98e765cccb37c07
62918.733798,11348.459652,failure,4607b57ceffbde5cfe22148a2bba776f4d7f823f9c6c23114a0e079b1fd734a9
62938.699138,15693.811642,failure,36464b1fb8942acaf83ea18dd77bb4f601e4a5a7da2957ca1dd39cc576beb050
62958.686779,13332.373141,failure,b4a2fb5fe3c20b12d6c321c869ad09f92e808a97aac7015ef29ebb2f05578169
62979.163028,9555.100156,failure,87a34de4d18caae48fa3cf4d428d642dcba736a7af979cf31175cdc8eafad30a
62997.523745,10942.991263,failure,1acce8728d5585b3ab85ccae218743820b43e966a66c45555a34dc4fa25b4153
63018.903427,15554.691576,failure,1a6b4afa5605a15427aa5a0e592c8db7f2f5c6d56301bc8b5788eb5a328f04d7
63038.690429,14958.612760,failure,c40c4d5e6efc97dfe319651e15f8f1c52b1448fd8eaf884b3990ef0288cfda74
63058.515661,10395.812867,failure,3f2b69d1d133b1c42adc60377b5c1b3ff4dd26f3ef6792d2a91879c0c10a117e
63079.235609,6693.071903,failure,d84fbbe3d550d54282b62ed11512fe40faff64ce98cdbeb09930b819a12148df
63098.463642,14101.465455,failure,4d1e25a2b31d0e58e598809f68e9e65941264e4b65147337662c9d25a163b89f
63118.476861,11752.828779,failure,e42ade100a79dfd232848d3a5ab0ce8f21601c8a638990f3b2a6c9844db0b205
63139.126181,9379.734835,failure,b68b2e84f1ba89774074534d8b312ac8c83fee0033f6a50dd2747405f155d5bd
63157.360417,13478.298976,failure,cafe133b64621c2df51370f8d716983a3d3948b10d05614fc2a93051b1b71a51
63178.388585,13733.901294,failure,0422303eb3fb347f9e47592b9bdef58d528caf587e355847b17c3a02c539b417
63198.753732,13222.518299,failure,d8a1c3d3caa14f1bbeebc430212d4b0797135c06541ac61be959d85d336ec866
63218.697494,14571.615775,failure,0be1ab6933e14df30c635c67ebd58d71c7d2bbb7eb6f9d884b87aa2a557b66b8
63239.151144,10742.133541,failure,1f17537029539064d7b7d2219080cc13cf48aba240556f407908bbad4d983ce4
63257.505752,504.766557,failure,36e390cd05ac853356cac6fe5d76be588322028ab6992e5a590e6b88ffd0b1f2
63278.292766,4.114702,failure,58a9fc3495c296f56b5f02b2301ab636f5e830e0337b43d52fcd3c20706571df
63298.857510,8211.483175,failure,e330539c300c3e2cbd011e4d11d6d44fd20cff34d1e16841a7bc3d7c499143cb
63318.889455,45.420025,failure,a992d2f56dabe16e477575221d21474dc5a167f03ba123b692b5308ea4fb184b
63338.312328,26.262310,failure,f20cb0ea19dc175e6320ca00e394cf943405707d2380b64d2a7b46ba5d4a2275
63358.724211,12406.567079,failure,205adabd154eebce58b925b8e8117ada223aeb92cea1bea7845297f9df461ee2
63379.053603,13.261064,failure,4e82be9a9df113aaf0de57dfdd341510f7f5b62be250f802ed761faef7f79313
63397.815740,2.797048,failure,a7d372e976f45ab94e6427252833bd4572ea99a9130ddfd8e60bf3596dfb301f
63419.061138,12870.578006,failure,b15ee12ab48f5548a227ea3011dd99ec4a4d0e484e86c64ee571720265439b84
63438.634117,401.317313,failure,d42a9d044fde03f65cf804b559e4a94acaabc306a6057686b489ab6036997a06
63459.141927,11719.543953,failure,6e04329475abc10ebc16a596a2412e73cca03bf7eb5ad4a939006db2588e980f
63478.231718,10514.994114,failure,4afef9f1de87c9fb08dd2cb43b0cceae91035862e64dca2f947f259114f71131
63497.646306,18.925718,failure,45a948c599104c5197d649bded186d660e511fd3f20e784ce9906a2cc626d7a3
63519.107390,14006.500889,failure,2c133777ca017f0cc1f7627ad980a918453877cf95ce1eb6723ee65e69cfb88c
63537.514684,109.409744,failure,8b3731efcb897063d148c9f4ca05b5331c55e20738ebd983114b90d1b2c803e5
63558.714408,88.597423,failure,a897c40fa601414d121c84119064f4d7602f4c39f06e98ca51fe9f59a727dbd5
63579.171494,14316.136226,failure,57a70fbf671e9bf0e5bf158433948e1d3ad3a1c9bbee49ad8a0f49f56e6cb5ba
63597.518788,48.862470,failure,12c8282e1fc917c4e5de7ae38413b28b0691e73c63374fdcf2b05e444c4cc180
63618.917007,27.757391,failure,651a1c05770df10aed1fa361c73edd1684d48e638fbabe9d6ed02ca63362c026
63638.707036,12270.612033,failure,630c128cfd3a0d80086090041792127e7b6f2156673529cc75a88b02437985bc
63658.826331,9191.662653,failure,b65c900e3059d525ff70d7d820a9ba63b1acaa36fe544d6e4b6e4cee9b6092dd
63678.683313,10283.470227,failure,9b396e69abb2f13b736c94e05af5764fb7991213ec1b7f696a587286703e317a
63698.688899,8745.600169,failure,1ac1d854dc19712bbd68ecf8402cd24c0ae569c2af7866333f64957a0b845eb7
63719.218178,12122.270174,failure,aa54ae24f20507801c329f9a79dbd3462b3619fe999c2b32c9c88945ab6e8120
63738.703817,13882.592545,failure,902000cd34f09fbb5d0992c6ff1cee6ed10683cee6908b51919ec4f9f6a261a1
63758.922625,15978.214680,failure,d8357c7b4a30e7cb15aa0923a18f4fc2b47ed2b2b8c8ae59b8b7d675d5eb9cd8
63778.375504,11046.211550,failure,195a1dc5434355c1253c607ab4723c2c7ecbadfd5513552d0c27464c968ce65c
63798.747013,14102.176880,failure,cfcd89a6ec591d12b45b79aaff49ecc81cc4cf51bfd6e783586d3a9ec50f2060
63818.335962,10543.971576,failure,ee0b557cea566cc559b65d9bb38b0d4fa6ff372641c7488544c709b756f56e87
63838.904223,9497.831287,failure,a0edae3dffe82ad6b9dff10caea5bd6c8838d66cc89c89bb15e008d5b42e8017
63858.392206,14645.689923,failure,ee6e23d4cd7307ca6b293a099af49be1a0d78e3802acd346496c775f798d3e5e
63878.802166,14038.498017,failure,23bdab5dc6d1a2f1fa19a571d1b038b856d3d258a3334c1604eebe242c0e8ca6
63898.668105,10691.644750,failure,6944b7125d12d4d374dc79961c61fd343804a7788b63a1638bd9abf4b0597bd1
63918.589485,9133.693642,failure,e95a98917f84b7fcf1903e961ff9cb5259043f0463ec15a4dd151fcdc3900baf
63939.171772,2.407811,failure,dbcf1a09a86095e2b5dc5aafb3d08611fa4d2c4e823cef70f575cde809630e2a
63957.998489,3.203585,failure,bc47f24ed41d7f673c80f00549a742267b9a1a64ab0f1b6b80475120f6f2048f
63978.642349,10845.229859,failure,42f2be746d83d961fa78a0d3c32776d98f68ee9901c19e1da94d6e80178f85a5
63999.163604,13527.575468,failure,8c166211f298d4ea49e57621f7b0814448832b5b969801fbffd9d25ddefca1c0
64017.748545,19.850500,failure,bd9cc64698a20777d68bbcacc68cf3338c57efecea4d604d5e5a19c2064bdf0c
64038.403816,10785.703625,failure,793bbb07c8bc64533baf1034152322facb72fa55870eca8b5d04d1c1a3c73b32
64058.462780,11283.879674,failure,9ec2b225dc2bf78f0ef0803122d8f469691c20db2d6c6ab72cc5de11e4d80cde
64078.991579,56.043838,failure,3176cdf6ef029911b9609a0fa6a8635fcdcb54e48f8ec63794bb84452e424185
64098.379308,36.433259,failure,674a3b6363e941456ecf0500c54bd08b75bd77ccc9799df9b625d9c62b659e71
64118.359968,17.402638,failure,a1f56565c6678b3034a85bcee12a8d4b957916f7149aa861746798f5de7f1047
64139.157744,15131.219350,failure,dbbaee141da3ede374f53eb885acc06a8a85b5f46dd6159509012fa5fe0d356e
64157.355996,7187.966080,failure,6394b77e6709abc22d43401593ea83cc156e2aa099380a660e34d3d3ef14a146
64178.814166,10409.555521,failure,0703993d8c74454065a68078a3accd41efd4355611f742c7d70582622bbb39bb
64198.947118,11181.139329,failure,39e427f816cef9cb2b20b1610cb4862bcd7d4aaebac9a9acc4a0281e15917f0b
64218.328327,12578.941548,failure,5d3e23b8a6c220186b02e641bc07fa94c1e7380bc591d5d666de95294db83c4f
64238.667308,16316.463281,failure,60d796eca784a1a1fa19af5bce520f4497e77af8cf206e8e54da8d531f7e4c2f
64258.364959,9700.193021,failure,4873027e407c3b50e039dd4e350e100d49e65dffb032032c06393c1c7df92769
64278.345992,9661.706715,failure,9bc4ca24a992def74594a4ecd2cb0bec5427522e9651cc2fab2edcb8de19252c
64299.094787,13281.149512,failure,bfc0d90999415cad552e6d58507eb667135d105d41d6d71ff0db8de8d65cf5dc
64318.329556,12073.964791,failure,aeb7330a1366c8df4f9ec24f69aa62f1c0f05931abb6479c4c2bf0419b748e55
64338.380548,8363.965552,failure,50c627af46c2d4a7c5a5c49f83f23919c275c62069ec83d38a9e072bb862d083
64358.741640,13807.567973,failure,98013f5d673835ffcc042b63bbf12024c8c18f786e38ea03f71948935f0766db
64378.690753,6481.286180,failure,a431cc33b912849e852406bbae5c57bec601640f4e3a2ef57074bb64150cf1c6
64398.422176,12972.856094,failure,7b67d68a89da28138877a59ac266dd9a059bddb10412df9c4dfd727590430829
64418.888442,10477.411040,failure,705dc6dd1b58fa036ba7e48e7e87a74204e45dc483afc0ee96e6c72167379b89
64438.291050,8241.673953,failure,5632971453d7d7bd4e3ed30b3ae36ef6967770cb7d5f439d765dec0c064864a5
64458.328226,9808.005541,failure,52635cb62d45c7e8924561799013461929471d3b2e154da2668d7be36eb52e36
64478.692634,11899.587125,failure,1a055555912ad8735e5718c8019d567c0688b6071ada351805d508bf4c9ddff0
64498.673907,16427.887659,failure,637f2f9152a9453e74cee164b25986abe8e387b2bc46af3ac5de5f8f03863fb6
64518.702116,11623.863506,failure,00dceeb9a3dd0aea9d267f30e30b7ad7ffccffd9bbcd02b333d561704ca6a313
64538.844205,15776.743114,failure,a0f9170b5a4325ecc4fe98e0b67a9ee5ad7aa5b8d1147b247793eb537d65b4fd
64559.184108,14073.087732,failure,7c2c3f2abadfd7a191f191450e5187324f68b30fb892d30b105e63ed9015771c
64577.297623,9689.464854,failure,5bb772d999f76f4ebcf5a75922871466e48e088426de86ae32d25066d8683a7c
64598.660760,14590.619597,failure,150e19414a2a00d95a3dea2659344edd80269f49d24397c541c9678c4637fc10
64618.341259,13886.825076,failure,db4cf6549d76bab86247590d5d8cbb6c389fc383bfaaadc6141e6dd78738e9a6
64638.722147,10186.293366,failure,66294fc58bfaaa868828089a6c4fd70a1bd1890c356e8c2718dce6a6095cf157
64658.326917,13183.981879,failure,a5cceac0cae0aa9ceef4cdedfc9380ee5e2d997401fe1df351daeb080ced5d3e
64679.260964,13408.029068,failure,3b170d23db7b554a71081e55bb9ccfd4b1f8f2254148cd9b36009905b9b1c4fe
64698.343162,10126.897015,failure,854bdce4baca1d444da4e63507d236854ec6be2b13e554e3b6ad7219fbc65792
64718.378304,508.943426,failure,6eb64e73fe6fe94990561e8257013222f9c82c1c59ca400b5b17405c0a50fd1f
64738.353957,439.936112,failure,e193706f1253ff8edbcbba10eadcc07cec4bf78e84709cfb3da4194738cbfbf1
64759.277724,524.388056,failure,02d2e2f4fe4eb0cfa431066371fc03b29edd098e140a93a5de429bfdcdfc74eb
64778.343713,314.975010,failure,f1a94952340cd362b291c965e6414405b4bd8e4ff3d0231867c30dde00a14055
64798.800090,979.506801,failure,a7b9a5b23130a2f26c8d4858f37d6ea9a313a3a054dc4c204aeaf4af7f2240e7
64818.774220,13347.796223,failure,d54c01e6c2793cfde180a023ac7470c737fa554f8a4f4e800d3503e2b0e51691
64838.754300,13277.596071,failure,fa051e54ee18e98bad476c972a047f75fc0e20b6955ef08218b94f5eb7800b7b
64859.257293,2445.270466,failure,754861f042e7261a51b98eaf5b23a7454bf593ff327a992ee1c1f984982ddd65
64878.316590,812.984289,failure,4741d5667c902a839b7951d3ac09375adba45d8a17eb1c1f555c292720ea13bb
64898.340591,4330.336985,failure,cb11e7534357746262d29637403a8797f4b53e446fb2e9bdadb5367f85e9404d
64918.336992,2.399175,failure,b198ea33dbf96f6d85a42a2842be71fb3642393f3602e53d56982b745d46f281
64939.352969,4.995013,failure,ac7e7a6e6c135ad6b074b4a920a1ae65481d6d89441f6efd0977967b94301d48
64958.784781,2.482609,failure,a51c86a08f6cf23362943af153fc3a5eff1341f8e7be075fd8b740d2556cc7b0
64978.702868,2.479242,failure,d5c5e42b947d0c2c65028ded05fcd65a8e7cb0153cfcde88be9d3ec81e2ce306
64998.611126,2.666117,failure,e97e7640681f9b5180f9a937053166cfe20f415e1a569ff7053df6a301d8c05f
65018.851947,2.049061,failure,3634d91c4296066329d9407a795e8c7d611e6ea67dc9dd706bafb0c44ddc1ff6
65039.305799,54.333224,failure,1f5827e155e63bdb06c4c04bafc68712d3eb3cedf63e0f8bf26069221a06063f
65058.606239,37.649539,failure,9aeef67a5bad5cbbb38eb2fe9a1921b887e5c6a8d2dcc7ee4817abcf529b266a
65079.093233,539.196501,failure,f0edccae0b48017a15579a0e31a0fa50fe5829ead72f720436a6c7b5f1f98db4
65098.696661,584.620214,failure,a5713660f35cc1fc574d296b9018cc4562b1557f4e86da8a311661de7ef8a8a1
65118.734699,10497.608241,failure,93059c32ff4c2436a27e705ffd0bbb9215993d051461c3a53f218081a8003add
65139.189886,13366.193569,failure,4e9f4b18fcf9fab5bd3ca652e47683edb0c431da71362c344cc71242c246255b
65157.852755,3.429822,failure,b7cbbf6b64d232da80a36a97a4ec3b578104dedddef1a7e2d2740ff9bb81079b
65178.673044,832.000420,failure,9f22d79e9d868039dc1db18c5be5bf959300837d322749c7c3f96f8ff03168f4
65198.457507,10757.824762,failure,737f6ffcccff2786cd134b11e3c533e0f7d02b20f18d62ec63d586e1455493ab
65218.452086,12338.823583,failure,45ecd12d98ae4712729444cfcbd68e82cac5a74d213ecc1eff395a99195fa25a
65238.797251,23.370793,failure,2a07050a25806a9482cf918f0d4426e0e49824d4c89bae8dd3117d33bec533d0
65259.280259,2.589796,failure,a939c26b8d0b3a8e890d93dc7802e167078aba9707a5bfa5c90b5aca39eb2b4e
65278.550435,4.762856,failure,947fc8826d9dfcd3aea09df0f13d47cdf4490e7b2a3da5cdb2bedca0284f1d93
65298.968464,329.972744,failure,d2b07bb500e0f1302ccc6282772ba2d4284086cc92a1744c0ac21e375cf47095
65319.043732,3456.256802,failure,60145145923cd57f5d9a92b651fdd689ec3d65205172ab589087fd8f5c0c46c2
65338.475676,3889.639434,failure,03cf5b0b4ce27c366b2fbf5be21bcd90146f8f069f5e34ff216c64d17548b7be
65358.370982,15971.569428,failure,c76eb8f147b254de1d2339079a51aadcce21a2531719c02a084f8275fad49d03
65378.910314,13364.362019,failure,8378bc736bb9ec419e08ce956fb2c3efef7a7fa9048f3d9cc620956648f68d79
65398.311582,3985.968827,failure,bb98e48a02e1d57f71061dc20dcc6b4891e0636e22e8a1cd4742b57fbfb64e66
65418.779733,11681.571859,failure,57809ffdf579d73b5b676f081b3111a8ca574c8de767f361dc1dee3a3f42a978
65438.666834,11336.618165,failure,45ebda872666d42252b51a870dd7d0caa6318020975a04946c6427a3373a3cc0
65458.757671,16119.502458,failure,3d83e6908b67ba9430aa404e32fc2cd2fbffb267a7b5ebc3c4a06ef34b59dbf1
65478.367993,10663.931329,failure,c90f98112c09e36a533849ec66f5e299dc033f102cff545695a52a2a8c642f5d
65498.380205,14240.362306,failure,178416080f8940cd5a5b1b34258594f6820a23a7444887fe24421543b64160ec
65518.805507,9978.507015,failure,7c5fcfc94df53d7b1f3cf51c2f0ed6dc651e8d4df7290b467e0f3314c7fbc5b1
65538.379132,14847.177826,failure,f40a9d6446aabac789b7f4a09cec820c36a8d085f6a86c204958975bfefe43ef
65558.401061,13823.861797,failure,0c7b1ac990ced108b71ab7f369b98dae0c6086abd4f181284488b80ab8820e8d
65578.363562,16351.698913,failure,fc54b3afc11e199ab8d876eb63fa0958ba16efff2d0ec1ec800aa74719be844e
65598.367548,16.966006,failure,0882d2274e72c00a567d3595ce92cd962cf77c7ca3ac0e2ebd0db838de2f8c75
65618.597661,14890.690280,failure,92fc1bb47fd9ee7d7f84c3284f68b5a9fd15438800f56497b468b1adc0577712
65638.394647,5666.203004,failure,7c67a6672c3c1f636fba661be9c83cb085ea9b78d32c171d876fa82828be3a0f
65658.723712,11217.548589,failure,491328b0ed09b42c0e3196a757f29bfca78566835bae66e96503cb82eec7f667
65679.219293,12375.073159,failure,5bd35a86c7f3de3d0ff65228b8a70b46c8d89ee0d9b0cfa8eb4a5fdea0bb56de
65697.738107,11152.543862,failure,d4aabac4e9e21c7e9460dcb9b0ee68dc3db83fa06560f005ddf110c8e7a59a6e
65718.396708,14020.124506,failure,7810718823d56218da523e3da715c7dda62d401c971ccbe6f9a64fc272db94c6
65738.373405,4.931416,failure,a4d74f996823cc428991620a37e4953c83942712c315522ee8aa787f71c456fa
65758.772108,12248.526769,failure,9b931845d770f538b765e3f8cacfd400bce071927f5a690abb930a88ecdbe220
65778.636027,9045.695026,failure,2b844d13fe2098d8eb9146e04dcb129cff0e21465d9a2004ab68e00baa8d1e53
65798.408147,15441.457915,failure,f1068984abeb027f0c34ccc6946cc3bdab3d64a668ada171ec3dbeef61b38a5a
65819.635415,5888.852630,failure,95e8e461f9d134e44daf5e4b72a41f02ad74441d76fdf92b14fc084ab54328e0
65838.406653,11330.133457,failure,f823b4857375589c2ecc69f1e3c5e24d52b7cd83c347c34db780c185da7e06fb
65858.730498,10081.317186,failure,9b3b4949ce4533b04b0f9692a0f743df35df7b633e76e13010003cb083181abb
65879.148166,16312.130803,failure,f4f53a2f5d94eadb9a03a7276ed1a006df6d832db525590b10d66583da4edc0a
65898.765601,7808.500528,failure,be00abb616d04dce23c1085c8e53cec71e1d1befa925df074ea2a886f681b251
65918.730015,11139.593340,failure,ff0204233a9a2824ffee28d85f4324bd7d055003402bd06e06907b92cbd0429b
65938.792169,15991.492095,failure,cc11e64b12431a8546ea08381947bef83cebbde1eb21e5ec5b9467b27b31bcba
65958.890730,1616.275394,failure,075279314bab330a0220fc5431640316acc53b2f2e59d2f23305d50b02a94b1d
65979.015268,14924.625991,failure,0a4eede9ad75b479a92ee39d527bd979d8145650e5f7fa1ce47586515d7197eb
65998.556513,9395.773373,failure,0633d17618ae43653965fb59a9900c6898b9eb3bb088e3325cae5cf2003efb29
66018.399534,339.674805,failure,9023381562c12f1f0eeecfabfa0cea8cc3e6e25c7458eed2037cda7d24fa311c
66038.985802,11246.337991,failure,82b04803ffaf99cf365da3e1c2f7a7838750ae86a7669d879d3710a0020f627a
66058.807343,16899.470324,failure,c99abc024061e3a5ee3abcab3f07a5e0e4869ec02f7a05ec409e38437ed5ef00
66078.334092,14055.975828,failure,b8a6ae3e19b15b43a3b0fc943dc87b88a1e797644ac596e27fa87808920a847d
66098.745318,11074.503574,failure,092be98662eb7fc87cd19dba6455c18d4f58c080653c4df782d3bf7bb3ce2431
66118.993165,14920.480677,failure,540e39483a731aa14c47ec5fb23d33350696480b0e975a028609ed48f1d6a7c3
66138.731825,8686.073371,failure,7dff31cf7b11b6bbe9c554a646ce211f95a00b8a2eda11d8c42c84131a5315cb
66158.774034,10611.544319,failure,48085926a32976a5ea7ce3061a49df7cba6df8309d3eb7ac227acf4bae1f6010
66178.808278,12939.500131,failure,b8cfb73cbe13ecdf214438ab0c2a72d74797467272013daf69655156ea14b75c
66198.796648,11165.463487,failure,6c153b2b8f8cd5a5ecf0cdb7abefb7eede7093c1633bd38e8ac7a93ccf6b1342
66218.788534,11307.517340,failure,70a575878ebbd0be377a800ec8bacccdb26e8f11bfc1be4b7624a6502e4c747a
66238.693771,13292.629751,failure,49ca4dcace27d4f76f9e3194b330a84942545213b0838c8d144d49d1608a94db
66258.374876,11475.925037,failure,feeab66090b5ff65c4eb87397bc2fec2eba8fd2aead3c2147bdaad8b2f0dd4d8
66278.704073,12888.654408,failure,6a2270ce604167f2e9ab413dcbfdfbec771066893a33c1ce3c07de827f06b926
66298.373406,4602.934466,failure,593bd8801ade96d1f93647ba6f14d6aa9cd4532921879fca29881705d8cad54a
66318.829477,12661.300093,failure,2fbd06f4094d28a60858a93f69f582274d17b3f78c802e1587c51a0e112bd04a
66338.789865,13397.567694,failure,c070a42031b6f4dcc33570dd4731786eb45ed06129134ff8a42e2e0b93c51e3d
66358.363792,10486.923359,failure,1ad9f4b7958b6f2383d569314b38a8936fb2cab0990b09ee8ab03126f5ba3761
66378.888730,14114.406183,failure,f370bf3bf9e595075735fd9f73bf55b0be6dd13211301a34d21ea80202b3b465
66398.715342,5779.535359,failure,4cf7eafccb830c59f5f4a73c6d8f88ddd4c4ade867382c9283a707f8428542e4
66418.352385,14794.959193,failure,cb07c5eaf2fc305c35c9ae2a70eacad554b900b4c5a5ef9842917f90f3f6881d
66438.516108,14978.799288,failure,15bbab092d29cf878083756e54bcc8150d099b632d8d0bed9c99c23cadfa4697
66458.363218,15624.940511,failure,bf5f4e5f241b5b93ee51e27d826dbb662057cefca6b62c0bd0d3af461cfa46c9
66478.722230,15092.528618,failure,4a2d32a3308982f6641650bd6d3c49143e3fabf0adb2cb2a00b895f57e44f524
66498.362098,2.440382,failure,ec7522f812853d0a72e7d74fadaece82ea7efca176f429bc9eb2399b1ad03f24
66519.202116,3.077494,failure,efb75bcf3dfdb80358cce1bc23e4d1215ad382103db0dffb40838d833e90ae7e
66537.696546,6.578598,failure,f218d05bff72bb0fa5865a5452f1305b90dda9aa1e5eef345e9cd65c157f6bca
66558.687030,6.622500,failure,134d53c4fdcf437189ad9f1871d01b957548f1cfa32fda4e878d0dfea2868ee4
66578.678977,2.390870,failure,11b5a38d9c685a8821c0c1cf295d69d779c4969f8c3c838b63c529333b37e2c7
66598.488417,2.379360,failure,f9ed7538783e9c5df1abd55716f371239bc12c16ff218f2685824269abc93398
66619.173870,9112.154800,failure,fcdc61f6d9c2f6ff882a157f9a8972aa4a54beec1838eb532cff0c7804894013
66638.187376,25.106741,failure,222af589fdfa91678b01266d0094c5dbadd765fb4692584d5ef9b11ade1015e2
66657.737469,11441.973107,failure,3f3f1c8b2c98ed723bb2cd1c91fffdc77de54b5c5a081327c39636339dad2883
66678.742410,9404.735202,failure,7300ab4818f1c3b0f6b80f2e804e4bdfad94c7fa93afd409afe2da0ad8d1a91e
66698.718758,16159.584395,failure,dd0c940698dd9cb6d90a0e91816725823e901c546ba84f2d2eb15fee9d66e67a
66719.262109,9867.071740,failure,d65d530925dd2a9154862828fe636d75121d3765f5a47b70e563bf8ebd0b18f2
66738.636499,11508.682040,failure,269460d72d0ba833af0214b0c5e859afaaf826397b747bc26be86dc449b0e4bc
66758.582161,14709.737767,failure,25876c81e3e5677c6d028b048136008dab5a130dffa030c77c179e80873f5cef
66778.470747,10222.292249,failure,d5f975aa123cc62b1ba8197dfc8f291a023d697daf688bf3cb478436c06ae278
66798.690072,17170.592672,failure,71368b4a1b3c2bb8d8070dc6e3117109c87671535eab87d9687836bb56195aef
66818.678863,18267.645657,failure,8f62f705a23c1baafb2521ed7c5b086a5f254a664893a816ea0979bc929e8a92
66839.197699,14203.103200,failure,7c6677a0ad004cb6546a9192de42e5005f5f1373452502d903b471f23c1540af
66858.661002,9613.639460,failure,b0b16243d6d84bd98fb45dabca1663884f526bb6385ff455570a13b74ad2b759
66879.136068,13190.123058,failure,a2d4a046d61229df603189927b5ef000feb69ce6d93e25144add0389dcaef0b8
66897.770706,15261.187104,failure,ebb05b06720d0eba28734fde2e3a0872fa6e28c245876f8209f8a95f0ebe188a
66918.401940,3.890811,failure,0e32fe4d2abbd046348f59cb9dac0d643051d1ce5ba5ec88dad428d07bfb684b
66938.755912,8.852143,failure,32ee605222213e048ec2a598ee9f6fd5fe1bc7abb2dac673891c420073251909
66959.058571,15515.224113,failure,66e30cf836ca21bfd6001ed23dd50c2cc2cbc2076e2decc657567506a531dad7
66978.814743,2.467762,failure,76629259c92efd8766d0f48c91064eabcb7c7a6ece8ce23055fe5108b39bd651
66998.684535,13996.590927,failure,dac2afa8903121024b8c49e4bdf65a0bbd1a8b7d75e74051c274dac30142dba2
67018.384324,157.954392,failure,9f939419e69d8c2910b876cb0a0a180699c8ecdbeaa1b456642cbcb028f73209
67038.845764,473.433636,failure,7036d1527356e0c46488157787781b751c564610923f6266b3351ec0e73c9c37
67059.249118,9576.148053,failure,c51b493cfdb10fe4e8f4dc18113cb4ece3f2afb898291ae666f40506a0f8a518
67078.670885,15380.833455,failure,23661af30ceaf2108ad5dcc1c4e8c26cedd69bb678b53bb131c177ec9008fc1e
67099.091441,13455.210843,failure,ea6f0144d08abdf62ba4efcbae113815769437fb0db8773d26f897ceb4a30ede
67118.457206,14222.475682,failure,f87292133f52f204f0bc94936047323bb0f93353d230caef7c6f3c3ebcab18ed
67138.851184,143.734978,failure,ed572b7382826c1346e78b71516deacba879e17db07c2d6cfaa4a8f6d26eebde
67159.232219,138.042680,failure,972f2fa8dc761cb241d45e0bd79fa23bd1bc97634e2c1d779f38ab9713c14899
67177.888188,119.625922,failure,4889d9502d098f0a7f1dc92fa7fb0fd411877666f814cd71a8de1c9a980c80a6
67198.595604,99.135174,failure,11e4138e8c895114772d6ff745e2b50ac45155923783172160bf335091288f56
67219.105065,78.837323,failure,dc589703f04ad556fd1eddd2d5929b09fc7b8b992622de724b6d7f6f43c9c785
67237.488543,9052.623582,failure,f9470d00e7e3f1ca20a7a6c9a53908ce368a6ad0200ec91604fcca4fcebf61c3
67258.373104,13739.872769,failure,3b82a64db32c2c43ef8787fbb2344da1affeda5213caf6b745895106edb5e553
67278.728772,12783.551369,failure,8329705eacea20ad24bd2fa40207e6e6c18d9b48109c4e3916fc56426e9e3b2f
67299.267126,13694.045901,failure,675f37bc626b22c8e0a1ba2577d64615a2841b9ab9215735a461898f77ff8dd6
67318.889895,15140.391915,failure,72a60ecfcad2554ae0d63ef01a1cf16176666606f702a560dc2b5d742814a0af
67338.750893,12953.547650,failure,0e6f58091d88b8dc0e6cd75941c19b0214a58b1c737680ceaaba3cf9a9e2b661
67358.743422,12564.554949,failure,45360ff75259740186848533e35232d981b4007e2033a675bae33eec6c144595
67378.332168,16984.759158,failure,4813fda3429c8edf0afc5bcd670bf763179e5f6563a3994fee31880c2b9dcec9
67398.614071,17237.670119,failure,6bbc02bb9a012958d0e0f6476b5d2d7f914fa8cca0d04eb1fb219ec1bdac80e6
67419.317609,7496.970148,failure,6cbabbbdf4a61028543251fa46b72f7a3cc3bb387bcd1b5635be45a0b800c5dd
67438.403369,781.367156,failure,e301bbbeac142f509c4ee9aaba9cd34c247bcbe9c64ef3e7b680a6a19dce0f87
67458.916898,6531.035186,failure,66f14abd1a3b3bb070d0d00dc8761761e411d6f580d260866da609e7ded0c73c
67478.660119,6.650301,failure,e6cc51341288d674a6cf7b17a5b7de76bda615ac03b8bb2ea8650a3d22c7b74e
67498.749767,2.581662,failure,9efbe9ea47eef383036865302e65e82c7046183d34803670ea9cae079ab0e1f2
67518.751433,16378.533797,failure,6d77943b358c003d70ef2346100dc275cfc98600ea0508ebc8a1118f71ee62e6
67538.615386,11851.651654,failure,9ba5f6ca8e5a212208eeb799d9b6f5d68d08f2315e5e99c8d79b9e18fc07aca5
67558.663478,13894.628528,failure,d05e7c6c6e6c3e6a17fe9c0eb00fabae35555f3eca835c295d8655b5b8f4a7b4
67578.596869,7011.265556,failure,68ebd3f4e3727eb3f3c54f8b8d118a459d3dffc48c339e255541b48d506cde33
67599.233814,16764.514512,failure,787c64b05572ccc7604af0d6d1e0194aed55c22a5723390cf64b3fc46b9d892b
67618.667325,15453.606576,failure,d49ea97bdefaca8dc4ef9a06abe18e553e5b7c7c1677ca42aa0c574c6ed0a171
67638.378947,11484.898154,failure,d087de3b736b9c2435b8e84f280ceae0f8b50c50288627971cf98e36cda07df7
67658.829340,5.465791,failure,df4e7ebe9d461914f90472f3563b6e4a569d6aa6c13dc33bb0afb73e920f151b
67678.708090,15345.571821,failure,8524bdb98b3328425fd81d0416194d33a0d68883b08c552836eb47e64766072a
67698.613730,5906.198706,failure,b5b1da2ebc495d8e4879af37bc9650d6715582bad87af5d6765b0d9f74d3ebaf
67719.234315,13319.068730,failure,de59b0f5a48fc3bd634764a445678fdbbe0b79d47b5468acd6cacb9c59d7c597
67739.031535,32.274497,failure,0bd33c11a6a7dd539c82c4f82d9a692959e1ccf5e236ebfbe46c521de859f2de
67758.452883,8732.833041,failure,c1a835f61e898e6133410ec40c489a2a0754fdb04c5f6780be0061bf330919f2
67778.751376,16190.783202,failure,3644e2068a5d9cc68b0049d83bae9969ef10174e50193736b4e7989be96af8a8
67798.674067,8491.200029,failure,1a4a8ede38de51b48dbfca65b7a9e26091716c497423f0d0f86000160ed0defd
67819.190130,125.438130,failure,503a9c5656085cc5a955f6e8f8cd19671cf0ab7abe5dd357157481ea2d5793ad
67837.560143,459.746518,failure,8ebcd4e23d3326b3c819ca57d9b9e674549537c3028ff018e3f9004630473116
67858.954443,522.283626,failure,5010753d1ba805d447385fb05bea64ccc9096428a91aaabc36430ed2c28337cc
67878.306534,15291.011890,failure,7674cf8bc34ec18c6b630591f90e39988614cd765c806f5d453e20b2b348d7a6
67898.691886,7942.571442,failure,5badb3e66e41ca12b818cdad01f1aaae0366cf193299df71a97b016038b10d7d
67919.072981,26.495770,failure,a334748e6fe85abfa5a7321f885b72334658047156d11b33644a4e5efd30293c
67938.392622,13044.891894,failure,e0d7ad99a9ae9a4598cfcbaa2b85898eec5b085fd114542a7de1c38dd13ed0db
67958.500554,13608.790590,failure,c94952af91a2d2d1e8daae48538901ceb5e0618210d953255faf8aadb8455929
67978.928325,2106.672166,failure,a358e297a24ae7cb5aa9d2710fca51adf3ec38f19610c37be4babb04bf960800
67998.506071,9365.499495,failure,fecaff3b2c83a7fd12874d0b5908618b23e331ae198e026422ad0fef23918b27
68018.797210,13910.549908,failure,5ecf009465f3d6e1794de5dae6d6b6dd35df731a364522e13d98269f24153911
68039.312271,14020.788918,failure,1f1dc41ec2d72f3fc15d2df6433ee84d124160950f480edbaa326aeab92b8151
68059.259688,4790.304222,failure,e701e4ad8c279a6f326fb8dadbfe5f1e18cd58463c82fcd18ac03d5a2812cb23
68078.760172,15295.659130,failure,56751bc62517bbc4c80db31dfb6db0f3486956e3062072cca7a50929237ca3df
68099.203341,15773.099396,failure,4e2b59e2c405412968044a7f80cf5881b29ad15dbf29f497964a9ffd6cf2b357
68118.658522,11241.370765,failure,09e9d702a0cef3cbb0d55c92dfa41137064f31f898de743ba2f331d8515490a8
68139.189685,13907.132453,failure,57273f66ca72c3225b8d19b7347a6ee84911427cde59d5a0e48f913a0e7506ba
68157.551034,11995.154900,failure,2d920d92d0ce15712ec9c9c6a4a4302a1b031efbd48a91c558aff8f892695dae
68178.946438,16361.359441,failure,6c83a68b813011e580d0d610af9fec4d3fee8c1c1899ff9d66a85415ad68e063
68198.290957,5073.998331,failure,1eb8c6baccaaee7875d62bc744eb4913a5d083eae97b2029bde43303db4d2348
68220.338932,19025.041837,failure,f4e47c5802e70eed53460565ec2bb17dd7aa56587638f258361acd3417727049
68238.587242,16125.614159,failure,cd1dc7591ad4286907568d49f87b64d811540150e1f9b7db5e06cbcee8cb887c
68259.143792,17692.150284,failure,8b04eb2513dbd0cbba9d5004dd43ed107440a4008238d55ce1bf660f6ae14b27
68277.715739,4754.598863,failure,1922909dfe5d8d7ad63f96648d6f36a08174a42332fe143da006d5635f1ff035
68298.759766,17974.525792,failure,b6e4076c375a272712fe00d60761374e8ef8d55867ae2fe486b79f0f29d61489
68318.382316,26.008736,failure,ba45c0063b4589a4bd8ee46cae705bd37e6c826e8f1aea41e3ad533a54cfeae2
68338.837720,2514.472079,failure,46ba80e7a0c7a6eea8bb41128d42edc1e9b551673315d05a6ce1ec9732a04d55
68358.706894,15206.555762,failure,da8cf72e3deed36595e2f913e0dd50fdb9c2cbb2614e3801ddf7b2147e83e700
68378.764506,12537.241929,failure,14beba1f4e7d6ee5460baa5229fd6bdc77b4ad01dea78a029401c27d39fef889
68398.632408,10104.985185,failure,76941a0d0c5a033b70e2c535b88b383f6c262ddf785adad2ab4f94312ba11a8f
68418.690119,18826.034581,failure,2a41e50e11fc1a16aa6362ffd03f97258a0a32823d395cc91a4cc2bf31571279
68438.360938,15923.984534,failure,04901b8f4ac7dfb385114de52ea5b0ecd5b5678cc45accaea8299aed807c290f
68458.375621,4.920708,failure,59a838f69e2ce4b716cb353c1668a726543549d60c10355ee5832ab052b6d67f
68478.735268,10110.585567,failure,8879cd53279db371bd626658e3c693c36ebe5730c786d953d5197e3717fc7c32
68498.419312,3.878860,failure,443aa423fcb3a64eae024181bb74b07da08b0dd2684fecb334605192c83db862
68518.731321,5.546690,failure,712b384c31a5020f11fb6601f8a24a43fa73954022d9ba3df46379b4c336512c
68538.706621,3.577585,failure,115021287b6e77e47ec08ec86ceaa1b21fe7f93354b46020a99133be444d22a4
68558.672283,12067.640629,failure,04c6a428467ebbedda60f2d21e283a1595ca13cef69a59e0d67602ea657929e3
68578.696162,14795.509126,failure,33c39bad2b7a460ddc1ab84709f5ef00181c227781ef6965b740c45a29ff3f44
68599.275744,16220.336872,failure,01d73ef01f3b372545d18203156dfe5a080b9a8355f672058a482fd5c372afd7
68618.708606,8155.581441,failure,1c3cab4fad964ae4df4ef9ef2fae155dce6c296438fa250903648d9c6faed9ca
68639.239278,17146.044952,failure,53254499a3b6c905f0da5900c8bf38e6c450fa09b0cc57647e12fce3efeca9f8
68657.719566,13801.082120,failure,5db537e95604a29fef9bfd4d157d0c3e764e35978ce642e512a6dfad85c5d5b1
68678.698262,4964.684792,failure,a8ba4ddfb654daadc9755e33508b7ee93a7323e3eb241488d1c6f741cbf48757
68699.031251,14755.243472,failure,fb70829ae879aef920a53880bfd9b404929877d1b950a39b20675a7c22f22986
68718.723479,12547.666320,failure,df855a8cf0f4ead1983f7fc929ac4206aa821c985cba732ad4bd73f1faa3a2db
68738.341521,13572.040920,failure,1549ebdc21f3fb3c282e3e72b64c05451200ce3288ae9ba3009fee05a88795d1
68759.615311,9865.681533,failure,b5b15143c96b133d0169e0ea2854d8eebaf03b1be96d11a708475e00695e7975
68778.715931,9353.553980,failure,74752d4ee0de9e6f264855b2d23362bc36c4b84bd9f2d13767f9a04e6bb820b3
68798.456088,15637.868376,failure,18ce74ef3f7d11dbda6d908aa1dd1aad30275987e1dc797c14d5a4387c83509c
68818.991138,13382.271472,failure,6028c241bd3b7ccaa9504abe6467da9b15fbf120de3f8d3dab6cad264efe339e
68839.202863,16485.050445,failure,c9c6375128286221ae60813179c2441452cc79cfad6ee66302f8d9446bcc612f
68858.451055,14057.817777,failure,ef2e911f92ae2c40e1baa39888439cf91fa10ad2a0e65198e25d346d5a5c70a4
68878.445179,16111.183809,failure,16b014f26ca6d2d1588ea1f7462a882ee479038fa7ec1bb8cca871577d180b70
68898.711975,5367.149783,failure,b66e3b65ae7cdec2797fa3f4e609c627fea35ac6c55b04a32d91a88ee3b7d089
68918.367687,12215.952738,failure,6f7d6003cfa17d8808958b07c0dc0744f13dbbe865de9e2d90b3443c3cb7de6f
68938.773659,11124.523866,failure,28797feba5e2d9e23cb348e0d3a16c511c706f44731746e86d051b0ab664c182
68958.330819,16172.935440,failure,16475fb68cfde29357dfd79ed6548fb2ab271576a7ded93250d27954d2725007
68978.714611,814.577571,failure,5932b656ad691fe07fc0953d4a830d610056c31d127e38562c3675de4705331c
68998.794754,12223.475967,failure,6f492997cc7815f182caeeac84bd68b5516bc725d0ddb34af111523fe19b0090
69018.568192,8507.958458,failure,c22e0724376997396a7f3d5ecae5f26652f913fb55fbd7de1a2028e59ab752a6
69038.361717,16630.925731,failure,fa390f3d25932e47ff14b4c114ae5978ee92944a9f2459c285335ba1ad0a3efa
69058.810088,8635.483768,failure,af45e0d7d76afc7d888f193126524d35e45b03d5addec81bc99940747f8cf316
69078.335420,12012.086294,failure,efae82c626436b75cfcb21d24a79b4e31b46cf1e689c3b4a774192a0c92e31a3
69098.808826,12468.795415,failure,adf2a40a3a90616a1a283124583b7d2624b9e0d482e290f2b7f7c9d5a9262422
69119.229377,16521.238985,failure,ae719f21975b9404e7eb9248082d5b9410b424bd3747dfe1648456532e679b16
69137.625181,15225.233937,failure,6a089dad97eee9735eef52a722486c1ec41c09a30cd485b959fe0af26a267f28
69159.031237,14630.330656,failure,4cb1d087f997655486f3e1ab3fc3d7afa140b9eb4facce8252c3de93b4ba77dc
69178.409890,14969.870159,failure,ee6e72ad208b1528306e578966d681d2ecc396115252f56ca338623426cc1abf
69198.839859,9305.009491,failure,b10dcb170a16c353c6debdf8120af859863c827bcba59e66e59fb1bf94132811
69219.236716,10171.326309,failure,03af8894ff31c3ef872db2063b531bed705ae2adb1dc4a444fd55c96f4285814
69237.449323,16656.829529,failure,f359cfd74f38e272ff460e235af7bf429739e84e36c3ac18bcf52714dc2e2707
69258.380925,13295.914291,failure,bca9784e142b29fb4d56e46fb1fbb8b5709a65bc80bf7c528336f0b280aac41d
69278.354324,18919.916686,failure,ca9a24bbb15bb561e88497d360a14394c34e78c012242d091bac62649894815e
69298.373677,10046.911835,failure,969f336beb7bb31eb6c275d2ba82ad184feee60eaabaec4d2a526b65052d45e8
69318.743094,345.574674,failure,ca1ff4faba3739e5b77cad6f00a4393caed18bbebd274c5a75e7881d678bffa7
69338.737330,6721.328430,failure,2bf08c6bd327cfd82209e2eca555de19c4f6176dc581909c046f216e8255f349
69359.200280,15428.075973,failure,06543acd75c49df9f92ab6dbfbf35ee91a8bd425157d4eec752199905ec95b42
69377.723298,12552.107471,failure,fa27d7236f50f5f70089e1157facd006340f183cd17342d99c9edda6329534b5
69399.033096,6607.575846,failure,b49e8f4e9f40e3de0ccb1585e51f81b505dba037e8749ced4525690556633c42
69418.602792,17159.089403,failure,1d156d9adcb2540e765161c2953443d6eacbfb811ad4f73e8a06196d80d9e17d
69439.649616,15291.666562,failure,928e1ecca7460578455b18b2a1f5e6faf4c5148dba33564c389436b2bc687a7b
69459.191630,1016.121594,failure,5b41e61b2f26514fb7498c9c7aab47261ccb344b280bcc41005d80205b72ae1c
69477.365045,14886.168987,failure,5f8d79d3c959a12bcaa3c98461679b280d4499fc7246f18270d570947ba788f8
69499.307027,8526.986942,failure,fec045cb058acaa607c1ec1274748d867a438485cb7eac9fc48ebcf7338fbe11
69518.793459,13853.560739,failure,f0638d59b7471d8fd3c62e6d5c40796ea1c643f68286f3d1b0fd1fa978585218
69538.698832,15247.601433,failure,a93e2dc37d81232b7fa478a1ec45527455a28d5995854a03558c20d4a9a53458
69559.148356,12368.136072,failure,126110554472af7928c2a3a58886709fb78111c76c7e99980be9a73f5c1478bd
69577.902420,11461.834436,failure,84deaf21d1fd33ff514ec06cbea9c95d7f3b2c61f54d8d591427163421ac639a
69598.403429,18814.892413,failure,2c0e231b493ce6d415033573257fc65383987a965daea16db9cbca1079e226e2
69618.974247,1145.343732,failure,a80c01b86dff9817d708fe2621f90ed2741d576177c9881e28a98218cc3df2b4
69638.790306,1268.517401,failure,b232da31bac63b1145d5c206caeb05f7c905900655e0863f4708060ff2068abc
69658.763013,4280.625521,failure,2a19b7eeca74c8f88178131530dcb9270f9c251973f2153d3f10bc2424ca4e79
69678.779200,14112.232743,failure,73dd36f60d829510d94259c9324da7fd6bc2ee4cd9bf94e0d65940fafc2b82e2
69698.439392,11873.052560,failure,074979693e7de7382bfaa48fa29b0ca4c7a0fd57f42d5e253d06a1419b84f1f4
69718.375221,8887.903827,failure,9f2f8d709928f04e11abb0add549a8cea48e126f2359a6a79d16c7ce4f32f43f
69738.757061,11565.478751,failure,43e94a0cf95179c05356e533cbcde32d8f558c1fa10b9ed061b10fbac6780c21
69759.256838,18955.031076,failure,84356691fc248574f2fdf601a7fc327ab0d6252d6e10446c4427ce1280b4dc01
69778.744612,16517.529312,failure,edd335b45b31062e8e9f54ddae0b565dde42b677d35089bb20f06feea1f805f0
69798.649184,1429.488419,failure,18d5434111622d38996adda6051ac3f1d7be90f4e69d651261100429fc830251
69818.735881,6471.604775,failure,ac17ac5aa31605ba30a4abfb0811b98d73b8e57b0d6d243aaef85194c35c92e3
69838.743261,18601.583169,failure,bbfd3c9bcffbd6ec841b642ef88284c13e6fae56c455a081e48fade7626dc3a1
69858.607809,18584.679487,failure,6b9691c10acd7b4cbc09858cc49a7f46bb70d41d74987f5156e12b99e6ac030f
69878.380488,14260.505564,failure,4881dde24af694d51b9aa6219b424d953d7859b706f6dd97869673d40f0156f1
69898.744235,1292.548996,failure,a72bb615ce6a88d00597567b6b14152c8eaa5df6c2af060590a28585d36550e2
69918.663343,8130.646804,failure,0070095995e9a2e7d582825fc732515e7a6d2a05f0c6557f78c00ceda989afb5
69939.124259,15318.429291,failure,170b253969cb14f6f916fe7f40484f4e3fcba5fa966632d0f6c35f93b2f88058
69957.665521,14232.630534,failure,584771b931f5fe42c15d68060325a1738618a564da5713b28fecbe2795c98872
69979.159618,15278.145134,failure,9ea5f41f37931cbdbea2f3b78be373239a3e971c3b53d1dc3334baf2d5ef5311
69997.676165,14991.670242,failure,3dffa36903d2e29a873cd43e8f02ae93efec0b7011c5b1e5e081aaaab9cf297d
70018.681402,7699.614908,failure,db46fc02ce96bc7f594e9b78efc369c263bbcd6562cf30c4e5ebdc6a97f83b1b
70039.201176,10885.091561,failure,499514628cff7a50ba7181f116c3f507a8335a4d96ff969df204d8abcbe90636
70057.728072,14306.244257,failure,96646be581d09c1db734f6f3f8533e9c9f47c95f60bab9847192ccee6202b89c
70078.620181,833.221533,failure,0a42b1a97bf557d573fe1a409aa73dd8a3178110565be7689305fd268849e8cb
70098.714031,11173.615850,failure,cb7919634b1193620100fd23b50316a4fd9ef084505e8b0bf6d92016a3dd18f5
70119.241481,4706.427315,failure,49f62614d4b21af8b522750557ac2f7f89a963810f1d2b4ba3a7edc575d0c8db
70137.701344,14356.627171,failure,324e97f1190cef0234952cdf66d38b1e9542c00ccfd241fccf18f466ee87999f
70159.231230,8926.035845,failure,7238f57adf1769a266e12842ca8d00b8ad112af5ffe1571a888b3f6818179702
70177.631284,12126.489242,failure,ee85c94e2f88417f2fd0e8687a16ce7c2cbd890e0364ebfb54fc1ab0e443f348
70198.735726,9537.905175,failure,ad15d4e5dfd92400ce11752761755000ecf7a4c03ed4ca1ab60814da93ef428d
70218.496234,16347.360845,failure,de0c9f4f441621eff7e2465b1c3a0a48339dbba3dfabd41c546fba998e553e8a
70239.124821,12621.264765,failure,5f78a83e5fec292d803c6c79f8d65c17184221713c6bd01e9bb102c76e2ce4d7
70257.420442,4008.667733,failure,fc63445d4cdca78ce750e580aff93390ec25bdfc523f050158d2d054c8b18157
70278.708242,9460.501490,failure,69b024dde42f03aec606eddd31a52505ad62bf08f48c98eb16a818bda695b603
70298.752292,10924.516948,failure,06d602d809e6216648d93d5eca051fe0509ea1108be06b1074bd6571a681a2de
70319.255137,16246.832707,failure,a0df5d9b3f4d7de6e9fc8ad864d2d30826218322d91496475d74288cef2e79e4
70340.554128,13552.717829,failure,4e72ba7091d3ee564ffddf50f9c1a14d57d3d337a3dbf88e6496988985458190
70358.790049,11743.497168,failure,c65e49062e13aedf726ebeaa3eb77334e4d8bdabd1fa4b7551643eeb35978bc2
70378.312910,14943.810053,failure,f471892538b844025e8dc97ede0f34232858bea0ffbefb2aa73893cc508bc46c
70398.757157,789.877349,failure,85530e5c0030a52886a92dd003c1114b44db9390352b1bd72f7b15e1b9a2c369
70418.375133,11139.952240,failure,ebacc9292ce88f7c97a882ceebcc095118237e66472a8164d152b038349d5d8f
70439.256204,10564.005708,failure,5a26914de55bd8190b05b9b8f952e53cdb912b74b515ac2ca36a792e248f5b61
70458.351708,3808.618802,failure,99e6ca025f6ba0d17c22134f391e858ffc6e2637ea3a345dfb29cdae676eb9f6
70479.343233,12915.922393,failure,633f8846d2e421e551cb68fd4ecce414e3e81dab5c4c3d8d276a88c97d6b03f0
70498.452442,18125.858333,failure,61f06003c415dd33fd6f8fdce982f11fdb9ca146847148b27328b9f33a835a33
70518.382152,15498.142645,failure,3936a079939d2151f9550c2bb8753478f87bc3920b8fb8f0449ba0751c97344a
70538.845033,8154.461196,failure,6a3ae2d77502ec46e60615ce507c9112e8f739ffa74e6f62433bafe325f61f6e
70559.240981,11366.073959,failure,72909f5450e2971558b35e87346519c81c746e7e6fd00bdfa305258b0874034a
70578.807733,13962.476128,failure,7e7dd2a0b0ccaf7f079af6a22333b8c641080cfa7f4a34467289bf2aa303e331
70598.404119,12260.164793,failure,69217f8b7b6af7740b858adaf1456a95aedb923700b2be3b8bacd5f3da4acce0
70618.766525,15768.560994,failure,c9ae10353e3e4253b23dc43d498449ddcdf82bf3151774213d67ef77c930b2c5
70638.764491,11273.863450,failure,546fe60d9ca8e5dd649383737fde4be5b1142f33b08d870dea2161b0b0fa9588
70658.793573,10944.477247,failure,ec56f1b44db85b8e7586d8a9e7622c5f9c411f8e15f7de510c1bd757ecf706e4
70678.748770,3912.447141,failure,cc10f96f7e420d9270c38074c516211c210b8b5799a04da23f1c2753c4bd2e55
70698.734483,12282.546719,failure,5fbf0f3821fe664ca5dbb77e1ad637b9ec38aa202bdcf38aa5753b0a4d259126
70718.789383,11465.487197,failure,8a35f6bbae3b43f920ebd8404674d9c1ebcf1d90c9224239cab9e35d49d5193f
70739.251733,15034.049179,failure,984a2c2e6f7ae3231dbb51976e2d08f520a4ecf268bc8ed16ab3ae8ea5e92b8b
70758.672436,642.940184,failure,6114665eba3a14756c468874d88b9aa825cde832d57743f1f29d03caf2af472a
70778.723028,13965.521618,failure,670ceeddd83f2baf1b4fc2dfb590bcb3992780ed17cc004fa100e07711e3a1ae
70799.233317,8485.054788,failure,13bf817c163884dd113a9a84ecf79096c82667ae697e9035875e45755106495c
70818.059695,10313.279588,failure,b514eef2005132af4034ac0aa51065120628af7aa7ea1a720f1a9a85af96d2a5
70838.702668,14561.371662,failure,d2050c6881488b2a7400f7cfb43ab05dbeac8cad1b8aba418371817cbe0bc3e9
70858.699001,561.775605,failure,8e0a82f0e3a96e9866814197aa3439c6368eea8e60ba269da4908f632baac7a5
70878.463747,15703.784582,failure,a7939789ff10d5c8728551e9e12c163d25db14815618e4ad28aab248f3d5bc75
70898.911660,15123.381024,failure,43527df6ee737cd6bdab2d66fdbf95d6edf16ff83d0eafcd379bd914f57877a9
70919.658615,16106.715513,failure,8c032ed3dba73c59c490037132b80037f21f34c4d6f4d38b4c9d9c20cc6349b6
70938.404615,11271.883561,failure,4f10dcce707c7e9984fe3a725a279b7f728cf17324cb231e48d256a9d74b7e77
70958.870172,14150.393249,failure,a148300d71321dea0582e371dba869c76a84a7fe78e50f1e97bac4e52ce42656
70978.450969,10451.870615,failure,881461d1bffd1ff93589ebf2327ca59a96306eb7d85a8eae7530bae9fb5c9383
70998.777850,2982.236267,failure,3ef1d843e06b85d766ddd459450ce00c4e8a0c1e28d8edaae6f542bb4326b3d2
71018.880839,11440.170176,failure,e36202f39440bfb47b1357568d4f650054aa12fa67688907adcc7dab0bd24e8b
71038.675750,13010.597253,failure,8c9f64e1e06240c7bac7b425678796be617fefa683003b728864eb770c3abf88
71058.674878,2021.012395,failure,2a4b53b3e781870a4e74d6e73ddfdac15cb85a6f03f1cfb8d8430031ceb803db
71078.648288,8261.038903,failure,78b90e12731fda15dbb5f60d4f70af35ceb646fbf5974a69f714ca41e3adc856
71098.783045,7406.153828,failure,213f83c1ce5304638932d08e2327f307284264c57049ea9da980a45b4a70397a
71118.413796,3472.332026,failure,0e98c1700239baa5359f4b5a4206ef92168079d899e0c7ffd8c8441ad14b9a28
71138.378732,17059.452006,failure,84de7a14f802893b3eaca08bd83d139bf355ac1ae3807c4a2e52d2dd034ade84
71158.751309,16423.796329,failure,b4f8584b37a3acda13cc25ba37d52021792e288354f757191aa01e7285691297
71178.575717,13653.689179,failure,a4da61fdf01e9df9b13ef9308ecaf8e137629a44bc31c07050d395ac2bdae500
71198.688556,9843.225411,failure,18f6f91ed9aab337b01e7fb96b5f827a5ec3fa274b3c36ce461cc4cc1d5999b1
71218.660536,18693.079816,failure,894f3a38162ec8d931122a60e505fe1fcf9e41bb0e2cb611e7c03b23a993d55a
71238.541848,3629.027221,failure,23f6b5c062afba3e7b932a5a7c6ecd6ebbbd15367af3e19bb9ce3ecfa12de9e0
71258.381735,15756.055619,failure,bff68bed5466fdb682932185f1495a7ee12d7aa4cd9c6b3450500b708258e5cb
71278.864615,13826.767987,failure,f81a4d544fb0fe3b966bbda5c4805e5aa0c2c069d851e0970644564ca8cb5a5f
71299.246198,18935.344085,failure,f0492e9b71a08b459b68a244d769f444f6fc8d30183ada53c6c5b5a42db9dc71
71318.829642,10653.588313,failure,5bac8e65faa345dc0e8de81f9c6123e14901a8c5e86363a2bbe1d86dbb0dedbe
71338.398660,11690.872936,failure,e9eb4b10bc030179503ba8b6aa52e1818d91913feae097ba5ae5b8642b117591
71358.732135,12696.520945,failure,3af8451f98e497c5fdf8952c630727b90122938bcc146b954b30c6440970496a
71378.405886,5691.897281,failure,77bdc4b34973b4e116955e3ebea5bbfaa03d56ce84d98a7ed991b01b2267baea
71398.729853,13731.607795,failure,a5092acfc7dddb33889b54d3de002fe42475b59aadf82941695a79386192920c
71419.280808,13802.986101,failure,a97c0442a50167330a270c2f9dbd05e3b91a0b4a8ec33b14ef9f77b051024bdf
71438.682438,15600.289972,failure,e629870737dd00bcbe9a8d2bcbec62abfc17b66897137d35951aa0c63df9ac92
71458.417912,5020.143019,failure,a16dcca47c674ea5382a28a412802b48342cfa2a62ac0fae100db5b66dfc2778
71478.435846,7147.180316,failure,1a83fe1fb66870f6425c76ea13560941012bcc14280ce48a5a51d41eeac29ec9
71498.384332,14340.151048,failure,ee55aa0b5b0a20ffbf805da80852254467991bfdfbd82ec0372dab52a94d836b
71518.785883,9520.103723,failure,b101ed4d0e72f4e9977c8200b2a805bf1a3cba848e85be8d8c1c6d50f8242202
71538.756770,4304.472188,failure,0c7bac0c068a978c1f77073c9a0da36468a1bb85c714277bfde6c43312184040
71558.402720,8952.868524,failure,38f0dae089f2c56c505a05600e58dc1741978ab52fbe1c66d1fa5fb11fc01a29
71578.715326,12421.728313,failure,90461a305f3389faa485dd99d933d5b01084175ea434c4ffeda0a97d07ac31b0
71599.286439,15049.405923,failure,fb7d46a143875b99d70648f2897a0d54ff3d4cdfba30ee15f7daa9d6adb482b0
71618.366326,14651.842744,failure,badf493e48c73246bfd6df731665c8056a954baa5b32ed4981c2400c46877615
71638.358513,13883.420406,failure,722b621819bad9c71842e5fe184a69d4f7bacaa4f73f0fe43c2b379d838780cd
71658.780511,3164.856534,failure,36575057a41ea3f7d75857953c92072b25d5428b2d70130a1c41ce03deefabea
71679.171391,17561.124861,failure,3813a6ef2e517b8a0fd66e7a5d55d7aee64893fe9025b1118b4e21dacddfdca8
71698.033578,17789.257139,failure,1ca17db1b4006aff6b5c3e708bb8299317a88c2d1e0c7521f3aacefd6767409c
71718.965815,4986.353490,failure,6271fb2bd3242513111d6b602a2dc53b848710d1a1388c869c01d9f0bc98c705
71738.391108,13567.925744,failure,a185d097a50b48f524baaec5b818b08a553d629553773f58edf0a23bc8460949
71759.103010,6150.268892,failure,cc87b85ea53ecd1f017b71c46f91e3602662ff868c33ba011bf055be01e5d8c6
71777.767152,6024.521341,failure,6e09471559e4c1777fc3c60b6e2ecba1c7a656bf7290f3da2d03e3b8fc16d42d
71799.278776,11990.613985,failure,9da28f2fdcaba221914d7ebf7505266d694a6cab964ac876c79b884393d7ac6b
71818.371116,10859.936765,failure,c24de59b2ea0747ca49693f5634b97cbedb20026b29de01f590037032e30a4c2
71838.420868,12185.869722,failure,4d52409cb429f43aea812ad2fe41ede3adc7b34e59ac840517f5a812639c2557
71859.122972,14399.674081,failure,84f697d0434d86a942c05b7dde3c9e1ae959b6665fa4e1ecf29f930799ddfd32
71878.093518,7.188855,failure,04dd67e49957c20ee4f064ac9e6e57ad74eb433a341e80c576d0777a9f6d7fac
71898.635156,12839.949082,failure,d0144e218de9b7868089cba763e26ac565159b98df23187680757237e0712d30
71918.676293,13442.620263,failure,757de399ca1b3d11c3c2d748277a40114906d291961fd8c42ad002cce25f90be
71938.486475,11967.780672,failure,0f0ffb576ebb5c61be50861c8a1e86171d3c981eb78ad0c600e16e797be170c2
71959.030597,8223.518997,failure,126e526cd9e0322d84e3053f62584f087f6a716168bcc23b9d63181f53906525
71978.733151,3126.231365,failure,7d817338bb30bf96b8c5143b0f4a86b052159fd40d2beace3fd7be620639fdb5
71998.739764,16590.544648,failure,d22f8b82845a0e2af08e59f72c38aed4f80180aa9b5bc2253e78beaa41a07fee
72019.112221,18207.198764,failure,67ed4405a3571a6272e649c46cd3e62320b5efe5b9b46c1ca7acd49af56a5eb4
72037.441036,13182.952912,failure,56779d3074372c03d65d2b7d3e9bb28d994ea0e9aeecc38a48553d4505bf6579
72058.375357,11732.863794,failure,6ef116d82c988a87aa2d1a1b5100c022d5bbc81cfbf545270566dbd0e031e41a
72078.358006,12080.918371,failure,4d02df29c3e97f7f0df91ed2dc480cf2bce2c4f9041448cb5f92ae1950f7ea0b
72098.332209,6105.980445,failure,4fe0ce16a4ce4666b53b976cc6fb31fdce9767044a00d7e5152b2a57924270a4
72118.331761,12462.225162,failure,bf422c58a950b76a24cec02499ac5ae560a9253e607567e46278cf68b430f8d9
72138.343495,13776.929546,failure,c13c136b02c2a55ba02e664ccecc9b86fcc1cef74f32667f3e6e412fb02a5275
72158.433935,4132.126616,failure,51aba6e0e5be80488f958183130076bd06bea85408de53218c0e6d95dfedf64d
72178.599643,6394.721786,failure,77762e6b153222bff9808d57b46ee9be5992a010ca727292f05725c258419456
72198.510883,19250.105071,failure,f8976e87479fbaa4f03ae4c441cdc7aee27219b25bbdb4401a5fe28c2c64c833
72219.062201,15215.260580,failure,f4081e7c10d0a353b74faf1da79dc1962aee48d2e7b9db399c4f7003ba5d2ace
72238.968572,9441.013251,failure,7b9ee5e870536630c15c92d7fcc10cd3560c950c61b8523817831a08adbd4106
72258.718755,15629.255728,failure,54017b80c58175855e2b70517d6b84c4bc7df75b312547e0399b3a4eeb0dc79e
72278.636837,14966.525299,failure,94ecca27018dddc4776c8d60566621446d4b21fbb1d904958c54a5351f361bf5
72298.702300,8739.911257,failure,68cc9ada272e2f50c01fa4555de598a22053f85c48fde892eb0c1e0d36a8585e
72318.364431,22.874245,failure,33e7ff5feaec028ebf43de40245e0861ee3ed45f00428fdf129d57c8e042cb2b
72338.865066,5188.544941,failure,57f745116fcd7310a3be2c80617ee6605c2bbfc1a326e27ce19d3338637d2c20
72358.656125,13316.623072,failure,36b78b6348f8b9c7a9acac3eb9bd1a591a109c66ae0bfd1441f4a08423ca3d4a
72378.955719,11412.825340,failure,d513a680d71d98a15e16280d62e5410921f4a54e7a98b13bbd14b5f5d24d68f3
72398.354445,7654.935408,failure,e5053d344eceabdd8b4e390b2dd04905e8a432fee8db58597bd5ef08d13d24a5
72418.661764,19477.588864,failure,b92bf82634bab466259d97a082b33f3f1912a736ca33cc613d622202543e1c20
72438.711479,16205.586386,failure,8b4b1cbb8ffd3d97c490dfc133c84c4ffe0c9be7da1e30972c8f6f7b4cd0d835
72458.739593,17451.876487,failure,6a90fb1ec8c71cacf5d4a3250ed39c219767b8f108fffc202af33c60a3277731
72478.350199,2.392916,failure,5845875de3689ec4148df0fa88717c55d590e17f826fe8e6a9d5f575c6dc2b3f
72499.157018,5.109798,failure,8266ab43683d0b0d2ec44c16705f7d9aef39cada7bba64a440398d09df21c119
72517.661017,11482.456271,failure,0ad3a52f15537dca3d0ff65671682f6bffa080344c302b3e3c917f32df3868b8
72538.618693,8728.030694,failure,3559f854dbf23cddad1c965744a839d6922f6a733aa775dbca6a33ccaaf70c14
72558.354229,3.911622,failure,aaf619a49b085730f6d7242455dcafcf04e9ec84c3a4a4ca2f906b830272efa5
72578.641862,14436.220826,failure,55044a7c74b0c967ca33a187e18355f986a3a165f722b0ad6be3fe89e30eef08
72598.747479,14646.188070,failure,6a7f7002d1a8bc4df22987bb5a1808011edd3f35d7dfe0a1daa23cec1ebc89ac
72618.726944,12793.604178,failure,8bd2a44d1fa23ff95b483d89698d10d4898d9dc04a018dd25e2ba3e9cfd6b758
72638.358900,2.401862,failure,2b985adcbda797ce30e4513da73751ee34fe961d8900ed6bd3f88b3c99658762
72659.179694,5.092927,failure,ecdf70b5af698aca7a4775c52ec12d703c181c131ee9d211095d3d9edaf38594
72677.668825,1.951744,failure,d26b6acc5587096a896e39cb3ec57edf59635e2852dea4486b49b54a969b4f89
72698.342719,14315.624669,failure,475a1d43365ff6ab3ae83552343f7ee8772e51c0e89af76d277b31db6068123e
72718.776050,10239.740737,failure,519879a642dc7b38d76250701b5f356e6b98322f0e1b511e161b0f2ddbe7f60b
72738.354497,110.226724,failure,99f2dd9ae1287ca3461a66c35f65cb37350180b0d7a065f2b914cbe9e05d3974
72758.338871,90.991389,failure,e2bb822ca1048145944c5f8a8b7138e71701ce4eb9e0f1cbd67cd22bc780acf9
72778.695391,15187.616435,failure,c2e7d45511dfcb8adc5b630c6a43ba68062e62d5a1adb8085d585597126f627d
72799.236239,50.793168,failure,5b6548865a8a5e7163a746c50c24f460dabe897afb701aa2b80a3c28141ecca2
72817.961015,32.773921,failure,c9de99a49b33a0daf43708958164aeab9b8f835727e9e5e67553645da0f95b28
72838.650808,9.666998,failure,1d8b63cf57da104a821b8d6d3b41b3d73da6856ab50700cdf618adfec139cb82
72859.111950,11016.171098,failure,78a42e20cd1dee981cbd54eca13ac10270af63ab1200076eaf4d97632b234064
72877.595551,6860.465716,failure,4b6c2958fefce6a5cff2f7adfe57606960463eb278317c366ecb447629d30c88
72898.655265,14134.629856,failure,cc915c4e119f823568ee78b4a68aad68b6d3938873568230325fcb20960d0049
72918.436275,11134.814185,failure,f00d15526e122a3ea84be72ade189be032de4baeb3486e16f3f605586249380a
72939.014523,14948.665788,failure,3343c0518902542a7f3467f011cee731a3db6ee47deb56b7cce00fcc730b5bb7
72958.772670,15974.514770,failure,d62529a34f7672020060cebe5bf70e695bfc870c3218d7d2d1aabde433a0700a
72978.566333,12543.682612,failure,e1760fbdba94e4e61dff7f5ed3a699e5ed4e46f05df85610287cf79d289f4674
72998.674275,14888.685215,failure,c7c621325eb73772c8c2dfc804587daba8b68290b989c5019ac4346589600a19
73018.752392,14446.529233,failure,b2173ae5419d6d75ba8f3c1942d2f35b25fda6378ecd85947aca71d327321b0e
73038.688798,16429.583702,failure,c1f8e7d2af518154c375eea99e576cec9bed5cba7ab8ae187a7c48507ec72067
73058.663645,10984.606289,failure,b328215bf6d1493d80e61e47d7bd12d038dbb65404af97c6e4f33bfa0c07ccdb
73078.436720,8399.858132,failure,de316dad0425242bb39696a2eb01c02623534bfc90dc0eabd073eba98dd5385b
73098.415524,6241.491151,failure,187e3c9732b8d8bbb9b5fe8f8e129c815d6c92015026803149b7b9575ad040f4
73118.504823,1819.784797,failure,52349e657aa7ce3a66b760428848b0101170d74146f7e2b11d30d0d8bb1efc6d
73139.195620,12545.070144,failure,515117144d4ca7734641b056465762fcbc1a2be2974639a66f3e203c80ef410d
73157.941506,14086.345267,failure,0e379e5391e8aa37d4aebf1be3e1490a492685de9e9f2648fa28032422fe3fdb
73178.438776,12344.469123,failure,541e6ff7533883d927fea81876ade541e78acbdbbc1ad0e7d9bb3fb932396c80
73198.673012,11539.600002,failure,7c357201114930cc3af4c89b279be76e48626baf8f2332427d0c9c73bdea2cc3
73218.695379,16068.601715,failure,c7518c6f8b005dd2e05406617ca6575944fff996825f136980025d3a0f1afe38
73238.649249,12887.752136,failure,5170c7551b13fd25df0815e6b5625f8608faae19ca32034c212381426653239c
73258.659873,10532.794965,failure,8dc1acc2dddf10698b8eca32b59283f7b343eb30476e5eca82521caeda4e653e
73278.762497,11329.522831,failure,497d820f0cf5bc7358150c90800aa1a96eb54dde4d2717a6be96bcf2333301c3
73298.744800,9159.763025,failure,d0fce8968ddb05e31cfbd4e4f6e50a691669879484cbf3c411da16be17331827
73318.735517,7653.571549,failure,d03e75b9d46bef247e88131a373229e52f69ded72a8f822856060db0a89d7a5a
73339.140518,15468.172942,failure,c5d2b1dfe0ee52c7d5187aa0a4efc4e37032cc5b058f7f193533ecb766391980
73357.369442,15016.904966,failure,3810a8e078cdc3893403a887b6dbb664e298946464efcf129948d930c878a798
73378.378776,15901.928307,failure,c6e7499e004a23ef98205def90340eac8be5da2d97076a1b48fc9cfb7751600f
73398.821245,15296.561413,failure,3814e55a8d14c1cbe5e54adcaaaa1adfdb815dfc673ac6dbbb34850e47006fb7
73418.400906,9398.862918,failure,7f6b4062e97be0aa5372aef2bfa4b6b4177e257e22fdeb5bcbb8f40783801fd5
73438.354215,9420.453918,failure,7f852ace635559495d835576c2972f4a207ed955385a5418938f075b6cc990b1
73458.718691,19039.813655,failure,4eb26c3a55e201acef99174f6f7b23225de878bec482816363f45b9a66d831be
73478.347994,14719.006126,failure,a4e12eba08119dd3f049f614e033b34ed597ccb3662ef07743478f369101f199
73498.757192,14698.855164,failure,4250ce048c7e3eedd39c53cab35c0992c7a9ec2d65ce70b7de91610880939212
73518.367870,9855.610119,failure,ad0887611d59e9a17f1558f8ff95408b9ae8a18ae848e6aab2bbb9969bf24bcf
73538.348860,13705.252450,failure,2d21b09d016abd83557c99b84c7bdfa61dfaa2ad9417f93160bdaba4054042e0
73558.346271,6179.256671,failure,142c8dc0e1fc5d47267cda5235ed8a942b68185c2f36797812049307ead63570
73578.709534,13881.582407,failure,baca1d054b0e915d94b79b069f6105ee908b6506bd0083371d3a019c0940c9d7
73599.256406,15361.206029,failure,861b5b44f2df04094ced75716a7c0016d4e4721ebf214f09d4ceb5586a3b2f44
73619.198434,6118.175647,failure,9c6fd52c8f7bf7338616ada6ffa323303b386244be3f7cc2161c348a7c7e4984
73637.569650,6717.729706,failure,241f7f3eb26eb1de8a8298ecd5d4094742c75f69dba9cb54b52cfff301430e55
73658.843461,18037.432411,failure,81691d0496e15e7c0d82e827b5b76b5a5cc2983a7d2b5795b22959fae118bb1c
73678.681918,14209.573032,failure,af57f590b05fcf7cff5eb72e1bce8683be8be3edfc60f77a23ccc35488c7531f
73698.682013,13176.528297,failure,b02d3e5e03f26f35c00bc97113aa8044182927bb143acd121396a49f698046e7
73718.684734,3910.128922,failure,f4464522863223e4ffec8495b885dfa7b186c5868b649ee913155402b5ae517a
73739.169581,19431.111060,failure,e7603c8af53c2a0e636e1b32d74ffff50807f09d03eebeff9eb0db4d498c4476
73757.548772,7510.694611,failure,af3f700fa692591a85b9fcdbb60eb062f1cbfd12e3bf0b3e586107e03a8bb47e
73778.945098,13780.009568,failure,8aa5264d7b99fe463bff6a6d9812724b1aa697d74fc9f35b8d5324227868f2c1
73798.295687,14490.039963,failure,5ebba586539221ef0b60d89c15b82c59c7b2537db8e3463c6f9cad094cd5321e
73818.654022,3372.545889,failure,57beffc73aab45802760d44b5457de0908c4ee47e1bfcec53af5c972ea9d668c
73839.013929,121.438208,failure,626460502ba0554023854296dead8ebc87597b3b14fe1389a5c6d10d289925c2
73858.319576,100.801671,failure,4f32c76b615a79ae355418c4153dd1d1a86eedeb98c76a7cd5fd6425ab789e29
73878.671379,80.671967,failure,6d9b337f77056a87383388570822121ee1f4f052f7db6dcb80c8cf5ec011debb
73899.007222,39.359691,failure,da91c45993b485586bd4ebdfa73db24e8cf478ded250a545320c45c1941121de
73918.346611,11603.666239,failure,a74f71f8065230b5420dcd49177b67665f0093360cbb9c286c5950fe7306f437
73941.996266,18608.772835,failure,ebf4be4b7bf39d60e2867e63de7ce02081a555fdc39fdab339646b52a99c7612
73960.808504,8988.467501,failure,9352a39a8849c4f6a1d2cd8a2c587a5c142dd00cad8872e163ac05ad84ccc2bb
73978.481394,12588.711406,failure,4ff6b14cda7c5ebd2cba7c1f756c9b63f8a1a9151dfd96bc445f49b938c9b8b8
73998.657804,3903.416378,failure,d33f20751b41581f984e2d33607aa16072b8d27d344bef00e75efdf578f18d63
74018.334233,570.572593,failure,5127416e2b98ca2d9dae70d3fa99eddd3f9b5ae00a2374c80a5488fd6ab81771
74038.879412,19466.627170,failure,bf0f12c35749d8b6676769d177846740d6f9aa41a9fa92e850b63fcfb39b2d0e
74058.309878,5321.367959,failure,c12f85ff528b74ed51d3c3b089ec9459d931dc0b9620675e7402880c4ede192c
74079.327917,12509.993475,failure,d8eea250c78d0d2fddcd9c104b3c06381653b4d03b97785d29e9b8a49c4f8393
74098.797205,7199.470283,failure,2be032519d5b8c4c8d7c647517c5781ff308e0b5e5730ee604705b3587c5d6f3
74119.185166,1871.098174,failure,8f40426b17ba21f3676d27b510c89322603276c7a4df20e4d4a3f25e6ac76cfc
74137.494059,7774.852243,failure,54a302c930ed2941305f11010c9083f5bba6e784516c0b0b57e997981be42633
74158.855693,9214.254057,failure,093c4990025820d8ec3fe0e3958bbe7dc4080ca62264b916699fc1b93df5df60
74179.213158,6003.084402,failure,17ae3d6f18d6d6ce1e4a1747df3d151e714914f88043f4085c9c1691ad0a2d90
74197.520598,8030.757878,failure,8adabbc95fabf0b016c550fd92bed32457730c0f0320336e507b19252270f993
74218.889215,8876.378062,failure,9bc2592a88b3dd98edef84fcf83b45407ea24f8741efaa2c9abee9a01900a29b
74238.311558,6239.963820,failure,2e2013743b24b10ed91355428e7cf3129db8985c1831a152d1584d5d3f9f357e
74258.722773,19618.563594,failure,73d7e78a5d5752be0d66c07882104714b7d288d3d7a384ba56887b6377b097e2
74278.639907,11993.924342,failure,095a9f60604189a7e1c4c31ef4a9d7a323b4b9e25d4c8cca5bf1bcd1d7c8152a
74298.433243,13668.841888,failure,bbf99c7229407ffb1c3832dc597044251a03ba323a068c6305bda3a02b71721f
74318.350207,11981.647618,failure,287649625a217211d1e81d952a4e1015ff9ec68f1cc26af8d1bfb403da2675e3
74338.341118,10651.997157,failure,bd3a8ceb696aa781d49c1f22e97821f98787b847693b2e6b1edc98bfb5996ae0
74358.735581,3592.989189,failure,4e3b571a8e0be8952aeb7e656b30a683256ce7e539378285bc9c0275f5f5ddfc
74378.678783,10444.598144,failure,8c78c8619aaa7861746d083696fa418786b13112c8bcae7a4b33c71e9cc800b3
74399.137084,14660.666765,failure,e0404245dfd75e5b5019f1f7533b7acea8338ada6dfaac94f4e33190075ef37a
74417.473578,10572.395883,failure,284f9e4d2699e91f744d3d9ed1919c9dc6623e61888b93ea85f2e26b4d8887d5
74438.871960,17892.941193,failure,fdd8f1fdd5d829b1e091d76c754362057ce0cd6c036afc6b078db71ccf662075
74459.253649,13749.018940,failure,5aeb3869b4c5a222bb6a426feecb7bac85f21884325134897407276d1bc355c0
74478.638524,12259.625633,failure,06b4872aac5b820c1f7f9c6ba2afc091494ce508715d05664b1758f4bd4a1e9d
74498.995358,13917.335436,failure,4312158868a7bbd213cc10bc834cd03e4063d833ae83e3132f21daed3a1483d1
74518.316494,8484.969233,failure,ed957cbc046a28322ec5cc4c24b9875fa213c259980bf1660ff81c9af5368b43
74538.680742,10861.060655,failure,f921f16961f3c7d1815927b2140300160dbc405c54cf83d733ea524a0dfcbe3d
74559.030633,13639.869205,failure,ca141ae12972a54ccf18abad31c02e0e0bdeefcf6d57c881aa07fa00de823724
74578.367850,19424.907974,failure,b07159526a96f95fae69344799933ca2a2394d50d17d2b990a4fd44a8ce1dc6a
74598.702673,1070.894111,failure,15f6e895b9cf75a0cd9a691302578872491916c7a09cd34ad6527452fb4dd4b2
74619.300862,19793.066076,failure,6bc5917784d79a3f0f64e9fe32c55c45d895e73b19734256772605b7e18464af
74638.752268,10883.945143,failure,28d818b2e6225767540dde58fcaf47554db68163a92b9a8cab06b23068789965
74659.277232,9367.999029,failure,3de29dcc3ad4537cb53ac1b39d1324b4bb0f9a455890eb4e19d4faf2be415dbd
74678.706418,13899.606898,failure,b7d7be5621ac9931d49e44b0cafac3e03870bc47a24d22c25c3e7fdb588f76e2
74699.141736,10616.165670,failure,f3d9c6444573753b5f7f6ef37dec5d1b54e55976ab7a6ff1181135d9bb47fdbb
74717.490362,10272.618079,failure,2f354ccf2b77d3204316a38b08e9adb4c9c23e3f3f7853571fa930ab214de0ca
74738.897791,4096.443037,failure,3e95ba6050ad037892ccf7078124fde1452d8bcadf5700f1b5e69279a0d1cde6
74759.245678,10651.076112,failure,e7ff557ae5387daffcc2ea9e2d0ce249a192db95bd58067e1e296e94cfab6ebe
74778.660869,7159.593176,failure,9796b3fc4414d56108c9b88cdab94375f1120ef6a7a87c6cc04642f139c6d952
74799.014366,2595.792925,failure,4064872e6270a2605ca0efbcdc402aaaf5b731bb5f94f81e442d66706d129b48
74818.312841,3173.203020,failure,2a1e5dd0b9a1b3c250b3a6fcbb62b00ae7b1dd8b984be04e432c7a7783764f38
74838.417992,8626.845294,failure,a5499948cbc5968c469274c7902253f577515dbfa10a9ebd67cdbe4b584bfac7
74860.055334,15374.250094,failure,11d6b7ca0a2ecdd850ce5e943f32ebe9454e57ae3fa375b0bc5434312719879b
74878.803626,4860.168007,failure,563eedcc9a0fbbf707acc7c11b59ef56c49e4e1f08a711aa4e44adf6a06ecd17
74898.773517,12451.542364,failure,dac2c4b8e17845dc24eb54458cffc3045453b640ae809515a1f7003ee657bdbb
74918.674061,1213.629092,failure,3ae274405f0a3d5838c4617c2fa969352b2e09b1122df76bbd64c263c13287e9
74938.571139,12643.723192,failure,ada010750e196877edab18074ec42e30e5b03db665fea27c6cd9a62b6dab7e84
74959.003321,16831.261228,failure,6a49fcccc4cda9fbef5fd9a6f5b6365c6d35e79fb4abc1fbdd84f85692eff46d
74978.669634,14604.636688,failure,5b23525d06081791ffcabe2c1a4ae93f681e8c1efbe8cd5f9dea430033938cf6
74999.110342,17332.263672,failure,2c1abee8f3dcc345ca59f514616f1f60cf42088215781ea129720c46d82cc1a5
75017.704641,9055.574416,failure,c23508909ae0db4bfed3599198f02253190012932ef80da3d1303b4c9fb57197
75039.261224,3694.032851,failure,41fc8123fcd0fb1fd044d6df3ea690ee4088c2d6e4844e9076b468d43c80c64f
75058.394244,19354.201596,failure,0e83d43c051600c0831f42146b721b39b5f3ce6ddeb9fb9bb20c9a1767838503
75078.373924,347.787828,failure,e77a9d8b9e6817fed47e70b3fd86e828f64aebb861c8816fc9e984589be734bc
75098.801648,12400.879050,failure,7f3b43bda1148adb19276b9235860f098c302eaf02432a93cee5a92a5e15fb4b
75118.690933,11164.602885,failure,91b88310feeaf839958913f796376027f224775acc1625378587d7ae370f6b25
75138.695370,15624.585580,failure,4e84c7c3f77359b8568690c57af14763a7414efbd58990fcf53b64ab9215bf50
75158.583012,12731.041121,failure,98b81d5f391dc087e4863087858a5e4d8faaed05fc90ef7be4e00c4ee43cf702
75178.992234,16469.312319,failure,06865d92124a8be531b6e643fe6339f21f24bf31aeceac1d8c45de436fbbcdf2
75198.406064,8736.872939,failure,439dc2225302c8096a8e9dd60dcf0eda202d6b4214616037be691a1ae7660410
75218.882470,11013.058271,failure,2b1681b8b3e7d2395240983cb9b7df315a9e3c531b6b8c3692a6778566a053dd
75238.348265,11327.966567,failure,6b9aa86370db798715084812238fea2860e8e6c53da51a2a1be40c6d20c6fc72
75258.784847,12940.335818,failure,76a8ea0d46c60299601bc1691575ef2f813cbffa5cc0dedac35adb8f72519b43
75278.381163,19263.943058,failure,a40e16129b89cc2424ed7e33fcfca73b57674ef781a540431c4745d8e698c5a8
75298.612227,11590.741432,failure,d97edb0ef8d57e0a382e6be580d00437452086657b442cfc8af398f6fb89678e
75318.400536,15643.628581,failure,be8c74f858e2aae4668bfb2b31c64c437ecac4316c4baac8bf39f2b2bd4950e4
75338.762492,11227.995036,failure,4641d4af89c5ae7bd58329d5a99e4f5e31af4d372d3972680caa4abd2b29c181
75359.045672,14558.235841,failure,c76e8b74a07998367e74fafe47d1abcce52137c9753e2fd0a4fecbaa138cb930
75378.763071,16528.495103,failure,b1deb0388d4d170b068b2b2a6144b1135bf21e9272eb2185805f131c87194c4b
75398.793335,1542.082126,failure,325768c1bb3d428ff138316ab8ce6aa4474e042bbf931af16eaf7a5803f7253b
75418.386575,13411.917359,failure,8f44891bf9e33a045a6cdc382d25906dcfcd38463479509dce77a2ae6a05944d
75438.552890,3499.731482,failure,e2c177471f98bf74271adfe0340081fe693f9ee0ff3c85b52815cb0dd4a5a287
75458.638517,14452.883693,failure,ea89f976080271a513666ecea238649d524afe22110d64acab7e92042b67c969
75479.126153,16505.132079,failure,fb61a8a049c0a4ffc3353dc16921127dfc596b0fa0522d69953edf37aecd9636
75497.896237,13710.268754,failure,a4d258ef3a3d8155530ec1d7b429263fa8ea2a60b2050dfe3c2a0ace17e6c1bc
75518.588691,12458.559693,failure,444704ce1dccd82e01898b1af23cb52fd1eeab9bc1cfa67e50c0d552c6bc01d2
75539.002672,11969.289253,failure,f655620a655353ee274b9e7d7cc11484836cb0bbf8cc57d0b6370751de6ce1c0
75558.357503,16193.919597,failure,e69fe4704286da4e14d79ba8e2719c85a8142fb285097a66659093321f4ea699
75578.346041,12311.060701,failure,d32c612e4328cdb377b285bedba39308d0c6b6cb9445af27e3806ee143f221a0
75598.342674,13423.003831,failure,5dfc12201637ef3c9a72cce91b710720345611bf00c11a20047d6c6d6117f657
75618.723343,8378.587114,failure,c06d4ceef585f68caeb9d685b515ed362f2b8c827f63f4168d3ff8f1341a4ae4
75638.357509,13067.921798,failure,2a9ec2219842c9460c81b52707c7af92b451220fa68dcdae51f559a84ab1f049
75658.857138,10610.197264,failure,80a901849a4dfd39fd4a5a05db9716858e476d7092f31b6fcff39f12201931bc
75679.008425,14238.525453,failure,54232d6ed312ef97c4dded17e246a645a5146faf2f523cf7abde1b2b1c405dc7
75698.380137,15425.599785,failure,3cd8d287bde82d43f007b879aa7907d3cbda6c46aff91f01088e762c2e6fceee
75718.345672,13970.955705,failure,bd76244011f8eddfa796380882e41f254fa53d3e6f1cb12b1c79352b606f21df
75738.698551,15931.590107,failure,cddbb80d7dd66300fe678dc02dd4396e2e2ca0b83025f91e31781dbc21ff9f5a
75758.747670,10499.820772,failure,e280e7a0c9f6ab36e095ff3f814f208561479ba13cf84f028d6c26df87afefc0
75778.711172,11589.617870,failure,edb684cb87933a36d447adbd929763bc6bebe418c648a60461ddc1795c70804a
75799.222913,10776.026832,failure,2b13f8c18b8f4f3960f19be3d2dcfdf8a826a27ce699d2619cce3bf5653fc5c0
75817.673950,11196.543820,failure,c2fd719dc5baa15cd502cc474d748c5a838a295aaf1d13641d10241ea8039fff
75839.110343,15671.145301,failure,2babdd75fb7477b2f000c0f973e6b34f6834da26a2d3fbd36fcc8196ab5f7225
75857.651195,12341.888052,failure,4cd658be8232a90ea1b06a2c2839e74789b99bd7c808b1ca9f6517814e689df5
75879.247444,13328.466165,failure,ead93802479ec8fca2a98888041f4d186eae490dcda37d348e3f8f09f8020b45
75898.369406,14417.919347,failure,49bccd4e8a9066d92281490cf24d8ed84662a47b207efca11e1359ae61ac307f
75918.714881,12441.221085,failure,f25e5ad74166e94c683788b975fe6a09ac48ed9b0ec791c08281a7357ab31fa4
75938.744193,10913.667611,failure,38dc65e60f2572b44d8eb18a61f611dd2f24b26a6d16fe04654e13b3b0a3d9f2
75958.772444,14226.511875,failure,2786a88a1359d9b9073db54c0b94e9babe2b7e8e67a111ba3fd1d21373e0f078
75978.690462,10802.109227,failure,05525beb5af8461a8fc0979043aab6aaac531e1373a2579300e49c5aabdb6994
75998.676956,12247.785485,failure,803b480a4bdcdbc4320e030d184ce92d2401fdfb8afce1d9906022036cf0df03
76019.211750,13995.097513,failure,ffa7065ecd24b9822731fa44438b47df4b2bd39a8e7e5824de7e2c240d1d834e
76037.768220,13427.508390,failure,d619b56a144e24581971a0acf430c844faa21adb06fb142fe54c78ba4f4d9e7a
76058.779722,3679.514624,failure,77032144536c741fb8fbdc210eb7bd3b66e831e74aaf896ea4520a24ac02a7ed
76078.405702,3328.892486,failure,306703a6be6c7143aa29abb9ea4bb335303000c2bcbe4df869f3d1a5cc413c55
76098.416731,16452.127846,failure,bc13ab5a29f987e7de5e7fd3d60617e7c5020ad9a2e0127ca921514184235d6b
76118.377589,15814.891232,failure,26106161034adc8615f27ec6bbe500029ca17a2e5f610417a6a41eae7edd4bec
76138.691588,11105.375280,failure,2ffe77b7b5fab6011459779db055c6b0b04590ad8e19b0f5b4ecb4b39b8fc9f0
76158.403969,1366.930666,failure,0baaf528aad69f099d34743bd14c5d52eb72e62538a1c49ce2cd28f13bb09f41
76178.853708,1613.969954,failure,d66fe644078cbf980d302a57dcde19e1a2d2a508061ed73e74d3da08d6cef5ea
76199.258304,11689.699741,failure,846c7a1ebb7b3dceabfc22f5294c193a769b41b1e3ffcef6186be12f85b0bbdd
76218.645296,13270.989931,failure,fd3e9b6cee643351bf7b8c242f17cf989d7428f822a82d5191486332e5452852
76239.011551,15688.240481,failure,551add0df9efd4d61a116dcc4cd7023358c3ab0626b7a50065847cc5361b9872
76258.349222,13651.993244,failure,39dc4f7668c4b34f21fa7faedecbcde3c1229da501fa80afcf5703accd33266b
76278.770649,18814.515798,failure,2b49493b80c81a3e6e2b369ce7ae49fcd6fd1915e803b2b42c481277b3fbee4f
76298.487899,12712.799640,failure,0200f0a2b19b8e3427241c8750f022067d67d7a94ff1286fedb4892777e51824
76318.362299,10695.366380,failure,bead36a1afb5206a854e476b9d736e0c664871ba6453ee945a9f098b3e596baf
76338.355998,12225.984901,failure,fc43688efff27149e88d47d20ba7c31a9ea46d0fd199e85fd77d89c8c8c8bc19
76358.353804,10512.964555,failure,ec0433a158a9f956453eb45c6eeacecc5534a9992940e72ec48d4cff94f4abae
76378.619344,15113.717596,failure,2653187f69e1a66d7d118507cbbd7226c2bd489aabdd0d1d17baecf31bebcde0
76398.805548,16249.473529,failure,2af38f2718648dbae29d7cada1941f6c9cc226df3aeaa479b2b3504ea94d25bf
76418.725892,9180.935327,failure,d2f31c1d4aa52dad727017f303deee0c3826c19620e5469d872352919298fa2e
76438.654010,10126.689442,failure,582fe2e7068810eff694f3c827f1d14bab5f7602e9e7e192b8ed357f1115d519
76458.704725,13330.578406,failure,66f7b702f6cdd60024452f027c9bfdd8faea9ea7ff53696d31ce9fa53d7f28bc
76478.887762,15221.079513,failure,9b7b69de3bf39816e96ea6382eb983f968be29dc3ebacdecb41979f76ae084bf
76498.683347,12708.045127,failure,179e64049997dcc4894207d5963f788cc72034d7219384345b931a80f1952045
76518.801625,11369.926387,failure,866876b7738879e56f2cd3ce28b8376dacfe3fe39a7314e6a78f11fdc415573d
76538.358450,10706.149951,failure,7c9c4ff84ecb99e932562de0f51869b4c429ef9493322821b532096bc77f9708
76558.509759,11329.992196,failure,90f6c7d1b395b02ebe7e91ec9d4c95c567dcc5afd63dd290b31adb28a39be7c3
76578.312948,4588.990342,failure,bc2d5349cb6779dcf4a0e662e496ad7a24063dad0bb3cc05475d2ba579e6c747
76598.411891,1999.320486,failure,870af3d19cdbda7b67cbc566e259b672ef7a3388f7d1d4bcc1bc6ad62ecc60ea
76618.331854,18293.975976,failure,5e5b977bcbade97114716959461231de79cd39061fa63fa2d2e5e07422489fbb
76639.178083,3257.126190,failure,b14550fd1139dfcae7b5707d40e7a72490f67191506b1f8ebfa1d5f44b1f4d86
76657.563140,5018.718847,failure,dd24b93cbbae17efe8c930478de952240a82a41df2042f3a84ebbb8be1d71d76
76678.986782,3980.333807,failure,d1f8bedad934e8dacebec8b95a96dad9d29f9dc4a1e02131bb463adec88dbf56
76698.276325,828.675318,failure,e463e19c51facc6bcf54e6f6d0739bd2c3d6737c4b9be0748d74c85623501b52
76718.471916,12854.858412,failure,3fbad43fce0f15d1f28c9a96b999a549f1163c4e02b8bb7979353885a4ef225e
76738.975965,8316.348784,failure,2146211a4077e7288138cc6dca4d415f39762a8a87c0360516f9aab0505f955a
76758.302055,15128.682125,failure,86789a2949e7e2ca5f09c344ddb1429a87c2025d201ee84c7c479e1d4887220e
76778.674191,748.497858,failure,50f1eb7d8163cc3327946594a9ad9b271e91fcad1f1eeba4cc8042030ab8247d
76798.643395,13746.972126,failure,b1377ff8a8f74ebe8a39b21cc3ddf788de34b0eec4cae2ff1ba20ffebc2fc41c
76819.166539,15804.849661,failure,67e9ee4b3962db4dde1fad577ac3925788d26648cd9929ac0e6a280097e31f9c
76837.354883,15493.784028,failure,4e5d3a33d1c2235b334640b8c930870f8fce5e920b3b476ac1566e24576062f4
76858.659998,14589.689515,failure,dcf7e9801d7539c86006f94b515be279b392041fe176afb8197d67c857cabd02
76878.649169,16178.678978,failure,c361f389aca085c3df987c5dde135775f52bc43ba0967dc7136fb9e1fd5536ea
76898.357312,14582.361567,failure,1e221613a88c628bcc527266af5170ab35030f93fe22b4dd6b5d96abe36e721c
76918.666963,14061.603690,failure,59ac44544e62461bc04fc18e0fec081e68e4787a22dfc755e3cf1188965cc5d9
76938.404330,15103.935104,failure,b6d2fc9a0a7d00e3e9bf1c9a67b37dd1eaf2a9d096f555922a3155f9e95c6d61
76958.418457,15550.871396,failure,8e4647aebf6cdecc0495088f4f14d88cf7dd689b0ee3f1699d4b5fa7af3c1ddc
76978.356453,6947.913964,failure,5c8d434edbd8c8bcaf956270dbbcb4d8b47933bf2018c0c543e842b35235805e
76998.369137,1.956774,failure,7256afea259eb1d20382d1432bc8eb9c9985ec60a5e0e156567ce1fab06ce9e9
77018.357597,11180.972564,failure,6d1c2441d2e37034c68b606dbf0fd58abd0551c183adb8afdf8cf9d7a8aa55b9
77038.364771,14439.930701,failure,7bc60e66b8e97e72dd983889e3aa47488ceb2abd4170908cb9c9750f217b3442
77058.608491,6732.184238,failure,2fde6e84ca3160f598518427edafc4c85fb81228d8f101297572782e1ea6c761
77078.688449,52.628409,failure,14b08c0681e34461c3e5c93273aa1cd6259b23d9dbe6bc492711a9d3ec5ec747
77099.121357,61.981005,failure,8bfe9f9be1a6ac78906bb82a4fde9629df80b7c826056cda1040edc928642da6
77117.840810,15505.868063,failure,acfcc57e8e09f1bb1ef16b254b6e2f947958e76fac2654022479fb7918d59333
77138.764815,29.990842,failure,fc692d5d614becd7d0cae58c0dfd0006bdaed020a35f5d965d5641b3972978f2
77158.650577,2.704531,failure,8c9ae604677989c5a4234906d7f6cba573d6cc154d87e3342ef93c3c30ac009d
77178.684873,3032.606812,failure,862b03081969572e226a4cb0064bd60ed9c772b3e3e91aae3c9d59e487a908fb
77198.595611,14635.988878,failure,962840382121a68c77321142aef690aeee6f826f8727f0e81aaee57075c4ddc8
77218.454724,2907.898000,failure,6243f0192f1f827182ae81f0e1e3a1d63aef07c055546217424a1554ffdb1651
77238.966460,12686.297633,failure,47359ee49a98bf08bb69d21b3d0c71a25799288d337ad155689b5691b33da656
77258.359234,14867.928274,failure,20f8ab87a156c99cc7adc0f975139217c8d663c1aaba0dd8c2d5421c784604c6
77278.762239,18943.303254,failure,9bba77b2ce154e3ae1b6592ed4e4306b497f31a35be5c75947a9de46d17d8c47
77298.793940,64.554315,failure,41ad406a9999a20856bd28a135307e91b01c3351170d5dedf5c24b373ae9c01e
77319.251245,44.481549,failure,7f3a07c27eaffbd76094fd30ef04607d1fbc497ac9a426f07221518f3fe3ec11
77338.685936,18214.641720,failure,7cc31f000013cb7f21553f9286fbf809273b856faac237e9325f3b3bb4de15ab
77359.109820,16472.411375,failure,f073450263fa175abab40c0e6bf6fb17854bc2b0fc2d20fda08d955605325c30
77377.728128,13783.833987,failure,f8779a5931c3159bbfb68bde062e8d8752a83acc5119ac0f1c149507289fe86e
77398.668482,11890.599714,failure,2693b83e6bb29d05aa73b7596a86060448175c0a82be28770ebfe806c566c12a
77419.263240,15749.037502,failure,8c4f8132448d798f365631420d3dafb6be5b28c470ad1beb24a6dc73494cee76
77438.737134,16717.666372,failure,8345bd1ae38e9ec4a6db5746b0d0d7209fecd3f5d154a2db05f5040361e94e12
77459.130161,1881.008541,failure,8154cc34af684148f5d54693b862ce6e1c4fffc8d9ccb63e18ec981639fa5771
77477.595758,14295.686734,failure,13405de1732accdd85c963a1faba94c22a1a7dbbbe916c35b22660636854fd90
77499.009464,4608.097360,failure,e73ce951fc16ced6139e722afd9261b6ae0b0f9652222c80084565747474e0a9
77518.351044,11688.917185,failure,45a5a894ae51ba26e598ded5626a8e5c70a27b56b16fe36713b90209f1ce29f6
77539.101729,13968.447597,failure,dc45c41795078f3d9fad7d80504867b1447875e11e96ea72f52620e90290c9d3
77557.552599,14485.039741,failure,4e27686a807e90c0bea72e45b1f76cc9635998db8dd7cbe177e2171f9e2e970f
77579.008513,17844.447646,failure,b0de8cb0cee2bcdaf845ecb747827d285b13afa8a519eeed25854f2c3a269a39
77598.737286,4554.565637,failure,a414c40ebfebc6e7c1090196c7b75a50cc9c51bf106f4420fddd096b81048b09
77618.442145,14354.825692,failure,980c24df2c54daec6b73f20b5c24f7919ed98e516c54bca0080b0cf3e9c5b21b
77639.231241,13938.018801,failure,8b890e8f7a6514261cd09cc2199c1b609bd6a8d72a4c055b15d8378e9d9b6505
77658.700907,13078.591930,failure,8152bab283e7937a86166bdbefaf35c88bb0a7fa2008dc28965591a3730244cf
77678.368948,14029.903303,failure,edfbe1cf233d294c766fb70f79ec0644a9736b930145ee5330d27693eb376ced
77698.697837,13205.598746,failure,ef7bf10a39a029b4c4dcb20d80b47f871cfc2586d14b343e8224fb4fc286632a
77718.574803,16411.128528,failure,2811ed9bae8b9f6a8643d690bc6ff2979ed86eddf710e483ccf66821be7f808a
77739.029673,12907.243337,failure,20c368d84605f7b8528d40bce887ebdcbe18eca58878dfa2b7940077fc57b602
77758.391691,4486.889656,failure,7a4663efc95c7a6c5cee48cc3b930283c163efffb62f42207b59608e18faaf79
77778.365636,5266.896476,failure,a5f8dd4cd161891232a6bfdfa5bd55809b32d3f77386d6bf425d0de53d70a784
77799.250037,12545.041070,failure,729d32de420b7c7a7a804907018cd47f6f0897b217644749c27677b82ec8d4e8
77818.834204,16671.788238,failure,dc84c69e4281b597a329d925688ba522073bec5429cba615b66e5292137ec457
77838.372056,13286.506412,failure,57d25f46bd86362e9cbdefdcf1b7ebcbbedb8d0c4c8be39620f9088268fe88e6
77858.766415,17563.816855,failure,5820dc1b19eb77e5e49eaf0d1dae11dad52f3f1f68a43bc5c021f6dce8b3e2d8
77879.209944,15952.087409,failure,e80a2ecb00e500937fb9d78599876bfcf309b8a7ed8a11205e3131f78cf9c4b2
77899.477359,2047.811699,failure,8aa93b7a351bed2c88d00b92a64b8e4d06d28fa9d4b9cef49a0bd7cb9167c026
77918.738151,16458.547995,failure,62096a93bd9e555329aed8888b9c9e9a84e5432ef85a813c1da875979bf4b5ee
77939.289869,1797.598487,failure,7f0a499d022fd3436e530d46ef4994471ab4b6ad53d275706d2222e9feb7d592
77959.137692,1865.187428,failure,2cf4d24490edc002489f57175885447b06c5154945c4c8ce1c3722c406fec0d9
77977.537999,11230.396918,failure,98ce66cde3b738bc72567a3f46bceecb3ed3c69a0c554e2de82b5cf6b49bbfbf
77998.726330,15831.881512,failure,1f95a3a8a6f36edb56e5a64853e0b0be9e65d2564c48b03031b0e630ebf496b0
78019.004034,7834.299054,failure,bbc09bbbabb978f891b77563682a50b0e428a0aa88c6419a6dadbeee12127316
78038.705216,15792.139963,failure,16580b745025f2a8e300069dc382e6c8a9718a3ba274188320872728cd76984a
78058.760471,18541.162705,failure,aee25be91d00627167b4cb0362670a18c07418f9d47d6949e48f74247eec7ab3
78079.255255,7133.071730,failure,bf07b037d9d1c42393d0b5bb5e1535c56c542afc5b3b5db9bc573a69ed768f0d
78098.400703,11215.913407,failure,e28f45d777829e2e890f6ee8593279010d43641484da15990ec6ab28172931e9
78118.749169,15269.537820,failure,13749fe2fc30ad65e4809b090a5c89c114ff41bd3c3d99b8a4ae81f33a9da46b
78138.685967,1046.601406,failure,7aecd25abba1ce82f1133f797cf60eba855d4461e10b0bac63b632153ec85ea0
78158.377724,12696.892951,failure,4f196f31dd1abd4399fc9745b5058b04085d9f496bc0d06fb0d66bb1d3cb25d3
78178.374192,16258.934971,failure,360093d7fd2f94e5648760b7b85b4c010cbb786da1465759328e11b707db3400
78198.368446,6939.901537,failure,445877feaa3e1e763f086e25d6747d27242e51ec56b18ac9a4e7ae1880c4c39e
78218.780560,15786.503306,failure,5f2fd080ee83374260526212b90a37b1a6596fdd16d36456668674259141fd04
78238.369297,1595.287470,failure,3e976ee92d29ae00002f52fe57d6e3a2e23655809ce923bdfc78045b8488ae9b
78258.704750,1714.627856,failure,bc041f5f15d33fd7f17299b10248ce69c986f342c7b8df3a5f15e8906caebbbd
78278.360069,13159.982963,failure,eba23022a7d386751b9b3dbc7b9426e7f9a7a4d2ee4543c63040fc328e71fcea
78298.328275,17303.950654,failure,bf28ff7cb45d275357fd4d8fd306c87a6dff3ad3748394fca2992fb8d490e0ee
78318.724009,15511.613194,failure,c1494906d933b65c29556a82365970b9d5b9c7da22ade14f04219cdd8b372f0c
78339.118851,17532.156649,failure,96dd66968b92c56d72699fc40444b1cd1729f86ca28f10ed802a57848cc443f9
78357.429344,8373.185480,failure,9a217430106d2ee7a5b9db65af9cc120dbc1b247a20d0151f9a34cba20105861
78378.793952,15549.068004,failure,18d0f1e4255f55ae6339fd3b1fc2f572177a9e06c74d2a1631da0e11e783fcb9
78399.178214,1338.652919,failure,281336d98608663300c6bcd67d63ab778f2675553d4bf7b42d5d0e4446d19226
78417.502142,955.758024,failure,8f02956d799d0f20430b262ca112b5336696e08e73405f89f34da450ea459494
78438.856230,65.446335,failure,d992ef7e98e09f096e0ecf3827f0684bf8a1cdb2684e2af709403f31b0e5db61
78459.213102,45.297786,failure,22fb761c4d766ee3f14338a8198f431c3e722b5e321d630e439022896cb71abd
78477.518155,8088.097208,failure,d875e954195847e0482b73e21a476a7204140173cde79a27b3f44d1808527f9e
78498.872975,8218.427307,failure,41573c61ff6bcc37b2da120d680aee0e2d1fe76176af8faca7e7e22ae04a54c0
78518.841361,15408.794037,failure,471725303c6f3a1273d0e2c26f70e6525f5108b522401f41c8a0948ff8d618de
78538.377041,2502.960003,failure,fb245f5ac264a18175d3b7bbd99b4a53b506de5215679b4eb3d9dd4a1451674b
78558.350056,11871.942430,failure,2030594336ddeb37596194b620006d32769d4cf72209b4a8b383878427b59b6d
78578.973438,1565.539015,failure,9c462bb4507110e561bc8d33dccb103664ffafbe0bbc9b84138c8fc076bdab94
78599.175595,10322.099931,failure,c0180183e8b32fdcd904c5291d1e1c08d186d8804d13d2dd328413919e42f091
78617.722664,8254.553520,failure,52fbf2828935f8e64fedc29032bdc8fed2f76ba526e8ff6656c4a7a7055deded
78638.930192,14736.377805,failure,d16d255880dbdc02e2053946cf4a81cd27a5c8546c19cd304694b78bff477d7b
78659.262239,12807.055308,failure,2850d104bc1f5060090f8e1ab93cd2cf37af22b23374f4ddad76037eff054779
78678.738338,12148.554668,failure,42ad4302ae6f4bf0959e04676377433b5705174e3db4a4eb258cbb921f3e3f14
78698.682520,16032.604405,failure,409eafe0fd3d596f67811ee5f35a8941531668e76c654862e70670be42d45c83
78719.189338,13662.081990,failure,007a52865d94ddc60fa59675bff9fafb283b81ddce27256a0f8ee74b783ce43c
78737.901301,8148.748516,failure,84b6e0f70465b930ef9227f212da7879618afcf4bbe3d72bb30ed8e3715f9e2e
78758.673067,14070.635889,failure,1dd3dd522dea10c0d932d368a73788c26992e5ce731dd6faf3c23b1144436563
78779.199431,16232.125381,failure,c3170335a84f063fcf984d05305b7260118c9e516a94bb8fd3b5973492dd2254
78797.519932,11377.831822,failure,78a81cf3dc93e2669f1fab979b5c78ac6d5ab90efba566b7420f11874a947e95
78818.378107,13904.918342,failure,05174b37ef2c9f1bf2e672f25bb7b66ecaf7ecc99bd33b288dedbb1afc2b3d88
78838.814846,15573.314845,failure,3c8dd5e316c11bd4c6b944caf17bb8218f4baa54fb31aca80e2828a1dfab9da4
78858.417499,3.890876,failure,14a96ba5be7a7dc85d199ad2c5298ccc49de2b73fc57e50ed8bd290d8b523eff
78878.749565,2.448810,failure,a3f7f442c6178b64bd9a3a999f3447730f9f13b45d89f0678354168149e64359
78898.631062,2.527725,failure,422a84f0b0e577d650deef230e1cd3c0c68e06fcc33d27f49e835c41374f5e5c
78918.577447,2.429695,failure,3bfc66e8b93a80ee8f1c4fc3385a728fbd90a82366f23e69e9d6f9c2547ef434
78938.572483,16855.704262,failure,a7570968f03070970b8b4f57d95874d7d1e30db339adc592d77799f8f0022e54
78958.386335,5.899866,failure,a383dac0de482885f8727cd9c364951a26257ac467f99f718a15c4fec8396558
78978.710396,8910.478525,failure,e3ffe1d98f0a340b4da94d2c14264ae1be26231b65ec7d6734868d47531446f0
78998.440674,2.423023,failure,cca099d9b540360722b819b545658c4e4788b6d4929546676eec4997625e6591
79018.470704,2.433472,failure,356fc68f36eea1ed8c4ee0240181f74a405e0b6d2e7cea2390d7995c96b89e17
79038.331312,4.942332,failure,7d74c04f03bfea5c1f73b5ebd983d94d69ec07df4578f00cd9b3c4741624600b
79058.689807,6.579337,failure,d882a02b48078d5b3cd85c7772497575938bb1df2b8c018578f4825ad7b1e794
79078.680043,2.408206,failure,7cc753fda4c4b45038a2332a600cb9ed6aaeafd7478c10bde4ceb5338ff8154d
79098.651856,14277.081705,failure,61457f3df762bc8937614c047abd40e9921ae1fc29ab70f9391eda7ee67e85cd
79118.663093,12042.643882,failure,b5b6d209b4704a7491b96ad4ad701c8b6ce0f4f8a9115137c6ffc4ae0addd4b6
79138.678057,14741.422437,failure,aaaaffdba4fb0420bb2aefa8abe5b01e47599be74612eab135f78996af6ac527
79159.168487,11965.053041,failure,020522e4a2ae006f7c61406129e4576598c0c2c4b7b1377b0b2a0c4d2082909c
79177.796827,161.181618,failure,06d77a003431a25f91953b6211bdb32d22e957ee9371633a9b95323d11d7c8be
79198.658901,9009.867697,failure,0cc5a39debf5a2411b19a8e97dd3eedba699660c1732977e3549bd10a7ea5acf
79219.119616,10783.171530,failure,2452d3159af2fb14cc48bae607b7f06f043f652564dc492c862f859b36081179
79237.432796,33.204757,failure,f33a7872346083a0db592fcd58d2fce7e230089764b50cc2f7a7ad07a260aec2
79258.783730,9948.241671,failure,82239e7aa1d7f18f4e161853421b9b9c76c038b21ed03c1ab8bbba8f0a83e1fd
79279.085473,12565.190257,failure,8f1909e143bfdb35612f1fea798cf73d9c8de6551b67d4e47c0d6574daa1db90
79297.686383,41.556780,failure,9625f5deb6bef5548e7a3052ba553957d319c7d813c7e9223a3e49a2743e1905
79319.177646,20.287195,failure,a9db774724f8624278882b706df2e4b75d2588ffc384ac268d7ece25931fe485
79337.537652,14253.982856,failure,14456a0a1b65bd75de782f32e2c4af756975c08b3558d5eb74c8e61f284d9b7c
79358.712502,14493.550654,failure,52a813a09b49f216bf46e5afe07b98748d25b6febe92d4c2598012def79dc2d1
79378.412195,12318.855996,failure,718390966f199cc91428ca90c42ce73607aae19d98feac1120c9b77348b6e5b2
79399.325584,12349.956075,failure,07abfcdc3dda34ff54e00b7ae85a5c766ec7449f5d98ec59c9054c306d8d46b3
79418.720707,10338.552096,failure,bf93be150d2e33a9c76bfd4bfb715961d163e2118d21e0dd12a1b85b55d87516
79439.241803,8758.814701,failure,2c521d45d7b97805040a3fb60e54b4db92a674839c5afdf59eb37a638c5e260e
79458.682880,12281.719916,failure,7b76d052c08da80de3a198adb7311fc9feaa4b5660fc43a722566f6e3a4b031a
79479.077884,11476.576555,failure,48fad3c97977f6b3b9bdcb5f62ccf5486e6c797cb6d71191d81c282eb8be4042
79498.355210,9521.591325,failure,8f036acf0554d04d889abab5be47308644e01c9d56b5ef6876f510f6256ff0d6
79518.366737,14893.020906,failure,2b6eadef2fe2e12fefd05cec9569ba41e694658d654c8ed9213423ad278152be
79538.775427,14601.640520,failure,d9ea48ddf7382d696cb64b0564c996af8eec60320209bf3488b09a0736463f48
79559.255638,11031.045523,failure,57103d7c86e76d282b13f2e7e34cd761cf549c0307ed8e2c98ac42daa5899aa5
79578.680865,12357.572666,failure,6db8d529be3f8959a236555445e8599f0c089337fca9a8a69ccfa99ec6a36d1b
79599.232618,16624.360522,failure,bf7c62d870e14fc0e66380df26738e964e43b47d23403d2f28e8cd28dea14898
79618.665210,15804.140230,failure,2f554ce1e1574c77500e5653be7d2063b7da3485208e952d051eae72ee7f16a4
79639.065654,15180.597379,failure,7d98727458d1f900b6607d3f7f1107c9cd01f66f59f2fd817dd118bf6f348441
79657.496520,15280.803881,failure,00b9318746f507a4c86e7cab12c00aaccb745162b0cf0cda40aa7a399a04874e
79678.890935,15332.759738,failure,c5aa10c77ce8b91f5786cbb4cf5942be6adb7016a9588b5c56ad03153be3d684
79698.303029,7314.908677,failure,f20d628298692ff3a24064bdad2dde904f385e4ff57b0fea5038f69056a676c7
79718.665844,12948.631515,failure,fe5a00f25c828621f802f48fb0f6775669919b0818fddc27b27c38d287fade06
79739.608166,15682.279903,failure,f8b9f1d09e6a4f2836e4347be395c117255e1f4a9adb20df266df998879bdd4d
79758.394888,14653.494260,failure,650d64ea50aa62a09e7819284464c69f00c6eedc88d75cff1d4603ce694d5467
79778.385958,11796.192680,failure,e493a4c38523fe09b16f32af61fcfaa498b55df604c9ca330b3062c072eb8bb5
79798.345500,14579.467447,failure,e0a250112a31d28509b5a7b8866018f8ebb65f6d3d29d9e98d02404d81b030a0
79818.344244,14135.954809,failure,43fdebe5c35c4cac48cbfdc6a19397c6b9d9343d807b3f5c875d76d54864ea11
79839.151658,14224.386399,failure,94b92e2dcb91ddcf18ed77ae429f606470fa7f862295079404ecbb413a371794
79857.368860,14171.935719,failure,677fec86684207336a0f7dcdc26a5785135fef723f43bb9535197ca53ed3b032
79878.355334,4.954235,failure,1601ab7c99101e83516ecfda5d1920776c96dfc1667bcca90661e00812c6ca02
79898.704243,13521.164867,failure,6e81f8d29181f4673b632eadd166323b8dbb4dab105cb89b4a992ac400b5a598
79918.364474,11588.922619,failure,b60344f4e0c1a9630e8756da474d80840300897d2151e5279fdf8bbfe02cf782
79938.410485,1735.903177,failure,f99e9c45b1d3bf344a6f50de4fbe75146a5da1d45e383c5691609381b7c9ef82
79958.436480,10798.852658,failure,2417ba40ff291b6a3df5069deb130a4534481a9482c479096f6ed757dac87d69
79978.760513,12074.503133,failure,701ff10d3bc53b205b8192dab4b448b7cb89763b6290e647610ce957713daebe
79998.366534,13.979297,failure,4d17dd14723b581a596bcefe1378899f9fba8ebe365388405d90fc4ae02c236a
80018.960675,3.332437,failure,7564a578affc334e44c6d3774d970e733ddb7381c6708727468cdd27976e3267
80038.733593,5.548910,failure,bdf39ea4a5b10abc609eda82a10ed42e900165eb463964b4eaae1d2699104d50
80058.688226,14354.175779,failure,6bc9fb8e5422f5a59fddcc0704c4cb9195bf408d1734aefb37a9cfe1f4286e12
80078.679176,16172.605421,failure,978bde81d41d545974aaa6856c0e0dad369df077b0e6fbbb503d396e10abb5a1
80099.224166,11393.615370,failure,b3d1b46a534d95b9bdf63149eabb69d678c0860810eea052789d8a54ec67eb73
80117.353789,11731.906497,failure,bdc75533444d5bf68f0ca69b4914f2574172d5e877067015756b86b376bbeb07
80138.768112,13407.529254,failure,7eb0a90833e7adac715f41a86b1d5caa30da58b09697ca6479a9aa76bb34d5d8
80159.146878,13217.223437,failure,46fd59eb5d712490c2175c050f5d976d711d2a2576b64a2311a608c373c325d1
80177.641754,13262.616686,failure,d290eca00f6a916c6a969b221934242f6ff9920eac0946b659a96dbfba927803
80198.980268,10652.277111,failure,3e9866d8b68a8482de8ba452ff30c253569dfa52cf182298e2f27db95e61fa21
80218.695482,5203.594268,failure,a99a901e975f53766df9d6477c3af74cd61a860ce134ae3240c3a4f407fac21c
80239.197926,13136.320238,failure,3425f90ff30b016cd4ca7a51e988c9e61cf0f27af3e17531f44c8dd287a9268e
80257.369587,756.902756,failure,67a59f9997b1401bbf7b03ec9cfa4665ddc31caf20d01c1ea79bc0a1fab5f54d
80278.373144,3.931611,failure,5811bdf3e2d92d144878498b6a1bcd3c66a923045e2dc5b2c159f0e048a924b6
80298.714952,1103.606605,failure,78e3b029e2868822639b022a737884e9c73c0dc932d08af572583250389dbe32
80319.037795,4044.275590,failure,c2bfd6c1b9d9b1d76f15d30efde8383c737b07c4252270d02d7fb54cc638a632
80337.605275,11140.939577,failure,bbbd63ffc7331801486139007725ec8c2f3257e10a0cb66259b4f0213c4a77bd
80358.676657,3430.973457,failure,0e687e70346b2cb5e921009da00dcf800b1cb3ef1b651e36affaa99e13dd84f9
80378.642963,12574.667714,failure,6f8a5ee6f8d2fa39b4fbdd00c24b4f5aafbb2f7cef6a676fb3107fb045b00229
80399.144695,5.396961,failure,38b12a97372210cb1ef3ab7c4c35432346b07c9e7996ae71fcb548dacfa5bdd8
80417.930187,3.347205,failure,1a3005e6e1efd06cafa15f3b2a9c61783540b829d7ec05a9b99e19ca601f110c
80438.797563,4.481274,failure,84121ee63708836b4622368cf9ad76f1305f40a7ce28f78f609eebfffbdcc5af
80458.701484,1.928954,failure,188215dc4ce0ca93e7b1388581e2ca34b3220262e4892915ed701de7ddfdfafb
80478.571974,3311.998505,failure,dc45317afe10cae81bc5ab12a5eb372c7f2702feb4ce4a9ff46ee4593af2d3f7
80498.719114,12875.890696,failure,26ed22f9083f20097fb4e5816734e68ddf5483e3d9cf8acaf85c9548f9e2e71e
80518.667678,14120.624588,failure,18b9faa531c0305d914eebb20d37f78521fc2a6e3ad6209634940b8aa5dfef84
80539.040443,601.229821,failure,c7727beb62ce56caa4d9357f5d51b3b646b557a81aba372246a1bec644091172
80558.513400,9986.781521,failure,8f2d99299bd6b6f08f30387078b14fd12394efa7432611d9b248bed8868c19a9
80579.012268,11093.265456,failure,abca844f6c0caffe0aa5975a1710b36d86f4286fa6e117f8922ee35ddb79bcf5
80598.355426,35.948054,failure,a0ce62e5deda2aa364cb093a206a8010dfa39ba1251302878c7882844d977cc0
80618.842632,10155.498480,failure,edb85eb9b0281b5357703be3658da4563cfa41e3a0c2a9779dacf9dc569dcd3a
80638.758205,15668.533998,failure,a3c8f9206f569981f8cb2e441e0aa36bf72d5f66237d564b9b0b83d6814b05bf
80659.605213,23.727445,failure,860a219ff9d51087e138c7da2f7fe816fd750a8840ef1506e2c7b8493f35ea2b
80679.025003,4.641459,failure,800d39739a3a4eadb5befc123e7dc716d3ac074d398c8e288123fbd17ed31389
80699.047223,2.529819,failure,e9e5613b718060371a5c0169375bfdc28f96e5b9e041090b53bd72ff67b74cb9
80719.051860,3.209662,failure,85dca1edd563de4b5178ed70a261955ee11e4794ac083f55e102c1b49631271a
80738.677078,2.392837,failure,c8bebb7fc237212887993f89bb4975c7d31e14a0f048075a49f49147d68808da
80758.476086,2.354857,failure,22d7f3ca8545f97ef43bd858413698574944386fdc356fc6028dede5c0eb1bbd
80779.243278,262.388238,failure,d0acaab05e8fcf68687e000f5ff633a6a9a6f654e4019afe304ff8f9804af208
80798.725793,2.441046,failure,8553966d4f3c43b167853eddc326a520b3a50bacf3a6beb0275890c7729424ba
80818.530612,2.424596,failure,73005a3e37cc6d5644c893e468d32363a15f69310c3b0c51b196b5203daff345
80838.335601,200.820395,failure,7767d372e50bd575fc39e376e11479e2f049dd15d7310652e6626f5916501bf5
80858.822536,2.361640,failure,69c3dfaaa5dfacf2de78208ef16f6a439da36722dba6c2177d8961ffdb2272a0
80878.597029,2.393619,failure,7102f17ba137972365da229a5806b2d20048780ddb548baf45857b308a68139d
80898.406016,13513.250383,failure,9be589881162bffbe52528d608c90d2295d36fbd1b102f8b085a23fdee39697d
80918.464532,643.909785,failure,25b86d5efc545640c024f53092d14646fda982e39c09a9b91b563b6b1171a5b3
80939.001640,12463.267029,failure,a896d7a5691c405dc079c3c5fddb862b6c024967c17301f09d03dea068d8e59b
80958.376918,15265.631207,failure,56c1c62adc4b471102bc230a9d3d20470503fc1d18a262ba79cb1f8ec41b2b71
80978.703207,15244.016302,failure,8b83dd4bdfbc7962fb567d9e39d63fd1a1eed85521e8a4f80f4fb4c0e8ad0e89
80998.548591,13065.205584,failure,1b4ba463c3c989fc40d86c537cae64ebc8c46fbc5c4ba648d3f735b22345bfa0
81018.671145,12977.598286,failure,2ef6f598dca94cd75adbb4c0e938497fb536948f6dd0c3e462117a6ee2f06fb6
81040.028924,12791.045117,failure,8408707e0ac1d8d037234ed357c2b9f752824f993e6dd99a6b26dd3ea915c1ef
81058.552764,871.052449,failure,e97c451d281b59ebd5f3b265a5a13b6e0aad8d6fe4f8fc2d83a3451c8a36d4e8
81078.444563,1434.862829,failure,61d3fad661e44de14db58f840df83a62e172afc2cc243195111e086dbe28e631
81098.895863,13990.403235,failure,fccfda6d3d757969b5f6a67a07d0026e1e8a0b806cb37b07b56bc87e6d650b2b
81118.378910,15102.319103,failure,6de0ea885a11e5c9b2c08915048bfe768ec8cdc7882569393563002268dc9395
81138.879172,12235.465008,failure,3dc2593da0124cc253f3a978277e8c3f76fb67b88afd9b240e95d144f6d4a37e
81158.413945,13587.861678,failure,bbae02254f09c1082e30c5b61a93141ee0e710e6b7b1b32d27f33b1bd8a8123f
81178.711233,6455.586910,failure,102051a419c03ad242fd075e68177e31398013ac6e8780a08dce0bea4a337a5e
81199.213248,15022.630116,failure,43a74cd576a2c6faf932973c491e68437bac80457c3a239c5c3c65942547b4a0
81217.751606,2863.397930,failure,3783a8c26331baf913c3606eea63b6e6957a86d889713f37d36af2257436c7da
81238.638791,9085.676143,failure,f4e3572214adaafda133ecb5f4282b25a43fde30d5b50794787d05bc73c81996
81258.434886,6652.819122,failure,fd6dc6d9c0acf6ef7db7ff51476b20347e7480bad57a42a8b7213064f8a8adaa
81278.745879,15608.537705,failure,35ffd08c25d25999ddd6bffa6903832f720b3198464dcc2db2561bf2e8b87c38
81298.565928,11329.306289,failure,7ab6bc655103d1be4d2e61c2f648221c25a8b0c3f1ef2a214a565ba6155e13ae
81318.485380,12132.741857,failure,f896fcbca3794824f5b160d8ab90562e7219d68789e50abc1ba642d906132c80
81341.501756,5955.818686,failure,ed377902a1f01357228586bd07d095531a8e50d456d4fd385e1a179bc00f3286
81359.159282,15850.415021,failure,9b29c10be72d65b4dae2a63a4d4379821e2d9970bd4596a396d82f1c194a1c12
81377.405081,9577.907678,failure,54d00c172d846f419b504f2fa7b6a3496db74b4066288f4acebaf9b7c11c3908
81398.367103,16223.895589,failure,7edf13c7c40922eb1324023270549e59fb3ae03362748c6d090b52cf189e455c
81418.724853,4103.753023,failure,c4dd3f5584f538590dd5758dcbb287bcc6070cd8faf652c5baebeb924e5764e9
81438.439127,12133.875432,failure,a434a8b16b26a8e139eb7fb779712b40faded0e9f52eeddfa7aa59095bf2556d
81458.767913,9664.935450,failure,d02e2911460250fd9fbbf10a2eef193d4b053408825a6a8f7e37916e974c2543
81478.712992,16728.195084,failure,71e8cde47c591de5262a3319180b02ef713a5b942e7938f466eb466513d27e86
81498.420724,11937.852331,failure,4402c709e655ac6ac7cd0fde345fc9d421796e9d4aebe2d522fad730eb1c1d57
81518.375641,13903.749004,failure,62aa43bf15f18d413eb7f70d3557cf59f8a578226a90d900a5dc7c3d9ef95ffc
81538.373197,8871.925814,failure,51a725e0c7af931c29521299d1fa231d50e31fdbc35f5d7a98eec0632e7bf752
81558.621364,420.235301,failure,137883018de29a160728851acc1e99cab9394272bcca7086c665a9b99a319c82
81578.606117,5970.684973,failure,b0c514c6e66fafdfcb37fdb59edcb0415d561b7c1fa0ada623e7941f2fe97fb7
81599.266684,1774.494807,failure,f8e05d625c263043a5713135dd789ac6b758519bf0298318a79b93c33cefa8ba
81618.654917,6271.184021,failure,8f933ebbe5c244e9bdc3c5c82ffcc48e987c56ce15cb3f36910f8691654e6a07
81639.219688,10692.376546,failure,dd17ab5f2e351ce2b40c18b58e271984741a8d4593f0753df19e5a05b47b935a
81657.377505,7997.954875,failure,3392e499a7018bc5ae7c6d96f25e172f6f224d1484239b2a51268f750191ae5a
81678.666349,5565.167770,failure,f1b14e1716ee56fc3dbf82f04f95e008e03192082da7de68cabed82f7b58dd1d
81698.434002,7333.862941,failure,b42449193c82911cb684db99b41fffc662f86f94209cb250ae540b57ec8769fd
81718.903136,5294.589367,failure,ca82ebbf9c4822a368602fc24f30d4feba8fe2632d60323e4d089fb379e88928
81738.307680,10733.331370,failure,ac8bcf93f78ae4d1883b27ff10aa5bdeaea3af06cdb8f00d1415741c7e00663f
81758.320313,16450.860724,failure,93496050d974090c5aa4169200cdc6ab9bf2fd61e60ef9ae6001670632b473d4
81778.343797,4788.199226,failure,4e36daa265f739a66f2e7e96331f1f65b46f5c0bbe01fd8e97cb3e56f0a69ec4
81798.729798,11810.559822,failure,de582ae9d25b6cc6e19125f515e9215ff19d7bb2c357a111d6d9cb9b53c496f4
81818.338428,12148.934748,failure,ffdb31a0930ed195127d6a6b43afd0259a1e51e8fefbc5f7fc23d153f0bbdbfa
81838.733035,7401.823516,failure,4a97daebb6b394014b30454804287422862d7bb393287e3583a4d3244b4898b2
81859.127682,9069.162498,failure,7b05605f4ea7b9ea4214956fb68287d52f38c91b630e10ed6630fbf63e80eac2
81877.344077,10454.697507,failure,0bb44f36d383bab9f15cf28ee77373d3de7e34a5e58ba0e62beab16a3f3924c9
81898.344210,9756.957268,failure,c35fbb60ce5228aae1487b81794e0db1412de9b5d18e2a1d80c82d067567b7b3
81919.041024,9695.243711,failure,c8d7a0dc357c035333faf3594cb813de337d41df62ae1d23010074bf30a7d398
81938.589743,10143.711969,failure,497813e729ab53cc9abffd50af8aa710edffcf43bcd6af14b280665e27a44f71
81959.015718,6395.308758,failure,b33947c7a50ff11b6a5888ae00c67fabac684d641f1d33ba310226e2c59e20e2
81979.200909,805.394616,failure,5aa563d7d2ff80cea58950df1864709a92cbd773fd57410d708ab8e59ebda1a0
81997.487293,8613.797448,failure,22f4f81a53c4d34a5f6e442c5ff1f4346ad3c5dd0be3be7380c9d6a68c6a919b
82018.561552,7910.688025,failure,8b9828a22eaf844e55fb7f2548fcb1225f701872eb303037f81641af67d12f98
82039.094094,7871.763571,failure,6d4256891ddbf283338dbd1ad74067bcafafe217ffe49d63575f93cffe8e3733
82058.754569,16149.718532,failure,3cbcad2e43c9fab9bbc9d4e5b736c8573637351328d488f2744f7b491af632df
82078.408492,17123.923388,failure,773c592434bd69b00229046f5e9f04fef43c23d5848e7a2f21a04abad654e575
82098.704537,4468.267737,failure,a50d87bc6583d0b01d9290869ac6c7f1716dccf906183f98f4d95197ed1c9804
82118.502286,8329.780394,failure,7c30d703773f123f41ce537671283008fdfbfbb9485ad07beb364cf66c635bbe
82139.124525,16385.900094,failure,3f8071b4c2186897c0781e656e584b9ea52e77260d3da16682486407e986f457
82157.681719,10559.018322,failure,5a37c9bbcc7f38985b83e2b5b12248112000d3307430d8eaac6b379a279cdbf8
82178.444226,11196.641611,failure,0edaa259365f94dc7a2b1c77c3821892ac69a832d867de399a57eba8faf70fc0
82198.662300,16069.036160,failure,bd7448406836e183dd73644ee4b9e6839362c0779c0814d7913cf18010ed0add
82218.720890,15028.664448,failure,ad8896444868070077d9209d509ce9725b55226f47b59ff7c5813bc0540fee55
82238.693412,354.589003,failure,807f71b5e7610e0e32657d4a2b5ecccd1f59445144985bef212544f55384dd7b
82258.432443,10826.861507,failure,1294f60e89cb7ea6e5de43a0bde9b5af5951e6458e1a64f87b660dd25504be1d
82278.532780,14336.727579,failure,bdb8abd52ca164ce790f52eb750c5ac71280d6b9471b60757ac2690207ab3ef5
82299.032353,14889.472538,failure,b49c4bedb4cb66b7291d040e85f21533111290fc46ee1caf37f43b8be4bb178f
82318.811358,14674.501814,failure,ef03910bc8794bb3b5f6deb3a8c227313a68ba75b2bf4e14ec46531303d01eb8
82338.332718,12413.960947,failure,f814ea5d9471d54074c771b5da90a590e0ffb4b9edf6f4e73ed0ae822579752a
82358.847649,11476.396398,failure,74a59518c7e2495ba701f518a8b43b040c5f744850bc2743462b0587f16b6476
82378.317715,13843.304702,failure,a1b6b1a41cd70f9999d6f07feddde3a01d8998e9a0cfafb4f8a8af8bb66ad262
82398.751427,13825.049225,failure,b9556a323216b85ed6e9f36e4f2ce1463f740dae98387647ac7166f9b487210d
82419.176822,15363.131076,failure,60fdaed8126614adc7632bd8e55381a73612b12c8effcc113afe9fc1af5783e3
82437.522948,9893.142049,failure,1834561a5878041c7ee02fa4211ecb0fb4c7ea22132947e662ab2c869e18b377
82459.872909,13761.520866,failure,107ea84c63b986785e7d2296ba4257608cbcd9be0fc1de4fdfe2ac9eefc01b88
82478.663153,12540.634144,failure,cb0420c7138ddfd220995ed43a4c1ecaf5f5047aa886daba56c4149c404cd14f
82499.094971,19332.184444,failure,6909a8accea9fe7840e63078c9523b3ee582a56f7ef735a1ecd3591bbc1b4b4f
82518.678726,17140.918455,failure,3d2e7aeb978e23e03a0d0627b39e85a6d53eb4f2c893da67cc24515b543ea5e2
82539.116345,14643.960049,failure,22e4bf7c1703389e76dde952f0502070756f69b3f61690c1589a2a0562d6bde8
82558.654396,13664.502600,failure,998c416f01483b3d48c5b88183f2664fcf199c68ba712b87efd31855caff9bad
82579.078239,9892.247193,failure,f1e0c327c39206f47581eead7b007ed768b42d1878b438f10a57457bd59cb8e1
82598.632630,12823.719955,failure,230cdc58ac54c4bf5b230ae6b422cca59ee32e45d0a9da51a487052ed51cd24e
82619.028432,1743.594431,failure,12c2b07936b76a609d81b3bfa07b1c7f22b0f30f3e250223c8f173d491ec9cda
82638.319598,240.416194,failure,4e99ba915a267416b713c7cef286a01a547c7f8ac11851a0a45299a94717e956
82658.686156,10885.125959,failure,bc6ccb910ae793107e14d4c907dd848086089019e384944c91709429adeda116
82678.592045,5810.716073,failure,fb8e153fb3e7d7a5cc4d9f601e1ef5a7a2bdad2e6616d6da6e3ff28051d04021
82698.992665,412.268405,failure,81bdda06e0ac333c7cba398aa88ad6abda4218a76f34c689c3125b547ab43a5f
82718.317203,11772.027237,failure,013a6228dfc484612d8e9cc9976382507be60c38cb26a8a4526cea2943f56832
82738.663273,45.672594,failure,31eea2dd3893308015ccf6f1328656f11cfd145c3ac0ca8591dbd3f95ce617a5
82759.026945,13042.454721,failure,61e4d2483da5a8e073b3a89619412b6cf7a9b85e548010090af3b1c472f38976
82778.337086,15745.976192,failure,5c2c9523a599c12b3077b0eaa218bc7d8ee13f439eeb496a7f05a7aefb459594
82799.068536,16.233444,failure,95d7c079e5d5701dfbe8d4488dba0317b83955ef750703a0ff611337d9979f21
82818.650688,13404.730861,failure,eaa826e08fafddf2fc97cc681f597794945f16c1c2a62a7f7a30f7d82b280a2b
82838.428702,9954.870185,failure,95fd04a424d6b531eb4bcc9c8b714d527c9e3a6b246bfa5af50e190e0df509c1
82859.149442,8598.134266,failure,a473da224ce125bb353dfa0de7e838e6018fb2f60c5720490aa7d3f167a1270b
82877.439724,11.201886,failure,287147deb58ccb06d0907c7ed363e52e179ac3189b597d6707c5944c502bf529
82899.175544,2.476372,failure,ff229b6154eeaef3fc7707563a7408fa71ccf69bbcd29ddfa3787a5800bd1392
82917.670624,10972.603201,failure,cba6bf5c5ef54aec535eef36a1afddc6129588c9805811bd0f320b82a9939410
82938.381386,2.413105,failure,5980caef08b4c0a0271e26824b4bfa865ec92aa5e67c4e64be962d4307a2b240
82958.837298,497.411812,failure,2bb1b47ecfa9946bf309ecbeba1ff32b39b475e352a3f9a72c1b25dc0e3a138c
82978.412818,15229.640329,failure,401da6191e9680f81891e6da80a621fdd29a25a14c8e52018eb56f10fc33f3d4
82998.683028,15986.630465,failure,5b418b476ae3be71cbebe1dae0c1cf330ddb0c027eb7b110c1dd62d026984adc
83018.921149,9311.466978,failure,bc2289e148415cad44b374dee7bc8b9f2b5c39977bdc040383cf550bbc06b9b5
83038.696137,3233.582907,failure,db18581ec93c22a218433f8d0985cecedfe8bcc5aad64f059f572e9ea903f81b
83058.634105,10317.309974,failure,9f07dbbb39320c894786fccd6e521bac8ca92525b9890811e1c34702909d93cc
83078.663692,11846.640203,failure,77154c7469c2419fd072e44a5d58f61fc79a4bbed73a64d9a52ca31ff0b2ff2a
83098.397854,14551.874875,failure,5ab06753da7d0ced1835245e2ac938a936ef623b7dc05db28a692e6d9cc9ee2f
83118.725732,11837.573415,failure,9b0dbaaf4d3e25f5743f294116917a7a388327b21c3bcded20d58da8265e2958
83138.378626,12662.728159,failure,646bd32ebcf452a3c6b85f2cf3c336a2ace96f5f70ec6b4bbf4f83130af444de
83158.356720,16287.925582,failure,bd0ad657b46ed55a8d4cbd91d81b10ebb6fc8b95a0b838b4fb91b7f0b8a7fa9c
83178.721236,16228.547236,failure,7ae79419577dcf38a9e9a9b5d6cab9c8ff6f092331e0009cbddbf332892e543c
83199.237942,14444.048868,failure,b5fc0a1079300480ff78567cd339845fb182a90d6d73b6e08d79f6fee3c995aa
83217.661612,154.976118,failure,a06f62d97fadca0dff5f34899faa2660971065f3c0991c7c10c616dce71cc713
83239.077435,133.794326,failure,9226c9752f52b6e20774d8487e77142d98db3fc709f890f6f7b8f8b441e5dd86
83258.388470,13111.897186,failure,c924f8395e4ba70775de0437ba5db542d67ee79e791d57b0194aedfc89578f29
83278.747816,94.579575,failure,f1a283051640bfdcb0d4795cbea308b7831b4348560ae3b552c7d52434be18c4
83299.114055,74.421349,failure,42c48612379d651a6cd5c625c65e7885bd330e792c7fe57233c6459869ad4c5b
83317.422693,3697.228896,failure,4337ea7512a513e9391c7f36fabc2ea2ecf799b8f495ceee843664559652b0a9
83338.765000,11228.489894,failure,56f186166f7b01ba22ce047f45ad4accec1a73111580c8b05fe715096a47b33a
83359.133573,14216.145323,failure,def3fbae7c9837b36076f63339979cbc249f43af33e71fd7ee637773f9e22c44
83377.844482,7649.461942,failure,38e00a73cabc1bbf972f237a8f2d8dd9362a0b6eeffc236ba2614ceb4001d6a2
83398.678904,13490.654569,failure,c463257b7801cd6f60d3c5cf7941eeb6f58d00dcd7396b1b97bfd66ad62c9082
83419.226677,9.125361,failure,2ec8684d037cc3f80e2f3c51ea6c05af4c93b418a2064558ad29a89e6152a4fc
83437.738269,2.431479,failure,4f05e8f3a8eda81f01a43385126408852de8e07e73a054716b6a547f5c004dab
83458.609799,13202.687516,failure,7505b92a97b90ae93548914c4d498176e5c8af4465c8794f57027168fae2a2a9
83478.658783,2042.844127,failure,a915e7228fb0f8de45853ee27c03ad20db3b69ed20f7a4628034c32cad16bc75
83499.194264,5241.786967,failure,7843fe7970d252a483c6a07a9177de3314ab51ca29254bc0ce48f34055ccae63
83517.563714,5.725267,failure,6b7c84a66e18272e30ad85ae43f11d60144389b9d57085de9a4f41f7da27c8c9
83538.707145,4.574607,failure,539b9f78cca2d57ac9f90303b5958d2559e229c15c19a11896d89ab141b5673b
83558.696129,2.382018,failure,cdba5e62a7fc391ba45eb5259d4c02aac065ca8de3d91c7947d9ad2f65ef64f2
83578.725367,15020.822524,failure,4ea80f0fbb805629a5bad2256a368b2c85c9745f2b579341e3cc47b0f9284b2c
83599.211136,3415.868021,failure,4023e75efb6ccb7c6304414d41f4df9d14f70bcdff098805b00333e3d2cc5237
83617.574986,12040.721001,failure,74c537726bbdf94f84c01084ee9c3d570250f8f75f18628a3c270b1183038001
83638.993032,151.133920,failure,5e03043d0998c4b5e915a4ae48b13bd3128d79dba328a66723ec9e6f50c580d2
83659.514257,130.838211,failure,d969910a68c4604c4f11fa8a26c6e172d5bf5bc97bebc83af6bcd9b0f92a1454
83679.067778,15329.236521,failure,06b947f3439ef75443eb1bf93c3452acd5aae9e5b9e1181164cf7aedfb54db22
83698.407496,14312.856738,failure,385064960a276e79ac52ee49dfb0a88c00122068f4b15564c03508d4646a6781
83718.806766,13215.544043,failure,976665eda8ddf47ff82a1ae52a49a80d13727d1763aeb701cc3b72dc0b4e1b61
83739.198151,15292.172794,failure,7500b6ca86d53a68d7071e67ea5f728b789ea8783935f66d1490c76d2c36f5d3
83757.559727,13021.612311,failure,42606129f3987fa3741a5a22350a5e852d051b487c536e103be185cf37745db0
83779.038144,16172.235853,failure,32f3d820ef0247937dbb8534bc5535bcaf08ba6be3f5b379d8824cce75270693
83799.178557,10766.430413,failure,21133b8da3e9e81cf1bcbcd47e1f4961a0879a7d715fff8d5e6653af9312b70e
83817.373787,15295.910044,failure,4dddcdc9aaf5ed6599ee9ffc1ac92712dfc3e1a8f6034d91280ed3da221ae51e
83838.764783,10224.522321,failure,8ad47066eb4c421bf00059a4ef6bfe61284f1b240764892fd25644ec57ee2624
83859.235905,14055.081636,failure,b5cf47b5bd3f7ef16633835b163533b288788cd44c9a4ff2bc15bd319f9ae065
83877.670516,15498.619922,failure,7534285d22c5cebebb62453d53c2eef291a965e45b1a2f480b7a15349f464811
83898.654483,14574.703223,failure,d7b70659b57cf981c7f64a228739beeb06ba79bd141cc83e3849cd902c093771
83918.731338,2768.680825,failure,4f37375f46a208fce0c96fb6460a1db17f92c3e21f6af629ba8bb87552cede09
83938.671382,14362.278180,failure,17290246b79c529d27f891aae80ed8e6c09d03cb15c3db84bc289a571aa26c95
83959.182037,12296.097003,failure,fedcb4a660fac094c14afd2e1aa77ab8156ff9d9cb06e686378d4f9f6d71ffb6
83977.967454,10746.335117,failure,144f87c11a5ac7d20f7e18b0881574f3228700f88a654125638c70f483461d7a
83998.756010,17587.279362,failure,424d2b24675906f2270109b98b37b1d97fe2d09bf7743a88a77455c511528a3b
84019.220129,12815.049297,failure,3e7a97b0c16d777a355120b84bbff3391162e9d8a5fbbf74fa6e9deacac8104a
84037.680057,10130.586145,failure,144b194ef9b86dee50a977b7b6c72b2989c39ec616c73a6997a453700a95aeca
84058.650478,14211.643607,failure,61b54f71e590bd6d7b9378083cc4327170c3f1e3e185f15b216ee4782a27b616
84078.692450,3282.632165,failure,db1040d6f120f37fa762d8ee467ce0622f6335df7405c107a01ff02c31058c22
84098.531638,9498.756581,failure,b66c04c9150ae4f5701ec77291d170f50c413a7a1f6f41e4995607530061ed89
84118.370376,16258.138523,failure,1f72c4b111f11318f2609a6f79e0bbd1dce18edbf2885b9782972858aa78bcd0
84139.178010,15814.367705,failure,0b66a7accf5e9cbd8ee0d11657bb1d0969dd2af1ea75f22a7aa24d109736a0c7
84157.349627,12065.582434,failure,c9f7a6e60beda4c08c20e80886d40346397ce190e40ecdb8fb7b2445abcca520
84178.415187,13494.854387,failure,7cf46c60a1eeee32a17819dab9393d8d23edc9d2a488a817e035e5a4ff85896d
84198.698134,15151.588180,failure,33dabfe1d0e8c3064ea612f6b680238f8032ef5ee2ecfc90a1b3c0e25163ea2d
84219.237914,325.020827,failure,b997db4963b25e1a7e761d8dd1571b0f03d6b922702d8cb3f99f492a13fccc26
84237.669501,15639.594964,failure,bd8749a477e62b7c109acac85798b585256c55004a0d99747549414ba679f037
84259.136349,18756.118075,failure,78a9d61df8a82563f741c7b1778c9de6148df9ceb21bcfa0e00d847bf33453f2
84277.526009,748.808692,failure,0a76e5317879b24f489bd08a0f24298c78fa217bf9abdc73ac8a5ce9e85d1135
84298.955308,13518.365858,failure,3ddb1da54b8432903ef9072bd7657aaff2a9bfefca81eaf5abfcfecb6f178a69
84318.317469,7255.993476,failure,dfdb2e210e564cccbfcc0350d89f1daef09e0c20e1bdeea466c475ebfb5a5641
84338.755993,12157.580850,failure,e5a46f4fd4d09b11ff2f43ea7fad608a2d1493c4dc3bdb03393e50539674a9ad
84359.139926,11294.176282,failure,723bdd6c5073882f6f33d79596386b0c15e829e383429f6f23db8423d2fd99f0
84377.672389,14421.120082,failure,708e279416806c715bc43337cfe5e82121116a6a281b825c67bf948def70a8bf
84398.647712,11428.060966,failure,6555f22b7badc6aa45330f575d79b140b3bb9e2e5b97bda0ed039b962765fb1d
84418.381287,11004.646172,failure,0d30d109edd503b7003a950a052c8efd8713e0b27bee619db30d6a700118e776
84438.722421,7058.515431,failure,c768970c59004a54da5ee4405d15d247efe6c8baab02f1b7eb0d3a87c4de8df0
84459.273242,11394.024238,failure,d83e79fd5c5535c1de7933d4145f7d04b61a7782478dfd6f7c7c8dd0f11c5d12
84478.365786,17743.921403,failure,7cfcef4d5e1a7c157621ef9ae6855bf49fdff37e8d8495853c6388df9e4dd460
84498.740132,28.587387,failure,98e6e63e0a556e2cc83bd11e463c178c5c69ce5e6379c64b17fc460c35832211
84519.220333,337.531305,failure,7b91a2811d04a67f886b144af372e8ec2fa4cfa2a76c538fd01cdaeaba1fd6f9
84537.838022,15038.612001,failure,2de37b524242e39612b488af9a1b553c9e26febf9526269c4e8b608b5702994f
84558.662988,6279.610223,failure,64c0fdb7478f7f8df5ff147f834b9f5671c62966f5292fde213efd458616d139
84579.184996,5467.152758,failure,08513374b719557b4c1deca721d001290e5d9991dad3b36da92b4e8033b189ca
84597.404832,14154.884495,failure,cfafbd10f06f34c48a5dcb68da4a1a24c94b02c079c3f045087ccf734dcd62f3
84618.669218,502.603860,failure,34bad60b7b91f403c6e4956082c29ab5718d7e57b95edf1a260589263d4f1784
84638.658053,15528.628042,failure,a78effc67b55e6b704f3aea6546904945435c2cc455e93ea8adf985d0640dffb
84659.209856,6.177230,failure,1d800cadd1fd36cfa610db75aa1e4b7c9f697ec2be4eab7d97b0dc6b86a88384
84677.791709,11543.140576,failure,91fe3b519e51cbf14c13456b6a326689fde7a0fd9d915a545738fbcd612e2e18
84699.257886,32.337426,failure,7148683b62efe7cbb6db31681b45f617cf8c7075655c55743cabafd41bfc6182
84718.671993,13.157560,failure,d556ad0a739e0eb8681b9731336d9e51edc70a3dddad8456aa8ac4d8f7ed27a0
84738.853233,14836.465644,failure,f5aae4f27d15ea5aea134f49fc0892f6f4c12903113d92a7a56450ce8a1b92c3
84758.417677,15982.760217,failure,83b24206806b8edd452416a9fc4a66529a1c563b61730959db7fec3c9bc1a989
84778.357442,13102.955334,failure,6be3d37ecd55c7ff74f2000ab6604c802373bee7fbd3ba53084243e643ca49c5
84798.779766,16162.272862,failure,421d0a955dd9f6c52a11d339431cf0bd4b142ce0ed91265e5130bb98e1b5057d
84818.359478,15411.904054,failure,911d1093546cbe3bb1624307f0638309b1052871711ca6051cec8f4fb599ae3d
84838.678231,13880.624362,failure,a8d131ea0c4f5cda44583b4fd6e95753fcb838000e8ba6139eb8345d88468c6a
84859.184670,8083.121886,failure,caf381f915e6de5222d2a372cb523e1bf1d9d11ee5ce23b6e1b83abab17c0481
84877.787502,4330.592956,failure,3fb4fa85febae92c6f91ebd84c0e2532db89208cd67f91795ce884fcf2dca155
84899.206262,8073.090979,failure,146aa6314cc61db90286d11cd1b33c41398f66e4ed1162ba8771323c792c3d49
84917.548764,8458.615631,failure,1807f0332b44000e6c6d708a43999eed9c49f266807284747dcf4825a5b10ad3
84938.947117,15458.407948,failure,0d6ac3b4f715a54920293529ed377be2a017e61c47d423a94ad5c3783b63ca5f
84958.300091,10463.339880,failure,1547ae726a40cc9c64f0523b3d0a58508e86867a0b8a869eca9082526b6c4c15
84978.652065,13545.931391,failure,353ba671db145fb9a0985af159eb428f88d6312df6e6212aa5fd24933ea4878d
84998.830600,15962.468823,failure,7493a3f2f88a3fe1363dd071e6ad8236929c429416a93d2201aac8489554f153
85018.494948,8.107005,failure,eec4848f6d51dee105796efdbd6a378d94c7fce32041f139f7b229a652a78050
85039.075083,2204.259265,failure,307b2f33465d6f6298d1dc94e9fe6729a890dbf5a7b9e0c1e70de5bd357d7764
85057.741852,15493.499768,failure,66a28d6d1fd350b17d2c9d1b9d8e1c2b84f94877e20815637cd8652008864fe4
85079.257871,512.721695,failure,81443a790cd3be5ac17fb121e495b83f12bc5ac67e1c83be0813c1495930ca52
85098.798501,6.494415,failure,c5e195c80bf337fa2aa9f6be7b1f01063eab30cd86637bae133c8f5b10735fbc
85118.672587,8917.918202,failure,7199bc17575f6af299798dd6778455c59bfc8736d1b8460ade84ffb53e60f224
85142.471043,7772.777674,failure,6f9ae279294fe2e57909c63bd6057c47c5a54dec29d720e9274ddc15448bfd8d
85159.377822,14317.890248,failure,77b50962189635e7d2886f0efb5f72e49fbe80dd885b2ff16b941678fdac2675
85178.884371,14646.374541,failure,062333a38a8ad95231be43ab4f1debdde33189fac1b9a8027c784356aee3be72
85198.315641,16419.246543,failure,ad2b70271c26d21d178dc29e9984d52f6ab2be23a579bac0df96a551b91c3ab9
85218.754708,15327.579744,failure,b1c5492cec92c334cce82f74ca9a9d5932e023ddb360ce8b340b42da02a183be
85238.701117,15109.565138,failure,5c2787f9bada6c91ef8ce1d93c3678bcd7768c0a805423dc4491a2164079cf98
85258.974589,17291.344534,failure,b48abaeb338504b4c3a8460c7c348b4131be266559227bb61b5bb1312701d517
85278.483492,14169.773971,failure,05676109835f31065c221db7670c3c0d4d9edf35c21e5966d9be704fca063cf2
85298.362387,15819.905986,failure,42af44a0fe54344f56ba3f09d59778157125e39620a50260e24abb757f44745f
85318.720655,10966.561584,failure,faf8643dbb6a34bc8b4b87f2558a17f5464a1c606a03017ccb775ac2d1a97653
85338.704904,9556.617959,failure,48c64ee9481691cbe1451fef69f548327d9f0b5b44befc1654152e25e3bd1aab
85358.377929,13382.932818,failure,c7d6cb65547fd195752dc1082d05efacfb15d633bf27c74ab383b98becc7df8a
85378.755362,18428.520146,failure,586c108b03b7d07abbe2728be539b7d183fd7ca5805a96c97c019374fe997007
85398.322773,15170.961163,failure,49f2f0be1b541a1ce969c5fd14141457774c569ddef9c6abb71e5807859ef80f
85418.869579,15691.437093,failure,3712f17fb74577ceddd079bf8cee56c994fd6b6359e16f0ae8c1cab206fe4db1
85438.775854,819.529103,failure,383bd9abdd897c3144e1ed5dcd8db3937c602c9495b17d1e7b5a221ea30207a2
85459.317059,1265.967714,failure,5aba01ca52e025319757d67b0d7b653d63f6a5edecadb6d9f4e96b845e3a64e3
85478.916289,15067.689273,failure,b68b2572620c35122eda79d1735bf650a7e12de8b203781a043b9925cf092dd1
85498.351406,12898.950963,failure,843786c9fcc3eabf314683b665f73cc37c1c1c512b70aaa364d988add3715339
85518.801393,14390.779153,failure,55490b20c7c8d4809724fd6e4bdf0f322d9936e38ac478b070a266fae9427a7c
85538.407505,14303.606108,failure,c2697fc8b632961d10c6394d16c1b14265cb11e49f36285ba235761c61f7a3e1
85558.883460,5614.379509,failure,7c06584d8f4c1d6f1da0dd73b84cc2f3bcd3825b783f2a5db3c63675dd5cb14f
85578.380982,10645.850554,failure,1bfe017b3984e9f1918591ac606e448edf83a54d23de0bae6f6af36d4bccdfc9
85598.386731,13870.878204,failure,58b5f22d0c7abfafeac830acd9c1b7a2b7294ab45c7ea3c46119ad60c4f22c94
85619.317383,9078.955409,failure,46bc859441c73e434fb5a3eebf3fb178e3151be19abc9ee278179b303b1514d7
85638.797704,14943.476023,failure,6326ec77d61ad37ec82965ae122bee3434db39ce84331bbbb29d510019f1bdec
85658.899319,14679.715601,failure,a57da2a38a5510b6cb78afa637b02b9ebbe374c60e3fd7d4ca6a97ba6908edce
85678.705560,10541.708750,failure,27ceb813093ed925494e3fe281af4522402888eca82e37b83a2c5812d84a0e0c
85698.625470,13384.640068,failure,0a122422c31801dfa7b5588df9859778a9b891cf367d0cbfd6b65b7721572b11
85718.357665,18072.269843,failure,df4144e754654f9097dd72f125b665158c1a2232ef56ec948df54adaa5ac3781
85738.744345,17312.544736,failure,c2872ab68fa79f338b243d1464ae54f2b3953bf3e8d9a42a22affab068574d9d
85759.112211,14264.139461,failure,b10a8ee40f04884193d8b9b26309befd1d73fe6724cd699e34274f3706239350
85777.683617,5346.757345,failure,19755b368e02e0195297d3d61ca122870028cbe72085cba1cd09425a8b1c5afa
85798.677185,17577.602417,failure,0f0a2e1b1fb7ff6b840421fb956aa1b3d449442b3f6ec40fa77d4f5f6efb9572
85819.126952,4235.209492,failure,57481544fca628078fe78835a57feaff29f43566eefd84ea47c8248bccc21f8d
85837.284255,19593.984441,failure,959a6dc04e3dda3e467e27141be8f950258623cf9f4f01af338f442c3eddc5d7
85858.711402,12746.880171,failure,940977920d06b33bf8de3d4fcbf8206990cd64fca35aaaab0379bafd0177b8f1
85879.260943,9.395500,failure,b9d7dd2f5a5b5461b746baa44721a7d46b9b8188c208696c3a1a7bb521dc9fe4
85898.703734,6658.649843,failure,03653b54e03d407d35f2cae026fc18dbc32bc70ee35030b52d58774aef4cbafd
85918.714592,17871.634863,failure,3d644a87d086db5740995175a38bd8d4e047c90ac625690d09982bee0a77f9f7
85939.143560,16820.724727,failure,7c7aa4b17ef4550d2a90253d5618d2dfdcbc6294cfa2da1d28950d707c347eb2
85957.690441,44.608216,failure,b7bfef9571f0fd9a411d3475d80c73b617049a84cc5e20615c5adce0dcbddc06
85979.167290,23.375096,failure,55e195a7837479b943853295a0f1bf2ffaef1330172395fe8230389825eb6175
85997.488415,18.793104,failure,c8f4cfb9ab33be143327edc846dd09b7484e5de54623bd60480236235296f2b6
86018.925120,16841.880824,failure,a313244ec5e886e50b136edb993e32b23118d83b3ac3a532987d767066998635
86038.768769,12566.517141,failure,dd208fbe460ecae5308892c46462210b3846f3ab6e8dd45ef09f694fa3008b7a
86058.397794,4785.897154,failure,dc924b03c271f28112f604cd32dbd9625ef3a9eb433a82858d9c1f1c0d88828e
86078.938288,180.077208,failure,cbe7a8733bcf6692c4f4af1e60031899534b1e433004ff27f33112570074f415
86098.368245,160.870763,failure,ee6728b526c189a2ee642725b873a1639578680baf0e3bab46dae545e8fffacf
86118.779212,17674.270723,failure,a53114972f2c9267cbb9ad6ffbe995d690d53c5c967d6e9c4908440324ce6572
86138.414840,134.378792,failure,09b993ff084d0c48655363c36ec703eb28dcad5e4ec369147b51ce8458e4fe17
86158.911325,111.028459,failure,f1288c3a5e0b9569f12a1bd4aa2c1cbedbe55cf9375a65ba90538be8ebc90e14
86178.350741,91.360281,failure,ab6a53a64661732387f75358cba70cc63af9cfc4c0670358e473b865487a944e
86198.340973,33.278055,failure,da221e25a2c1091b196439d970157085b34a24efece43b56ec22765d583bf2e7
86218.719781,12.638436,failure,60fa697f638be40214b0655c3538ebc39840a34a8efb33c4c83a603b368026f5
86238.356482,509.936624,failure,87ea6236f06b12ab346c4d8fdba8c02eb3fcae4e3c1e6a424de6a5ebe0dfe1f8
86259.527860,4702.198459,failure,aebd7e4fd4e84a209b88ca7e1d94ed2f08aa1aca3bd3ee3ad351d3454991db0c
86278.834071,17000.979370,failure,cb580cb64e07342c08836b4042e6a1b25cd21511d60b849ae695df0f3e9de65b
86298.686760,11051.587977,failure,2d2a0c0c4803c4942182ff5ec42c67af1be1d5c4dbbc01350c5acedb7fe8e548
86318.427792,19612.916991,failure,7a59bf3a26673444c42d959af6f397f1c5a498de9c3791fbe8b5a86e33eb6e37
86338.407365,11863.932910,failure,a84e2d308b7b46d5fa3f5a4d9e7bfa5a23528e873eb4c6af017093db9c2dd82d
86358.815717,11487.491125,failure,1ceaaf3462b724e464213ea3350af66fb5887ccb56f68e9cda1cff6c444665d4
86379.230010,6995.621776,failure,ad88bf2e241ab0c42381b6e36a0ad02e2f6b7d908add8829ac40c0d0db67a39e
86397.734965,14562.063731,failure,984e423274f6df90359ae43358a11aa4d6da66d4a4f0e040c2a5afae254692c6
86419.275463,18167.323035,failure,309af8d93d1110c71a0325b0a49e52ec3162bae205b194141366974f1274b281
86438.678293,16597.610718,failure,ad2805ae9dd07fd7274096dda0f63c13bfe4f341801ec2442d3ef3e53764ef7c
86459.082327,16292.189579,failure,6a1db118691c60af3985e07da981c31c760c9eb119819e827ea48419fd51d7f8
86478.402084,17315.931859,failure,c0dd6420867f9c3f9a54ecbf3c682e780c91d5577d6baedb959802f9003a0b99
86498.772105,11942.509936,failure,ec9b8a5d1b481e9dd027b71d73b6c50bf82f3d8e9d722fbdbed4f491ecd4dd03
86519.138660,17272.201643,failure,31a5be14ad56adb1152373457acc95c76c0fd99e778e9dc17aaa45028007dc0b
86537.421076,12851.168478,failure,199b9b27b2ffdb92d52ff9a2a50522b542a2c3231d772871f0f9344e5e1b090c
86558.791230,12096.571382,failure,5998679f568e719f494ad82915a738c891c88046d3699cca0ea0dc41961202f2
86579.081565,12779.650650,failure,a18e1e65e735ac6c689c74b502f878afb7adfc4847f8db327faa5837aee8e6de
86598.704710,13948.579784,failure,216f7d89d69f2e5c53ec3e5711c23c95bbec124668d5d2ddd932ac006cd68fda
86619.165900,13928.543177,failure,a974476588a27c80b0b2ed6ee3e17fb27ad52d2e8d196d24c01b7d455ccdbc80
86638.105516,11662.623620,failure,c2fc98b72d54d7108749321acdb12dacbef42479e2ee32d765b988cec3ec3079
86658.119732,10191.153503,failure,e1ace9eaf04a39417375dda55bdbdfa2f7eb3c6439c14ae7683beaebfdac8d0b
86677.418420,13224.861737,failure,8fd276b213cb5d69c29e87a2aa949885517b6b6e3855204a6ed3c6c9c19c0a03
86698.813630,17662.485790,failure,5f584893dc33329ec495f939245929a62798dc499a1ac8ef3165155d7ce1afde
86718.674403,11844.767743,failure,45bb49e70111f8aa847550c01d85d8d58239b47e42411164ce1345c34e004d7d
86738.592272,16649.684112,failure,e3276720bd1214b9014f6f5d3e1d983a0477a126eb5dda2b9a0649d2a25a2cd0
86758.734945,13433.535806,failure,5166917f70ef026bb47bcae6456b1bec85e6a3c8f301106aa39e23083ba51e61
86778.367568,13093.907839,failure,22b4804f05c2dde452627d265cf24f331748ed25d0f5f644a525595484470bb0
86799.288905,11218.977167,failure,da8479397af07c6db65ea85602640fd47aa467966e3afa28c384bbd3cf031ce2
86819.212765,17595.062732,failure,fe21d6c52142394980668838cdef0f82a286a383cd6cdcc95bd2097cb4a8f1fb
86838.359162,14907.653550,failure,e55fcfe1690e202d2b1844d8db03d159c990212a9fc3723abbfcc1ead25fab41
86858.946223,17508.821266,failure,47bdd7b2d49eb513f663209ad4de671cc7bb1cb53a361f6c333c521305011cd0
86878.626424,9617.985876,failure,c78728584dd515b05eacd7f4fa0572234825c90dd94cc8dacd051656f9d76c26
86898.842983,17197.447118,failure,659610e555bb89862ffb0e9ef7b3c7ae2581acebab4a38a0cd5f8a74724d58a8
86919.218144,17448.078646,failure,37f6e8474321a2530c3715639d46164d28223d47cf37f85149a40de0c1952c28
86937.566220,17435.934942,failure,4a60dfa10265843f90ad0b29cbd6eb8db948044cd375ead45572f5fd27bbc0ae
86958.973983,16999.338788,failure,572e7d5380d19c56221e2c761bce04a80d5a76daaec0ee99490b80f1e7f13b54
86978.335727,12353.934601,failure,33d792756301de83ad93ba691c21079e07a1867879c3f2e239c8441592edd19b
86998.731577,18348.875476,failure,fab9017959aa5f82a9b476c87cf39999588b5256d8bdec0f239294bdaf28af42
87019.032892,16045.237917,failure,d6ccd216ac64ade4bda23a87e347c8d2a7f2d5d9672e163ddec51cb3d6b7e9d7
87037.699084,10866.558060,failure,604bef7ed1891373c45b66d91f918f0b01577592562004f8a181b545ec3fc25f
87058.501712,533.041731,failure,bf508d6a916ae43d5908c40a2fb0bc912dc8167874686900bbd91be348414a2f
87079.012834,17070.270394,failure,236b038947ff4f18a59fb770eefd05455d4c3554e9e8b8c19daff9ab0c907c4d
87098.440099,492.859355,failure,8eef09bbfb642d6e07e40e4202c7f93bf29f96e28dc2a583afedd143bdc12e31
87118.898985,4005.764938,failure,1c4212a10557dca6369818349a91e13b4ca2302aac06a9f4e4761e5c739ebf71
87138.310192,12864.242247,failure,424185155a9e0d79fcb6863c882161867f75cf437f1a9d4806dedbda6514b218
87158.689292,11172.582342,failure,2e33329fd4a174274c99f699f517d3fb425af3dd02b74489f59fb73010d5261d
87179.129475,15739.640724,failure,a65d2d847c29062a6c4ee178a142008b50758f46cda066e303e2ee5322b0062c
87197.435586,16593.430081,failure,eeabd189a2a86dafad4e414104535c09d2395757585eac95f374d1fff91aa6dd
87218.828254,14239.439810,failure,7ad68381802e0786cca0bd66e2258f64e0d35c67d54e9bf5133fa777789de35c
87239.200221,16554.279958,failure,c3015691bd12b62734ef31e8ef70f6a84bf281d4e6ce71874a53b0877fbb51f6
87257.816753,12752.458605,failure,c527c406e1f9af842aaf0c96e41e9553d92d485e46f921ab79ed8c9eafa00744
87279.241280,7098.328669,failure,bbc264e084e1f3b45836c4d4c8c1924f09d81cdad36e48f274a9f91baa66ffc7
87297.636284,18478.708329,failure,95c8b58b9c3f19c5a9367d89f5be6b61a69fc60d5a5a0b919fe503508878fee9
87318.402498,15790.164212,failure,1ab2d5fb1f88d55dbfb9eb724eace4f23369f36779d9b982eb28f22364b00fc5
87338.366022,14524.979689,failure,295b8556255828337598392b7b1c6bb14a711ff9d644eb6880497dbb394fefa3
87358.700590,16601.107669,failure,6aeb5ec08f02e4abd53e288810de5a1b603fb9dede045055c441e29f010f9b9f
87378.460820,820.230614,failure,72c89aa47dd666a4db41aa31be8e6ba9de2a98152813376eed3d550e00b285dc
87399.081866,511.209037,failure,8b5a9a00c40329ea7936db8b2af97222a471a7ed56b85d6dfc4a1d61f941437f
87417.367549,16546.187690,failure,e1518b3ca55ad20369c9db16ef81e303d0d647272158091136f5c82e3e5c0033
87438.758774,10767.894432,failure,1310fb5005ff23185e772ec8785a0d56dc0ed3dfda5568e3f6634ac065240b3c
87458.405465,18862.877031,failure,6ac9a8f1a613ebfcfd01bba637d074fa0bc71736ed0aa7faa0e3c524839345c1
87478.655508,411.423302,failure,f1894cf3f3e09dae244ca66e5f2aa825ec38ef3b67f559b1dbf5f4461be5abfb
87498.361958,13957.932316,failure,6be0fd75102f2a9c9ae773caeabe8eb56857c8268761e04d1abefef263c39e56
87518.709821,13956.566113,failure,484e1610f5b6924e9f2e8faa683df5b604724b860c6dd6ef52152d77cb8378de
87539.183636,17752.080226,failure,90b22aa62b5e24b6da9f801d561270e5e2e9045e39050ad06101c5593845f15a
87557.657836,332.637173,failure,a0366b90a9d3b60c46ad4c80b5e2c569368643dec804a1b0e39f927b36b518f5
87578.521179,14279.782505,failure,9256f3f18dc4eb4d6ded7c2890b4cae3be3960b211087ce5a610709be76670c8
87598.948087,12219.489719,failure,71a8b137f2f876411f1e231bfcc9949274df170a3922c1d6551ea5bc58c5d7a2
87618.378790,580.107126,failure,e30dc28d06d11003cdf7fe496b05e7a0053054ec92a223b831ebb66f86b00180
87638.690466,8582.481921,failure,65c0fb90e017d7e8be5879a0d1ff8defcd58dc01b54da0b082039b2f90d8ab1b
87659.217158,16185.048693,failure,a284173ddbfe8df778113928e2b1fee525d94cc8ee86b54b1541cfce1e02b2f5
87677.630797,4281.982455,failure,d8944dbd3e414ab21cf74d78d8aa195b6a11bc15f5bb4a84f77f646065ca4f40
87699.000823,11796.292420,failure,402656ba3c981376226e093cdc3d3fa7d358132fb96b02a1c4560a3d8a2cdc7f
87718.343313,8504.165277,failure,122735781143699d3e95346de44b1567b3ba44d7eaab63c7725d879e391b13b6
87738.685335,15369.616577,failure,2126c27df10d1d3168c5c51e116a920416c80d2381d27edd7486072327b62262
87759.056020,16264.336423,failure,6309844cb6bebb4a396133a9f00069ba2f8adb98b3afc21114da762ea5d52f31
87778.372903,16016.184152,failure,329dd91cdd50115573ae4a5605f27b63f143e665ced8f4cdacf1b963a92d3859
87798.763194,12869.522461,failure,51fe81b815c948fa3be2e086d41e5d38d8e0a353a94cc4bb56760b13b2d637f8
87819.135251,7869.158873,failure,38140a6c427a82e882fcc03458b1e923acb9f9ee29314768d8e5c937af5a6036
87837.428538,11305.850816,failure,56730b9d427be82c55edc191511b842f49495fdf4c17cf62fa3313e8421627a1
87858.779529,5003.456804,failure,f9b6659402f09eebeb8f5ee6dfd765146d7929c3e951484a0654ecd98e8ce00b
87879.140085,12089.114138,failure,501eccd64ae6629dd6650d15fb5553c4603b259b26ac27e63a519cea722c0793
87897.813112,4569.501879,failure,64955df2d10566a96cf625231d6d44f368aeb7e9f33c7c46acd2ca4e2b790136
87918.696461,12172.587653,failure,0c26fedc9890e7b04c9f86c36a0af00d33cfc6d77919d262118560078f7896fc
87938.409063,456.865181,failure,1e194dea01398788506e9916a663f0afad8c4214ec59a31312c776d0eb18fd99
87958.365835,762.890640,failure,e0f4eff7fcdf850696e12eefecda31cbd7ba894389e03baf8e1ad232cd46c1dc
87978.610568,1228.880161,failure,8e17b8bcdba765afcbb2920b3164be4b1192549d0d6c0ec17be2d1d82967d9e2
87999.294810,13371.310383,failure,12c8291d053247fa2d884ad3f5f653a95ef2a4fa8db46e52b8b703c36b1054a4
88033.580114,15112.729477,failure,c295b99681b597f1fb684ff701d0cc361cf0bb860c5587b6fe3b4183dcb3db8b
88039.924073,6000.335668,failure,121633d89b8a4de84ca247f7d8a887c8472dfe7f264ddb437deb7c1f2a6a6db3
88058.667429,6506.632652,failure,d3cdc1538805c933a34aed6d711d59146a2b1fffb959690bf464015588606e72
88079.343868,15715.935539,failure,684e845ff74139b34d1a726364930e3222545197e8035f7987b87a122d0dfa88
88099.068221,19174.220015,failure,e7aac6e34e99f67b6066abef445f8f268fc8c8e6dc72fd4b53db40eeec86ef89
88118.395064,16688.771517,failure,fe1e13247c96f9c588446e62643ab478866043019902c4041a9845d42ce13d06
88138.757616,12823.153094,failure,cb0a07a5d046407065aebbff03dc323b1abee1c65418910a8668e4378ddf8fee
88159.105370,19013.178981,failure,b429e79bf8dad675d9137bf2452cdb2ed53008b8863d8c30da279546f5b19667
88178.377883,5653.579256,failure,07387f9b4fba291d3b9f04734303c0693c7cfb42c46d46dfdc8e3c1a617e1b1d
88199.905231,12760.178891,failure,cc6a1561908369594fe6ee903aaa11afd89786e9a9ed9057f4d169a7e2fd7b72
88218.450123,14898.828132,failure,0bfe1f47ee1df5ac0ae4428da35299436382d1605d31221f68ec2abeefbe35a3
88238.727849,12722.799203,failure,da587e400fb1d8d58a36eb4cde9617f28f02253c2d34a10d8ad901c63791fd1c
88258.861649,12288.199212,failure,9a227b92e8d453872b81cdf1cfd153166a41125bff278caad28997a015438903
88278.363184,4472.941976,failure,a09eb1195fef6a096b67b7af3c1cf64ac63fd0d10502435df41aa31a08d9b34c
88298.703505,8847.722052,failure,2ad0a56e170cb02c21e639743dbf8acb970dbc78d9905887a42850d5b5286f14
88318.334428,17981.587852,failure,4689a78ee7ac634894e8cfcc1b4954299ca8aac12d3f263a37b78a5766e2101f
88338.712068,1137.537823,failure,e2e0ec816444f100ee3b0017acedb28de0ffe844cf58105f0c6483a04a6866e7
88358.698286,4782.606198,failure,29845b19fc1077489793355bbb53776a4f2ad159bc9cd2abab6b5d65b6bdc2b1
88378.652154,13889.643574,failure,f3f08d481348125837bf3c863dcf0a17b31a44bcd4e0b748234a07046f29bb69
88398.668478,11665.632066,failure,284b76d2d4e159c508b047379a2b18b32e9e426ba6eb507bdb49fff22b1a9d3b
88418.766593,5413.420810,failure,48be48a5d77cb81b3cdb67ef976741afe62afc17457622d3ef145c5b61eb4a5c
88438.380815,6157.909639,failure,ce63681aa60459da0e8028ba61559972dcdc4adf01d59d4b1e6d79591a0ca4ba
88458.798649,17842.943518,failure,33b2ee35a8c611e1f4b0617c6213be053aef9eaa4492cc7fd1d9c029449680c1
88479.236750,12067.595801,failure,1d7675a73b0043c315ead898d56346c6121ba0fe0558abbd19aa95874f4cb859
88497.671780,5680.611115,failure,9be51549b51e2626df927a65e3e0ca20bbcde84b7270e368211fd20572c1b295
88518.359480,12029.140221,failure,f0e1deaa16af480a253457135d01250cc19065df84b0756099b25621c08f17b5
88538.882858,10517.507613,failure,c1cf5b1ad614944d501b48a96c9671338c9bc453f60d097a5b00715522845d95
88559.283981,17741.951211,failure,d3f0cbeb6657b3b57c0dd0c5c65e1baf154b0a8c3f0fb9f000ae78a810bdd6c8
88578.616956,6118.694444,failure,58ec8bc07ff3f884193606fb2cafabceddec743bd88037540ec647365ec1e398
88598.667021,4147.626483,failure,a8af9d88c59b34edcb5caf1b0b645e5484928219f0f48d19d17381581e144e63
88618.379686,12416.612701,failure,75fb2ba596838e65f87f633f3a90b1cfd2f983b5a1fddc1e6d49debe903ea5d5
88638.740835,10937.449879,failure,78292028f2a8fb7206f3e567f099b0fe445e765132634288c045dc207048fecb
88658.673985,15136.305699,failure,dedf9fe8893a7b1910655498102d7ee8c6958d675fdf36b1be640beb4a3c22c7
88679.123627,17899.920279,failure,9849f4560acb027e805c9ddfadcd5ae956e07fd6da4e042d7260ba7c35d46463
88697.725885,5143.350201,failure,639e0bf6a30fc08dc81841edbb45014e3f3316787d0fc4385be4e5b5198b9409
88718.646375,12356.684048,failure,aaea378a37838d4e7fd24e6a55a8cd0fb47d6c1139539387953b059b7a7da702
88738.607677,15628.943022,failure,6fa5cbeb13e21600408df02d7f5e9f98a7c7389afb280a5c6fbc3ec1d501783a
88758.335710,1417.531304,failure,373c270498b1df06b6fc04a5af2c2b8103c6e2f86a908f4b7d0b8aaeb4e0dd9d
88778.360780,12181.973333,failure,fd203abaf7e801ee7faab4f61c32967e0ab0b91846a0fec2f599536d4b44fbee
88798.348611,15016.913726,failure,64befb1ca36cadb3270bff8d2c54322297ada1ff942e60010ea5af6ecd64c472
88818.675777,10281.282126,failure,729bbddabf4d84522a4c0ce64779b89763864451c26685df8e5e72e00fcb9d84
88838.670581,15296.639929,failure,8ae9b1c8c76d278e8b8cb6678ee862b96be5df59f8313c363261c092ae3b3fee
88858.346879,5.418654,failure,8b8a73df75835196279ea39fee5b5fba6ecce95d4b1c76e2294007e467834146
88879.375257,15.930956,failure,3c397e629a4055d0c68f698361c19964a9a044542492375f95bc4c78313ca1a5
88898.719532,14.551504,failure,77278bca05d491f3b5a30b14793e2a1a758af053f48c19ded6f38389d9904493
88918.666067,9517.638617,failure,d0a8b80d10512ca362b9c77f8ebb31eed9e806e9bb1d9f7ed58b0fdb5a5477ad
88938.686308,16176.594106,failure,7318d09403e37d91c0a5fe4807277794d9eede749b03b8ada92c6f6fe1a09c70
88959.201682,10950.074473,failure,b3d5f718cd60206d3e1260a1715c7c60703c6bacd69d6b264242003d7333eac0
88977.962462,9.350700,failure,578d8f3331926cd126dfa22fcc8a8b6dc6d766ae1c3ec68ed6edd9a6968bfe1b
88998.847637,4.461841,failure,d06811ab0e68fc74a719346a99ba4a9c4c2fc94cc005bf028205aa6a3275e65c
89018.683768,9340.350249,failure,ab6dff8e74d3eb3d7db66af7243a5ac9592ba14429b5b41e535f881aa923983c
89039.268179,14768.262289,failure,f8ef2d7892f2e68e748f0cb578e676196ad90f8d0273474bfc619e05e433db59
89058.397087,13176.880456,failure,73745ed9b00d0c22fcf48e48482a54f284358eb60e33ddd9aa27dd974b4f88bb
89078.369179,19040.149159,failure,5ccbe1825bafedfc9684f43cb60c66189a8e3f043b1047eddc3f261ff86535c8
89098.884222,16196.362125,failure,dddfdf5d9794be6685263e0eecf55914c4b79d20142ce2e4bb1ae3f9467c7af2
89118.353529,12498.971468,failure,d1a729efe6cf4962927fcf2f17e74a0de72f93a83284f3a76463cf120ab50141
89138.865979,16208.433587,failure,84af8aa536b01934b883e17981a0b27ad5e5627f2fc174fbaa10606228f4cf9e
89159.286890,17141.154798,failure,84cc3dabf518eda4aac52f4363ba09a3f4556ef854d99f7e975dc691e71f5469
89178.673535,12776.589952,failure,2dd5f9be2ba846e1bfbad50c65ba4753c627b3cb3c4f7fd1a72504e033c22c7b
89199.097081,17979.163964,failure,ea91e842f238ce09a7d0f417a90ccad6c43ed91e97bdcd9ae6a2412c0d4d0d1d
89217.814523,14573.289985,failure,abed773a05391b6fd490defdbe8ec230acd09de9c8d4c76ab81191cfbbe40bb9
89238.312997,12347.282244,failure,ec80c014496333fe2e514c3da8eaa31c5366219ea4bae01dd2af3624a3b9fb3c
89258.938946,10676.329050,failure,d39f2c58abd993edb9b55187204315a43ef2bcbe085545721c92cc066ac2c93d
89278.361026,17306.878647,failure,ade42a7475934492788f78c4556ec6ca53a8e88aa0fb9a5cfdb0de4908b5e560
89298.681543,11408.596787,failure,37e85f5ef6fbb1e635869ce6f0da4f55486021275306383477bdc13020bada29
89318.731741,15483.575569,failure,4791d8e907c8a4de45ba5249583e528ae08f5b5258758c0ff54c7e7f098c6057
89338.361764,629.932193,failure,70362d91513bf14f58b0638c21ec84813788e910cb6a11a93d2ecb81f3067dff
89358.363303,14006.260755,failure,28d81ad24f6c6709bb270f6b6b0d7c2356e382f7ab90c9023e2d2792fbec11b9
89378.372295,14416.396089,failure,a8d513a8d2a178ab446952f4a1924e6dc1f13a17958058aeb057df05aa16606b
89398.363374,2.454272,failure,1e9a67d2b31b77ea56cd6434fa561bd1b7753892b5af628a21ae3d8e5a4baaaa
89419.254521,3.057094,failure,3aed2d8a6f6d886f857955266d1d33938b7c0626658e267b652c7e29908cb4f8
89438.722737,4.277462,failure,91394435e85ee56d04967ebe115b0d031a3b4e548fc23d10c4759421c7879cc8
89458.403424,2.385646,failure,4dbd4b0447d1d70f1697b3b3db44ebf3a027171e52e79b8ca18c198964ebeb4b
89478.618075,15661.174716,failure,ef8f9d532c0bad956ee7cfe182fd45abd87aa1ca96ce3f6fae2acb8ccd33a3fb
89499.332457,13664.953403,failure,38bd5157eaf504a85a82852da7dd30d1f18d58f05bf98d51459a3d205d5c25ac
89518.323784,9858.941050,failure,2d36e198ec748b57e742cbbd131f66bad7a7b0b675dc5202f63d4c01ff5694f7
89538.758821,8988.480832,failure,5a37adcf98b7644183f2deaf30cce148a2cffc52b43d9451565f729f4d37a01d
89559.172979,123.130091,failure,08cc2ec231ca7524b8f2d193fd587855f521b6ce9001a1e94a06741d89e6c6fd
89577.758428,13435.646125,failure,d2cd89df31bf4d5751593207394a8e184a9da0e523468eac4e0bc05b2fbfb2f5
89598.421456,15410.870637,failure,4feb9c094d8ef9a052dc92d3ae161103cc70bfdf2e325ea6221565c5732a9732
89618.380816,15687.895843,failure,5ae585da38b7b2b03f225495c3f28c829bcc95aa640fd058c21fe472a40a475c
89638.350967,12.981682,failure,db5f5c801d7ac16c9a462cc4283cbb109b93483b8d0cb46aefa1688f48fb7e28
89658.712288,10504.570285,failure,36551dc12e6655ba65219a22d2b52ea86e2c445d5e77597be3530972713708e2
89678.583536,13182.979204,failure,ac13ad539199dd7b29179b60429639b4ff8821962f13b5de976c95bdebe073e8
89698.683205,2.490730,failure,249f596f5e0b670bc57f0cf1edb29298058fd9c8e4f3c746ed7a841b11a6b7e3
89718.562078,15.730467,failure,f385118920c36527d3dc91ea994ceba34f2afa18274e0e7be88b5add73e5fb98
89738.704045,4.572566,failure,9d5e9490a0b99d2ae30d4efb5c1049c08b53f1a055e5931baadbf2652d0c8f22
89758.678423,12369.592833,failure,15986c241f437e6681c737e5bc6f2945e0452b8035a360ffdd6a606bbddd6b10
89778.361825,1.921932,failure,302cbb6c292fd24ee699d24c5ff8f42f6608cc6081537eb1f4fcd09930158981
89798.677162,13995.017502,failure,1834e22e77dd0d63ecf7d94e50104812752581d4efd6661647eabc8a42f591b0
89819.168743,9616.105253,failure,df76bb2914bedbeb4be82fac9f26c269b7c92d0f72f379098563dcb163e802f5
89837.530610,14958.806580,failure,6457b36d9fa4d2f66f5aa68217fabd55cffeef4aff2c7cf5773ba5d01f152b21
89858.979485,52.106541,failure,64a88aebae7ecaf2a46ef19029d8343f4ca98a8b1acfebfae771eace88039df5
89878.321158,8328.043426,failure,30320a793f5b73866129ef14689879aae8ca0d6f17bb5eb4aa5d08ac27624a1a
89898.702566,12.599498,failure,62ad7e9535d98bedc432ce0f518ff015ef505614d4ab5850f9632ec8a4c3d9c5
89918.903952,17273.391859,failure,6dabc7da45cb7aeb45ab0a6e0fa629945baf5ea4fb30ea4a29e4c0153748215f
89938.622469,8808.442526,failure,6e890d6fd35bb20fe1bc06daefccc55bb26327e4e9442871e663ac32ef30d093
89959.153984,437.052727,failure,0af926fb67ef34e28b9a561c9b5da459db42c498e0e9f91b6a6278c56152845c
89977.671618,898.163915,failure,d8f73aa53a99def95b94853a8757e8293d7cd1c0367c957a4cd89255cf45d006
89999.119291,11746.203459,failure,6bc7091be749112d8efa29e90ee7128eaf1ae458d376b07faf05846d5a4c5756
90017.698719,405.588137,failure,6b33e7599fb62d607718f1a199cf192cd82f719fab7f05b78fd0a970b43cf21d
90038.436764,11648.831841,failure,3ed5153079012eb7d1118730ab42b7c83ab79d6797088943e9606eefa7963071
90058.804327,19396.030170,failure,fd41fb7df8e62015bbfdeea64507dab4ca720688ec2fd9d197d6d7e5d6b59b73
90078.382896,7321.733004,failure,7c7304ff9f651af0ba722e28f3e3dfe0932e57845f2cf262cb48ee02e0f9d864
90098.825157,15709.488335,failure,b92f41d50dc94f5ec3f73575a472a89670855887b245913ff3e9ac0be1478b84
90118.352201,17633.079820,failure,0d50fee2e13056cda3e45df1a756aecc8bdfd864b4b4458a930a63c749e76d38
90138.337021,37.284100,failure,a94f4ad064a40fd7e7828d1438ba3d95cc9fe2bc1f2c7981b9bda07f50dc3bd7
90158.337469,17.761101,failure,1aa12068bff1d7d96a169ec15aa2d075c1e62b79e09f0d3455b18fe29a78d49a
90178.480440,8935.118833,failure,cd0e2c2fc334fc191125044f7f89965d0e372ba7fdea89c5f978675591cadd6c
90198.664466,12088.987935,failure,b3ff6211fd52185ad7ccbba912340110503df7fdee8324690df8c4f47d6370ef
90219.128990,13944.994647,failure,59badfc3000eda8f51f7d7cb65fc22dd8838ecd88077d755ee4ce85dc73aece2
90237.984258,16833.316639,failure,fd4c554ddc6726fe411b72ee571b8fd70df5eaf9e195c3e6940d76acf2fd503b
90258.423965,11113.282719,failure,f00a25748f00474452c0d59bf30dc9584a02c694520396315550356793a3d6ad
90278.816135,27.498837,failure,918719c70a5915658635f7e41c72381fed075e3118fb1e5009fb193de7eb0336
90299.185012,14504.492725,failure,b06560beefc00dc8cc754597db15011523fd291c57c554f537a18dfd0289e56b
90317.679916,20019.258003,failure,8c09d7e201e8deff6d66091b63e62858ed755f40e1d8d9a176eab188dac78530
90338.404299,831.275316,failure,cf7a363d9010581b13fc4f0fbc9b4aaa4c39a46c2998121ce490e78a2aec572c
90358.682438,9777.674460,failure,ac8cea16ca41f927f86dd9d45d43c4034c20e01978923cf028a4b34915c263fc
90378.393313,3.911999,failure,f3191b34f1b5c740d9a95128533bf566af2750d4d51ab10f191a3ae5b41c0aa0
90400.291779,15901.695480,failure,121439d1bd90bf16bdc2e65afdb7c9c54ae2ce66e4cba3ef74f9e90ac88424e2
90418.693080,12828.623735,failure,74c42c934de36f8c28359c6fdd41cf9bfe4d260b338a235b3760ccb5f7d03a03
90438.676908,12945.602586,failure,0103045fb09e8c1cc6c200950af437baf94b22a322bf1e8ac58b00a81b1b0210
90458.672557,16474.563511,failure,814472a37effc723174e7043589aca24990313312534b6d212ecccf5820433d9
90478.363545,19852.272880,failure,41ff194a8986200049b7156a697c46d0b478e0292d8cf74c2fa3aeb8024b6020
90498.359234,5.948292,failure,436d6ce5dafb8f205d1300dce0d65f26f674dcca2d2d66b3a235d15e19dd519c
90518.733351,3.629719,failure,659145abbf207598e732f73480e057c80955d7b238d6d22258a4943d886c63c2
90538.774695,9689.585087,failure,d584dbccafaaf92e892840af40fc54cfa422c1c28fa03009995c15235561678e
90559.027278,15743.709463,failure,fc44eced88792be7cc66e359657c305b97dc4ddb113bfe5f96bd872f6e474571
90578.420697,65.948945,failure,ae868a1fdf74933339e6160e3b189ec6f64df04857aa65000e4edad67f0fe128
90598.665636,14259.705104,failure,0ae607cf52cb143ece83114c5814a83b9dba7afc39b3084794930e640b229b64
90618.397158,11057.870823,failure,98e22bf06c2e9acf75a232d7e0602c5966dfc3f68211f2ca3bb9966109d3a024
90638.354838,322.862773,failure,8c2e54c8b2e7bbde4f3694edcc207004b950b6d87a1c80ef887d1d64854e4b34
90658.671809,37.628324,failure,31ff0e8d09d92fcdd45b59ebdcc12b1394afa6e9876254b8e8d89fafa652b446
90679.153194,11630.226001,failure,f0b10aad8e8ab3a63b5bf0542870e8979799513b18dba03b133e924965cfac6c
90697.703069,5.579342,failure,46bc0802580b7c09f75a47c4955c37b886e7be05895c54a7b1c88e6e767bcaf5
90718.694193,10316.569465,failure,f2a2b6bb1c993a974744405750b9df80fd7d1248924eb5d701e6173b99ce1f83
90738.639118,9085.659454,failure,6cda392cbe1065a008dfa27960110530c186e977728ae8d41b108308766bbb6f
90758.643784,13204.657336,failure,d796529bb5ce2f1b8e95679750a1a72b64068163d0578e2038a549a63eeb21ba
90778.743285,3.539533,failure,870e4f9fcfeddbfe7d49e52c0533c17b8b862888a072b4eb05d6fe4f238b6aa8
90798.709470,15.583569,failure,cf8762ef4163e3338ddd9434ae8cbd5b2a18f0570654fb3d35e9bb96aefd9095
90818.741106,5.535802,failure,8b7cce7a73568e22f2b8c1caadbfc8d23dacefafac6208f02f8901663388a189
90838.562223,7166.699315,failure,7d970c815d5abdab904eb7abd832c19b19dddf31025c35c617d39ad32fc19237
90858.664289,13124.611727,failure,ec33302c35a9f940918e4659c5f69a4cbc72bb0cceac676302a096c7d47475c9
90879.272627,10491.067708,failure,38fa3b25c1b3b7917d00a902b06240ed83e100977fed6336b558a52afdf94d8c
90898.320921,17684.997883,failure,f6352025bb7c0a5b027ac04c1da5a5c7dd99cd5dca37b629d3524d207e89b6a1
90918.688926,18183.828422,failure,1e6ea3b623b16f8228c203d7ee811d515c2b4f5f1dcfe4558298e9b1d2733561
90938.676381,19392.179729,failure,c405e5751c29792f438af57cf4293b95864433415fc9cf62d577a9a1612efb1e
90962.379873,6246.919964,failure,dc0fa73ca0a4cf320d6de984ad488ba39c89b3a6847e43efd52f46317b647e40
90978.838404,9023.424782,failure,139d057a889fb91565a8467d4751d1e8435a7173bd2262a3241d2616b5bd0b0d
90998.434457,2833.305522,failure,cf58f4c49aa9bb92f0a569fbfb8a5fc2c092fc611275697816294ca2ada4d155
91018.914790,435.380561,failure,55075c3637e2b571f864d31c2b595706c9e0f6469b33cd75a0932240c6e872cb
91038.898888,9656.383774,failure,fd797dedc0574161a139f78b39d0b65a4845e7374e6d9e4fd72a8ca84d17152f
91058.362937,2006.682884,failure,550cdecd0cbb3bff24327c9e12dc7cbdfccce2d7beaa082d25bdb489a3a3fbce
91078.750609,19304.541490,failure,beeffcb40dd950c0f9f5a03db168dd1c2d92f06f4765502906da1b70ddee6f23
91099.151505,21188.114266,failure,01c46fa8a8e5cb684e74b5e8957cba751d7139ef0a08b10dd5f2b8250a01b1de
91117.515789,3070.814115,failure,816b724977574237b9d3ffd33b2729b805571cc0433e509b004f6b0dfa673a0f
91139.337967,8436.573372,failure,215969806b55943c7604913b15228525fd9061c1766fb9b8a2ebfa64af49a4bc
91158.903345,1391.387585,failure,aed06ca89e70d20b73cbb33f1de812718b37c4ca4333f10690463c65daf26704
91178.671457,708.058114,failure,ede49fedeb6e5a0ea949855ddc42d9473d97a8f047c617449b149ff06fb36637
91198.417288,3201.901172,failure,a926f118e322ccff199580bb2eced6aeedd483f6c51f8cafa8258e12ebaf1f80
91218.367695,6718.923698,failure,800e87ebad81cb743b1858f868683168b7bacf6c396d93d88569824b621cac8e
91238.404192,10899.881621,failure,2f281aa5a3acfe5bb68f5c56a492c7399a67c6eeb45b787b7b8462f64b230bb2
91258.785624,2297.116464,failure,59442889eecc43ad68537e8fced691e9348d4af0f2686ff41310e7cc0c2c49a1
91279.149163,1051.749695,failure,9fd613416d9b04bc6ad8a98d8806fec4a7e1e627598894515ffb945c16edb1b1
91297.438881,837.641623,failure,94207441fc6911c8ca7159b8d51b3a4d92d973b0165b48e51ff47e222e58c4f1
91318.826377,8256.804115,failure,555c066afc148588cfd9d13bb8360106dcde1ab4182a17b6951168cd223b7a15
91339.198732,16099.722403,failure,4c7637eb3173cc059d992d4f47bddddd77d3b1c8a9fb7295418825389d63376f
91357.485374,13449.074869,failure,e6feab73cc7511c99cf1c9e91980210a694d7b2deef6314cef73b7a1e3443313
91378.858273,18063.722100,failure,177fc548e4b57d06e0de818435b0122e81aaacd1ee4d0aac0bb4f08555e701ec
91399.198359,13634.081362,failure,5f990ab50b4fd34f00c6ba87ec562c2232963952b9cabacee9f75f8b0342635a
91417.481464,40.059148,failure,13f2b8e808cb912867ee66caef78347c658d12f8adda96e8f16affe533855be8
91438.599314,10511.700581,failure,18264f50567e7c979020a7d0e4b2d9defa42aab19c155191b0b8f6db45d8a5ef
91458.940352,21.522254,failure,5948e3a02a61e0a9c4673b11dd4a44669059bf0ef53ba830cf5f79d954137b30
91478.852068,10453.444761,failure,70c67d55cb478ab0489633fb28f9b811e1eeac2e135d8a34199a134443e9c246
91498.639055,13304.406166,failure,cb96ef9c99be4264d604409acfe4bf40082c1a1327123102fd16830a98fe9fce
91518.667025,15900.402115,failure,225465b0646a2e9c55d6c10e9e794f5865b6cf6b6cd8416dd940c8a978e087aa
91539.174039,20016.186891,failure,be84f224669ce7acb56621f59391cfff64e3ccaa64394d3384247dbd3c43621b
91557.367699,20648.968025,failure,b719d20c1b61410b2d1fd7f693d6c800bf137e7d9654b92757dcd0c77d8d6f4d
91578.641817,7890.911029,failure,d15fcc4e57004e3336aa55065851335e59be17d7b7640bcc68bc5a8818b233d0
91599.126680,16046.168148,failure,97669f926e77ee09dee5987e6f2eb31448cfd853ca2b5e64eb1108a59b4e82e7
91617.658002,11653.652149,failure,fe0749ecb78ef531653705ed1d924fd425c56b4f28122206a005d7355877f34a
91638.364353,13463.024862,failure,a82b8094835c41105b918ce2c2023c1463da797c0160747569ed8c2eeec5fe8a
91658.709709,14637.961305,failure,b84f26aea90fae85ff68e0423e4911f3f4dcce63e5d646926f63346176d0ae82
91678.687046,16147.587116,failure,88f474ba5498f5e057843c213424f5d2eaa5e2e9a719c48fc9d05711b8390d2a
91698.639458,8640.239208,failure,13bea6a676f319792b35a1f9b361425289314d724438637bf4e75d51879a0043
91718.671466,8657.592732,failure,9bebc71638a4db3e8def4995b646a38e4feaf3d15f874964e683bc6966253fb2
91739.159555,3684.508875,failure,1c77f5126d6b08c272be85a68455c7b8f8db4c73e36a68085992cd95bee0c64f
91757.718548,14859.580203,failure,363960a71ec3597ceb63506b9a888ae6645488c8f36171f62bbb230c55bb0a31
91778.728158,9181.833444,failure,c39e413adba5319f9625dbc521985ea7e9ec652942dd808789972cda3dea1d93
91798.621902,2128.758246,failure,9a19aa989a328362a59c47350b6dbf3ea7fa6eac2d8a1725f7640d9fbcb3d0c5
91818.368143,5958.955777,failure,839a9b522c0ca0f42d8e3ea290611480ea40569a8113a7d3edfea58516791d75
91838.957428,659.314548,failure,9cc6a2568004ff757b71bf2ef4ac392182c3ad06369f35aa3d4effa5bf536eff
91858.652476,495.616435,failure,954ef3709634e4aef678a99c26300da9db8041e099a2f152d204674ec53b3941
91879.092235,17028.169550,failure,97634a7a391bbf4be2c5d9d36f6310c21fdb6b4ec1814a7334bacc4116a0d9ea
91897.622626,12994.683777,failure,391f9766f054bfb65e4db451ab50157d90ae52ef58203ae65dcc5cbe78a5b4b0
91918.636113,14385.489970,failure,c12514ae44a83997db91a87948c9c7aca556a578c94871d691a42ff0edb4911e
91938.673111,16385.662913,failure,83521a1d70372656869e95bc5ee531e9816d3bb59b0a693180e7ca48b68c8371
91958.388145,12628.446529,failure,b4dfb4f1349ae6287562c60b8be6b05a26d82cbae2fd25389b3860d89295f7dc
91978.645638,15689.637230,failure,da43902d6ea7d3286a7d5d5bdba5a9c22d3766ff02c9c7a1b77e5ab7728acb58
91998.646379,8962.144766,failure,6a3a049dc7c6c6f2e63894d84862782fd528219313fd9fddfe2b24ec34007561
92019.084586,9627.169182,failure,c47a25d43b0bb45532a0f2f594bb6e029e10fb79c51aacb191d10c86742c2271
92038.581177,16038.681196,failure,002409f5a71b9d1209aa1a95e1652bffe752eb1aee40dff030fc383967c352d4
92058.651556,4798.622027,failure,55336d4066baa9ff6c38724314576f201904a4bdfcdea6cdc94bdc10ed97e16b
92079.161365,15341.818368,failure,e628d25dfd70f37544c8dbc11620833f1a94db929373dd866d7abede4b600ed1
92097.651612,15944.940264,failure,27279b6eb735832003c61f1630300fddfdc3853b435e29e6787f67086903c52a
92119.126801,16286.152725,failure,90c77effe888fd865580a120b7f16819b037be03247045e9ad8c963f30d04235
92137.460040,15902.396090,failure,5f877912cf8ce77e3d1f9de57ab002807c442d02dd8176afde57afb4b7f49ec0
92158.921014,13002.179564,failure,6a9b77309de190b03fc91ae4f09e66bf34fb7285934584bcb3e7c28967a56c12
92178.298848,7962.017360,failure,80288c55ee1dff6c794c7f3a8281ba099172b8edde6d273110ca7ecd8e257500
92198.723402,12755.554967,failure,da38c341355c4b119d29bd141460a60143689d5706871f0070807c36199eebc2
92219.078507,8178.539693,failure,a685be0b1477e8b7fc81fe2a3e337a21ca1a470903866c4794ec1b321509a15f
92238.350046,6062.127706,failure,262d5c8c5655df823339e01be45a56777dce17855b560695885794cfb9ed232c
92258.708437,11804.641611,failure,7c132920ba3a1be158a8bc78cdd22b1be87aee48d308fec3e9a54b61598aaf0d
92279.085433,10582.916006,failure,cfeb6bf5c516c83271304903e719041df7793d287fc7380aaddf645deff743d8
92298.367181,9073.127352,failure,85cd255030d8d0f43f11bb93aa5b9535c7ccba8cbe03a5942dc381b86e8082d6
92318.725452,13108.540582,failure,8ab0e5d66f09c1c78756a8e85e1f8cece83c7a05a3ccd721c1e913f49e397e28
92338.476484,14483.056175,failure,ef1416436d2ed8918a7362f659bac1b5bb709c20e3a97aa106d89442469d7f70
92358.641600,9294.615141,failure,8c51ca79c6de644d0b286ed1af735f7a569b571ef3a66d1a4ac5dd223002aebb
92379.058950,20329.247152,failure,88c9103d72d3071a2e09db46cc93d4d0681ddc4199e5775578dd13db5e9eec4d
92398.622968,15143.678646,failure,e46db42e62f878abaf564ff1efa6e60129bc45f4264a8aa9b1a10d115d384fa1
92419.016765,5790.409984,failure,a0473fa5dfb9fdfc02720d0c46c6b7c4cb3fbfa84d7897831bac1e37a2140368
92438.335209,11383.936453,failure,ceea538649cfe44e799470b41d55220f297f3678f002733e27731605a72800f9
92458.371788,1577.913618,failure,11973e2ddfaa0ea59672bd90829887b4be93f2e861b64345cb1a27fa5c5d0aa5
92479.052704,8892.005404,failure,7f450e3c30cf067899ed7b44bc3cdd658990a086622a3cc127f60e224d6a0ce2
92498.795481,6912.470170,failure,00d7860abcf177ab4c5cb630fe5426ab5d5f079e05324b094e7d2c769490bf7f
92518.706759,9066.629935,failure,8aabf9ce73aad33ea998a1428ac725f7212417dff687e260da2ff7933c7c063f
92539.189289,9100.399610,failure,3c9c799174e105816aa4cc49aec6bc11ca30812371618923fb17e3740ecf6328
92557.730902,12105.595585,failure,ae90325fe511b430b910d9e6b8f0a4a58bb0d10b0895159f70eb1590d85d9d3c
92578.422839,9708.919601,failure,77a5ecf8f844a0b70cd17e95252fe1da9598f4cfabbdd2b942dcdd6542b59494
92598.373168,11217.893521,failure,47dc886e462239eb242808f62193699a16c8e3e645a58c741411d0bee92fa977
92618.384991,8486.031811,failure,d4e7351a3601126221a83a757fba35ad86c23da26533bea25f39996ab2ae7951
92638.384071,11178.854921,failure,1c5110171cfb49d8116169fce1fec87d83f5e4320159466980f2f91bbbdbeadf
92658.746790,9150.547206,failure,2491ac59e19837654286cb719887afb54b8f4e4a57497f385e4b00bf95e18a32
92679.250089,12648.053419,failure,a5ee411eb2710d634aeb69fb6585afba396e5fcc8484eb41bd1848c6b4d563cb
92698.499787,15247.771061,failure,7a3d155c6208fcaa97b39f915276d55b50615f1b7c6ec79f3afc73a46ad04478
92719.147402,7028.138291,failure,757c5b523c354fe13a3570142cf039ca7ec62a419980ffaddc9ae6dc6a552cc3
92737.784691,3544.066062,failure,29d6e10c239d693d8ca57ac22f936df590fad001b48f45c82bfdde3b2c8d497b
92758.713274,312.584590,failure,8d8f9afb4e20416750ee4398e9265b34fb31462d35d0d318f0bc7063936bb679
92778.892054,9885.377922,failure,b77f32c7b9294510c603ad6c54a834ab65746c212bc5df30c2ef0a9f29fe4dad
92798.691446,15006.595787,failure,ac9bef5e8fdd569247b18c271fad272d5681707048f793f755a6f1439ec8e2f9
92818.344147,8576.913422,failure,477b6d2888e99b29e1e6f02c8c42e49b3befd166428a7cdacae15010a36c7add
92838.706806,11534.561337,failure,0066398b4c73f9b27ef0260aa1b89c7f9aea863215f7af6a0516114858dfc95f
92859.234039,14008.092890,failure,fd1b125d876c34ceec6d67247caef76892ce48dc3b7f3692d141a4094f0fad88
92878.711267,15766.582562,failure,06592931c7efe0192cba189f7c3a4e7a3701be94bb985936ee7893fd7e05e9fb
92898.370249,13924.382119,failure,5cac940647be788e8378a20d8640164f9a75011a3840571f539549b3ae0d9b3d
92918.651749,9359.046788,failure,43bca31a8cc1fec5be9a0c7df756d0e54c0c783a54b21b184f0bd12a8f2792ce
92938.361886,10855.547083,failure,b7641e346c3cbf03f55f8041f37fe84471fb478a38eafbb0bd556f4cc2bb5fc6
92958.771322,14378.514343,failure,2915ee96971864010236c43fe7ce9c9c6dbf04b185dd65f2026ea80d6b8ca832
92978.698799,15197.392794,failure,d17a4f4846b716319da35fe5b8e6777288675ce29d06d99c22e639cfff431126
92998.369273,9786.912757,failure,928ec2747d30acbb8cac79e82b316d66874bb460d7ef094c571fbc42a678fbc4
93018.362091,12390.923272,failure,4637b28136eaeeba33dff04fb9a60bdc9f5dfc56f584aec59acae09a40d53506
93038.528098,2382.828040,failure,89dcfd2d00930aa932722a7b7e4a92303dd0c75f619b7dca070dc5cebf3ed7a4
93058.680800,373.774448,failure,2d864f6a671093acbfd5d6293702a9a8a3bdf95b8dd491837d8a5a99bfa5f6b4
93078.756852,368.523501,failure,dd48d6abae4d281d57b74592e6b812d2fae6d8b2e72ea00e59ccf13a350bbb46
93098.695139,13470.594657,failure,bb3714a70504b8a2dd9ab8f2fbd9ff6bc8c4fd392ff8d6d6368a960d5ba09fcf
93118.358962,9744.141717,failure,a56d47312fc689c15d068edf1763ad3050de8fba9fd0c6246983bdde34bb3abd
93138.366158,16502.736542,failure,405d7fd4a4369ce2bcd1b9e60c5df11e9e4a5bd3ab2ac9bec1639ecbedc754a1
93158.727988,11790.558085,failure,f575827d336585312af9120936a4a7a89fc4566865f6d100e6b7aabf1fd608a6
93178.674322,9733.652496,failure,0a5d5d2d23ddd8d91d474cda72cfea2f2b9535f98a45766a91323d91b041cd3f
93199.111891,13102.380946,failure,46e2fd24bb2ac22b50f95696c8fe1a6f2796a3487856a08d07028f2af8f2fbbf
93217.451414,12405.934394,failure,90266f1d439eb1e1d681f79b934501b43609c2cb285817a1fbd993f5f76d7ee1
93238.820089,3876.469598,failure,dac14d69e3d61cc533a6efc68ed823fbb7d0854879ec977470c3f1f4596990e2
93259.183763,11537.428234,failure,6f650a35dc51bbccb81850e596b79b4a22a2f8ce6b3a3baf37bdb4ccd5c302ec
93277.471269,14286.796169,failure,d6ee3e8a4cc9a598c0330add62bdec3fe235db43a3be78e8a163277fe1193cad
93298.863178,17375.437857,failure,a271262b0f72862a36dc51a72447bea10b8e7ef0acdfc8c4617a4f90a634a7d0
93319.237731,4127.027126,failure,bece36b0ec869e37dce90a1d5b4114a92e46e6b3a2798ebc86f2354323ae0baf
93337.630311,2085.614739,failure,9f15767ebb53a4477f0eff1ee1ab158b2b2ac0c6f2807ba5a9d7a63871c7ef64
93358.995000,2922.601575,failure,6da308f62ded5d373e188c4030f34c989ae70d1eab5165cd7f71d8519d3e7f99
93378.799242,3261.621489,failure,01c119d73a04907a035d6233142e0c2a603073435d83a68e99e7c84bb51a5f1b
93398.719417,8691.566707,failure,e770c55a584879261e93fb546145fec60910c4ab27d269150094c28639273dde
93418.639994,9174.653543,failure,2f3d9dbfbdcc3c5872024f68070a7e6f5c94ffee7ac555033cae310b563a2a6b
93438.656217,12121.276859,failure,524473e0d7371191ef2ba6a77abd7b0d09c413cdc954b46e99ddcca50a8496a9
93458.609674,7277.681389,failure,8d10263dc485e00e9ace1ef88b0316810d491dcc7c4861b725350d1379050f0f
93479.097446,2887.206400,failure,90aa584e2c0ca176cb3f09219e6fe773201ce5869c8d66f69e54bb2d714362a3
93498.426823,2011.909535,failure,1dd8daff4b5e15609d4369955797d49fdf5a995d7c95ad5ada8d23452e624e2c
93518.943328,14235.362914,failure,571ee9423a2b9af8ac63f70affcd8c2e3274e86bb97f0ce7243f82d69b404432
93538.354235,11686.931687,failure,8e27d3a32c64ef917a725f84e2bf3e4fc97d365d60230bdf6e7f95ca7b05663b
93559.300432,18363.268622,failure,98eaa894e1e73b2ff6deb4be373d9bcec78c732d1483354eb491c495a55f1b1d
93578.753918,17609.494154,failure,a196fd50d19603c76b4227ae562cd1608b01359137e3b87d8c7a7a34f49cae9c
93598.695132,14248.584053,failure,77bcb706b052716c91c4b461c7108ba481e030a85b5ec229be42c01afa5b325a
93618.693312,12701.093585,failure,f1c281a56157c455bcd7f1e702806f3f7d36b4b326b0110aed2a8c8d9c0ed1da
93639.232469,7732.047979,failure,62606bad42ecd67b303491e52a63dbf40044e1804791c7d95fce02562b73853a
93658.670296,12641.515991,failure,9840ec5608b85b2eb1ab1ee89d7111e10538d4e3376f395159f9217da496b4ef
93679.054777,12618.784682,failure,e0a29016fa7945cff8f829bc600d7f2aa823918d4d350055c8d1138199a4aff7
93698.356243,16631.576474,failure,c0f3784f03800a9665c9f7c8c4371847be9224f1a9c316c5d202b6edb0191841
93718.724554,17719.712275,failure,2810cb63fe7d675710825ddeb7060f31ff690c34774da5d2cf2ccb8843c1e38c
93739.137318,13561.267743,failure,46df171d836fee896b69684bb41b6dfa1cfd76e31bfcde5333fde5c21b4164b1
93757.446324,1706.886875,failure,8d9027c48548822f95b76c506b09cfa03cb9e911261391a4fab95c3c69017e7c
93778.801655,6855.495893,failure,d6e825620a961a3becb3a344ec0c668fe20c371313bf45a43118e0f3df790ea1
93799.135684,12627.137511,failure,e84a04871c05918af02e9259e72dcef144d8168c97724ac8a2908e0a12a78d78
93817.420395,9974.982467,failure,d6f2d76772cfe96b865f37312d33d531472c4bcc8aa9034f821211d4745e10de
93838.633955,7873.900487,failure,995dc6225adb003f5ba2b712f361e75b41cb9042b22b5d842da53314b0e1f5e3
93858.688819,14191.822614,failure,1203ecaf09aea5ddaf914724e47825373f83e3cd284a8b72a38b2c9ccac448c2
93878.796561,16751.586618,failure,1276fbae6243a8d625694ae65a45d0e2aaaa2d9b9e8b6e54ba916da4f8e9103c
93898.671223,14273.668300,failure,116f631898f219b5a18930fb64a1fced375205c766c3fc3c300e356f5a13de53
93919.165016,12379.501488,failure,415eadaf470028634d2225df45ef9fee4d93039714e66efa64cb0d705742e614
93938.260882,7432.569416,failure,5e82c2247ad562b1b515dfcd059b0e6cdd5e292c1942cbd001dd055183f6256c
93958.709162,11230.578731,failure,d47b522d2904ff8f3f3f2302ca00c2f18f26f2c0c60f23509c59c5ac9d04b8f4
93978.644575,13642.089552,failure,43548f58eb1669a413530171afea3b2e3390d2304f91cb79b93952d88e0dc98b
93998.633177,6359.223721,failure,97360de37125ab59e47f522d767d668bbc47723f9023c862e1df2cd89febad75
94018.516265,13263.759618,failure,34c5010d834ac67c90327fc86175cca3262395e0ab94d72e2f7196230a05bded
94038.989290,10767.881496,failure,4376388e204972e219d1b3aff84ac38d02b4b6c644e6dd67fbb5ca67fd790a82
94058.797710,15607.516716,failure,db072e1cbbf181284f97fd85b735263473fd755caf3950a40f07be739e8bd989
94079.169989,15950.099740,failure,9dd39adf35b264ed4557794836b0e1a6763249fa3db539a91d4a5f0b83ee57ab
94097.569973,18893.707578,failure,a696ee2973e60e04dd76ae8ce54a354143a843a11b4fd1627390f6da92f79c1d
94118.969506,1707.318186,failure,4415fb57503e506e7776bd8fee3af1a58dd251aac6f3314beb19aca8d583acef
94139.100933,12683.297522,failure,85e73a8cdfdd2ef46a87314ac86c2b68d641daffea85d366808ef6fe33e199be
94157.846706,3451.463778,failure,fe00985c6d93f44660f0d74fac2999c700beae73f0751e9337a7d44cfb0b0bcc
94178.567910,12185.094248,failure,6773f2e656e54f48d2fc0b4e7518c89b888e38fc6244708d19a9cfbc41880219
94198.701421,1363.593895,failure,0960d7fb62a358bd9d897c0aac8701441085b60adcc7886fc99e583dd383c2ee
94219.146016,10367.186061,failure,0467f09d64180f80a5456c7e6021d7d9136ece37dcccb08c6955c5e3f004a29c
94237.506448,2312.757966,failure,c28f459b90b68b08c3d687776a4af26bc3d89763321e037bfeefcd1356dfa0b4
94258.390483,11111.930240,failure,b8048b482350edbe752aa6e7051540dc00e8c27937649cbc2f232c3bc89daf8f
94278.815942,14000.192885,failure,b79dbf002e8a5f7fe0aaf0207d5dc8472e78a4b9260441818253072970250f2f
94299.237814,15367.378730,failure,479c15f140250137df2d5d5c6495150126a2ba0c9e49203c1cb189781e7a2dc1
94318.639676,10485.981181,failure,da44bad75f3890f79643709466942d2ec8c33a051cca0b2683e65b0ad7702230
94339.030612,8369.243677,failure,1367488c8d88746e4dff877f4e77e03d883b08b924be39d5739cd56a71c5b8d7
94358.527920,14486.643367,failure,4c9a24b3014835781bc3aa052d3af13b1bbbb47715fc8c7eb1fadf288047ef9c
94379.166532,12442.961164,failure,cb76b2fbb0a43f47b717b63c93ade869ff0e354f81d7f2edcadfb8ba3a9e2205
94397.905783,20779.367326,failure,5a2538956814d1c11ae9f8f0f7f3e7da326d7b346c13672f9975a405110df9c7
94419.314194,12079.301986,failure,43299a4b3d5e01073b4dee295d09d622fd4411e57b5246d7e374d87e93e0259d
94438.711077,13249.561030,failure,70d7b93b989e3bf8dce8bcc9f3fc257ec4c8363460dbba4d6384cfdb93f4c544
94458.534296,4507.781162,failure,0cd3532d9264845651292b35563d57ca4b182e32caf8dde06abaa44b8520b5dc
94478.549579,8886.339257,failure,9cd55c8540368fc99c9a2d31e9254892b15fbcee8e866e254616c025d7e1de60
94499.086313,14341.230089,failure,29bd886a655a5b69ec8636cb36050834f6d197c1987bea2fbc49cd9468dac8f9
94517.376586,11783.320894,failure,fe636504e46dd52fe528fbbe88a93abf212737290b8a20e3fe742f301cf60b40
94538.352630,11824.950727,failure,8df4af7758894b30c2fe21cc8cc3ee40bd34695ad1a955086b330870cc3b52af
94558.480020,2049.753897,failure,9a35ca6a646998d2abc58b466eec8329698d2e8f58a6e8b22db000a688aef6e9
94578.646652,15761.902299,failure,cb4970f890f104fef5edce10f8130621d20c46f2f3ce84d7d6decaf3dc5ae43c
94598.685368,9573.611131,failure,5b9289ff6c3639b59391917c45357674cc5e337e24a6fd43519e43827c98c58f
94619.218345,15717.055660,failure,8bd8f3a38e2c5c1b5c4a144c691fe2659a078967e40106926bd6eaf26a372d7e
94637.415788,807.588391,failure,3824d782da30ffaa792fe12b69e4b8b9864a19612eef02c65bcf7b4673618576
94658.408422,17604.883730,failure,672eaa02b6716b19a874ad83dadc1a2ab9b7bc25d0a53563a7bc71205e684492
94678.859148,4012.449825,failure,b2f5a63ca99ccfde4bc16e95e8b531d9b300137fbb13a752a155070dca739d01
94698.555202,9094.713857,failure,a50204e04ec2a410014b99b41a195abf095d1046eab9daa5b9357c30d3063986
94718.422182,11930.862873,failure,061e3258c954d55e75134e0ed802fbe044253970da10a8ce8a6d98d20f3b6500
94738.680263,12209.587088,failure,38614bb01f227bcc9aaf06cb9120d27686ecca5e6c2b9e1b8f836888cc02cda5
94758.780061,11545.087886,failure,0674693bc6a033249095407b55cd840682a1226b1aa801831bf5f8e1519bf11f
94778.362997,15551.793272,failure,e71761ce03c004f916fa3752cbbd08b54e1185a864db94604a6a76e5a97d5253
94798.350710,12182.929939,failure,bb83c1d3ad6f0c36540d05b14fbcddd7f6a80bbaee27b784d930d097d2e37eda
94818.346517,12559.016879,failure,3af873bd1edba4bfbdcc04ee8983a766919580ff8a03cffa97bd261ec92cd4d8
94838.389962,12606.885483,failure,aa7e13d4a69b47ca44030d5d1cbb9e70c22c93c5b0eff9e9aed8b5959f399a2a
94858.350413,10278.923342,failure,b218126cefacc22411d5df23211952a97da4affa2ff2708de97976e2c891610c
94878.411531,19326.882869,failure,28f9f8c180e04ad48105a00e00fde3c101d28862d7fb0d7a20964a9e8c7ca684
94898.700268,13898.599629,failure,380cef469a2e4e5c5ddbe014c9a453b83a3747b8f0cfcf8f0d857dbc310ace02
94918.685305,3289.583339,failure,c001302c3736a19052abaced87666e6ddab32fa87f86208aaf5081753b6668b4
94938.603730,12483.192129,failure,b4586c8a8fc0b2bd37b9cac759bc352cea9cf8518c2e8f9c7bd55f9d193a65fc
94958.711633,465.166304,failure,41970eb122392caab983ee0e1fae3c165ec7b70be7ac79fa581718922c9a4f8c
94978.370209,5734.909165,failure,2510fc7f648e1c4dc70437a4d9940460a7efee7131d8ce72d329e428902a5fd7
94999.223577,15330.485026,failure,71163650a80aa9e79f5b1216d67d50caceb36808617a28b4d3f524aadbcc32e6
95018.047183,13107.225033,failure,065eab9c900233f8c7282ad19b42440d99fe992926c455a0bbe0ba8e2f0697aa
95038.974357,11954.306264,failure,8e3208d6f86b25bad01f4792b8c1b8876514ea5f9b17aac8a05a6cc371c2b41c
95058.340002,14658.226129,failure,2ce5d51afe2759a3b1df615b39c94f5a6674fa3192289f9aadbc1bfa4cf9063f
95078.712594,13678.607219,failure,9d76230c0a6003ab626db0fd0d266966c11be8419aeb88ac0a8d5ba1fda571b0
95098.418407,9707.848575,failure,088909dc2a1c9c59f9e718c22205f81a62a82d38d2f16068fe293b927c1820cb
95118.397083,1940.919221,failure,73b732ebcb7891af7094f3fdea43640d3b69fa5e03e3fb0e7f6b7994c2cd2c06
95138.350785,6865.951955,failure,c8af361aeaab0977f9110a2620e0921228e7005d26d8e43ca376fa8427f57bd9
95158.363104,3049.387195,failure,49a3934b1ef7024ce6d2060253477457bf59d5fa08347adcfbd9b23ace261c9d
95178.811638,1043.477247,failure,d371bfba49fe6eb831addbbf85f602471ce7189e13180abf41b43e9cb90f88c7
95199.173070,2517.121201,failure,6a732e8ef78105b5c7e8ec97fcc3846efa2e214af6b4a0a772f37d3c11656520
95217.451554,7643.023731,failure,1a5489259efa791b9dd22fd12047d559e5a6f6ea33a2e8f80f731acf1c017778
95238.773207,2010.777553,failure,dd3a4449ab52287fe4134b84342f4efc5f8f60f405f8a48baf1acfe2a62c6c15
95259.090869,17739.166049,failure,576bba235e3dc126afc20874cfbef6612c602628807048f629eb2b0bbe144245
95278.357824,5756.315896,failure,1301434261ed967635d2e7663dbcdfea5fbb7551b9526f0329e7b7a305fc7933
95298.509922,16867.874467,failure,178c12e00fbc05018499e51bd1a860ee6e6dc61869f67042084c8eaadf06a381
95318.865784,1768.703001,failure,73a77833faaf29b9c12ce33ed5d15912a232bddfda5419cba76096d5d280fd8c
95339.177455,10963.809297,failure,6d3f4a4676ae4a667e0d1f8eec784b9354b71898cf098af8136beb466d1ec406
95357.416797,12284.874301,failure,f600c1e20e2c661310e867c5db4f5c477fb80f4426662a16dad651ff357662ef
95378.712622,9424.549238,failure,d8bb1dbd0595e5f155cbf513196e303e9e0f7495a659751828c60bdf12ea0f38
95399.024453,11533.286669,failure,904a0bca9f8e9ae267f0ab4f61db7616404dc0acd26179e34fd0b12ac601233f
95418.276181,7315.000472,failure,d04c15e0aed11a8f8c33655c0160e31d8248472406c0fc927c24cd7dcb562781
95438.560381,9368.878072,failure,71292503600a6276f9cfc96df305180a9336ec124f2c4a2eb693174d245d92b1
95459.416997,7036.864452,failure,c61edc563973da1c07644c24ebb2f0330874d0d1bea0fb92431ec2d042f4bbe6
95478.847844,4622.260823,failure,4d49b6b1036c01c689e23ca9a1d07471c4894bb7cb43a9c7cc49a27958c7f62e
95498.405877,14312.493954,failure,cff0978f6494811981557166866e19bbdce25eade9ae5defbebd8d9ea5c7a21e
95518.762290,17873.576258,failure,8c2c0fb1de7f47ee5a73c099be2890a18c3f40d993561c98c6ad2fdb6ea30ac3
95538.365636,10.950355,failure,58eb4d91474a04f1906e54ad2ec2b897c41d7e58500f8b1cb2f69912987b6c0c
95558.739862,13313.530180,failure,e0b5ed9be055eabac421aacf8425cc6ec6b63b932018aa7f83302e673aeafdd5
95578.408248,8779.186460,failure,c4fe3e22bf3d5570526a3be2224dfb4bd2a4b882dbaa6ef7e979c132a7721f02
95598.361648,2.391178,failure,d5a0beb615be1bea7baa6be51ff953f3b9d8c84402605e63daa7320f334bcef3
95618.714756,16643.580257,failure,c2114660ba2ce3ddfd0d5723a3f6bf430b035e8aba987227bdf98d23648d9d7a
95638.366220,11182.818046,failure,2b7406eeb57d9020749d279c48bc412dfb3664734e0af697b19f59b8cc1b4c3a
95658.587865,19936.665070,failure,e9305aafa16c11be47c7cc5add29fa533037d260dc0c3fccc10b24267c0ee188
95678.388214,50.913981,failure,dbf075549f2aa1b982d5bdd878b65abe4ac2cc70dac27ace2479a7b95dacb40d
95698.669008,30.887767,failure,e7b9f93b91fc68771f74ad72e78b214381be675336cc1035d67b5367ff5994d3
95719.137839,505.306650,failure,bdb52046016dab6279902808125639ffb7ecd401b9a5bb038d049232613d1ca1
95737.979120,15.309060,failure,e76178b3c2826d6f3db5a0ff5b842aef8e859e78f7235711248d8cacba112d54
95758.718109,2.422916,failure,1db02e7f41bb59b5417f02f7b52a83f6865d2ea86fcc7be8a0e802faa77fe701
95778.600168,5.678037,failure,e7e8cb26ba171a688a78d863e57682b935c93e222576aaf593a65433f8b76cb7
95798.661758,1097.547089,failure,06c792fde43824a2602f9fab21b90defcd2c26afd4fe5a0ddd887d8840aef8cd
95818.869818,1693.375004,failure,2b2ee638a4fc1d8298ad679114692c1ce9486cf899bdc8dfe1b87c27572aa064
95839.216835,8824.377927,failure,80e8d1fb9e8725829f3d5e7ff917cbc47240529574ee532a0ebb81fc444d56e8
95857.687853,9040.625858,failure,2635ae3ae2fc22710f347b322bb035c2c7bc997238497c1a87ff3ab6a7f47846
95878.646667,9276.630792,failure,c2f971090f163dd098da30bcab57774cd4138d8f9ae80013acf9f4c1a08c1f6f
95899.075284,10655.231098,failure,72379825566c564f0a90f7084dbe8c709f3a816c3a96c92b497935b21a903c9e
95918.452433,16226.864359,failure,ecabe835ec46b3b3fd740cc2c84f1a86e54b85b0fc7841d0f5cafdb93d658f40
95938.826629,14305.479211,failure,ae3897ff8ade08de1f58b18264f1ed33360b93c3c3ccb4d6147db2e47f5142b3
95959.225491,11167.068584,failure,545c6b2ceaaebc9838178441adf9b8824d6a08eea71d225e8aaf091db759e8fa
95977.555149,14003.878932,failure,1248a1bf68dcaad0146e5b245d956d2b882bc3fb22adeb59e57b80844497a9c4
95998.922917,9190.672893,failure,32eff904a17e17d88ea08a18a9acf183f4d104c3e572abfd0515d49633e8999e
96018.282162,11924.988262,failure,2276f38a0efae3597ad608b7ddc928271a9da4d8946cac4926f1c6be6d577a2d
96038.826272,11671.459417,failure,3749ad7c09970efb944c61ea31a5efc75c8923c78c7b49fb54cda7b8bf11e776
96059.160995,8901.215741,failure,a3ea436d9665fa8ed55a96c0109db8eaea199b670a14e89cb283e9dc28c9fee5
96077.525437,16330.766463,failure,79b459feb42b5f0a57439f32065faa0fd79e3b1d544a1341ad3159d06ce6e099
96098.872347,14532.014792,failure,b7e02fdacac95e2588c8157db1214752fdb8116caa079912b96d45a84457055c
96119.215557,11665.076342,failure,4f2e0a3a1f1cee1e23a143f8de560037c6dab037fdfebbaccf6657eab9c166ef
96137.496006,10160.089364,failure,15139fdedf715f99fd33681b7b3f8c1d768a6b5a3e7ae1c2173479633b7374fb
96158.817520,18457.473505,failure,4c4634a9d758347b67ac8527e53c80d216bbfa92de15218d14bbf6398d26253e
96179.167144,16405.111331,failure,7f0cdc88738883a708e8d28a2a9693bcdca587596ef1bf50d9dc0502e1a97ecf
96197.454495,14995.797930,failure,60fa9ec965470311b26b297e55c0836887b276ad765437ca7ce074b2763e5d29
96218.924213,16318.374009,failure,4f504cb8692b89a16912d3439052e951216044d2f1ec51272c3d6d396c757146
96238.939790,14585.348667,failure,72b4bc4e27cf3e033cfac48b8b8e82f7034592e7d2ab3c34f82a2a5085b346da
96258.689447,13041.806505,failure,86caa976ac868368813e6fad17d0f23278e85ea6d780b6211c63c85aebe1a0f3
96279.200558,12117.091992,failure,eae1755a1252b3f26fb1d7f5bf8e86c6f93cd748ede56b23992eaaec6086ff23
96297.492888,16075.783212,failure,def89188e4744d73c2778dc22277da2cd5cfcccc63aca33a7f0de3098399da9c
96318.767637,5842.522986,failure,2fcf38140164be0d5f8ff2d41ab673d9bdb86eb3091d38864ef6847da1813b62
96339.244194,6800.227117,failure,009a39ba5f607ff46093605158c6702a36dde8fbebe0d94a72fe103ed56c5bb8
96358.344965,15995.758784,failure,885a42f55253ab48b8f69f5d50e44b055dbc3c3305c840e080a7e9144b0ac726
96378.687244,16813.639478,failure,625c8fdbeb531f479b86fb5b6849e40bfded014486394ea79a9b64b04b65ca76
96399.184249,11522.160264,failure,2afe08e479e4098382e92ba5792ae4a074ebf6b631227df11a6d7ca44b76dc43
96417.495945,12287.785041,failure,19cc7d9ca64decb70a2e27db9bec79a8e6b6a5abc6e505263b4336ef0077463c
96438.864326,12655.459459,failure,99f2f0d8d3ed0d0c5c6ce4d008fa35a81394b5dc5156918025d67fcd58177bb6
96459.234206,8481.971395,failure,45e8230c5707f95dc01520b6d37ee5f24f7e292e7f030823cc5fa0c9d4819cb0
96477.526517,469.765208,failure,12da66d2fa9cb4ad274db78f13595ec192f1a1d186d4d0d22236ef955e7e9fc4
96499.015060,16853.298543,failure,0b8267579c7ad9458d2138ed70c5f2a8f3f865d0e7a4184c662d9e1481685812
96518.376090,7.924809,failure,8e8b5e0feda917c969bc3ac58a4e1675f1817020f88e65d97cb2d7f05bed766c
96538.718280,2.401877,failure,8d3c232c6c541dc10b159e3b7954113bb89a0f5d5d110ce85bf8905b1f838449
96558.642539,34.652519,failure,f44f6caa73884d978b6c2b328e4cbee31f25d4e0ed820e501bcc1ff6d6c970a8
96579.055077,16138.231934,failure,c28366739233fd7b21f42bcc9119bc4aab8ae624fe85fd61ad9c48cdfee933e9
96598.702406,13293.563323,failure,68dffaab814cd1c5a218ad90cfa697ffc5862527bb42dd77e87b650e42bd8b40
96618.630131,3120.926051,failure,5e779a892439d4d53107d482371578511d45905d929fe0f07ef33371192c1b26
96639.176166,10805.138136,failure,0ea66be543c6a3dcc3d7a360d0c4ee88e0a0c3a67f31a13772ad78ef3e50abd8
96657.398688,421.788176,failure,7c551153956768f66074514f87dae4d5f80322d4851367cabbe6409a7d6c4f9b
96678.681011,18621.105374,failure,5154ccc1bde51592351e33b6fb75d5cb8e32566896a6ad75ec53c908c129b9fc
96699.103097,79.204037,failure,21542a1b9c20e54d4bdb9a7caab637b082d333492b31e054d93c9af48ad52b52
96718.420127,60.123924,failure,89ec8c8bc1ea3283bf6e5abdd91d6e711bd7c800b4e46aba21784c89e878fbbd
96738.791640,39.960144,failure,843b73bc1e564126ddcd7bf4b2816d951285e3895b3cc31660f7ed5dab73b53c
96759.116257,19.834714,failure,46a89a56b4e043801f8b60c890f0b77eceab86dd752a5880e7b6de9354d3024a
96779.473324,11195.797042,failure,7273c4baeffa6f3fe01f8c80a02a57138dfb774a4a358d8445ebbe8f82b19073
96798.682104,2.463711,failure,e0f9a867f566f3fd3017e50847eef453e8e09aef1cb3b174ff1eb92cce1dda68
96818.568653,2.378936,failure,fdd773d95f90d57e886a71e513d6e57a8cbd95c694fd6e848fce8246b0a60d06
96838.639472,16188.653634,failure,43fb800ebe140cdb865c29e2819b8d972246fcddad0d71ce2585a39dafad0f38
96858.657203,5932.621985,failure,48ee0d8e0ace52617228252f42e157ce90690ee071863aa2b2c236d64ce76d07
96878.373409,13494.975488,failure,a704549761e9b99e38d9ec2ec0077fcc6894847e9410d3592e6fc9abd4ea3ffb
96898.615965,13881.343298,failure,c5b2039574836682e0d29b77f15eebd9e758cb0a587abc0827508acde44aa47c
96919.135661,14399.800755,failure,a00a4b07bb7f3a322b47e05a0c286617508f00b01ca57c2acb80bdd6015be26f
96937.886527,10295.409606,failure,27adfa94a2f065649ff028023b3223a15c2df263ab1bf275ab03ed8ee7f3ed93
96958.675530,441.174861,failure,3f6c94bd234a9a967dc72211507539861d9f9bfc318653dc2ea634256095ec55
96979.162847,13475.457902,failure,b4baf0d9b95aee691b76e5deba6d4b451333a373cd162aa0d0d0a81a81381e21
96997.754780,16980.512792,failure,ac240de5fdf5c9776b6f324c25d2c9ce5b8b8a85b6f1eddffb05f54af134ba1b
97018.320471,7.987314,failure,3b1adbf62979429f2b1f9bd20664a3292e58ae9e34ec913f6ce845a1e38bd912
97038.882335,371.405678,failure,c69b09f5e3bee9db81bafe5658e220bdd7116a2ac066fb7a2addb9b877f87fef
97059.603994,27.694773,failure,e66488a3a02fec4a0294e5a30cd4a373d89989141d342232455b7f9fb7c07429
97079.494541,8332.783011,failure,8db29acb76c863fb036fff0f0294757531bbfffd13effa3abeca0770d011f7a4
97098.997944,10951.241247,failure,e0c7fd784695d3197f4164a4802b5ac781fb906bd5eb5f494b439ee64e0bd50f
97118.732835,8438.594695,failure,5b2302c865265e255167472ef235b7fde31c836a4c7563018a45558564ee2842
97139.275917,530.992985,failure,abf9c955931d865917f833e94886fe9c0bb0151f151eddf5ac106bd45d2ece1e
97158.857536,5.423979,failure,73920dbdf56e3e84f0cf42f33a619f5f454ac022621ffc5c3b9d9a01578ee18a
97178.704013,4.026723,failure,79b026b499381debf305a1962e1c8f4ffb561da7fd7903f5599c8c6560f92071
97198.952862,13239.887868,failure,a1a0fc803f3cabc6f0801cde3d70230894bff83d5c2e410e16b36075d170a49c
97218.965977,15436.333844,failure,f918439533c4302ef67775bd06196c079241678a55bc54269cc323060de8192f
97238.385627,14585.911626,failure,465c33e761200c382225d0e57bcf610a38a95d81246fdcbe3cf8d44585c78ad9
97258.952072,11511.347242,failure,0acee2baf1a6371739e20f5d4c8cc3f85a407ed62e7ae1afd9497feafa10a0b9
97278.348359,11572.864783,failure,d6cda20b8d90e30e2bbd72b444ca6de40fdac8fe3813633db6940193bd722db4
97298.352267,12065.926760,failure,204eafc263bea188f4089ee0a3a48f20c0b3cf7d53f41b629b5bca28842b7462
97318.339293,5.965558,failure,4496707d91e443fffc42f7287c4cd96f5bcc4feeccdf4f1ccc3d9dd5d3ba74a1
97338.706761,5.628937,failure,492d3c5ec28b4a56785b8d2526fbbc5f69a13294e0e0d57e41a66483d059624d
97358.698987,5297.573913,failure,970834336440846198b8b1fc01e8c868b7ee135acb8cb1e1572bfe39d5b5a24d
97379.161130,984.146726,failure,9e4736f2732ab51110719998a2c051030caba6ad3ff2264dd9a51103de172292
97397.471786,18537.805927,failure,a68c1739b6fa2104b36a60b57f2e33cc4385d67ae3c2ecf1fdf72a3e228774f4
97418.688830,11235.607604,failure,0686a0a1182fd576efc1eb082542ab1cf84649a63f5afdc1d199e671abaadda7
97438.364652,2.376622,failure,85f202b45724a59472b4d199c38676cb244bc9fd204c00a59fc02d3daa6f1197
97458.643276,16282.773513,failure,c20b5293c820b6ba92e842b1d642cd8765514aaff723e3b61d0f558bb9180f63
97479.194663,29.184432,failure,bf1360c913acb2fa006f2120d1d98495376bc9e33b46f296c8b8d8807ac888cb
97497.526609,11.099702,failure,762b431d6ca2bd86a21d92cce64c560c4b1daec1bdfac05d93f5ef6db46f427b
97518.635974,8859.510819,failure,d025663dd82f77c7d07ef5647596261f4982b21a7ff7371ca354acdc22e91568
97538.819222,2.448965,failure,6121f311dc5d464ade3dc10bee5516eafd57ea34e1a73ff18d46c98dc1db6722
97558.684434,2.435350,failure,ebd6164d8d5e828c5ffa578cba4848ad02b7c71d36391261f409dd8121b528ca
97578.673534,876.641007,failure,67e7a4d46d740abf9b45148ac7ecdd2ab9a5e0b84377d1163f3a806b2e156352
97599.175971,9700.855141,failure,bcf3daf2bc0011aafaa471cdb027f9b982340cc5c7ac56b92b36dce4626a0151
97618.747171,2.414802,failure,19e92746133ca0f35959dc28b669f8ab4c507f311c6723cbd5f0d8032f0b9a65
97638.632340,886.172634,failure,3bebecf5be50db5eec257c382ddc95e1c310062e6715c22c06b4120a80cc6481
97658.663417,14334.624489,failure,ab72854fa698a195ef3ea57c5b42423b745e1da83a9498c80456f7f2115cbf02
97678.669329,12650.618518,failure,2219264544765f0aa8367a7c1635d2266b7e8f93700940cf123de3521a036e22
97699.138694,6698.211179,failure,15da438be835f6ef004e12ad6e575c49c4f37bc952a0570a472c885af1c68ff2
97717.709620,14136.589931,failure,806b0f0a7729aea590fde5b13eac64f7854e63648e8b38d015fc613615952df4
97739.153542,3869.099667,failure,7bff7e27c69ab3393cd6763b8c9d9c43c859734747cd5331131285fed73f5da8
97757.403847,11215.926944,failure,ed198467b3cdd004adc7e520f15afa4249df74c7bb29eccbac782cd9f6724d64
97778.687063,2217.590587,failure,a095bb3d370041700bb6836519564fe342a10c2f93697baf383232b68edd6696
97798.671966,17791.633330,failure,b2e481f5b7d023e6ba4634b9b89e459a21dec90ff1bd4904795569219b7341cf
97818.664512,14987.614699,failure,0e11d8a2af692aaa59e8dd5467f30f22d79c5f2824cc9258e1e55c34c653a134
97839.068728,13873.226965,failure,a9e26364bf734f823be6351a2ea868c6871af15091eb6a2a09c3587bc399cf32
97858.650567,7726.659380,failure,89defc2c9f7630ef062859285acb2c35c1b92fe08044796046d5c28c43c7e756
97879.015951,4435.270593,failure,d6d1cc26392c62149550f065014ec29445b3bf546c2d712beb8f2240aca5a548
97898.714947,4.620147,failure,02c245cc1aee602a737966288aa4c86acf76ca8a01c8b118c9d960ff6435c98c
97918.799984,8384.817782,failure,e8f05d7d020003800f80b974584962d9c2be2e6d7b67efe2bc480d334789fc89
97938.693518,3.596841,failure,be452b0655f182e6e6c0b9cfadb786afca2beda750b114846f5d8c8e37c3ab16
97958.771502,4.495848,failure,d636c34dde55fbdc9bae073be3c72b4b7964e4ac8cd2c330ff9ce8d312133b4d
97978.772865,2.377032,failure,628ce807ad96b081d04a88ccdcee523e22c8f3e39ce4c6f069afeab051714ef0
97998.565183,2.381300,failure,58ce581b1c93ad4a8fc79698a202baa70b613255bbae5a35389c3bebb1c80aa3
98018.567387,14539.232428,failure,2ca3516bc26151e0ec12ab403d2a8d9d2e2fb7ed3418150689bddbcc8db50dc4
98038.576915,14458.668354,failure,9628624faf5b8c246360b3dd6cd0379ffe3442e0b4bb81801c23971a4591644d
98058.361568,7202.915801,failure,338ed623f4727cb4183358f74a72a58eafe939b62350e4666caa16c0bae731c0
98078.367269,124.243064,failure,bf7c90f8c6b30601a8f7bd4a232e73b0be89a86e3d9b64e83db0ecf54dce32bd
98098.337946,108.795646,failure,cf3e9686dc8ccd04d13083959482883cbdb456c0f20a2959a6258b8f7ff533d4
98118.726063,88.613739,failure,ecc3d2c8b7dc1131194f41ebcca414ea940af6e74c31a62245114f1f5af471df
98139.122005,68.417405,failure,f50648677b3e4e912200ebc409ef835e6f5d1da675e18f9639345fdf7d4c4eec
98157.327228,51.344990,failure,a959f482aacd2e496f2774f5e7bbde9891a94f910980929ab12a92a354cb41ff
98178.666750,30.204706,failure,c8743b47234ea75de33a2873e629dbd84b7144eefe1e94ae2e2a99e32ef8cad8
98199.036484,16408.277067,failure,f9ff4357ca93e9cdcf0f9c906ad00548844de4c102a08fda703f45d2e96f56c5
98218.512410,15154.742329,failure,e28a3fc92aaea72485a5a9c7c6c45ba8c28ccbd885b01085da47e3d3f9b76c03
98239.039043,1149.276175,failure,4be2612e8d313e94395a2e7549cf114499efcf729109e706cde20efde806b985
98258.391241,8902.922426,failure,755b1e1bab85bdd0d14d7a0f3131f03c8f0a8e03ec7f06993e905530e6d5c2a3
98278.710332,13331.566908,failure,0b3cbdf349d37ba953cee6371b294e68e2620fdb3e57fd40b8a3592e63e7b4f3
98299.256521,15271.037931,failure,56a7489f83c94624372ddeb4640f92b225481e886ae09108488135d1be9e5d8a
98318.443985,15174.881522,failure,8767e246f8cbc306d8307e1f885551a790d8b18ae19d44597a6f718cc461ee29
98338.644116,6928.633820,failure,bd3f5d6e2ff0092b6d9e3b5d774cb60726f6c0f86bb5ca0dce26396c2f0b2722
98359.308674,4502.474402,failure,fd081a6bff31fbf6d4f7bc32ad67234bfcc946a11c88998e79d6d5fccac1a93c
98378.686338,14902.165430,failure,e1cae189b741f2f47e85bf41e0d3d1e1059c1dc9d396c93560760c4d56ddbc5b
98398.650414,15275.674642,failure,45d79a8d4ae44ea4cd059f80f69fb8328ada9dfbfce24be7624acdcb1b06fedc
98419.090298,7515.191631,failure,1d694b954d9b48f33bef10fc9d294833395939a7e19c690fe7a705663e27c935
98437.673348,11544.252139,failure,ec5db022f33770934d4de6124f130448147ce7c278b10549b6904301fa15a7bc
98458.702697,11877.797885,failure,d17c294e2e0538398fce42ab1d95f73f5abef6c35d68642fc4cf7b9bc5b1f560
98478.754275,12097.597141,failure,3e56c47c68dae65362d675fb290bb69eb32e9ddb94021e3c5331cf5ba44a259c
98499.261813,3246.337978,failure,8f9598c5bec474357f7f45d77adf2f1bf2fb922c53bc83a4b7966180fc2a8bfc
98518.745373,14221.542061,failure,afbcb03a01e2bce36f1c5d1922115a0243ed682ed007899c17c24a0ed068eca1
98538.616648,1100.913205,failure,cbf28713a20aa6a3d3a1b5302cb982dd7348ed25e46548611a007f292f81ecba
98559.149903,5497.166694,failure,e77d3232e097d3b0c36202578a42c2eb548403d989b74386db700afb19635320
98577.832657,8325.458973,failure,d9b749a5579d18dfee30d6edd4dc9306c06fb4de357b3f1af0b15937b70a68c7
98598.327902,6360.377672,failure,6ccb9b657bb7a0449d078624212ed72480a20597849d2596b124f5f166e7d48a
98619.105308,10246.047355,failure,b85062e1d01ef5984aa120b1ed298b63e8c7fab807af040c73c17a9b7c258b16
98637.512744,14356.741339,failure,6afae5715c552014703df8f1c54f3dfadffc28a74872ec1ce57acddb1d1edf53
98658.756339,14081.210433,failure,05d3299a7fc5a45618eff3cdcb0f4715be7e049740a1d4e2841f4b25db8cc73e
98679.202523,12833.071190,failure,a7b578e77f8a9bae4f1f54831c8d9844c399ee8910f08b23ce5a13f130f79b63
98697.690979,14301.118688,failure,a4f5ac3ead7cd176aa94ab6bb0d49d3c1d193c231b1a5c7585d9cc88dd44d7c7
98717.357617,6749.955574,failure,699897769fddbcd3e6051704fba8eb804e21cea2bf700691b94efdd98cfeafb5
98739.288379,15909.833300,failure,b845897fe778bb7048f7d6bc224dc85bb6b96339194671c88cc050cf81a48a84
98759.717612,14315.563206,failure,c773c98ed98905a16b6b33a53edb1a94917b3307fd255dd0faf126cf55137124
98778.363508,7518.009757,failure,f777187751ee31dc4ea7e18d7b6accde95b9ed78ab08d9fb8efe006141f39012
98800.147579,9318.124625,failure,8f044c742235ba90f47314c0363f44dabcb02985b820842120a876f85619e8a0
98817.625131,9606.680590,failure,b67509bc770beb8b7b8aac2befed498ad4903e1e689138c7c6fa2d9e79ae6c04
98838.340782,12202.585508,failure,858b92bbaec09bf0b3940ff3bd4625a8fcb6bc4c0a1bc22d2be2f1b4e27fab0a
98858.720194,8703.585766,failure,3ce5799761045ecd614291515ecda9a5565f00c715921b107497e9e76b377b89
98877.328691,9036.166615,failure,38ec5ffb40760380bbeb4a6609565169296e8fb28209fa9d8bfc1928574eeecf
98898.672300,6104.637371,failure,ba8890d77237067083370079bb9c83efa0658a4dcdec15a3089878566cc749b4
98919.034711,16256.251862,failure,57955c3eaae02e9ca2fb247e780456a229431f869b21c037a52102b6db740f49
98938.340954,14430.196031,failure,ef79ebee1218038721e089299cbe6ec67980b32ce4d76b70f9446e92ea922bd9
98958.352778,11773.930877,failure,3e27a26643b7a43679ef9865a00e0de3b0a9e200cb02bef63bd33ff8a0972863
98978.700982,17798.568064,failure,db39055d1a53d25a952acbdb8cce134d32705de94436c8396769bfbd6a2497f7
98998.746919,15719.558539,failure,924dfb7eba7d517837b7a5d8c244449e1bccaa2b38451e7f36ddc79fa530ad91
99018.669098,13453.647931,failure,072aca33cd60d4dbf471e5359bb7c98f17039c7f5531abfa1a34dbcca173e045
99038.991685,13518.311714,failure,9cfd96db64c0b572b4cea88654dd0433dc48888d3eddb2cc2642d2b4ecc61625
99058.894267,8314.412607,failure,9380ff19a6fd100f870c1642e1f385fc0a28992118ddc3f02e9b1dc49bf30e27
99078.612270,4.325624,failure,67499e62aa013af69ac77bdd814acefa80080869e0522ec943687c59eb770093
99098.695335,11497.788790,failure,72f4d054893d080f2cc58f45dd51f95a0a4f26fde994e647357cff7a1fe537e8
99120.002559,8821.115375,failure,34741b3023bd76399479da17f06c83353c9f83f252c3e643164c7aa417ea79b9
99139.371609,11389.920617,failure,8ef06dda1a311fb72efe299d1af327508d4cf5caeb9983f55dde80446742714d
99158.787697,7663.049493,failure,6a316f87fec0487af6d085438f462f9a5f4ffb251fe9070ec04d8fb5b2081f6e
99178.370742,13175.498435,failure,599122907d5361fe88a5b1784f0a84c86650727bac3ebf7ba170a68d44f33ddc
99198.356791,8282.654286,failure,717af5b619fa30f06d22e310fe0d5b236d5e8c33dfe3d612b84144b7cef3d6a8
99218.817935,4.463800,failure,9748d9a56480c8e82b289ff5a56a7afd12c394f97afbca5e9c63fd9cf518c682
99239.796203,2.371332,failure,07c235115808bc9766deb207991f38387e1a791ba2a383a015ae76459756bdbf
99258.631690,2.471737,failure,d23830293c64404de337f95d2d1d9057520901138c8bd700c81a692fcc299795
99278.534264,16.744953,failure,7e20cd10df465b9575dde63d45ec81e3666f06874253f06dc4a7ccbf6e06da60
99298.838649,2.379508,failure,dfb72745e87936842ab4ecfdc6d3d727550c58ec5e6589731efb008c753b1041
99318.668690,3.602662,failure,d7b49ddd49bebbabae8b86d578f88135f426ae0db365ca2240c0ce6c6938b8e8
99338.714469,14374.862005,failure,41d6bc673bee5fb6a03241b4a3efe4bef0a681a6908ad444f198b4eb23859cc0
99359.092440,10731.231060,failure,fbea8acec4516d237bb1d046439be71ddbd6792de9c8d9fabac36a56a451f081
99377.713812,11870.380214,failure,506141952413de8c71bf17250e813a3c1b3f79325a9b54689542b7ed086b85bc
99398.976504,8528.286846,failure,9bb7311c63b4c98917a5102a16d8eaba2c15d6309bdf5289697258c4470c1548
99418.710999,10562.985756,failure,c45a45cbceead77abb0a9fac47ae91d0d17994f7e892b477737de83fc68e065a
99438.669937,15713.697938,failure,0c73d90af6c2c35309b05899174ba0a9803ce7d949639ed3034ae654c25ad9b4
99458.649433,11609.676331,failure,e854e7519b3b81bbde9357ec744d2da67a3e7708c1cee6f4d55f12489265cded
99478.683730,14111.864740,failure,bbaafab07c1202f91edfca78d1a325fbbdc86ce79d77ff19cdb0bad5f65ec5e4
99498.796613,5305.275021,failure,9327e8ec2b17c812be5d857e83c59d7136afe3fa6d27a3902d1417d99feb466a
99518.351596,8575.922695,failure,8120de179c5f6375fe0092001d3c9c5117246befe9692cd7f6f027daae44ea06
99538.334719,12470.006547,failure,995f3d674bf4269f1b0f628d5f69c76d131a87bc122d3093fa4a4c2b26596f8c
99558.326829,16727.814407,failure,60704cc2f5816ea409d0cfaf74918ab29e90f9594533739988b08efea98d420d
99578.840209,13985.460134,failure,bd8ee3d0e33e329e10705f59334c0ad167e08d02dfe38b6308e46ce0c0509194
99598.372030,12770.934978,failure,fa43bcc9e2dbcf18a09d84e6937f8dfde902633b41c5397ca3fee40c03e81217
99618.281437,7800.451001,failure,5eaa8006282e9e35f09908d1d2e2a9c023a0ff31ea1c3ca4ecfc0d6c028aa69c
99638.327737,10596.004475,failure,b4c56216ecd90d1729dbdd98f429a65c3fd565fa17db59a77906dcda9611bce8
99658.376080,11525.251679,failure,9bb3bff7db0db33f5476fc3f763e53b263110e9f5331ce7a16858506b80db03a
99678.378789,5125.089091,failure,c54e9541957225a353fadc1b1a5818ffbe2e1138faee615a49abbbb26e9f23ae
99698.333139,4093.227169,failure,1534341b5a4424dcd0aa634145f206eda91339c94f43ca5c24b892a62cafd172
99718.322203,7601.937289,failure,840e3682051fcd2103d2582ce0af7cbdb22f9554dde1b8bfcf7d156972a494d4
99738.330412,6559.033790,failure,52732eff7d76e807ab401441547ff3cfaa61ce486f31a3f9cced65d5398b6e48
99758.742746,7365.585884,failure,2e9da532b3f51f3bf94bba18d98817724f0f58e6f8c4d84da55b35f6be669862
99778.742309,10301.983126,failure,8ce09fa7a6f0c1747914ec5d66d3464c47d9e0973a2cc64f0e3d68b96d523cf6
99798.333770,543.926221,failure,0506476faa2b5dbba4ab7306ccc67facd928b59ef7ed1801a680af653d727135
99818.750052,12722.355524,failure,efe6bcd63c6053f00adc746dbb54cdc27c32f7bf30c7d6d4887621de75fddd9e
99838.697549,15625.606035,failure,9d8260961fd52f1f7fef9c5871eabd12f80fbdc1b8bcd6c000051e1edbad3833
99858.462019,8260.280593,failure,bd93273d2c4d86bbbe45c13b5ea91c41c1f816ebaa69945a795e9b7012c184f5
99878.691105,8177.563381,failure,504034dd8e017a92e98e4e38306fd510811918a80c7fb1c3f911ee4417be2357
99898.362283,8491.942231,failure,c356f31e49ba68809160c4e44068bffd28ac2e13a2263e36206ca6fb56d0d751
99919.000023,12571.288371,failure,a8d04e98f5b744bdf8d8ae2fff9825eab770ace9032f9cc2696968982b2b8469
99938.707999,9551.575739,failure,e077145b0a5ab219c136a874f6e804f86eba3cb344ebdb17da890ab19fe486f2
99958.963153,4845.399027,failure,1e583da56c9b717ad3b2f46b822d775bde52a10f305879e569099c08a2f6bb0c
99978.694943,2391.632499,failure,a8cda298d333479a21d35ed90bc3faa472e97dcd2ef55005a6df55ff7faafb5f
99998.717569,16637.688952,failure,7b07a4dbc37c597ddd5f170853dddefc0ce0dc753a46dab5d2ea32a28d5aeb30
100018.694711,14170.588447,failure,9ee534d06fcc59210ce48728b299d6112e29433206f52b6926b3753c1ac207c7
100038.924027,17248.330301,failure,693244039b06d99b51c4822697d2934ac187f137448491046c235b432ac0032f
100058.341878,12204.437599,failure,4bec7b5ca2df87e3e0aa74a4f946454f7cd4d9c99c0ec5e7fb3ff79c8e1662a4
100078.767727,15347.764353,failure,d202d72e66cd829d79ab4537c0e35af631914babb5c67f29af9e76e5cb014f5a
100098.695999,19004.574298,failure,7b540462be96cd2dbd60f42bede4e099cc0f0168bb4be74b5287439fe773e314
100118.510042,18698.034376,failure,dff011177d542644d61d18bb81108605de886ebf78d0b80a30a6765400408210
100138.736535,7904.114178,failure,a5c4b1485f20b54dab51005eea9e85d8c129f16f220acc1fffee0de2008a43b6
100158.410139,11238.876457,failure,cd8d1514f7e5c14afd81e7a5480327377da07d1a15a24035b9fde8022cc172ff
100178.828727,5109.433629,failure,58525e324b8d6f550ca522161de1d1ce1a602568a7ab60520f288acea657cc54
100198.645335,7844.493340,failure,e85cebd497b29065ff06e450d6aa7441ed01caa7913d135b0beb17669ed2bcb8
100218.345908,9223.969336,failure,e32b43b9b7f2d1ce38ffb4943b86a3e740c8f1cc0bee2bfbf5ca2804a6f54fc0
100238.657339,15561.525123,failure,31c86576830c5bcfc215c78d943502d712bf3a2fef282a19a67ddda885aab522
100259.161795,18031.175941,failure,681423e10f27c78048da5c029657d3559a1d81a6cf94a72730e5c9ee9d428244
100277.470552,686.781855,failure,4781f0c9691eeaca0e520b6b1657f7bbc065eea13416df917522cccd98f40e2d
100298.772929,10191.532208,failure,956b6e778563923cbd5f1cf536ae6e338237bae48134cdc52c22375c70b738c7
100319.133019,11438.215497,failure,1dc7bf01c01b87d9f521720acc2551108ba80439a7606639fb255c98cc470830
100337.391374,8885.900526,failure,bf95fbc94ef1dc43f693949d2d33920697b23aaa7c453ae2c53ce5ae47bea30b
100359.271957,13883.038610,failure,27a2349327bc9d238c00c63ad7f8e57365fe650f135b1c7ddf0ce5a6dba91691
100378.870914,17190.366516,failure,d93a9e2c358b06f616771b572b613c18cfd7aeaa25a98c024a5000c354264125
100399.057804,12158.504202,failure,79e57aa78f574547b46c9a32a7be5754ed2031e4f209567779ad772b1ec2ae83
100418.503899,13681.600329,failure,1a4be0b20d5aed6bb2323706aa7b232a676bb370053d55cf9c4aba122579d98a
100438.945589,6145.294941,failure,1d2b265379ae73df8b6dd7125778bca8864bb3cc5c55c520fbe140d78faccf84
100458.318469,11583.993256,failure,c07fdd76cfd36b565d2b023a3885a740d5879b72ae320a6d7a25d0199fee4455
100478.333232,12889.953932,failure,6276e9b29b7bfd67577b08b0253f29843724837f24eb606502aaec6127f03020
100498.717356,10131.356953,failure,e41af5fc4fe98e2f2273521da17f8d4fdeca872f0da4b1715895d2fed8238261
100519.078227,11320.670030,failure,cd01c2b9df834cb85c19ff7e1329eef51307b20a5cecf16a02ea40d645dfaa98
100538.742234,10153.540081,failure,3325f1358701795bb40db5c6bec29af58b755df77af7d6783a83d60e6eb6fa67
100558.675196,15391.594590,failure,bb5221031c97d1e4442dc1d00760521d44f2e9bcba9912b60c7a009fd2a38ad6
100578.694748,4559.570947,failure,64c308823f915204bae2f5ad6fc13ba4c50e9a0a5a8eb8dfa930b63cd669b9ba
100598.678534,10229.615913,failure,a37a0e76282362e07c41d233e24e0abafb0218aef6eac01b64c058aff64226f4
100618.373768,5686.256996,failure,ea2c52181816a0e9df966b58dca5b351e0ec7dacb5d14429f0e71e7a4da5b641
100638.684106,11714.682002,failure,ca7d5d870d407ff3a91201af07057ebaf10bcd010fdd3a71ad62acbf98b36a69
100658.416228,12178.861462,failure,1c32311c79fc30c6690bed5b302eff7d9621707bc4a1f2b2e3c8ce39afc7dff7
100678.659192,3908.622957,failure,c1633fdaaa9b6ec7eb82e404b58ba64686114760aa306371dc8d0e9b8c163016
100698.698791,684.554834,failure,8407a0db1da158485d598092a4121ca4b86a0916fb7b68fac393b3e151f87ffd
100718.654315,8378.630001,failure,87ef3819fc945aa4dc7099bcc629c66a6cb10b78e934cfedabe3eba80a1ec120
100738.707699,13192.591338,failure,b699c068420038f0a2190383275a310a44f129b036c27299504493d37dfc161d
100758.638217,5538.269744,failure,d2274069ce8de3fcdf49a2b8ef2e0629df1bb14ece519f49818ea28e55611910
100779.160145,9073.142147,failure,906ad05c129b4db5740ac70f36e4b2ff945a4aa903ef6b3e1e8bbeb82a46cf58
100797.513866,9311.741757,failure,30c69957139c790147cd4c75fe1ecd06732c0b484ddae2d618adafaf80d132d8
100818.923350,12894.918143,failure,58135a660a1d27a6ced600c324fc5c9e60a747dce61d29010ac4e9cd1e454434
100838.304064,12966.989015,failure,d126d0be77f926b14856d78174562c1b4a1aeaa79e1caec02cffe6e25e1c4c5c
100858.696213,12115.632069,failure,af681fef36483574a6d2507abcdeced582e2e72775b833a9865d55e34d30265e
100879.072223,1981.984093,failure,89b19ddb91292294266cec21894756a901db0f8293a38cec0615a85c6e1d8fb3
100898.352952,8441.136017,failure,c04e09eedfcf09d8b3f580117628e718ed25b096937915412f78cd6a363c5fbf
100918.721157,13053.555081,failure,75cc081d9fba2e0b0c1b125da0b7315e542ece77234adcf604effd380256909b
100939.083471,9691.579625,failure,a9f62db4c6c9c64ce72aaa322d83a39c1859bb0d8fd06e3230664e58f47c6cc2
100958.361596,10225.489635,failure,a577732a391974ee027cc27c72502683d9a0ed963e322dd98b7d274152fa19b3
100978.638893,6048.648237,failure,a689e44a08c240952dd31b3b72d34c4343e67d72ae291c989e808762fdf90270
100999.133100,9579.687351,failure,8a26825c9bf8060623478e61bfc922c81d0bfbb9f21acf2981be16b37fd021f6
101017.460592,11069.892014,failure,98518ca335769d07d6335fc6c061e5309b20348012a26791a3284b74ccd04c7d
101038.425768,7755.699704,failure,3fd94ecd01484fb4c6548db3a5498757b3959fe5506d7d89fdfa6ad1748ecaa6
101058.682617,13867.645496,failure,ecd6fb8e8a2f0c1af41fd0e3b163f080db35a802e85f9c2cfca24f459fda80ad
101078.778540,2986.665319,failure,5eb238c69115a311e335d4e2336293c0e0efe5e50d67c17cf748221918924a42
101098.300044,11548.994308,failure,1e404c81162d2aa5580f936a6ce5f27a427a9785f622a94033c539ef4ef25660
101118.637373,6345.629220,failure,a0b998516a066f781382bf2757ae387a6d2e54164fc69a88874eb3f7ea8d02e7
101139.306224,7725.592080,failure,9d39131b9466eeb2b2d53fa185feef6cffa7c29589e0b85aaacb4a7f2a9e8453
101158.764603,11109.507256,failure,47a623f06a36bf82ef14eee4e4651dc85641f03ecfe1afb17731271fc1647a7d
101179.132579,10966.452167,failure,197d41a50502a238b5b1efa5b755e57e874f1c03cf675c3d4dbf3c14cdb411ac
101197.408869,7931.854585,failure,d9de42c7f86c1f8d9d050fdf0d147cbb7e6a68b53b5713de0f6a13a3c21d4e5f
101218.745601,14746.526096,failure,4fe40f96db5ec9f4961bec05adfb155e858e8d2d5c74fc0e3b3895efca575a9b
101239.076960,13409.747271,failure,6e1cf805a620c0fe80ba407d9e3db43a40ac40d05eb2775a8007321ac0c607ff
101258.341722,15028.257159,failure,9a291db1abdd6176b27813d0db5896e5470f6d641548cd98b122ad6289db3e44
101278.707524,17538.054766,failure,d5c5ebeef78400d350c4223ebb582659e99a97455b5e9ecbdeadabd35f80cc18
101299.076442,10335.211523,failure,5616290e27eefb8b01d1edf4e5245c576ef6b0e0b8f6f18238072f68b06aaed4
101317.378730,14968.021759,failure,b17bf0c01474c2d2a57550417b3aa5e37bc4a8468b216ddc4d04706c326513d5
101338.722305,9716.716917,failure,35e8af2b3c0e9463a517a1654c10c8c6eeae1827094c78897936b0c80134a36c
101359.038195,7785.260373,failure,9a873e442430661ef371bd8b95462fd5b80769d1902e026b5f5b35e4f8cad6c0
101379.146422,11194.151064,failure,df9d6705dd0290129296a82eaf3d7d156e115f18bb37dc26358a4f9a685e2fa9
101397.612812,16219.668495,failure,c4f9e3b673d0f361043da15c24b674e8e5cbfffe0f78e0572b7e3da72f401405
101418.375336,8036.209671,failure,92c3e830921948a4d47d718f0bd35ba1aed7eb5f52657c0831748fbe699af205
101438.775101,10949.516952,failure,c1da66f4ec2e397c16fbd27136bfc79bf5b2b021b1b748cf649b4813ff218f41
101458.524617,10152.054650,failure,a6df076fe95f0a5c6ea822bfd84bcb1413f85ac8a7f32395fc7451901c8ace35
101478.683057,14111.882940,failure,243885deec9cb5409a3e3e8eaf006795f3733fe243f2ed4124a0dcab64bbeb78
101498.381318,17585.325637,failure,9bd6126baaab83dfb6d2d8ce681f753d9e6bdeefd39217607cb03b5ec78882e1
101518.775883,9356.553500,failure,523ab1212a704eb6560d9253bf8ca8bb6e95f5af1dfbff88d57cb449d24a7adb
101539.141866,46.668211,failure,994f71b0ab48c35d6d5a7ed19aa2edcf362dd534ec06b861fb09c97a85d027e3
101557.397537,12990.331076,failure,3451b3c4c787ef3678d7ce428ced3c991d3301ab0efb49d333a1c1674adfa0f8
101578.736724,7.511380,failure,c9c55c5c4f72d04910fe4da22de6ebb00653de2a483f9a59d0b83a7e6b92573c
101598.665741,5.664545,failure,0f848136eb39a934890a7129dbcb9b19f2081e744707be16346e349491b069b6
101618.932210,12638.355661,failure,c8f36c993fa80f7d91b6c1303704f032c96938b56a1f48169eac50cab4862553
101638.380160,11360.706809,failure,c3adeef088a55ff13529a0faf34d74a7b9b08e4b079fc5cd79167940cdccde00
101658.397961,1351.918778,failure,996e859d510ccede77975096db5debf2435004821e225b4d05c73bd60b1a5506
101678.633423,6378.633240,failure,4e68b4abe939dcb6b6767a657f5673b4efe892815920a41f766574ce9e28a4b5
101698.620787,10564.377453,failure,9e1bdd336285b4fbde758e67e025f152f4e5df6bb7541e6fe245b2893d57937d
101719.002889,11871.286534,failure,6f6cad786c266eaddca8d5a7ca165d76f5a5577d670aedc1d81ae6be4650c485
101738.451250,7363.822309,failure,baf48babbb353f5c1affd263f72342f3d587dda26b72d896cc6e3e0a520be400
101758.422775,8617.867367,failure,56dd96df1cff4a022653f5c8fd68306e1a47aab7388813b66db8285509cc3fe9
101778.415289,7946.853986,failure,221bc517e24ae8c055bbb1563f51f2aab7659bb408320b130c8d974a8b23036d
101798.331352,9344.994689,failure,b36e0e0778ca3ad523ce967761911f145e23f63c5af9555d2b42b195a7215382
101818.647763,13257.618576,failure,7dcb7ed7c605e8ff9846ebdf9e3cf26b80892278fd5c3e2ec2476327452c58f7
101838.727558,11234.584878,failure,78a9ed411b460426e8f68e76c0422d96f33424e299903ee7d4c604d501013385
101858.596544,14174.677618,failure,a1fa82030b6383a42b003755f0a03af90dd82415281c1d9e139c809a889eb179
101878.739786,8848.537374,failure,64bc1fcf095203dc83da3ea8974edb5f6c38ac286511124a46be2691d51d41ff
101898.343774,9171.946925,failure,fc84fb2a06f76557b848296d3e8fd4cd745eb94559d9a8b91825b0ca9162b78d
101918.326590,9287.215046,failure,cf55a165465bff508e47895a4b77c36fbb6f908882ad1c9aeabe28fe96933405
101938.665322,11035.954578,failure,80fe35b66b5aca9f9826a39ee51617872f9c20d5c3012cc48837f168ee23acc8
101958.647507,10124.636613,failure,9053715454b04cd60c6043b5be7f6396c5327cc38df7c1bcd8aa226f28305982
101978.352370,2685.532166,failure,03e2578589a2c87d5107e1d041f3fe7add906df56b301ed815a1918ce6eced76
101998.348230,13934.926127,failure,92103a9c74cb47732446b8ed27aefcf806900d329f8518067675329ae6f90175
102018.730052,52.587285,failure,d19af0535abba995fbe3b6bf2f5612c331aa6ce62fe005680ac66ffbd412326f
102038.343507,33.223941,failure,ce39b882cfd6137b22d77eac45d123b0dc7c87162a666c2fa9d12dbd6f1c62b0
102058.707366,13.079537,failure,68203bb5193a9213452d124ae680070d173f58d38664ecc115d782fb51962db9
102079.201685,11887.073612,failure,105770a72a8ee47ad5815d7e76ebf23562a041bbc8f7f7a199c21ce18a01cf76
102097.675439,8.643938,failure,48a92319314f086851075df6961dc127c1b27c7793bb54a055c4acfdca3fd1af
102118.710817,4.561581,failure,4912cab58f969a666a11f89b2b79989a9e468de61b3eaad7be07e71db33ef709
102138.588401,15877.905636,failure,bed9e426a6f071bf144dfa38c328fef8572610897f8e7c1da30bb9af4315c4e2
102158.395945,7863.924555,failure,5792e44f9e7496be762a5a355768ea629701c54ce0c02d532dc4cf31b089390c
102178.418987,4141.636586,failure,bbf3d2675ad02ae3e7af6b6506cf76acc242426fd02fb9cadbc4dd5c2a34ac3e
102198.364777,17.941964,failure,efecd16752854e08a5dc4ba3086c88a530bcd650694b1e378a600735902ec292
102218.733136,13661.109090,failure,de59352bcfdabf5c7098544e57cb730ee4fcf722fb839bf81cedd2660395faef
102238.654691,10257.634524,failure,fc4d198116a01812fb579b074f0a42ec4738b7b01b9ecf9f95009807a765f03b
102259.135948,3.150038,failure,f3b1e165cf02589b0e18e3cda3aa479ac14b9239b759f1a753366555a563f11a
102277.994643,9938.272123,failure,0812e06fa2fd8a41464fe3e46c68d1669b5374853fafc3ddd428f97198ae989a
102299.079613,13730.209155,failure,d5063ccdb1d336b81454c7fc996bbdbaad215d7b81da8cb9449c54fd9b4d0b08
102317.701090,543.587915,failure,6454e3661941233928e462fe5701ac136425ec03d1df4257bb7a41c915d6562f
102338.371055,5565.230813,failure,622565d09301fc1ddb89f816bd5e2b5339112b618b9ccb5be931b97b17286626
102358.361978,7199.186688,failure,9f315bb09f7a226235ff88009b74ec26a7ff6e0b88f37ff2df67fed7654b84ee
102378.713877,3920.692882,failure,e0b1e63902080f0696cfa0b22ba7693b0e384c770f6b67c6eaff030a7461fbf8
102398.365534,7930.692219,failure,137e1ca38768817eab0dec01f66b8ffb1f2f9f84028bf46692aec6821b1dd14c
102418.355074,2.440160,failure,f6a9cc983691aeeecbd8d38f435920f289182555c964f0ccf5f3b258f6e6917a
102439.221391,2.398183,failure,bea16f94824c532b3c6ba724060673c63bb1cd02636afb2a424025902d8ead54
102458.033030,4.244937,failure,969ec4b35f849d4293d4cffb7616ab2cd4ced0ff1fb3c9f480f68e4e05b46ab0
102478.676576,6.665010,failure,2f37d52b552a79306e4271c7e35deb7c1309a158a40affe32e48f7296d18237e
102498.652862,5820.412921,failure,02a3240fc791b2c12d67b0934923f8c46ef410a306e7d02ce12251a00cef0a0f
102519.149227,3.128288,failure,8f3d114d2e86e3e79e3276b06d4fbee03ec7b4a1b54e2fedfdd3a8c05e60ab03
102537.692069,13594.621658,failure,8504cdaf6c692bbc33ad8b65888d5b7486d0ad22e7200ac16235d7991ceda2eb
102558.700699,17627.594807,failure,7aa145521c7bb4c2305a78b3449b869652257b2f0e2cee78d91c88f5bdd88b23
102579.185673,283.096533,failure,56f3d433ff5680cae51ef0cf29607e026a34427b21a88709148ef49590823a31
102597.655280,8182.566227,failure,32da6f6ea86d551e5c93877052817fb5160f8f6c8d490dd4b35c697f7b820795
102618.852878,5.450450,failure,4701e90ef58486c9b8a8101c784261658a187259e5fe42cc0f9e1db1018537a6
102638.720333,9.560019,failure,c28e987d59534577c15e305da4c10b1cc57a40a85b939195396c77b4fccf06d6
102658.643150,12730.631414,failure,9a67e6fdbd483bb528d62efd9ebae31550afdaf8dddf08b72ff8ce610851084b
102678.660332,11265.634692,failure,beb602b4c2473cb89f224c911ea6b0e260481873181911f31b9240e36473015f
102698.346783,2.935653,failure,280a7d36af331e45965022896b890a3c76ce4ebdeade7094240a75284c6fe332
102718.651975,7609.679047,failure,7ea6a1fd008db053d121aae530f3d9d876a2d35fe8ce0bb16155d75db5529844
102738.656203,10807.675028,failure,f71543d80c0f6fa5d59e8755a05dd139e7d1fbf503b0ac1798662626d4567912
102758.637378,5052.667094,failure,347b1f1d9b8c1557c7ee137e77c37ba31c76e3fe6ee30777e61ffa576136d200
102778.385934,17320.999642,failure,86b2d325f03830c7893c345d5b2506abefeb71fa0a94c4c2d0dde0cb333680af
102798.652996,340.543558,failure,ca4e2a3b4da89e51573c40c4b6c45a9b40d287e0dc22b14f5406c34b79e90203
102819.223677,10766.055812,failure,5d9e0009ec9d0b82ec5fa2295b4c64733cfd40203b938ad20cb1236d1daa90ef
102837.649274,11332.632505,failure,81e5462095b379913a4aaa8bd1481b16585b20ee46c81f976751ad53d26214e7
102859.039347,9494.599424,failure,fc51fe1c00eab65f9041303ff24a5f5c97300deff6ead125933f999dcf91807e
102879.052811,6623.496362,failure,dc9348361016b71669c95b01b923a79be099828feb9d1914005a69162584f030
102897.390425,11050.898157,failure,7c71a0c63717fb8f6c2d0ebc70f3da1ac397067685b082c40e4d5fe4348371cf
102919.081523,10794.230764,failure,aa79c69a2e7f9e899af23fa7c84e10defd76edd1f598cf3952baeda09ad42360
102938.394065,10196.676801,failure,a9e26f39c442e108fc4df76189740a844c70c8de5f5886743763b3767288721f
102958.345024,319.945148,failure,ef3137401c5bbaa775c30c12a6da10929e31830af12eafdd7a5093c03786e97f
102978.337951,9376.043471,failure,e870d5d7c18507a9334584e56a3a87794cd67cb6caa29fcaf9b15202411eed00
102998.301673,13617.989440,failure,4f02e16ec1e33ddaa999d21a169496da7c7b917e4cd93bfaa3db21b06639e33f
103018.628165,17155.403617,failure,14796dffe22b661df89c52001cc0991cd31ab93f966f3d6f1540ae29940b5943
103038.658280,2435.891788,failure,aa6528fc766f989b616dffcf93b66058717ccca134b1353bef5f0b5939ef9010
103058.663539,12971.105044,failure,05414baa1a284cc189e0af5096803ef78772a46abf7ff5df89771d2cbd63ddcb
103078.381960,17359.880476,failure,dcd310895607760aef1eb3e893e2ba6d14807318075d8716c1a46989e223301a
103098.779843,14359.758080,failure,025bd1f9de483e1cbc2cbe20bb14a8d8807b0dae17cfaf9d5bca70ab4cdf2b43
103118.671414,10655.655363,failure,79dc74e688eb468ac2a67259d6c2fe71004244d1cadd0ecfab5158432d653eb3
103139.821456,654.301588,failure,0c5bd4bbc325c4100a6e44627714c48f76de9f48b110f6b9ef181c3e5e8fda5f
103158.791238,12906.486726,failure,ea3c37f079962ea13e11f73bbb546e73b647e9efdbceeec3d945f46bd4fe5789
103178.400228,614.423681,failure,93510ff05e9f51d7768c0f66d2951dee01bacf816d68493ed44ea5500764c3a0
103198.352301,13418.436119,failure,61c2bd5bc071d216a976b7a7a30b521f87c7f062b926174e1a2e6fb00ef4fb60
103218.802242,573.813222,failure,4c339ad667a089e5fa83e5a7870818e438d16219c411a600e8499db3a93c22e8
103238.333459,5864.407251,failure,5dd34792cafbc7d82547bdb5c0aeaac4ea23ee5d3221a300f4a452e54106854a
103258.698914,13026.973828,failure,2846d6122a8a6aac585e91ac392bc3590858645cfa9835006429590f2b9cd958
103278.576691,11151.709804,failure,ef73150bfd4328d4608909f491449ea3e4b9d687198cf5c1eb12f79d19f17d46
103298.341308,8791.905998,failure,1d94cf4be9c36c55ded37d190de42704ff4b9396aa95bfd3c12d2c1c73843a79
103318.774759,7999.933055,failure,9124a79edab1a4ef3a815ad97a5b64a50b13792466aacb42e9c7595073800361
103339.165651,14383.075502,failure,be1417f50fbb1ba1bc34ddd36c7275eac928d14a8d5362ee10a271ed6f969590
103357.461229,15939.830977,failure,76210851e12f0ec2fc9c166b9dfbbc4afcabfaf872703b274f107648d0312529
103378.730952,14691.601595,failure,b551fa76eb50a5a0f5b53f673c7ff98666d96d4f7b8c9d3b9572d8f265939a7a
103398.698123,15492.693279,failure,82d02b6669dc62be82ef430ca32eda03be17c5ba427b4cea9c4802bce000ae68
103419.162731,15040.826623,failure,f22053a071d3494ca3d7e088ca7b56721d702377b4f76a3614265e8b20d5e4d7
103437.509524,17402.744266,failure,2569d8402cda2d721a48d890c132ac8f4cd231de1d65cd7b4aa1a7f9dbcb8037
103458.896363,16412.625559,failure,06b59a797e42a797e9fb64b4290e293ac2d5bf8923536317775a541c2faa802b
103479.227655,15494.072994,failure,f11bb8fa2618a649b92d4b8a706c76b0b2eb29141db032f6306707f257b2f7e4
103497.587592,13779.073218,failure,5fe0c7637ac6b77a5527cee9e54142f2ca6bfc5d7376cf2f2ffae251aa3606e8
103518.943754,272.829006,failure,eac3dfd6c9dfd0de03a03e2893ec5f09402c968d564bc2368ede52c760cf69ad
103538.290842,10930.985992,failure,b7082458b32bfec17a33ca402133bb5cf32b1cb01e4e5b0cb8ff9e51355ea20c
103558.650566,11161.345211,failure,ea2562359ef784442fb6d2fd7a21d1749cfd8fc8f8323c124f05a14804cab330
103579.068408,13036.260509,failure,4e8edc00a24f68ed87a4cc8fdefa88985df738afaad83500a9be2ab39355c0ca
103598.353872,193.622323,failure,98c1d2b9f035ad9e7dc263d3cf3500d8d287f0c4ba8d5eb7a75835f00a6ff3d2
103618.683922,173.508763,failure,9a846b47119c7b30f0505803a4af9c3c3f9d334ba9ac887ec88761bb390f8cb3
103639.042515,14443.277382,failure,f493fbb00a6bd8c993810b4361e1d173c5254879d84a9f79ee01b3dcfb1950f9
103658.314564,10963.079697,failure,7df99b35c3d97cf38622388b1a387445ecab0dca27d5ea22dcab023a392fa7e7
103678.637461,16701.644696,failure,f57be90e3af36224546c8f37abf62353597ee13b4667fc8ebaf44ffead349491
103698.929751,12072.376540,failure,5393ef0503051a59b32f2eb1bd30aa4f5c6d99955de322cc43dc3e2195f7f5d2
103719.214548,14296.115992,failure,99dd63322d5abf16f8fa709809453f379c9b631d174b83a80a2f17359558bc1a
103737.471004,15358.807390,failure,93afb3ad1280c28065d205013cc60ec688962c069a30f8a3eba3e846abcb1774
103758.787974,13659.507288,failure,a45e0460d5548136ca2a2626508c788ae0c654e8958b0c35208ef4add9fea598
103779.116741,10632.341234,failure,8b5861032dae4bd48827a503fa9fdcb955482731711fe65374b43ab1c09bf48f
103798.816830,15017.292204,failure,b204c142c4b365412b65780828306ecbaf8cb6aa76f3ce5cab2ebf1081867a42
103818.688925,7926.599212,failure,73aafc7c161f23169c172c1f7b45899421b0d7c885c174c07ddf2195e6da4cb3
103838.764356,14577.568964,failure,e0cee6e30be95aabe963c62f4d1d1606f12d73a0ed0d7b35a27070f86cc1f57d
103858.642803,14158.066872,failure,1a169022b4f867718dddc7a93c25cf689510b681c52865b39ceb433db37b69a4
103878.353140,6151.886228,failure,7e802d0ddffd8a15c239e97f7bf33f913431ad12e351b262c499c2e252e6df87
103898.340559,10249.927724,failure,c758a66918d554ac992b9b00290cf878e76bd2bb7d78dfaef78fb8df299feabe
103918.768529,11896.524574,failure,3edcfadc0688d6016b29e236a36f26f7cb8a7084b1dec2a1c34013ff82cfe39c
103938.338978,16236.143576,failure,d1df9f2fba51a8038407017148b32f212c112e958ed98b8268a4a24bb0cf3a20
103958.584673,16404.725261,failure,5739eb04116650fa6cf2a446456bee42d813fd7695e5f8b7827f89bae7b6e374
103979.010550,11645.274073,failure,e990f24b482c3227de820b5785832f07752351750301e33bd7691bf39821cbd4
103998.673560,14930.613826,failure,73f5e2fca088d7ea332f9f8f2a1c8ab725bfe08b526e90db12f59a06d492110d
104018.350565,7909.907865,failure,2e2e219563a5cc69ac5c3260f0b59adc36eb876987d1f519d94a14aa238329f9
104038.685655,8689.776062,failure,466e7fbd97e6942f9f57653d879a80fd5b8c5acda4d44be98aebb032a6889ef4
104058.720550,13140.822742,failure,2218b5fe20d82d500162680b5c392406841a2dd31aa53a83826e843b48a76c0a
104078.859759,17730.410697,failure,74ebb47c6cb4dc4b20087c45788e76c7dfaf7344efe97474a61bdd1bf12f3882
104098.668537,5094.639104,failure,da319f1770c567722f00c9e9eb59bd9a4d91528eeb5c91ff0f7686e3a7b99c55
104118.827183,13967.423227,failure,783c674e7634d5e636df8187e419f1fd440df6eac1925a653ce0c86a08222c54
104138.718565,448.778971,failure,3178822bef34853e56fd19b011b88cbc1e130d1c265201269cf7e79940d4cc55
104158.673476,428.388437,failure,2b9d0af92c563726c772788d1c1763f9c330b6194c2db8cb6f40cfafe78a59a3
104178.776579,13993.501828,failure,5a3ab5a8bb60273708187c16f4d30cc1172d9faf125ee7ff87c25abf5236bdce
104198.359112,11282.729783,failure,9bcce631c33648acef4e0e16d8456576632e311bdd79f63b9be9934b5ebb68ce
104218.338718,9690.038939,failure,bf504ac0ea20688b0e9a7cdc1332e5d0cca114aa0fcb2f2636d5d1fc6e9caeb9
104238.401216,13030.873634,failure,8a4a63829e1ef6b29c5fccbf3292299cf94dc5d88ec56c35093e823c8a62cdf8
104263.349265,2036.317925,failure,55a68be15ba27da9f66c9f6d98a4713d8443580cd8ab0a8cf84e32e50d5329b5
104278.634263,9843.663002,failure,18bc1ab2fa593399d727dad537c2c120a6e1a2316ceadff27c6edf4cb6a0d652
104298.344982,4505.942715,failure,73cdb1edd99d4e2a6d904be2c42b85795ddd870327e8c51c12693aa8ff05fdbd
104318.708766,9897.558680,failure,1ca9cc244954e18bc1a47fc9383b11dfa60f8a0936ff1bcbc4ba287c5f4aba07
104339.106273,8655.435220,failure,52502dda02f57998f541133bbb0140b633970a0b181e7fc9ed0334922de05cd2
104357.855970,11518.403776,failure,9efb71911bcde2d8796cf185c666e566ea1f30201f6b07aa984239bcc6399432
104379.005623,9757.268670,failure,e48038e1a4e753a372a09847e7d649c6c8e512b1330d6173864b302829230867
104398.731231,8599.802938,failure,d899fca0d5b360872cac5e06919105ca6862f9794336bb962f040137e79b9349
104418.656005,11634.650369,failure,c854b44286d79473487a58c16d428785a15415d98e589270d4ffa3d1a87e678f
104439.088045,15736.264806,failure,418feec76f98668e47a3fe7ed949b50da9bbd71ca4dc86c873438b5ce012bee3
104457.421144,10511.364736,failure,d388a7dabde837104e609f1b7b9a9c84bbd8c6b15061e3c601bf36fc55ea789d
104478.809378,13537.466446,failure,17acd60ee46af052600703e82a5fe29c1df3768adb81643aca068aa898d1d764
104499.176638,14316.099670,failure,1510b946eef51f5dcafa6b37e3164d476c56ca3ffff9906d2c41805cc9d49be8
104517.495922,11489.785810,failure,4618fa32cdd22adc20446df4b563f2a9dcb3d3e9063e9552e63863a88de0ffc5
104538.852397,9135.752375,failure,df2de13685acf0108ff7fd50ffc848df318f04e5844f1bec7795f635beb22dd5
104559.186867,17064.111753,failure,01ce8117e12b81f9ad87f97b9790aeee10ee2cfa5992c6087c44bcee6c7ef34f
104577.436041,12920.830164,failure,76302c21968558aeda8d8c56cd564220acc9398ea65fde5cc3a4bae0b7d1a727
104598.904563,12164.348811,failure,82a11f30b2b455872898d05946c8d3f7a312e51553fc2f864ddd1dcd45d3f400
104618.370240,10984.917972,failure,c48d35355730eff87e3dcbb1212e00a3807e5ec0fc415f8c50ca2760ddd2a056
104638.719297,1837.895034,failure,bf6d01af435bad1063eed518de039df2477f140d0b70522297b6c950e3da4cd7
104659.085797,5142.925368,failure,ed3c816b460f700e5b64c94d367379b60512754c7a49ee66294eceae1e741084
104679.308480,10473.316649,failure,734e72e504cee62311e65348ecacbe70c6c9e8afcdc7be06874458585daf51f0
104698.792652,9140.761568,failure,ec6c5f0185cf5f4fa2519ea665111a3fea26b09a2adf0e6dd1ed4d08ec008ae0
104719.176213,15977.081588,failure,ee9889f12e68d6bca640230d5f18e485ba3a9794a05d94a7567e5563eda8bfd9
104737.593728,64.992466,failure,0ddefcd3f2e468c75266936db61515054b1fb367d56df45f32663e8c594fd196
104758.929835,43.889359,failure,345fdaf90f2153a9bf1d1885733cf2f9242b81893886f01780bd3a76cacad60e
104779.215595,16227.041540,failure,95ba6a3fba663beededce4240c54f636cce19ce4d3bb6228a9cbd1dcfba6a08c
104797.994947,7932.272070,failure,13b13f49e805de88eef068c6ee0ba237cd88ec93debb495003bdaf43f0107dd3
104818.995235,12461.403412,failure,b0ed970a8a1ad19d5a3315403875f5e17ca948e3291037ec139150328a1373c8
104838.436869,13513.868252,failure,9b48a15bc77b1022bccd2f0200979326764951b9b9c4e1c571edbf1808319479
104862.640364,13553.975999,failure,2e3a0d518a882ecfef95d2cd387fd286ecd02d65d72150aec9cca067e68c38c6
104878.373929,3325.904366,failure,84aace2438da1c6837cb76e63e2eb7d5a52c01f4a84e1d25ec8f350510c8f87d
104898.668766,11987.561941,failure,0013f265bc2df8eedfb321b9b2b89100f1f0ebf8d4924156cf3a71c77310912a
104918.371040,11111.172568,failure,c985ef79d2560c06e67eb60a3a56bb555534b774c6ea41aa7ca2988de11f28cc
104938.807809,10127.332046,failure,b76c1d19157a5e7bcb030c9f3ba32a1806a24db82e69c7131d7ca0468265fde5
104959.086616,7845.216920,failure,820a3e98802c8313b46677e5110fab8d92587b7b06fa24a2b664a4ddf38df3e7
104977.409236,1632.856995,failure,0b4deb47eda913fdeb9531f0c7e302e9d05f7335b8d49a7cba859ed70aa52ca7
104998.359712,13177.912625,failure,170d975d2104d2e70fdcd925f7983ec9ab50a82dc66a656acf65d846a5ba5369
105019.162937,2278.139141,failure,3f73e623b120f1afb5eb4baa93eeddf4e4e3d5a1eadd200171a1bbb9d08d3149
105037.806649,10260.954173,failure,4d922b7e78d135724a254d0756ad69d3bc63c67082338612d6b5c103bcceddbc
105058.331781,14333.386359,failure,deeef053888f33cda623818d67b17bba37771de02fa1d519bf8274c0ffcc4fd6
105078.335851,10696.848495,failure,a04e889256a7fc867b9a1299689e9a2a5c77257e94cf77ad3eb9721b4326ffeb
105098.324453,7403.940567,failure,6dcda4f5bd8eff44bbc3ca30d87bdff1a3e98362493286eaa30ddeb112edd987
105118.700311,15053.638266,failure,bf3267a182c892d33159039bce621d1f0bad7e69a6632b3f59370ac8f6818d74
105138.581768,15124.696497,failure,d0b03a00d5ac7bc4978efd2b5bedd103a382ee87b99554cb00aa58b3046ba9c5
105158.695102,772.986281,failure,8439b51f0a7d96e116a1ace48c9d6b854f9acc55a0209ea1e8c19198d29dbb09
105178.550450,13406.733625,failure,270d111708a7309e1a0fbbf48b8874429361b473212fa798f1df916430e9190c
105199.066527,13615.759971,failure,db24bcb2126c4f9cd0cb0bf15e45698068264e89c79ff55bd08d2a01e7ed78d2
105218.352986,15238.949149,failure,76d99195fdf00b32f29efc20c5608a2cd0b9677e9809b6e86f47444ce1e5d0dd
105238.643196,11877.631148,failure,4924e8d6cac60836f6b4c93d07b2ecfd2485625e988122826b0e79ec0784e50b
105258.337317,15570.309962,failure,2339dd20599cc74819eaee6044376d4d9f4fa19ca23cbedf32c6a36fa073abe1
105278.642996,12736.950219,failure,4d7c65dd59c2bd6574f8aded7422f549ee407ec960d23da6b408d79c328ace0e
105298.648781,14244.007747,failure,54194c1f694f2c31cd0ee50979510265279a1b750f99b6c6c3195838f062f700
105318.676868,3377.636628,failure,b098155a38a41adb8f57e93d7ad83dc9ccc65440c5682c8866956450289616b3
105338.725133,11587.604856,failure,68b5fccba647b8298dbc213c00802aa5cd1ad014a372dbc16714973f0a912eca
105359.016916,14922.286948,failure,5c74221f26065fd64e0d970cb5f2b258b92e387f8bd3fe30c6f7f76ee63dfa28
105378.705797,9589.592874,failure,83d5d3dd70a6771de8b57ed7820f7faf879dc84065c6e394af3c82dfeff18fa5
105398.342792,13936.016612,failure,0ab82baa99e55c842bd75b85f47a581bee6eb5815f389ca81867742c4cdad9d5
105418.656205,10451.654073,failure,ba4087e4aca960f7a391ae3a91a9334519977b8749b25c2bed1fb9a33bbbd91a
105438.402573,11656.878352,failure,032113c09e17c8294c92d8cfa84194f0c3623d9a87c972bb8d795d95bccabb47
105458.359619,14716.777614,failure,86f04b57c4b387552472f6453c53be7afe70eb1f4b1de831b584c57f209b8b2f
105478.950153,821.997979,failure,d224b93e7b6ad9d230ce5d2299cf1ecf796607312175ad176c01e226732cdef5
105498.387129,14814.881148,failure,658c610b2198bbd22f1751e8b1df2ea29b7dcca9691daab3cc6a6d93a45d98ce
105518.353593,15233.924970,failure,d0a8d8882dbc3cae9faad8efc776046b0d4e883852b0be1d522072d5bd10e6c6
105538.373504,9821.934422,failure,d226acf5d38d513872bb684a0eee438f91674323b0ab47a9a8bfcb55865d71e2
105558.678722,5419.872595,failure,1237d0a6e1af90c0d6f03c899e1ac8486c85af318d5c5b872d79e9781fc3f8f1
105578.448583,15157.806026,failure,d98f7da2ca17fe3ed9ef2f4db6820fdaf4ac662dd65e052735c8fa903053913d
105598.760694,15003.531965,failure,a74d5e7ec9d8af1ad956c8fd016b0a0d001dc93cac1ed34f2c31ad6efc9416ca
105618.775546,13931.626506,failure,0989a99d023f2a77db81842673d1c15272011505db792fec6010a8b33e86310a
105638.779017,15731.478198,failure,74757cb33e6cc030608ecf743fa787bd07ac3cd29580833b970368f3414e2811
105658.357515,10786.999543,failure,90e122648de20e4280b1f6d775140361b7eee7dc39bad2de01100b19e75d93aa
105678.730558,16471.521707,failure,0de4bad1ed8f98c2baa4bc3794762f9121b4056fea6f968143a20a4b37a528ca
105698.337448,15681.913913,failure,c366c58da14e485e07c42a0d876b2454877dbd2789aa525f557dc7f62698aca0
105718.757698,9782.962946,failure,d6840ab465f6c9da83a307375f873a71f1f193f1f322584cdbb30d382c71cb52
105739.122306,16406.145739,failure,1482dd4501a89ee9274e16b6995c3da51311a91faad82943943e5f479fc97541
105757.383043,11298.881507,failure,9e130994ee0263090ba1d5ac6d361f38540f2521a4b9622209c852b2ed354c16
105778.784533,6422.885664,failure,880afe0c916d619846394a61afb6cea813e7ecd398601029c571d55aca49c56f
105798.348504,10097.931833,failure,deef47df785acaeca3640302f81cb6c13cce76a8e049f21d01de6f31b9d2700d
105818.660925,4852.802926,failure,2c15457ca7c4a30c656fe77a710ebd9c2cd1655b0f940c5d41f5671e69ecf6ed
105839.077799,16681.177507,failure,45e9671303f1ef5ceb5cce5b4a6aacabef9a5a10b0a7572b87204e988152fb96
105857.446566,7506.842742,failure,70abcfaa0364440828952aa334cef8231c32652c99eb744bb5c27edab98f3f4c
105878.775081,5439.672523,failure,a090017cb5895410cfc6f59c5027c54d3dd9a86638176aa7fad77b6fe90489e8
105899.110184,10485.205648,failure,2a11607f730a826b29f80f8e034478ca7a12280b12fd1fb1eddbd5fcad189a69
105917.387542,15901.000011,failure,10aa6c39c30848385dce6589980024931976281a5186ad74a6e5b037a070c61f
105938.822283,13452.629395,failure,e51e8bf94f6493f4f09da21fab9a0516f7aa812bd7dd930ce0f4eff0aeb8b5e2
105958.320422,10328.048795,failure,7545220b20b84abffdaaf3af808c853e512efdb736d76dad65bd4addc5864d10
105978.700779,319.566679,failure,17b2c7cb6cc7af891a9de1da14736284d369bea2272c2b99c77033f4985bc3fb
105999.084512,298.977056,failure,7aeecda406b3a180d10ff298acff1a6f7552fb3c4c7c73b94427c2263e1b4402
106018.379757,280.084995,failure,017b0e70ba5f739c1d66002a8aeda8b3d0728dbf32d488e227279ac0df67d955
106038.896846,258.240798,failure,ad412a26017025c8d7edc2d45ed1f054bb0316c22b6c0673de04402f673092e7
106059.223814,239.921162,failure,3e93ed3282dc8c1fd40ac880bd8ed009e1761fe0014d9a2b33c93b189056f6d4
106077.544071,221.332170,failure,b74a7e21055b360e8f6f4954f8342c2a040ca3f15650fada9056b800aea42905
106098.851437,203.397404,failure,5d906f5cd871e231c9f28a70701c9f674896d3ec2791c45897b44b2bfca4577b
106119.174299,183.318121,failure,9bce3608f5e3bb6c0fd49e9c55ac535172f663f2b151f5e3478f83ab8940ec19
106137.427544,14034.196815,failure,5781f23e0af8fc7743b7c9645ba854ad90b891a789fdc2cc0726c93d65c25c20
106158.908823,144.446799,failure,db30ec608d4b9a8ef0b8b908fb8b5a2f376d16a121095e7c121d2f94515a26ee
106178.416802,15936.187154,failure,09f989bbc7fd7a3705521570441ceb9786d2b65aa7dcc0c9bad53447aa008d81
106198.851130,379.837361,failure,cac7bb7ab5ebc6a1eafa5b743c909e8233edf181ef0c16411ae603d1c8f92874
106219.242018,13377.046729,failure,32f60088f0dafcef03df116c9c72bbd51d0298152474783fefff1d54378df493
106238.661504,11478.598116,failure,224ba8e4d1f29f7ad75c10fa408cd867a0aef400413ed58fb330a18637c376ae
106259.003291,318.281861,failure,3bc53145822b209caf574322952cf1a8eaddcc15437dd69b55a1195da2c168cf
106278.295834,13194.267196,failure,2365382966541c13a2bff74ac1c4a2dcc65082ee179cc2a74eb4df0d23579b54
106304.966784,8790.317173,failure,562b6d9df11779e61d037dbdff512c5eb9684c62105561ba6000dfdb91efcf57
106318.523447,15034.756424,failure,16daa9bad64e0486c05b34cff0ca158af2933233599dbc617cd2074220d79b9d
106338.421957,14208.850187,failure,fbd2d228d32c940f48b70d131117ed9fce4f044be134a148eb67b8ff923a684f
106359.119039,14988.190061,failure,6f1534e625cfde8833bbcf8ae3a238cc68027c907693384cb46c3084498ab73d
106378.522366,9546.759493,failure,3546ee44fa0025a985fab394ce67bbbd91ea6dbd4c95e497847a07980c34a2a5
106398.997349,4472.296820,failure,679d3b88a73c642524a6cf437c2a62705e32ecdac921dc339aac03e8cde5f5ae
106418.426583,8880.647878,failure,bbd2bd972c120d90f90fa349bb9c9fcfd61c172f7b21efa3b7bbc06ec700a4cd
106438.679155,7736.651620,failure,95fb9024ba6c33254a7dc211dcff7985dcc3684a59dee6d2575a0202c352b2d6
106458.336961,474.295965,failure,49b0e1042e794ed65cdca01a38422163c74bd49893191c5aaed7a02f767a28dd
106479.179272,9806.726840,failure,9d7d5a17ec0e60240a71af57d582a2b658382dce37a6b0aaa24a4f1a7eba4c4f
106497.384268,3076.889669,failure,53ab17262b82675aedadfd5d7662ca52f9156071c0e6b86d4cb8c1daddfb7ef4
106518.381905,9005.894598,failure,3d8aa4e4cfdf4051dfaaeaabc526a8e2f59fcd41acfba83ca9ef402d7eee40a4
106538.353219,773.898002,failure,eea4217be56d5622520f61c5097a89111df18de2b1781d420b44de5610ed3bfe
106558.741441,12065.893032,failure,533f33a8f1062ee92b966cdd02528accceb0a4be3b398b2ef915fc596d351ba7
106579.353808,14156.430343,failure,80eb5f20cf2bb32f60033a8ca87ad7430c58ec9745a4d5aaca416b032ce4c3f4
106598.628908,12900.071459,failure,f91ebecfcc7ea9656afcad6e548b26c96338b397d670e3cf6738ba2ae74178ec
106618.806983,5967.442809,failure,7029f0b3b375077f2d050c477b2585b46e8da3748566931960324df60a5a423a
106638.310264,5156.987921,failure,6186b8dd18102475457451691f468bff5c1398bdedc060a4c9db1c7a6bb6f92f
106658.960570,9627.861242,failure,8a911d3cb9aca4d4338413f58521ae7fcc12441eb1d15df8ce92241749cf8c96
106678.371370,7876.929745,failure,6241c332ef48577b38a96352753f32f4ce3d5c574f5c4e5a796c4feac6dd5853
106698.836044,12441.337368,failure,ced817dd7b8cc394090f27596132be5e459e7e9368779280a2888ad7e60b4cff
106719.186848,11119.043594,failure,d3595855af8beb51dce393fab608904afdc90d91980ea2de8ce07e6aa8f48f95
106737.457826,11820.813139,failure,d2addba8a3552954a069a7707ded901615ed1e36ad50cb75db43b12c9e75d986
106758.789619,9144.942237,failure,294edb0eaf819b5a72a3239c80b8b40471bb000acf5cd3fee224668db13f19eb
106779.121027,12357.203522,failure,b9c2cac2fec3691140d8a34de1e109b5ba0e61b69e683f216dde26d4d4a2ff38
106797.376717,8171.182695,failure,3eb302720ea38c340cc747b76c4e0066d4d8709ba442bba1377bcc55d4641ec5
106818.740098,14517.563289,failure,e7ee98b6ca9e9872c75b68a3dbfd6a78f334d995f168a5f8f874a913ab14e333
106838.633719,15277.304329,failure,156cbc353d8741a7e694d2146147e91d0a929241f9ecadcab4cb91aa6b412578
106858.372304,11955.959972,failure,fde98a01c86f66139b0d036032c43a79ac3b53fba6fb92b9fb0c9766d3b6aa39
106878.819175,15423.509648,failure,230b4b354b752c1f69b43a626f25390294f0b9aec402d3bad3493c45d853852f
106898.344626,11416.932523,failure,f25273c504e8f02022f9ecdfac6a2d036253c66460242c73fc4b49465de75166
106918.388895,7730.134190,failure,3c6e0661b1ebe60c3b091c668e63adf3918888a13217879f5e095a19bb2b7949
106938.637781,7540.628645,failure,4e4b296cfa6e618580977c0d695581fb7228229589293ce81fdc9e10210963c1
106958.723936,14255.047877,failure,9468684af08c9d00ac6571c5efb318ad34a4065e3689687218a3809bdfbebc58
106979.148316,13892.106329,failure,5fbf853b71bb90160ebbd6bcafc79526d768b5a3e24a064f24a5effb80779739
106997.681237,13288.583542,failure,aeaa591c53a6c6d89092f86129f974d4fc60039708e421636da066ca1695812f
107018.343636,10040.302308,failure,3e7c87505110f1d07ae9f0898ec40961d3eaa948d074b52c99aac255bf443837
107038.839237,13901.447994,failure,a0e7c0d73e937b1ffb84188307a6b522749af65a78855e307495da021d0b7529
107058.357705,8432.911905,failure,3d59713fbbc4f5f2dbf54750fa75c5788185648a9ae8b34a3c932e817a510b0c
107078.703590,13570.603800,failure,03d02b659799d6eba850823de2e68ca0022a36067a99a33727e127719ae4e6ff
107098.334106,14844.767680,failure,b59c7f86f3dccc46cacc1d1695f97e3a708b151b880032867117af01017a7529
107118.394215,10136.876282,failure,effba5c0a6c19dd5b679e834d5bacb24ea6d569f5e3beccff4e8388ef9d4096e
107138.339753,14517.936513,failure,ea92181ac7829cebe3195b02ff5ec9db785e1df8fe5949194b07d95b19893b66
107158.347095,14195.229483,failure,d296417dabd976afa7e26feb001c13d0e86624d56200dc257cd19157d7802b6f
107178.561609,13888.695908,failure,aec90475d67530599ffa1b1f51b579f58dab849ec7b69252d969d4b1d3e878f5
107198.695405,16427.564861,failure,09e57ac15e8276ed1719408ac342a964af4760f1514671cafee6506ab4d5398f
107219.204372,11841.253999,failure,8cbf353bcc65c5255be8266466c8ec93d5bedb9eb7869c8fc6bf2573e29086c6
107237.730122,5981.923407,failure,74fbf27e4e3c54753635e905608ee44ba106d49cf921f20002ce3b38bac318a0
107259.127728,8167.159249,failure,a2924af105a811b563445a962997f6dd9b249632bc1e53b798f168901e394225
107277.635895,15186.636750,failure,4b5bb134e617e06b1c497c1813defd3f9b84eb0190cc0a1e8722ed89e640945c
107298.672536,15376.508588,failure,ebc2b1f32a060b9bbaf7fa8d108014b98015e2b25a4e022fc83cf1e15d885914
107318.627061,11497.063291,failure,c32fc6c480bf5ec085b5b0374413a6f1524de43d62201203ad231006de2a448b
107338.722225,11476.332935,failure,12901b9ca889f04f83194f4452a1768db8e5feb4f7c5b864cd1a1c625fc56b19
107358.360577,11901.677196,failure,0e5872b19dbb1a280d7ae797942b5367b0c514d2f355feeb074645e1fd2bcb60
107378.738352,14827.541737,failure,72f6102dd7e3e1331f2d755b0f9ae6d8dd0d9ad3c9cc0dbc49a1ef3ad8158193
107398.422769,12773.470887,failure,05bcc7b5284cc5f4aeec524bc921bc170a5faccd9df5d729de87b972fab349f1
107419.518288,11765.831437,failure,280641396e09dcd98362ee51909f0ab60dc33cb6d6d10b08206a2575b9cadc12
107439.312136,14520.183919,failure,1d2079118d5f9a1dd6c2df09e91e98775ed38d7d990924c09faa5402a483180a
107458.664270,13280.608189,failure,1989086ab946ab9d67b9be53211dce9248f960b847d0d21aba97d814bc272e7b
107478.629184,12194.600618,failure,155d7a27649c203de10305d10ff2c5abdf5e59fbb143e4e9514f7991d3f4efd3
107498.421640,11737.892050,failure,528a0530204462f703e131115b0483cb0c181af2e26eb48da0df7c5cea22fcef
107518.350207,14662.908929,failure,a976af37e8ff9d1d155c2117b0466b6c3359c7dd7d391eaa14d455cfdfe9c07c
107538.344004,7502.949788,failure,d8a6a052165244b03d3d3e447c7fd51232b70d377a74058e3a27e061847a608a
107558.683108,9418.598720,failure,2782cde962a349a766879af9978b716add8f82912419ad3da202a29824ef9090
107578.643053,10197.651406,failure,d41d004329ff128c27df0a8e628fe26dc1c92a28b3cde4ebb0416a938cdfb5a4
107598.349089,12575.465072,failure,b97ae4880d277db430302410d3521250134db3f7d69f798270a8b19f74751146
107618.326466,14199.259006,failure,e59e921f10ac3302f0430f3f47933b5973d7949c5c2efa73b2baa89addbaccff
107639.151196,15339.126576,failure,8659f24901d6fa182797662f2e611219ffd2ba36a55bd361eef7c53e4daa69d6
107657.726698,13007.547149,failure,035b4add645aecef415a151a557f69a2c7d2f1889e99c905ce69f8a6c4f3289a
107678.638839,2826.646091,failure,aa42b959e9f5f0a3310b0cfc2671823f57d4de117ece32c71770250b40648678
107698.373568,15446.954073,failure,57492651e30963745ff2ed561fd750c571d7fdff66e25ed46f4ad0b96ddf58db
107718.692906,14490.717481,failure,4b75b126b978dcfa37687de3437ca317825aa7fdcb1de913e8fee6c3bb4621c7
107738.404903,15339.936974,failure,6d05283e9d8b2192413535c5c73e505bf733bc1ec4cf21863ef4dc09646d35d9
107758.742675,13284.530907,failure,f77eb205808fe0df9c05d33b6803bc817ea37bb4fa9a53ea2990fd5655242403
107778.354508,15024.881897,failure,ab64b7e438a569e0c83348518528cdb66dcb3dcccf5ac42878b1900f245c111d
107798.666462,553.143999,failure,c6355ec0bc4816048a2c48744ab3f1f75c76d6f9e8e864b8c9f477e052ec302f
107818.686347,728.885321,failure,621cca952a3c772d294daaed4cce6de5179ba9ffa2a7269d915edefb2b106d27
107838.711773,662.242949,failure,79d03f788394958590d84091fcae7769a9524ddfda50c0a2a76bfd93f9a0290d
107858.631964,5899.031660,failure,55cd126e6a5071527b174f675617c8e094252a20ecde32ae1164d6da115ff3d3
107878.351135,10328.183469,failure,c7a4a9d03efafbcfb937a925f56f6caf0b52012665454920230b29f9071e6515
107898.717980,7974.555506,failure,9a402b28b8e8ec7c8ab94d5ed130cc6eb2bb0fc9b3a62f2fc87e09607c3945e8
107918.917837,6639.781477,failure,d22616965a6e5ecab371a857700d2562467343ae30f7ede7affe01bbbf9d4c80
107938.661794,13755.592989,failure,013bb0d1bbda833d7d589d7badccabd70f9bea812bb7c3f1dceff8b85e17603e
107958.664077,11321.877516,failure,dded925537d21f5e2f29b9080e50c7736c0c1f1ef4d55b39a0dd3ce53113e9d3
107978.667582,13966.594221,failure,edf8493b5410701c97a658e16a243dff7e0873ad5285dc34bf5b894015181395
107998.861218,12737.135104,failure,def7a03435ca19c0c45d43b4f4aeb135fcd06da8a64a988f66d4ff24fb89a879
108018.345415,10187.936903,failure,8b2bfa1b9279e796600044797eadad2140a5dc1bdf568bec5f4605ae70f5a92b
108038.578514,7950.722020,failure,b05be8ebdad3c61f853892bff31f0009a2652b99d7b39b54895fee3b3df82d71
108058.656105,14655.629166,failure,95aac5db7a107b4f69985aae92e915bfddfaf02cf314b1e8f244fbc2e40593cc
108078.631729,9937.417768,failure,3e913b16a87f5802f6faa007e68add1f991d64acb814dea379e9fe186ee7f806
108098.656784,12930.602353,failure,1be8a96eb32aaf543b0612aca524c508919d9cbdd64450cf60efc204b8190bfe
108119.000628,13824.333096,failure,df4fcfe161bed595da6bba72dc2de51f82edb53500fd1367b4ef664f8f888b31
108138.425017,9015.840914,failure,53844d8af69c49e706067725da67d9bafa323227e43239d3a785d93c181d8fd9
108158.360238,14596.910273,failure,d9d1468aab5e721f3d51fa82c2e567f3497c7f15848acde3381f2fbe6a9ac171
108178.753784,14784.488516,failure,e2bcf1546389b837434ce63879a0714f25f636c0a8647b8e2ea26dabdc0b6eaa
108198.315145,12710.973194,failure,54fc6a60c8716b20b1800fdbfa4eac02dfd7ca9ca0fef6f899cc1bfcad4d3c29
108218.715835,393.580459,failure,8cc6ba52da15cfffed2159d4052a94cab323c09603077e646c818bcacca7734e
108239.212141,9885.068249,failure,1415f26b534595aa718e2aab7276708bb8a5d50d0b59aadfe77aca14026bb5a0
108257.582305,13301.654848,failure,f37eb0c790e6f248c5f2a328b3313992372d8ad7e9dbee2ecfe98a24545a38f5
108279.268426,3983.284272,failure,0c10b2b41c87b41fca2c30dadcbdd81d6e74f22c09758a1eef0630e3bad76102
108298.628115,12436.931852,failure,9bc02d4d0a34abab736d1fb82a2a250d1292ee238cf2005b25ee879e731f9397
108319.388017,15108.869844,failure,25184b8c8303f845cc4f2cd0f2a509b43f68aa4f7102068d18028fd2a247f60d
108338.714015,10846.915266,failure,2c027f874a294682ecb6ee9586665b862110d8b990dcf7e3024dbf14ead3e13f
108359.247689,5076.075575,failure,6d5c48f94325fcf6ca6bc4191259878372026a06cd117be125e81cde10681e48
108378.357979,13564.518732,failure,f1375037b5ea5db76cd0e6475876f7a07eb21704819d24db6e7e3f5b9ecf301a
108398.666088,10465.597983,failure,1c8f6833878750e5fc9c55bb92f51499cd9078bbdbbb6f4210bd0789500bc56f
108418.645250,14255.744233,failure,c80c3cdc90f1048eb9b2d0de73e9e1948fba0c176c48cc8aa9a9e505b8ea864f
108438.660007,10814.653797,failure,53d121ffcaa35bb68887485c8b73b97a9b6fde14ea4ba58cbe1501b686e78bc3
108458.366086,14447.896993,failure,8dd7df612af5e9cb50e42a446b7891d9bb1001e2e872d07d9a0471c2a24d334a
108478.737421,13077.538286,failure,af83ce97a48867d17b42c253481ab619ced57c011fa4883563beb4a661d6495c
108499.093869,13843.079619,failure,7e588083be774f0803b478ed982121d7b4423fd78ad9caa8eb99a3af39b3be1c
108518.553573,13057.705797,failure,51d8fd6b1d6739438c9d155baf63aca4cbf3f1d4b9428bb1be1c2831562f5d10
108538.990520,13050.269836,failure,bc77ef3db48d603fdfeabbe77df0b871960515b2da1e0a0d4d1d335752955d48
108558.942091,14518.551370,failure,fddff769a82ad94afb5231cefb597fd247209888f0c2a22224c50bc0a2e8120c
108578.374594,12814.890517,failure,517a4e272944aed1b6f1d42db8cc4e3037b0d48a6f9d0e1182bb0c5ae1cd053b
108598.737564,10485.246492,failure,11219fe448cd27ea2244b5ac27f6e5ddc3502b0ff9394657922e47f6ea146149
108618.649963,13325.296432,failure,d58582a610f1ff5bed7e03f4701e870c803ccb6b3f44402ed9251d504c28e603
108639.053318,15045.507863,failure,5a6d567c6748e5cfeffcaaeb3364a6691821cf9877188af09cc0526d3671268e
108658.663479,7957.394954,failure,9f5a36875818ee1abcab4be7c0a6b1a8358351de716c7cf84231c083dc75b262
108678.412847,14569.831935,failure,5eb41e4152095e311286a2a3022d7063cd831514f7933fbafdcad4cb25ef3396
108698.692514,13132.567868,failure,c19a24c3211c2f2dc769201aaed58a5b7d15fdd4554011b2957efd2a12c758e2
108718.391309,4655.145871,failure,aa7e4847e2b33a713d7e33e5f10855f9b8e43df365bae9431be9770f7a6dbeb9
108738.936885,411.911205,failure,398095b898b86c1d166430c5226635d908acf3279a90fcc24a0888a40cf10e2f
108758.671607,2669.617893,failure,a3a2c6f061491ef37e5c15c00928eec56a4f322daeb94d657335b8b55e334b53
108778.684821,11147.620404,failure,7e561832cc4ee459ec71e418be093f78c453c2b4e3ad15fd5896147740fd9b61
108798.311674,8361.950131,failure,016f94795e5642c496e8568ac49687ab13c26b736bbe488581521364c5f1cbcf
108818.663623,8343.595688,failure,95d3e409801deaade1c19360207bca0780f790771b66477315034c9136e85c40
108839.070344,13652.460223,failure,4ca49cab8260bba2b5f72c8d7fb31d827155d75e6f4e83c990f9e1a9baeb46c5
108859.268620,14966.019373,failure,f05c2e48c6e6c46c2821b03d6501bbeb99fe026ea6b5fd67e5b61193ce1fa052
108878.626476,11485.271032,failure,4524be59611740cdb2687621306318c18319c471d95b0a2ee02e4f40a07dbcf5
108899.035161,571.220362,failure,b2b8ed3b97a58b2278c07ba85aa8188df4932e1d61674a9da234fd00e749e8ab
108918.592184,11256.978689,failure,2bd228f7f00b87084cce1732550550096144703479c86dd58ddeb5d0de28d9dd
108939.209553,12752.050282,failure,c5bb7fa4b5eb98705acb2824fcab8eeda71b8edf41ea435ec0fd28868f5b5229
108958.346542,8553.934094,failure,0b40cbb55ca4ab231b378cfca2a4a63dcc0be0f6702436cd1b0da9454e1d7477
108978.686670,11254.603790,failure,f7b4f6f1310dadcce938500d77d1fd15261b80d73c0b6fbab4ae7a45500de464
108998.338057,13117.097834,failure,ff88e4e43bc3598595c2acbc7400b24d716d86ba33e88318c5356d0b7fe3bf8b
109018.324192,14328.945326,failure,35e83a1c6479daefa108e948bade9a7dd3aa4f76414cdc064b1def22f8433249
109038.258121,5084.351009,failure,dfb965bb3a7c00b705453b8a99e7981eae4bb5f6d539088a44a7647caad3b166
109058.636419,10370.655193,failure,e5e4e1301fd2e49252c87ea5ca568dc350799dea0156fe7a29468f45ad7be657
109078.314766,14529.026789,failure,a94b32eab2f820fcc08484216164e01f865930e203385e3e803c8a63f4a31052
109098.646188,9718.871275,failure,372f2662261e99c71d8910f82527a4729883c9457ea44323c4b27efcbf2067e2
109119.083276,8709.192736,failure,dcf147571e4ba74db497bbaf0c8b270c967689aaf25e84076e31a11b3fd50acf
109137.619638,10335.169509,failure,0eff0b3ac0068b35a6a03926b062ba67c36d82382c40e291ae138b01f0953cf1
109159.227226,8621.040375,failure,7fc8860b5262d032650f61faefe277f3b5b3c1a1eb93298a31939f6d207689a1
109178.343348,13776.938048,failure,005a0853ddeb2d00f8aebbf1e01799fcccfa8ec2ec87882ca0d97c40bc7576ef
109198.625641,11629.683323,failure,97c7847209a16a419cca71e48b3360e428e6c2d025af8c09d401946903fb9632
109219.011825,9427.260910,failure,ab337424d98c8be09d2b2e58bd53a0542dc77868b21add617bdc9cc9dc6ab9fd
109238.392305,318.897082,failure,b58d62b9224effe854efd33e6d7eb43e16ed5dd0c2283e1254660fe6b4512361
109258.930500,12855.233584,failure,da0bc8da27c8addb166172ae82217545e27d546decc9ab76efe900ce9eb5495d
109278.368305,6406.912205,failure,2681acee7f3bb32b6371564fecd23d0bd608ef3597230fcd14e3bf28076a1c37
109298.728773,10876.180429,failure,f7d7a34cd2d53139bc4e38577c5112f8b471e8e38f74e79a76c9609b58d56978
109318.922953,13093.372304,failure,596f54d76d668cdde2b5f5ebd17a449c49f11fbc9b6b1b52ffb5f892e2e56740
109338.274619,14298.978729,failure,1ad460b2ef91f1d7257ec4359ae5f9d5b59a726fe9995d12d7fd0c19b1af2077
109358.990743,13982.267569,failure,5f52893e5ed8ee0735fee51aeb389f7cdfef881a0d6924b65acb5868b0b6e5f2
109378.614892,8902.454099,failure,4d429830a3e91d8904f7db3e701c2b6c370bd61d37e1e63782991226022731d9
109398.955693,10472.343558,failure,2e171124fb22be241d613f3941fcb5647f405ecde88855f794e3fcc88ab790c1
109418.283926,5202.855404,failure,8fab15eb5f22d68b86029dfedef459b81f52c62a7f3be9cdf41cee213ae33f8c
109438.596134,11656.663083,failure,15040b410d8fd5197a2d56fe2ea86d6470b5b1cb1e17d3c8df895b98ad73cdcc
109459.257977,13705.063344,failure,26844cf40ba93630a62c8894e0555b1b036df4265b66d9d99ad6e88beec24268
109478.616085,9624.923610,failure,8e7cd99d08c39904521b8c27a13f2f4f321fa70d1bf8310bd1d935f307d461c9
109498.647666,10371.919514,failure,7ff6e8bfb911ab2fd81638ac2d2eb14a2c58bf29d467e387a79e22e2d73e64a0
109518.893001,13655.378557,failure,4d10f014a7a64194825910280085ea5d7a7177a99619029ccb93cdbd5876ba6f
109538.286614,11326.969820,failure,3ee5efaaf3ce24b28bf65a4df0fbbac21d8ae8af5f1ce1c9760cd390388cba36
109558.868190,12228.482318,failure,6b5187abc9da4b0bc4beefc3a2fc701daab650de5493531e833b9e2b28319d94
109578.670106,12366.058823,failure,c4ce3e3de5653318302353f10d9b3863958587d12d4123646c184b20397cdf38
109599.071058,13311.174131,failure,a8c450d2816051c057578dc112ab5d469fba21fd5d46b679aa020e10195539aa
109618.414730,363.736433,failure,2c7f8f80ac05d89dcfe4984e2878fe2687692af93dc75ebe64aaab73e45d5d9b
109638.449496,10904.857470,failure,f534fb616d129d3ea459e641b3d17cac6e5860b2dc174c01db2be61f589a0c48
109658.456501,14453.809034,failure,9e2f7954e502445493675a0bc0c5221e3b4cacf7240fc04f6dcd6d0ede4e05d9
109678.997211,9536.328115,failure,519d945577baf2c97e5a18c334e950656c795ce6874f4711502702ef9ba33a64
109698.367903,8116.915965,failure,92e9a621ffbee308f05738b8def09ac94305036620b8ee0b215d9973335f6478
109718.964696,7992.318015,failure,dd0fd67fc5275d7196c897d7700cfa1c1b6c2ee78cebe95c227be938f6a54ecb
109738.692346,11662.563493,failure,2c2e500b192892bc0847f2db6d04e6da29e0e0b97e0ac5872744083dd02b4f43
109759.232585,11408.154346,failure,9d9a1dd93391ce17bacd4a8fb33a3eb0a748bc9a27931480aded581608236795
109777.268163,12460.990511,failure,6253c8a522fdf90d56ba76322c36379e77a0d722964ae6cb0112eb9d287c1baa
109798.335845,3.426881,failure,d1896d0d9b4215e02e9829d249e099e141d0941ace02d6f8a1fe9867da73d8a5
109819.297772,5722.805184,failure,8535c893f93a6c2f368c981fa9b6b675db50a28217117cd59ee5d0990eb0474e
109838.350817,5841.632299,failure,93cf0413b2656904a592fec04bf2b4f056b14cf06644efb796749fc4b222c0ae
109858.671751,12085.074374,failure,09f142124b12fb0c7a85951275a0ef6003a6be47bedc59255ef94fc160cf32d9
109879.214886,4.099041,failure,ed12767c97399677f47a95c2181c7a2078e643b9e8490560082319fc2349e8d0
109897.631587,10575.639130,failure,1b6840cd2c30461559200f55b8a4635d7962f4b4918afe7edb537220e441727b
109919.179305,2.102638,failure,f9e569870c3dca437de30c7d8108bf3bfec280f51a5c3c6a0a1f5492cc8694fa
109937.679190,14104.601692,failure,dc03d7d4eaff835ba39568c43bcbabb00c4f88de8cbfd697e47e99a53f0e735e
109959.157970,10337.119138,failure,6d38e1cb0e4bf84e17659a31933b5c5134b4d31274c469d4e471e779e2387097
109977.459018,11575.829295,failure,fda92e7c6006ef39a2c674ae4af825c529c55337d2fab43672fb13c75015c560
109998.627115,13194.631029,failure,350769835bab18e47ca4d1cfb4cdb1a30d2c6d53d1715ca76eea6bc73fd9e472
110019.278750,5589.042929,failure,a9fde79b18134375bebfeb8c503d6c05c953eedc66dab738020348067589f21f
110038.816078,12283.475893,failure,779d973e068fa536d6b4a45c14a0c045c6c928ae454dd3c847194e52fbc7a42d
110058.358447,11373.927113,failure,796bccc71f5c11ee5dec12122bde426fba4e64b45a1bd7ebc47c0be5028fe3e5
110078.346877,13248.899922,failure,0888a89103e710fa773a747e2a89aecf0c015a9f3f32f01e94742abde1bda2e2
110098.710200,10306.569022,failure,65cd3deafab4a77d1b53e00728aa43c5186c3e1fb7c9e327a28b8933e957d38c
110118.595722,11855.684640,failure,027696fc870347460976ee640e6d7990d6f4ed5df3bcbc7946e02aacbbd71f51
110138.375220,191.992219,failure,f6c84d536a569f13c14baa68137fc791329ab84f6720e61b124d348b2f96da5e
110158.319681,178.401028,failure,8f8aaf75e0481edd263459e4b8fceee69386ec959b4ab2b74b9021e1e35bbe47
110178.373935,150.222727,failure,e3e7c4e8b12194ee31f02be83cb481559986823d561a2f49cae4d484959189f6
110198.331722,130.494293,failure,98fcb9beab0a60128e743a2b6569e71c5b4b1e9ac52f9a7356428843e9947be3
110218.703482,110.795254,failure,ea2e755844f67595452e3aa37f8c37b7e4d699edb0597cca8b19e464b3c1cc1b
110238.700160,13619.579592,failure,6721747c5a29faa22ec98cccf847c05301945f029ac97935bba8bd0823293287
110258.677422,10816.583306,failure,b63765692f1e809022a6a6d890863add868e288a9ef6398f72fc3a8277486fb3
110278.344552,13196.180722,failure,2b2e6f702a7382a53af9dcbcaca2232154c3eca4f03dbc77504ba270c693f9a1
110298.326503,11191.015445,failure,75508b6db357cee7c1232ed98b52e6345b1b0a4febaa2d9065d3d08b266c22ca
110318.330724,10762.919097,failure,6eb36d0ae1f46fd404963bb852e5df67a31a5a7a780b8ccf7852e3d9de5695a4
110339.335863,9834.050989,failure,fd30e6d57565f48dc503325e9cc8cd16d850d4e7971fe0f7c70b957a6dd92c36
110358.433973,7657.383526,failure,d28161ac50d8e1a7fb1f0f3bf0a9606c01cb45ddbd656422234a0dffdc4baa1f
110378.683618,12911.570868,failure,42528030013342607fd7fecbfb37274cc21e582132a147d779024169195d29d5
110398.707967,13075.575932,failure,3282185786747c8266b1dffe87dd0eb635e48b1c1103ce7ec55341b803ca1c46
110418.345723,8973.599115,failure,6da8fed8c137477b287d7ea3a3ef95f59dfd81e0170e34391825ffbf641c43c2
110439.116368,12054.129786,failure,d8e84d5c7b5e7fefa727e35039e0f9f4c76e71295223c36a974ed48e272e7431
110458.089789,10889.532059,failure,e2f8268ce9e4c7ade7e322a5359e7aa5d7a100fd9002c266df309c0593e5aa09
110477.355468,11636.531444,failure,abccfbda31ca4166e1e89041f4f988f8f2900bd86b9b94c6a814cdcba6422808
110498.687530,13345.575228,failure,5c80c49a277fa3e24239620578701cc0c810d6263b1c03a618a2aae1fbc4742a
110518.395064,12011.871140,failure,b88c7660ca3f2a066b030cf284704b96ec2e304d55d84e9f69420fab60ba4748
110538.674373,11758.906216,failure,58d0b1c05924fa89cc2712c3c67e24c43b39895fc32733ba393eb044f341dcff
110558.346072,11102.910827,failure,04b931e3e58e02118ccb03aee0a82dc5d011f226f0dd03da15d933d149afcca1
110579.198879,11097.056703,failure,9baade31d920c98df94a9ba3f17d78e77550118796f028c8f21b6318bdce550a
110597.938037,13553.334262,failure,dc8be51f8eb2b94c75024aea9121781cb11b19453ffc026ac7fe03d05ed79063
110618.747555,11678.536858,failure,c17405a1902f748cbad2ead9d9fb73441e2c21aa50db21bda1b3ea339e58de78
110639.442401,737.898559,failure,5265ca5475ce48e65591afb76fe4efc8dedf2b01d59d30c5aad3baddc49934dd
110658.391085,2164.892227,failure,977f3bd49738de826b6de0373a11a28f39fa504dde44bcb6a1060915d02e8efb
110678.694109,11762.581128,failure,cddf2366810bfb23ced55bb7df351da2313efdd5cf5f00430732160233375802
110698.649901,10327.613748,failure,bb0f077d507fbe3566d4ef5ddfa9924d65dcc853b3c8a891ff18cf0f804102c9
110719.116766,2270.194488,failure,7e554cbb1f32ee3b66395bdb9adf9c0b92e5d4130dd30dbe08f2c12fef22d80a
110737.651798,12741.615419,failure,269bd36ba28b01a67872fb6ffe0154ad638dca966f7d83d7160f4f89993a18f1
110758.369095,7658.480608,failure,6bd63c952fadf399a75ffca59b9968d1519ce64977aecf40f6a72ba020cda279
110778.754010,12378.509834,failure,803268afe038cf65326c421cdc3e0384283be049e80f5e8b7813f617845e84ba
110798.670089,4171.871030,failure,a62131006df1f0e16c1278eeaacde541985f8eb4c7fa3b5492871909b63b64ca
110819.077665,13547.451337,failure,076d2e8bee9a2c4f7134f347906a598943357f6bb27523a51fad2b2613729559
110837.680962,12480.574159,failure,08f55f29d0c2545247db647eec2fe5584c243e5dca3069a365b92766b2849fee
110859.121714,11271.144320,failure,ec1f5ecf8b9f340457c225d2df42ff3b264289ae1d1af0ec6f501d99909d8125
110877.706287,13042.890934,failure,c8049e8659799635105e5fa26839eedc5a5455a188f20de060df57879b4d09d2
110899.185340,4544.584967,failure,c99e9031f4cff057fb85cfae443dd0a5b99165c3195c730cab7bd147ac097b99
110917.517347,11882.742264,failure,4f7ae715c80fd80ce5c9cbe05a6a6615e3ac41ef45c2a79954a78c4074fdefbe
110938.857072,10742.401404,failure,e6621793ff624122742d0449640f2a3358ffb29f52681e4f26e2dabfa4cb2f5d
110959.203576,12354.251044,failure,8a1fa069799da6f344ad9c7f5401bfa149b5bf9a2c5a542052fb886cf42ad14a
110977.303044,4698.993900,failure,b93553749b342f240ea80a68e4ec5dc5f9d21133284866760473488602cd5e19
110998.423866,11676.292530,failure,4f6e8129070b04a66787363f0680cd55dc9de130b76e54bda4bb2b1f45bcd7e5
111018.342229,11096.669880,failure,0c12daddf0f50b6b808fd5701f716626e3738320f577548bd3d2d11b48e9759e
111038.514471,12284.762199,failure,b15f6f55d636dce1d910b6f98db3e9d9197f108570f4243803c8f16c2bd9bdd9
111058.929731,9711.346037,failure,2dd4eedaed6e02083a729ecc82110a181356a8a9ca366c5d866407c8b73dde65
111078.758710,8393.546424,failure,010ad5676197bf711365c79679f4cdfb7f8ca43f1b2790a946e1169141a27e17
111098.357984,9893.070243,failure,ff961fbbcd56c3339b6691d817b4ca656687b667932e76c0c62de1f45bbee51f
111118.375863,13020.138205,failure,3bc49e4de2c9fd5484fe7516c1718eba5eb2a958ac6ea558caa516ee07b036bf
111138.362183,13051.890842,failure,687d5bf72c1d977e44cd1fe674c0eb24e25d2e29a3f3e8e9f88f7f1e9822cab1
111158.780391,26.447360,failure,1bc360d3bce1098d890006dba6f1e59b11537785e872c67f88e2c468762f3e26
111178.344432,5.026533,failure,599d278f813365ebca497c80b587c65fe96260571706676bc9f53d24378dc372
111198.687862,7250.591698,failure,f99aeca749c7b8a79d67327b0622d708ab9e9b62cb613217712cd50226d8f465
111219.040108,11860.028601,failure,500e8e8f5ef367187fb60fee53eb9d80d22bc9cac4a2c42ca02f21b0c31a7faa
111237.574500,11649.960822,failure,5635cc3ee9dc9716d536c69708db422560ce6f8b8f91657916aaa18f12a55066
111258.457324,11985.819764,failure,9eea002a3e759353b850323c206264a604e901c28952e1982d35c6cf9a331bee
111278.348850,11056.055197,failure,85be59a3e67fc15bc3e62eda0b5fcac87ffa61e6d6ba6c57cdb6fab6a100a971
111298.707287,12060.559516,failure,9a8d7d67afa17e4d5302d1dd4f81ff1b18638ad8e0ccb31d82250183d9d0274b
111319.189362,6536.112843,failure,8aeebcb3ea921086dbd075b91c09b990a3440cfd0a07c9133f7f03ba56641536
111337.404365,10898.867913,failure,07f754ca19a74053255b22e2f07b79b082dcf2b22719fab5f77dfcacde4a9df6
111358.866148,9004.749790,failure,370a1586b5379d21d27498bdaf58a82f1087635bbb5c394b56e3255f057a49c7
111378.700398,9494.547556,failure,fd787d2268037674acef2ada1e57c619ddb69b7ab0c4918e7a9cc0ff83c4a52a
111398.627359,11558.616719,failure,4f2b8a5d51712d571c8c95f8c88851a4588521f878700d72f35ad165382b5795
111419.039245,10888.223575,failure,7fa7a93db5c79cb0a825a53d499adca728d4c315ffc54cfab16aa3f17d947bea
111438.740690,5406.692335,failure,1b6dbd449134bef9c8424dde6958500e92bc00c2e30d6a9ca922674a2be6c14e
111458.367347,4.918864,failure,911060e1f2b79a7df4f3a17a7b0374313fe79a92fff159952e16b3d49cbd871f
111478.705116,2.406129,failure,2122a8dc188cb48a3ddc0fb82e78a3fd554fe1f0777a3b2ac973dfa5389971b5
111498.572137,2.123096,failure,049cb8946e9ddecce9c4e93f2041da0534a86a8fb470f36cdfb68b24ab475dad
111518.638565,10803.898979,failure,2e6ef542a1d300956de1049f089749a3aba2854d7d8dc058dbce1e1afb6b8cd6
111538.347314,3.931873,failure,95a41bddcd12abe3ae1a4215c5bf2f1d3596ade4a9367e1d1658ffaf4501ce42
111558.739463,10385.464247,failure,bc874443f416526f628354c3ae0c9be4730577f9b63a458a41a187a70a881c5e
111579.244200,6.032759,failure,2540544c21b3f0cf844a472d973f56f864822f023b7cf85b5efab6f4f43096ea
111598.674345,5.596654,failure,0d5cefc8e3036cfc2bf9c518c1633015412ab157b4451422be35ff1f351af8b2
111618.934711,12320.333183,failure,c9d0793a2c898bb1129cf6a7fe4a2205fa240a56ed41308f453aa207aa8ca0cb
111638.658056,10476.573799,failure,b27bdad38f66e82765a579a2bdec25ec5304703011e755c2ae382184f8cc0101
111659.130724,22.168086,failure,fa30d9dcff71e9ff144debdeb3a538069dcd6bafa9323cfc465bfa5405af2718
111677.428229,394.053679,failure,1226737719f62b9563ad7a872fc5786522ef734e114fcd3aeb1a4ce357962701
111698.786742,2726.707441,failure,c6baecf10e862335d173c623149bf2fbc30dc488eb5d2aba8c2f6c43640391b7
111718.649434,4897.917968,failure,bb86a91ff8791cf53ed8f4569be9bf96f2132633598f909e75ab17c7f85c49a2
111739.036614,8956.243002,failure,629aedd4ff31fde8939ae79b6981bc3f708eddf0ebd5566dd647f4de21328171
111758.802308,7.485810,failure,fffa2ea4d0dce3085b2dbeba56e00316189d36e4a46294325bebdb2bfa2f64e1
111778.703882,2.397353,failure,f202220645f31851a4c8b08fc52a09fc2f8cd132ceffdd0dec962d256f2e5835
111798.741387,9402.558496,failure,8a1a84c07b09d4d18f2736c5ef71ef0e03b80d088d5aab0b80eb7b947499e05c
111818.359900,12634.209819,failure,81b84cd6ce351eeefbbb88740688c3da98e71edae35c512f161ff1d117d28d95
111838.489174,11846.749598,failure,5abf7b27737b56084243852e5c4da8fd0a09e148f7b5016883f50418435da8aa
111858.698486,45.606835,failure,51f5c890fe9b111c3fd540ae178eb954f6e007e9c34eefe4025dfe29170a4377
111879.148402,25.398074,failure,b9f5dbab7a75870311dbdc4a0319f9c5d6e7361ccb4802a5c9c4fd937d4b7a7a
111897.445476,10044.916264,failure,cc5c4282046ead2be9bf8224fce0afa52dd464c27a8cc45b3f0c28b0b35f7503
111918.975705,3.304236,failure,4a73c526f658f05971dfd5b82e0684fec99432f944bedeb49b432c49608bf032
111938.635533,12692.661657,failure,f750f034b7df45e3251d62ff7f8bc7284faa60e670657da0fba1bee5f809fc0e
111958.370080,11932.890860,failure,6ad774fdfa42f987f38d54ada2146026a629d1ddab1ee66155b07ab075b7cf14
111978.607363,2.460219,failure,b893cd7b9dfa7234cd2c7841a87f334eb3adc09abcd1b27dca4d86fe80062161
111998.679021,11686.331229,failure,1d31526da8e9646bc2980c410cfb2720aec5d14d8f64ac1251de45e2f6191ea8
112018.718410,11980.535671,failure,79abf2bf1108366917d47b693b71abe5bf628e80abaaa3d4bb56f32a15376938
112038.528596,9263.827235,failure,2e66c3cbfe7b9c0b75f2a09ac71903cca0d9a1343e009d57ceb2f89763ae10f1
112058.398592,7649.895111,failure,4a1dc0754219512d4643e87b506c02d17bcbbb62c3b486d9563f36ae71892964
112078.856101,10108.398942,failure,117155724f1858bbc7c83ff955484012a102f559632806bab4e92b0bbb9602fe
112098.674603,12204.037286,failure,7adb779d9b4eb17632ec84d04e9e6a1e057c887dee2ede4b04ef3f82bf80f39f
112119.201482,8876.107377,failure,e6e8cf8b7570df81b1b41b43d31b04b2a59ab9f2c70578fcb8c524d27658f103
112138.649591,9974.731588,failure,d7435683ccb44a49eed9089619af052acc633e4637f49ce9781e523455e770dd
112159.034970,2251.310763,failure,933cdbbbcd85694354b35256eeb7701a73c4d4a1a957c6966559ddee64e71400
112178.767304,11779.494651,failure,c7dd61baeac23095378c7e30f5de2eeb8ffc40ec7797654b8987e1005c8276ff
112199.233091,9014.166354,failure,d10d2be0b47297a5aa6b5d00f513592e96c1a4ee8fb37ebb66b1d6825c126a07
112218.668447,11800.871228,failure,7e262ff27a3f52436f0cef269b88ac81bd951db336d2e3745826a09dd727368b
112239.188644,10036.072208,failure,1591e5471cd42c2a94da053e947439dd8bdd8ae7384d6ec19c2e77480f466b13
112257.530272,9857.279844,failure,b8eb006b4a83314f3c9dbbba458078b3a692f1741ba24ad39cace0e6dabbba1b
112278.666266,10215.576196,failure,43d9e19a734f2495c44a2743b4a5d09f17b5619a1a9c217e2667bf95ec9384e8
112298.618966,10206.641553,failure,3f6a213259dbd8a89b548ed7a1c43fbe48a9e21f6dc580b7515f755f5a5b8511
112319.108467,11877.142430,failure,0513a19ae7ec30b1e4daace3bddb0ad7e2b3d835fd3c6209463487d832206dad
112338.410627,9775.983682,failure,a1e4acd082216552096b53bbe1955223eaf510c321f76238875143cd3b50be6d
112358.804281,5237.056799,failure,3015907a94043997c0c592ce6022b713619daf063d273e763fc93b51a049c73f
112378.421082,11344.874668,failure,80bd6bf02bd0940d8f6b70cfb91ed417a096a888d8821577426e26158b4c7243
112398.735860,11032.591206,failure,53a2d3b3c62a1d2dd6b01a0e52630836e1d25ced1bf07365b1b687a6778bf750
112418.679013,11459.590858,failure,85ca1815181cd39c09d78c0b5cac671b26a683b08e0e4862fa56e711d8254bc4
112438.366314,10752.894864,failure,6e0494185de253051a64813c80a78d5c479d0d140deb9571304691a3d8ae5811
112458.351645,12190.900830,failure,5dd8d8c916fe646a7e7adbf10567e3cb5e66c27a9dbb137890c9f732cbdbefff
112478.691830,12146.882556,failure,d0f84b2cf6267df83bede7421a3dc768b12cff38480157f4a658c421b64d09ea
112498.647736,11276.615108,failure,75a97f782933726bad73a00917f78afb43ee24c1c5d0e10104dc55b2098b30ed
112518.416057,11453.857221,failure,cb05692d81ba26defc26f0e3d9c5780913459306b978d7bfcbf75fecb40fb4da
112538.682005,11150.600191,failure,eb4efee6ddfb13a9b2e806683c729085a5805241ff0c529eceb8ad6d029c5eef
112559.239381,10794.514035,failure,61bd8d1a1f62ac4d5ad1b0348760ecaa1ca87053a27ed702ddeebe81944959e3
112578.700184,11314.554617,failure,fb69b47bee0414ecd14424f95b9077aa3bc1849e9fb2555d78496fc65a497817
112598.610536,12000.651800,failure,2533370e73532bb98054578c48467bf4a10fce3cc01b91e67f3cf58339cdf5aa
112619.051998,11926.192113,failure,faa818712d5c2b972c79171a2b5a084f4f8e6cad696a1e74837a27f5cfda82b7
112638.359438,11305.884211,failure,8ca2ed70b6f86cff524d0ccee6b9df3d507aaf267ba1a7a0946e7a4bcfe2da52
112658.682161,9958.684030,failure,c59d1cb2fda7bc09b6be883ae01f6d5585b7910bf020f71e619175b3b04a3650
112679.112373,11622.175507,failure,200888519888cd37e75677822ff08bb79047b989434e12a8b8af7b2ee20eacee
112698.396430,11711.779983,failure,27ac8014394d2e37ecc5e5f4a68736287e7074089727f48c56128c9e58684152
112718.713262,1801.379761,failure,264cd54ee0e1a0d57a10875d1eff6783f2cec34f025f396df95180ed301a09e9
112738.670751,11427.584295,failure,9b9d7ab6f39f95115db33cb8fc26a1aa8480651ada9df7b0c6a18a877c1aed44
112758.716323,10568.768796,failure,55aff75d0a19cc06c106ff2d3110cfb37dbbc7db6fe00c3bf395083f398754b5
112778.354082,11892.895609,failure,03d9df450289fae23060e27dfc8460ac5fbdbfa634b5d8d1b0cc83e5a2b66d92
112798.752405,7479.497833,failure,b640cb4fb2b5e4c8a8cf94f6b338dfa9293ee956cf59ef934595dbd93b9180c7
112818.661284,4526.640240,failure,6a38fc88f0ebdfca1995cbe9cf96b702e6e817638f5db6ca5230fa96b62ef957
112838.640584,10526.602370,failure,107618e8ef1e4d6dc34c024410720e34291e0cbded3c64372bcb4b91282bf2fd
112859.110148,1577.197246,failure,a122c5bded48b4edd81ff4d3b519d4171114d2856826c9429e297ea4cc0db031
112877.366399,8646.918202,failure,cf5a76cbe0bd4df2bd04b534bdca4101f4e94150ed1c77c46198199b4caa2ad8
112898.779243,11675.469198,failure,a8bfb9d48594811fe6817662468a580b242e0e4826015fe8cd38e73750bb80ab
112918.338608,9873.931506,failure,2d8274c69c281ec0b8c7b9aab60776eebdc24f41a5931259f448754bcb66bcbb
112938.350006,11452.905720,failure,00b9f858c81ea203924dd3582d53c429cfc0a8383817acdddd859b81fe32798b
112958.338453,10394.945236,failure,e9914c743fac54fd98b69292bd173502266f3261472b99dce7d09e83dadaf2f1
112979.042820,10383.203723,failure,fa9105d9424d3194616b00f4abbced4336c2ff430b011b4721dbbdc6951d78d8
112999.429481,11093.842243,failure,77896941088d41dde30fa7ecdabab5031852d82f1f66459476d77ae9ea7e4a26
113018.390141,7257.872999,failure,0288115d0f00b126f85b287fa97506475c02cd444a877337ca67e193c83f8049
113038.908084,10314.620718,failure,0f61e04e716fb6b144aa808a11b90331c55f18445c1421c581157a3b0a00ce81
113058.435049,11363.148601,failure,87d4afc3e69d381e68a2876e5625488c771b1e20e0424286d335beb2e57b3573
113078.693203,11150.553763,failure,377af6706209edd986864874a351319f5a65cbb26f42e624898b80a93a1c4bb2
113099.184087,11171.068063,failure,4c6f14d42ad002abd398683aa30b62f28052ddcd3286517add7228ddecd97986
113117.372904,9393.049082,failure,75d1942deed7be5b3745aa163bb56eb0d5153eb9833a491fd46ccc26720a2b4c
113138.583617,10285.689098,failure,e44a349b946120ce81a9e8c6f18ae2053683ded42bf5cf90a1aabfe9a8a84431
113159.041902,11175.469086,failure,3f5057cef411a9594bee0c5e88504e5a78feefa01119c765bec65a16c27dd28f
113179.258832,10353.020208,failure,ea60a0231a0a4b616df222645b39dca27c72592f19a2caa9be95a12551e96e87
113198.774778,11170.477481,failure,824c63e2514ae94381f4d184d154d8f590de88fff2c6a62aa3be0535a8f383a5
113218.372846,10558.933740,failure,b9684f0676cdb11c01c01c0243de4d2c549e482a6600fdf645b924e5cbe6608f
113239.280440,10854.232740,failure,8075b69ec5234163a1783a50762e916ce66cdb8c31e1acef4bad05cd46a44148
113258.332120,11235.172542,failure,cb4ae7270d9b8df4fcdedbd479c96cff8deee93c069c3d7b26dffc6706190814
113278.344993,10862.920614,failure,d987602ed786b39bfb5b2dd054da3a467396b3e4b29de58efc1dd1acb436a3b2
113298.353318,11195.951161,failure,bbb99d86ab7044269df2080c9322c464cd94b0d24064ff0c3b0e4175b0a92571
113318.339802,10378.906875,failure,fb0fc3fc65799e64b7cdbf4474b9ae4efeda6d45cc92621f4812c60511ed64c4
113338.759106,10840.497250,failure,3fa228652c5f8cdf073f85af9764299d973c8b300b2431f208da75541c37697d
113358.674158,9399.595729,failure,7f2d63003c267737bd215c0b158b2216d82db5c89f65ae1977263f4e0b545c7f
113378.962610,8810.282206,failure,a25527ffcae3ba97b28e9637fd849580b6e81053cb1b854738f16028d4882815
113398.719160,10704.552803,failure,7ed11b2c36c5182d048661c315dc1553523d55a0ddf0dd1b3a62a139b75df100
113419.147160,8377.674709,failure,8ba79795c1dfb700cc9a882c2eb12e47f9691101a0809606334aa91b4de51264
113437.680222,9713.593204,failure,fc87bb0e77b4943c8135f613b058ab37ca78c6833305b33b5ed5beee043a9726
113459.128785,10926.425637,failure,f43c161de877199bd4ba6c936c63cfc26f3933bf813bcd8560ab603266e8a0f0
113477.977210,10516.299543,failure,a9f00af76386b7b3fa17683e31468701a9704ba31b804c332c8852292c291eb7
113498.765794,10750.486170,failure,608a01442c9516f0c38c50fd2f92ab3f23e57d73d40abbcb240455dc914b8512
113519.244627,8594.411469,failure,6fe6b39cd939fd70b0005fbb84a241b1500be33673addb4c45851c12f82bcb08
113538.329017,10163.907581,failure,d9bfa2cae022ef13fab1ef3320110158107d8f08e4e84592dc6b76ecf5090a59
113558.391922,8937.847677,failure,5af5c1995912945ae7f6baa3351c7e7191b96615acd29c7d743458c207b496b3
113578.389998,10856.136414,failure,3c1198795e71392ce3a77cb5c9ae8fbe186f3513c0f48fdde6600253de2e5935
113598.941746,8785.355573,failure,aeff6752ef649f350f76cbcd458874fc91b056e54dc2b63f406bd702a4baedf4
113618.366224,9962.912913,failure,d91308158a1cd100dfce9f449ab9513d876e10f823b53ba4f9d7393e2dd6cd06
113638.791558,9800.467199,failure,cc161a244658fa2177c3b3a1272f88ad3d10af069d9838b39fc8c64cf509297d
113659.255603,7171.996854,failure,5c2000d8693a6a27ed4a00f6645ba028cef0608e0e7d08297b7c5b594f30a215
113679.077534,5184.207961,failure,bf59c91887ffbacfff4b73ffc3c2dac85772ae2ef67bccebe8a59598d69050b5
113697.508749,10454.047815,failure,d0477c0d5590e0018684127d6b97e50eb31ac3e81c92244ab5800fff1a4ace9b
113719.272042,10666.025906,failure,52bfe5e04fecb29ac8a21da615354edec2e744cdaa88754cd276d53e0b3c2b63
113738.542906,10385.720065,failure,e9e471f6ff20221994da6270c22b1a4f4ba518c7e73bec70f2d36caeab1ee610
113762.388912,10445.885029,failure,955e22153b575948e6df430527f89cc6e6af5de4ee56a0e7dfec70d98735d206
113778.791354,6641.478875,failure,a76ef34ea893eed29bcab50c5e5cfe218fadbe9176819af5c14a61f29e540e48
113799.245191,10388.018326,failure,d26e76346227996dec66c901e9726d3b4a0d9ede307b1d15c4641466b064769c
113818.687912,5495.681570,failure,856b7efa5aff641924fa8f9539c89ed0002d2aa5e029b9babfbe7a74283f1c1c
113838.337425,3003.202757,failure,b3c2ddf6dc3f8db80727a7c74563e8a998623e611ebc1dcd3b0714778928380b
113858.422842,9129.884732,failure,842c4d0722b001ba9b3cc5d52ee3fc6460bfe19fefecdf3105ab82402d4dbd7d
113878.350468,9855.926512,failure,18d2b75aa5032950071f6b4d058db27a6a14bd21694bba7964a4f99d6f427eff
113898.342212,8997.921450,failure,2b6010bf1d32d92d247334d423e654f5e798a6ee419ad8a9707edac00b74e081
113918.778176,9776.477606,failure,eeb0c8bed940f109c3f1de412918189e6d8a684132a353d4f9a98206554d7aea
113938.675045,9139.907326,failure,5d5867b8094b8113f09322966b1d881f12d7a2c339e739ddfab20cc588e79ed9
113958.658694,13452.398734,success,abde4ef2134110f0cf687b85f78081d4947b52353722cdc5379afeb5f7685b3b
113978.555744,10355.720681,failure,862baa0e31ade71be491733140194bcc307c84042a96fa864ef3fdd1efc87e26
113998.319137,10736.930725,failure,ee4d4ed6924cd57027792ce050cc280f6988123854caa3a9b82edcdbcb617291
114018.822315,10415.432405,failure,dc43db42a552a1bbe47c0b2046391dedfa9621001ecb7b00befb32c00a557246
114038.451450,10731.064485,failure,76e0ca0723ddf7e79b873ddde180121826ee15815e6140c8784995589d479a1e
114058.347788,23.014562,failure,aa28e7a6be6aa49e28ec8449bec860a0eeed71b4f802414907aca1fd255fb99c
114078.699757,2.400529,failure,2fea771d4c8fb2fd43a7b8ee0c9fed6ca8b5874671c5153f693ed203a07dfc8b
114098.811943,8455.459830,failure,eae33164a3d9577fdbb63893baddd6abad45d742eb02d315b92973a9bd8f9da2
114118.389204,668.223986,failure,237044ff82b08bfd56305342a3eb1667c26d19d76e72c7ed8f63bf294ef81d8c
114138.745934,9114.517782,failure,1c33de880ad9f8d5e26c00fd4704992cc47bb40b80149216872d2b350b68da67
114158.625563,10631.951069,failure,6ef1d6317c9e01d00eebbb48b0612862f2be337fcfd7085b41285dcf38cbcbe3
114178.704179,10141.569869,failure,6ba080ba878cfdfe30f20e539c1484cdeb7cbe6e75c7bee22fb62edaa341ce3b
114198.682521,10032.666966,failure,a2597e648991c1b7a6ba593af35eb7177d8e64ba64627b0ab022e195884459a8
114218.680017,6779.570932,failure,af705ebf83ce4f14f4fef722f99e37650849e5964c22fefc981cc2c53ca0e668
114238.358395,10129.060349,failure,b24c50126cf3f5d50026036d39de0b31f78f34e0f01d4b8421efd8988e97668a
114258.675622,8819.425531,failure,44cff02a1e2cb2ab97939ee823ad6497d7fca14b06e75ce1c1ab45ee405b162c
114278.412568,10260.848599,failure,39015c1f2dff029b1ce7283b8d1e5322735c98dbb14bba5393dbbc8aeef3b662
114298.791428,8569.473004,failure,a116e1339dc77c89b52d00333903ca13e991b062b641f68e4d4a4f990e3fc8a3
114319.160490,10047.122107,failure,f9e7e11f965e931551e84b18e914ee786d00b9583b44894e12bccadc9acd609d
114337.346835,73.329618,failure,54fc2e0e34f84372a7bf7a864f30868a585be45f57f7907cc1c9560035eed45b
114358.718036,52.188852,failure,e76d3b71658d4cf45baa8191af11856aad8a3ab1776f0147440bafd3839d573a
114379.062183,32.085670,failure,0dbc2c9465ca3da61f4e8f545bd6a06fe265bda43db6ea9612d79c83a2666bcb
114398.364637,10419.890698,failure,fce3cc3ec63f6ee5dac6b295c07ac8cd071cf520002781322b07529a9cdd8e2f
114418.839134,8311.435701,failure,9c2740abb846e49eaeb3495c93b3bcba41b6710b07fde54f741a61380c1ab22e
114438.665204,9400.613354,failure,a9644268631354471362a63db1833f7040ea6e38577fc3c4bfe9a44010030978
114459.115486,9761.181930,failure,bc6eb488046897768bd50a59ff4f9c238aab294aa2784dc756a85696ced225cc
114477.633613,9827.681812,failure,d5519c15ba6cfc475e97573d65219adf84fd1b6d3b80a73325dbcda58d59ec07
114498.414575,329.533290,failure,6fd933c761115bd832adbf8ef6ff45fbdb16c199de4864074adcb7fc7ae14d4b
114518.832047,7744.439405,failure,0bfa5658f9499019779ec6b44346344867a786593066c6f747d201e76af83f89
114538.389171,9643.855091,failure,746ccbd1585cc1b5381ce171525184629eca56b1fa54d9c4ec96d770b6bdc858
114559.038070,9938.218979,failure,3d613c36c6349b2bf68e27584d0e663342f5111d0782df001ca14535ab9bd39a
114578.423357,10264.109223,failure,f3ebfa858d8ae1c0d61b965b8af92e4ef14191b98da9fd476547b8bfa09aa9e8
114598.355332,10036.895717,failure,bb093b9e0f255baa021e7c489a3f641999841535470cd5c2231390115962cea6
114618.703185,447.685078,failure,2463fdf658319f2b9051f2da3b8ce8636f3467e44c6848a992b13ab89096ef58
114638.443147,5534.312821,failure,7f472c533064acf4ab3459ca823584ec94a08e98556d8911a617bdafbff4f5db
114658.513007,9893.732488,failure,87034e0b6aefef669d28185827cac82f91abfc1af1ab41e8ef512713ec27a5d8
114679.026386,7886.228519,failure,25960ebb49fda1b402c37a6aaaae785663b62e4b712c3fba3f4d7564ec6f470b
114698.579833,9273.982709,failure,bdb600a3c9fa8e9bb61aeb0c5816412d43e7c2276ead369d2ad5c9ff87175322
114718.619077,9602.629259,failure,f610473c88e22e566856dc4c9da3936151997751d932c52e766c7d474fd01ee1
114738.344601,12672.790330,success,7f5efe36ecf4f1c8556c8c1a5c2117dbe03eaa455cc8d526d8859c05c6da5509
114758.741615,9971.518235,failure,0be4690b34c6c4d21f51991215ebc34a76c5453ad0f4658dbfd0772c7b4136c6
114778.377545,9656.864267,failure,1e16eeab6bf656d82e7d671d2dc1359b44756399e90b8a5532a940b27f54e470
114798.991860,10059.269715,failure,b964d71d037d1eb530da63eebf691bf8f63593fd2ae4e520ac515f04acb2c9fe
114818.354375,9900.901422,failure,a7534e227f938ecb1005b51a9263d12b911e0106244eac7ada83249db716a16d
114838.385423,88.200596,failure,8f51c315ae85f057305be15d41e2a3f3e47cf7304b2223e9e6ade9614a90f415
114858.363354,110.642282,failure,a87728d4bbbf91010be941b30dafbf649ade81079060b004188b3b1747bee0d4
114878.328861,90.911718,failure,1bcf8ed91818dd12fb113d2d5753b5e174d63a94d2ac12cc449d53c9f99d17a0
114898.718101,71.589687,failure,f988403dc081656860fd06ce6824a223e02a51d3a65d8d5592ca774ae2408125
114919.055525,9621.180411,failure,18f0c79dae5a8b8dd71cedc57fedd5c517abc45787799dac617f6c9612067487
114938.999693,9137.265800,failure,b548663500f5b53fbccfb08b7a8ec75d0f56d471cbbc4da5e51500ca968c0adb
114958.416518,7834.827604,failure,b82c0b58a8603ace62379a9d2045d412dc36798b02b70f06994b4e180a936f2f
114978.917203,9473.915992,failure,1efcd6181c5371f7018dcf636758082841d85e7b916c444f25c5605af628bca0
114998.330382,28.970061,failure,9e73b31b96a71027e9377664f57fc332eb9533068fa31619e3e386d2d731655c
115018.687252,350.912309,failure,faca077ab45aca859add3b1790c2a022c9b40f40f9d3e519435a9996670de49c
115038.894946,9781.353388,failure,d9089d38c47c02d050439ac83dd0fc4cfc74bbc728ece0539b40fb1cb89571a6
115058.677216,9107.903341,failure,33e547a16e467720aaf1c63e6f918b729061a4b06c3f4e04eda171b49ad77319
115078.629058,9100.859286,failure,a50467b4c24f2a9ee556ee9569e01048a3f6dd6bd023f1183e0b9f949fc4e34a
115098.728503,9711.814967,failure,3b78270c1995886594bd871a69d3c11c68f60cb8e69d4fee1977e8110a189a7d
115119.184897,9721.087150,failure,270f4d22499e90d3d0bb170d1738657a3c63921e713796557742988b78226f0e
115137.460098,9706.778421,failure,9d1b38cd0828eaf2b8775c63b0a4046223847c63da5b84ed8e56fe5cb09d254d
115159.041689,7437.237871,failure,1f47b59ffe1b4938baa42da8974e1a973db83fc8451156fdeccb2190de8e00b4
115178.627257,4996.069613,failure,fe602d273a480dd3f96814473b8f0347180e34400f35789567e2be6edec24184
115199.048297,9254.119496,failure,403bc8896b70e065a9ed0688fb0c69af5cc953908422089ff2bcbce29446eb48
115218.349461,9752.908269,failure,e6fa367b87e4bdf0ebfc5a8fe5bc2e057bc83f60191a2e589be690e785fc0eed
115238.718114,8855.018278,failure,0f3bedb059025f8aa6279f6d16b9f6735ea247fc3bb14a6aa39deec5797535d3
115259.072551,40.229760,failure,515886ff49f23402af0c4bfcd51a22d718eece3ef73af1ef249222e2550f8550
115278.329734,21.181884,failure,6a07b2ebcf2b100b9b2cac1ee05f857e929a81ca1d4b1045cc58eec73c484e94
115300.029904,9542.819300,failure,04605c869f47c8505301ae303243c63dcc11a4852500bfa76529ae3e946c9647
115318.734316,9.610754,failure,a75f1e3d74c907b0a6720b7cea4c04f2c29368e9528d2d8fe5a4c756b59988b1
115338.751862,1276.846462,failure,06db89dbff1e04680d912edebd2c45c5feae7df2d3f8ca6e676c78d62dad3c58
115359.129101,4.160437,failure,a43b44872401952922bd3733279550d46f6229e688a308f3448900d503383405
115377.980444,6438.276877,failure,94a11771e9d77eac9bffa7aed7f3d27543b943c3c1ca53381c95ac041e048a55
115398.644553,7680.676772,failure,80fba71d98ddf839268c4a326bc8cf466c4d37a142caa7e864a48d3791a50a8a
115419.054543,11992.958970,success,4a9eb8d3057d46158a1d7a31b6e5f3c8dfca446f389871efbdc7d867b56d5155
115438.878471,7236.075404,failure,af729a2b485acda2bf7c3008afcaa33435f54cb4e8ec5772ef442adbe7df7e8c
115458.441718,6487.788192,failure,88e58effe3d2da732f779df1f60b8d13fe2a7571e8f55e62d72044277729d959
115478.681233,4177.615068,failure,d1aa29e781155108a3f5932eda2769fa8c8bf8d4f98d23832dcce37e284965ee
115498.632706,8995.132297,failure,855a3511d195ca9ff5069cd85d8dac309890a265ce14a86cc638ebcecc1b8886
115519.095323,4580.574067,failure,ae8f974c644e7d9eb1b1755052f0f5a41a9e1933803a5d600afd09bdce4384a0
115537.714839,6585.548670,failure,461c0d791750eaf159f305c313c5fb2de2c73332dfbfce92c4249a6776d318f6
115559.261997,8965.992243,failure,77bfd3761270f7d2d2a5cbeed72ccd36fe23c5ea1bf1872b2a8371d1cd7734b0
115578.757289,6147.507494,failure,8c18e44304d05419d4303a7cc05ec8b9e0a1c8b5207fcd489e2825cde479fef7
115598.752272,2237.522671,failure,a915180efb0bbcebb66056b6e3012afd77d917bf03d0d3699573074e8e65f1f9
115618.744621,8400.514697,failure,dbbb70b200fcaec932264015f67e0606e462048f7b50769919390a5e8a8f3ed2
115638.396482,7508.883403,failure,f5968d18c185be870d33b592cd58cf3aaf431c4e5abc5b1e940d7968678d38e9
115658.347384,8034.938492,failure,e0be2985394663fe132594ea65457e45190ff3e6c72b002817e4ea17f8fd21e8
115678.658642,11733.157126,success,2c3f2a1d28141e1d91c1b46c03f82ad3f6a619413ddbc08695c23e61ef27329e
115698.723665,8794.463762,failure,061c0c263f0ca29a2a9aa45249c3aa55a93732cf1fcfc14cf983905dd238b730
115719.214333,9180.024404,failure,ba264d39b2012fd6102d948f592b173fb49b80f6c661efb8e293614708c6ad05
115737.332224,5510.009308,failure,588ef634bc88cd1c390a9135f12d4ef82322d4ea4c0bc5733763dbb558942ec6
115758.318146,5293.967830,failure,f2c3d7f7b6c724ab74fd7b91c005e96968acff3b4de6129a2a29c4dcaf2f1179
115778.563051,8642.731014,failure,befee772180d94d119916fb3123362c27abbc5bb71576e8bd3ca3e5b14bb1a62
115798.999579,8839.479719,failure,5d0f0fb5f605bac1ac672a2ae1fbfdd9e805c34433a513ed459dc58acba26ca9
115818.737108,4916.570453,failure,b2d458392712257a69b2f7aaec0907d76b32db23738b865b4f8d87cc49a7ae39
115838.373390,6977.878889,failure,438a31b4882a944b66100b0fbd92b39ec4a65ee8acf25acd130898509634db8b
115858.328700,4909.137002,failure,e43fc9f88ec24ca84ac22c97eabc30ad736112a5114a3a61b610617a0fcdaf5d
115878.617416,5630.676888,failure,3e608f23ad41fbaca58613c257de4db7fc82505610e92646c54e5d0e0f409aae
115898.389589,8671.855552,failure,bd9a0b83b5b498fa56ed27bad9dac468ea2485619aea91915874327e964855c0
115918.378011,6025.166322,failure,59113880d4b2d602eab421626a785f16a91f64fecede4151664ee2d9b6638f4c
115938.415473,8765.835757,failure,4f384fc5969bc8777cccea03c6a2d8c03c1162c429fd0aebb82173478e1b4063
115958.653004,3912.186909,failure,4d1821b20af8372d0ec1daf1548d6b606086eca3dfa61d2b68c462b04a88ca82
115978.653989,4573.607894,failure,8b344bde4efd9ecd6aad94543c1156182e0a2c25a99e56f4b22e3242770de113
115998.739600,6851.518957,failure,6ca50f9d3358cd7622af52f7b2874969add5a69e3845031723e8d51fc81b95c8
116018.663002,6153.604327,failure,c267643c0a83a7ea0a1fb464ab644c7ed66a5c33229f715aa00576d8c9587083
116038.869606,5905.598822,failure,ee0326da4bf2ec05d2ce2fade0fb6bbeb21ec3b3df661c049eebd8b9a9d4b76a
116058.731214,8604.560206,failure,8fcc75e86f17c5eaf2b73f8d64fb15a62b4d3a9d5e26003d3c69dcc666be6265
116078.655046,5880.600915,failure,28e370d2bd77439c9644ff5bb68d56cda858a5398183c8cfa9dc1111345b7f00
116099.229980,5634.023272,failure,cd5b2d524f7ba4cb18a048ed7c4d4e128e9449aa4f0aaf3d26be71b74b4fd334
116118.349700,497.476775,failure,a9603c4fd62ba34ca12c0a41640ec52e0e154fc99175bbf282e036659bbeed41
116138.708357,5803.933761,failure,fb9f5c65aaa5ac1c83f4c2a5c266e5a3472eb8cce07f12c68734cffcf2d44820
116159.167058,8758.098485,failure,4fdd1aad87a3c8e761b00af3f2f53b2564076c1470f7e956bfec9b2aa114de6a
116177.500107,6767.588335,failure,0fb1309efe4fb2cd784431923ee8f7ac2749cef8da45ba06e9547106309a386a
116198.884326,7555.823957,failure,55d127b95cd02299032ed105cc2e4194a94b5a5d0fec62c9b462c6e8e82db5b3
116219.226963,8406.088425,failure,f7b5948146ee7e0edc21c07b2c0197411f6361f911d6abb38989303a4e849810
116237.601709,7310.658961,failure,5afd48980631a37357be7fc1a5234a1e03fcda7d588bda63d3aba4660fe11293
116259.011265,8150.506181,failure,c58a5955ac01f4b1750193bb7c5ed12667ea1c1a26777827c82b8d7bbf4d0bf7
116278.303273,7116.999958,failure,f014124d26c01895d8b6e252f3f6998bb25c54b9faf732ee06c2e264c00000fe
116299.248512,6308.160520,failure,103efc0e78a22645443d2c2559f5bf5074f9199687a1cfc86f024fd02d68a9b1
116318.448641,8610.850466,failure,efcb8c463202a976c5907635705d525afaf76e520c20721101a7f0bf8e96ad8e
116338.333784,7872.814273,failure,48beba0e502ac37eacfb1611cc8b0219714581da4c33b4158a6acbd3120fc1b3
116358.266154,8463.973977,failure,417a884b96dcd775a4c52ba53450ae3c81aa83ff244e1043b3173be8cc0fe06b
116378.378707,6564.887601,failure,f189b274c528a932da2d649c762466fc3e2146939d6be264886a9fac1a88379f
116398.755286,7338.525528,failure,5a32eac422fc0306727a2e3984414be5793b9d37d75616f43d3fe79f472ece76
116419.248642,2.407853,failure,05a59ad9f04c26825dab40aa86cdaf14fa154be8a4d4ea15c44f23b93b184d2b
116439.169591,3.122481,failure,93665282f997f471ea1a450de89820f7eb27390f82f81618a373bbde45b7f365
116457.728035,8479.580126,failure,ece339e2e4d06041b69a875a4d227e8c83ce2e5b1fda125efb884eb55539bcaf
116479.159361,7277.094415,failure,c42d9b032ce37969c99616d1c3e1e8c1d682aaef9d6a15332e5daecce67798d0
116497.496017,5993.780481,failure,8b1b3d06ce68355153d01ff6a5660e8da88e32cdef785787f4b0c38394bd1106
116518.874285,6559.934444,failure,8f18cf39298233534687414bd1a84821ca3ed7bd8cf8c02c9eb310e8a2a6ced8
116539.245866,6745.024705,failure,c10dc60a07d228d9b82e4ab04720a901e6228a5bdb99ac92cefb01a80a86dc9e
116557.611104,1205.676633,failure,969a4551b78f1cd73f1cc9df5fec214af631ff620345e5244bd4cad71fd0bdcd
116578.942395,7788.242397,failure,eca3c442d448cb404bee7145d2bdb919dcbd07ca41e0b5da57a28f675b124893
116598.285608,6085.120437,failure,4b6f7810d1e3ef11f2ef4b8234d161c30f1068db236092f03919ec6243a3f513
116619.203156,4.078516,failure,538a17073f5b979ce8e2158c09d2080842cd7b57f3291b95dcceb9614872d6d9
116638.814033,611.917579,failure,ae3e70741e76d3baf3cdd1bb4a885e0d7bb8be0ead90f15adb11d7b0170d3a8f
116658.385898,6.896485,failure,dce2807f2e1745e299ae508cb9a63da9b2407a8fb7ef8f60275b40658466e973
116678.686217,6.577467,failure,ef4171f6b0f5f6818bcbdbe8b399413c51af44746aea755368f107da8fc2fc53
116698.673729,3.587149,failure,708b31ab3d75a78157c0912aa6ec7945fe87566b4cccfe3bb233bddca748e63a
116718.657734,3.600714,failure,113c8538347ff5b33e92d12e04813d80debbc7ab65f3d9b299538238de27e7ca
116738.656767,4.604005,failure,263681da2c341416ede49060e182337d143b2344343f81b8c10cc2e4d0f584ff
116758.657122,2.358703,failure,cdd4962b6b940838b62ebbe8deca0d85af92919f539ce3323dc08477265bda49
116778.642761,6696.106016,failure,322b22758dafe56a5926944d624fe8969117caa526c4c37aa114063750047fe9
116799.177843,6225.084716,failure,c31cdb9ebd506a148734a1821353d8accfc08f009bb36ab97ec86d21f1a2d8e1
116817.703898,3.589594,failure,7b4c78f4fea8dd7f8d3b2a276aa3e932d38fe9f850500842cd34e0d12c42aaac
116838.772745,2.433701,failure,082ee2596454ed4de942353d69ee1d94749683d28dc9013b8ecd12b9234154ab
116858.812042,7025.450821,failure,6b12ca67480eb44a42514e3d705fbb5cc1369a021bd1e120efbb6afc117576de
116878.358200,6571.928433,failure,8e53d58ce5dadf43e9d2b3cf8ffc5c9603c7f4efbfad12a7d0735e8ed1eb9847
116898.612644,6113.959587,failure,f0bf539ac0c75454736de7907ef7db2e13ab6b81a7c0df0868fff14d42feeab4
116918.743200,5.070617,failure,4192f5b51b2310cb9b24370f225405808d484394aa8948dfdf5ae959b50d8dcc
116938.724631,10472.055645,success,ca07dc2a0fc21ee47802e612ae3d1b2fd3532fba790d435219a756744a0f0767
116959.244685,3.021205,failure,87223f42d516efaa3eb89ecfffb374a323fafd70638fc40d5a25ba4590e118f5
116977.557226,5950.697294,failure,840d3b41d5a54110e9bd9e74706f6f255d6d05cbc8d5e6071e40d2df19c4fe30
116998.997388,19.287981,failure,dd29b38f5e7137da6e42610abaa6d6d9e2f8ed249a871c43e79f57ab1d59f7b2
117018.575675,3.370680,failure,c6e53cda6a9217219f670bafd04ed41f40065f0d5009a97ec76f0dd702b23188
117038.533332,4.731170,failure,f18281307e4059bb4aaea4947667a8ec3bd9f9c1b638554664468192d8f4d908
117058.925230,7725.330965,failure,3b13e2eb721b3148505204fee573f804cf958bc3168c6524203d748b5afb596f
117078.370882,7288.588284,failure,e991befadb13d6d064676b65ea964f2344e1146fc971b7a4d26a3dd89e4c1581
117098.679416,2772.400310,failure,061e9bcb33dd8993f1c0b9593e27e7f51fd396811b1a2bbffc9cd73e956d1d8f
117118.634218,10293.113424,success,df192be11977a6d35fb5324dc824b57cb0a5e4956ae66fcd6a695eb0455592f4
117138.342827,9.932820,failure,516e3d6dbce3ee5dd207a53d63398f7b5fd3062ba6a349735b6a29cddc3d783c
117158.638730,6979.628102,failure,5d563c99d23397c4346b068fdf98d70fda9eef3aa589518c585bd50fd3989de3
117178.402090,5679.845874,failure,daa364676934245384309897bac4c4c2c31ffeb1d61b33bd7d31e5c2516a3fe2
117198.341996,10213.194456,success,e99a23a010833b98c42db84002b78723be2d5b1fa700fc6b7e05c67354152082
117218.383890,5200.896509,failure,890d36b8329b4b242cb34f1137cb754926b084eb004f2d94efe5dd292734203c
117238.839878,3.446359,failure,df424fbf3422682ff60ab1d86fd7c67a74840dd1c6b4068d275d949f9cfb43d0
117258.703683,7150.575003,failure,67f5062d08af0e23e6c0644304987d584bc2212a22d2872397cc44ae7cf06815
117279.059586,7592.201115,failure,033fde32da42d5db5a9c4183fc4b703e4b39b2187d6e33ad9aa989b27666a424
117297.629203,2875.334218,failure,3b54c7b173e02fc319c522e5013a4b632a3638b8eb364b6eff1c9ddb335d0d29
117319.113289,7435.446798,failure,e1c9bbf16920cc410f0d9bedec9fa9766c1fcd22d5beabf081e4d0d730353546
117337.613017,6711.651877,failure,81c61638b5ac0314f7f042ecca2c8042cfc50be620e7a06ab988b48cc69a1c6d
117358.715708,7166.773837,failure,3ecdb3c3e820286e5fa26b15b92c010c34e0555acd0eee573419c88fb47285ad
117379.095315,5857.372138,failure,867541ce97f50956bf61fe37d1eb343964e7d7c614312fe732077b9db5eeb1d4
117398.360085,7370.879159,failure,f4ab5880feaee9e429b4707c2a66c47f20262ef3258fe64a5f8178493d782b5f
117418.537479,7345.710512,failure,6e59fcd605a6309a1aaf5a199fe9ed5598edb9057c0ffa0a7c6083dac8a06512
117438.368564,15.922402,failure,94fd5fa48c0580d4366d34a26bcf793324908653dc58bef1e4e22ad236f7a1ea
117458.865057,3.390617,failure,a15364c76fe80cedad6383c69292c334ef44d8fcee616a401015c4c835806550
117478.678549,7.375861,failure,ee5dd600fb8202c32d6d44c817f2478754ef51e7b9808465137e0eac9db49b98
117498.552563,7272.688697,failure,2139863853ec9b14a384253cb41eda81539c8c38604e842b6e22f4073682ea30
117518.674695,6310.588586,failure,d90bbac91d722486806ef64bbf259c2da1049fa1a5961f8597b52b1371271ea8
117538.340195,4.921191,failure,4ae6b1d2b940ed6c83e2192f1e9b8818a3cc29a211934ead75f662e43024ff74
117558.654461,8.934888,failure,c8db36acff4b938810034c1e7bc7345459db757d38b7c69e31aa565d74893ee6
117578.614735,6873.665239,failure,b4b3633ff39c43381e22df910203af18792b3f3174ecfba9ccaf25735af87cdc
117599.333838,7177.196816,failure,eb29de97fc5203998b2f3c377ac62cbc84a4df1456d16e53977b9176882293c7
117618.639664,7242.600850,failure,baa4b22abd6b945a6f58ca13587cbc82894401f0efebf4aa1e54f06c4a8cc2ef
117638.278324,67.259706,failure,785806f5d37eeb529fb05830c1735afac07b6c135d1b3bbd88582b3a8eee060c
117658.642492,47.104744,failure,1a5ae331999a49b0f394d970e99974fa5eb7b775ea7a5a3f3d1d1e0cf11cfb76
117678.984690,26.967324,failure,13576651a5f985f709e8188bf5ce6754424b315d67374c584a05bb93dded3894
117698.288763,7.007922,failure,e11d52baa80bc8e842fd723514d913f771c1374323f8db5fb11e488bdc47528c
117718.633526,6796.096738,failure,9d4621153a04b83e0da76ef6113d432317d6d1bfd6c7bc2f53155311888b30bf
117738.401745,7139.145420,failure,d51e6d0e5055a5b97bec297fda74a29a615d9a97fce5bb2e96858052a659a635
117759.074493,7211.314804,failure,afe1dc19db50e2cf489fa1b206839ac47ac99f988f7334e68b076a3064797a34
117778.693647,9633.252241,success,51943030351f20f564a8fcab4b8ad2635c06e81d2a98f6389d4a7419a6163b21
117798.401364,6362.863841,failure,9fb6997186eca3317ee0fca75cc1f1e1a33723db8fb1ee08ad7f4a1877754341
117818.688741,7058.575772,failure,fecbd3807545b86985937499052f014e36e8536a372f3b9af642385d364bd86c
117838.549671,6506.711201,failure,9894860799ebbe86b79afdf5eec71351803fa65b9b7415c3c47603ae5ee8c81c
117858.700986,6633.630140,failure,81e1a08119d955e0c0f4034b5ecf46c22d6d610f3ffc08f38d0f3b76923e53e7
117879.202078,5368.060922,failure,c403d0ec1f002e33202fe1eb3f24d8df649f946f50cff1651b8b569e2c5e0194
117897.510663,4940.767642,failure,b88f4277c38b4dc60cd0b13ca5ed6b67980795af832133c4a26a1fb4bb9760b6
117918.819024,6895.101480,failure,930f90a4c6e119cab675a80e0a1421c07e265e9bb72e0a61915ab4440f671e6f
117939.120417,6642.425615,failure,cc6904aa1b90ff83171d949c85d51f2634f736bba6645129d88c26807ee017fc
117957.424394,2216.180460,failure,a643dae612259ce2831f4b303ccb1bba7a4b39577c7b296816cf2635d19e5059
117978.755948,3585.496281,failure,64aa1fbb0cb6e6cd562d2e6d101c397ae9ee16f9d929713ab7bebd934a5d63c4
117999.097384,6245.159440,failure,c0199647997cf302a30eaa4d05c97848793ef033a42a1876d698a72be3cfa0d6
118019.116606,4096.521539,failure,67a50eb4e24df236b885ea0499fce5805d9ab8751da96c0fcbae79535b7181d1
118037.667749,6722.604393,failure,87414d7c385100e3122c4dc845db3136eb584fa19ba8ae3ca1a819f7887212c7
118058.361286,6579.878089,failure,56cbcf833cfafec2ffc7d8fc484ab388092b0ad4d7c188f992fe36a4a854d696
118078.690811,6815.571429,failure,6268df24f08c2c4ac84f9579694a1ff363ae60a99adea7dcdbe4416ae1272ad4
118098.609557,6672.955831,failure,6e1896e46fbbb68c87ed5704415709cbddfaefe3149de3729b9d98ae55c947aa
118118.985839,9291.901004,success,142cefb242388af3a732339309dd331b11c85017b28c0c86197ed1c7d07736ac
118138.657913,9272.581901,success,3157c7dd2b8234b5465cb725b80170b72cb31fba5e96d8ec7e5edfafad884d31
118159.060364,5770.205949,failure,85457391243678ca41adf21c190f48f726199def13caed59a306766034f7241d
118178.629908,6649.633672,failure,3322cfdcb242a1532d7d7435325f0d06f062d478b393dc88ceb7478769fca52b
118198.994228,6746.903268,failure,ad9c090f51d2493574138c732dcefb44ed3dc991c763f625008c885f678a6b13
118218.978398,6571.275138,failure,4b2f9c860ea2297e24342f042da58b7437d5811d1ce98f68a8863f793955f765
118238.362179,4.924107,failure,663d4042083f8e4390885efe1427a9594ab511cb697eb9be45147276cf4965f3
118258.699199,4.580964,failure,e0b04509088205933aa456affeff17100fb556bfac7d76cffbc6aaa855c804b9
118278.677698,5406.110052,failure,f831695170f3da3edc24c5bc8339bdc9c69e99a3b5ba6be01c31f29a53f9325e
118298.720525,9112.919659,success,842131e7bad2b2adaf508924dfbcd9dbb5af3d20086c4cafa81cdf837caf9d11
118318.735542,6523.511361,failure,98b3313c621a5dae7fe79b5b16caa3201caaf669f36382652ce874d125c410a1
118339.342420,9070.959393,success,69ffcc2a29e5a1bcc8d5d3536121be32dea6dbe01a03c4432b40bfb2173cbad7
118358.683803,6619.526441,failure,5293ef100fcd524a17662807a8ddcc70e60ba38129061652242c9e8d55b62735
118379.126679,9031.812059,success,44d145c6731a8d78c6961c41e0fa781df47bdff716f8714bd4b5fca44bb7763e
118397.458038,6560.823980,failure,027d69aeff30ce06852fe4004ddfe3a8e6c7bd0106172ac448be09daed371203
118419.233242,4536.288748,failure,9e888e2ec685f214b0293b0dd0c657d1150f775d63c22faa6f1fa2907cd6cece
118437.688560,6373.551686,failure,8bd714de53d83bc97d9c395411324ad68832494c6af48f5792f5f9baf96e97ec
118458.665892,51.645497,failure,29d0e8a9b87705be4ddb53af8dc6dfb9751d0986a8d84cc85f93537b734aff61
118478.547051,32.291661,failure,91ecf85e031ec650dbf7ea3e016481933c8d645fa06945374d65a2ef581d799a
118499.051190,11.563669,failure,0ccd1ccaad4bf2d0e595c1784997caced306e03ead76e99bf845248ae0abf314
118519.219499,4.044073,failure,c22a38178184cd177b2d03f7e11bd266f58509980691aa3c8591643f6a243177
118538.676415,2.463426,failure,4a4dccb86b46d6a130e4437ef531184a3eb877830664fa37f78b82e0d4afd1d7
118558.550481,6121.699674,failure,2f0603b62df496af14bd53eaa271a6562c1513af2e16d08c4399a2930bd4d378
118578.366600,6186.106075,failure,6da694b17fb3cf7ec7af51404f35035b82b4dad461a931253c952e65359ef61e
118598.650242,20.560122,failure,0663f2fdab6982b28444dc2a04ea2701ffcbcb675da287980c470c2cda4b20ff
118619.519564,4.793136,failure,c7f90eb88cd7a5a0306d43be14b99df2295c4a0cb64f2829b52304092208e776
118639.005754,8772.875214,success,fb591fcbf083ebb923f98e71be176e2603927dcfb520aa76aa8ff7ed94a33ad8
118658.641370,155.958049,failure,081a1d2db2fb50a6d406088605103080c0c9913a522cde4a25dd1901c3dd7922
118679.066974,5871.171135,failure,8d331eeee3158d35b4239d0eb9c438a4789a60c9d7be21c9aae96ce3eee711cb
118698.343477,117.141345,failure,256fd19dfa9d70b385ce68a0c04284dfbd0a9089d7adbff9d65a653b8ab47f86
118718.305105,97.585306,failure,d91629b94b393019bd256ca5f519ffa3565fe3917b3e40f076590603d8422706
118739.178305,77.152759,failure,c720c80231d411e00f0648eb73363d161b214e09b1420a62fe2750f0a721d22f
118757.326396,59.642144,failure,0a9beeb9732f7acf0a767ec6f837c7056982c4751f9ae137b886d4db410a222b
118778.728762,38.516449,failure,8647210b55ec5f378b7e938a281ec06156b091b43ff51f518516548b1fdf431b
118798.716578,19.010091,failure,f234497559b0d56af89ea80c0dc67afcd757e734cdc20b03117cfd1421a0e211
118819.105865,6169.711609,failure,1b447111cf99d2537275c8d787ab60bc846594f2f2ccafa14c17301f5ff82279
118837.338251,8573.320450,success,3738ea4712e4d0114e61085d7624aed6dfe51b8c3d10202a995e442efaa0b13c
118858.704441,8551.653114,success,57d369aebdb429a2c3f49e9a5d2345a4425bc27f7a4f4608c8afbca95207d690
118878.623530,5531.111268,failure,b8236c11b1c38868fb2d25f639c47d90e7813cdeff6519ecf049565126912959
118898.813028,5021.487455,failure,5b232749bf5d7e496a7638d16bd0a7a9a596830a65762c7f3499938eb9ece329
118919.155889,4765.151053,failure,52f9702f77f8c36cc5363174e68061bb5a8368a5dd77adf24c53b5c55811f86c
118937.394567,6006.887227,failure,71102464786e86fa6fb4b3d405e6dc1d65cb3689642d6fab9934531d85de4fe7
118958.335382,5065.924917,failure,335883d85ab935debc6ba6b8b65565d075885f3c9c3e3e302e4b4f277e958a6c
118978.671220,8431.868782,success,f1d220d97523f89825f866b91d40495be88c5b3cfcc9c33986a7b10c19f187f1
118999.080473,8412.390348,success,474536b6f2c6e3caf4884373012a47e39592494c9d6a2cb2f00b9d301cf03a71
119018.389928,5791.861523,failure,148447d335c32e20d7774a87e40005ec711ee309ee39df431fae5324e4b35f93
119038.909234,5869.331089,failure,9e0e12d0022acc1a0888831fed847c9181c6eef7447d0e944820a93c3b8631a8
119059.234994,5695.063951,failure,ae0a5c56ccf750cb1fe6447027c9d4943fbf3e950205db1ca4a8d19f9c7fa554
119077.991177,5738.297368,failure,da1167792b5e2006a5c29bc819c2aaba2a7f9753a66a6033880cdfe2718df5d4
119098.668535,4757.660396,failure,e1bd4e724648ba4e89b6f22e0790586f60c773937159515dcea632496feea184
119119.004284,3892.275422,failure,0a01eb6fb599e67049a1087de6027613613976b486c1064cb9e06b4a2a022cc2
119138.774681,3748.505370,failure,94c9c7104af1fd868e79cb7e32b4566b5c7bc54413541a7fd337bf2d4fd44883
119158.704572,5746.547014,failure,607aad0f1eb4a1dbdff32d096f7a70407fef055859ca299c51705e895403a19d
119179.220033,8231.478762,success,6a2241610a26e53d97bcca067ec282f2abedbfecfdbfaf2da866f9e47e11cdf3
119198.077996,3017.189232,failure,6b6467d2a58538f87edecd9a8292ed23fa52da5aaefe90dc96e3e8a282db74a5
119218.773700,8192.530764,success,988a1f5c4c3179d2c52fbcc516f4c7e36f7d6e1502bf66f0a257459351479048
119238.694724,5719.846482,failure,a1f83e7324b69d1b1a43d7b504028810fa05d6262a249dc4dde710fe051d193a
119258.679075,5234.238193,failure,3eaefd1d120093b0ccb1461f77362c5184cc406025f49529237dda5d1bc583c0
119278.442669,2473.588090,failure,6ba640dbe3bb756c3591c4c57b2103ee27a25096a42c85b50c7d3879e7439c2d
119298.705064,5599.547843,failure,68982feaacfd121f35fb56507d43ae0358e1ab75ce83113d354fc334bc6e4b92
119318.781956,4890.667655,failure,433a3a92b46cb33f87603d346a4b7e02ae59874bdaed0472b3cc0dae62c1f9b4
119338.752391,5032.492847,failure,65510dd4ad01a79ddc2feaf55556a425161aaa7b40247bf3e2b191abc095082c
119359.258806,5215.221323,failure,6ce2926ea530195688a4939a6bd80486991f726c268cf8c9f0b7f403a7ea86e6
119378.692521,8031.804422,success,9a1a41ba47bad33e0b02ae79ff0d547d33800de8c30605ccd2dbba2d2df412c3
119398.371278,3679.458975,failure,a2658f22d15e4d4a084807afbe9a069f2d9797f75ac310b24ae8e0eaf56fdcb0
119418.354798,5495.919964,failure,42455a431d30d08fcaf11e3113f862b9d0c4f7601cdd4156b5b2bba34052d427
119438.675370,5520.738727,failure,050c49b6c1da055238f1fd3f85fc4d9b2f521a6e89eeebe80e499b5454170620
119459.115332,7952.565667,success,b660674643463d4d15a6262c69c9febb508cef2a6a53eed35330c8907e94e92c
119478.136035,7933.279454,success,f9e4850e6c536231ff0850d07a28cd91cd8de7ce4fd0e8bd97f84322fdab661c
119497.491095,4995.157888,failure,041f1efcc538f9d846c26ca660c9610c90adcb03de9cdc0f5bc46031bbc4a85d
119518.419689,5464.824978,failure,78658729e7a7d9cb029ab13f9dd7a7b198f517bd914b83e72452fb40324af622
119538.588511,7873.594334,success,f458f97907c09de570591f6f2ec5c4f2090b634c53091250550c2d91ee40061b
119558.933928,7852.238903,success,f40d83be0375dfbd4a672d1783475a8a5a136cac23410d8052b3c1a40cbb32bb
119578.324984,3344.939195,failure,d47a461f97c479e27fb3f5a42821183de3a38a6a086551c00613b91af8438912
119598.704114,7812.125493,success,ebe797fc5729733ad6d81ccaf4cb1f316f5ec47ed798db06d3a0d7502f3005f7
119619.116836,4874.911162,failure,d338b48760fd4022d65d39292ca23f058752c40131982be44c20f534d46b331e
119637.409335,7774.163685,success,b594162a4f16a49d73905b64cf2e2e3b511a8bf84d7924cc381bc87fbcd363c0
119658.644224,4592.597343,failure,cbce2ec278d321c11fa4ae5c853f07a57a7156528bc152844f0fdeb68356f551
119678.652951,5097.600531,failure,f3f00639b77ebfa3e8656324e19ecbb6d90f6abcd699115e7ff2d69ee7b0aee3
119698.432073,4816.071362,failure,f649775c8a3d5400bef9ea3953f687698725377ac9d3ceb11a6ef87acf943359
119718.658161,4972.610383,failure,2d85e847a0e5e9031e3c5d2fbbb3f32ed78c661eb2d60f9446641213b96d8a33
119739.053360,4670.895202,failure,a120612a3c867cfde539d6ca84f11ee51c01d07ea14fd289b68f6a864152c879
119758.345153,4755.918309,failure,638e405b91b6b73a01b92dfc4323de4df57abea79921e13e63291e7409375890
119778.699698,3845.561819,failure,6b9b6ee3e81cbddb9017ac611968f471a17ed400ae5aab8d108241fb13adfe2d
119799.057779,2876.335156,failure,230494ff5b4121676f7b220e97682bcd0d807239cd6c61cbb67f8d0fc7fa1bd8
119818.331498,58.963889,failure,09d6eb675a3abfaa1a047c90b8ba2fa4cf412ef1bdfcf36393404dcc49a0d957
119838.631312,38.906743,failure,cf722e91d954fbfa51e0783cbfdfc85cdcccb3abf015c80149da9e299b28f7ea
119858.951804,4507.791684,failure,bb42ffecf55cfd892958915d574801343cca1f7d058a5654f254686ce88495f8
119878.975367,4861.267141,failure,fa934e66dfe4bb0164c21d99b7bf65bc41b59b65caf5ec23f677d06b5a56d329
119898.464274,274.713422,failure,18e0cf1d8791f7541c17124b1cec97636142f83e6b038ce612e60f818c505f87
119918.928421,252.418146,failure,927fb95c5db1e5e9a5e839fe5d1514ad84a4f931e67418c451be20ee5fd60b4a
119938.730977,233.384248,failure,1129542d89ac958f437c25ea778e8fb9ca1f64e1a76bd3ac069fa5730145121b
119958.340637,214.206415,failure,dc712c9e57555f5fe8de3009fb87651b6ea7718f9a1b6d9cd5f6c65b7c9f752a
119978.338393,3464.949491,failure,98efaf39693afad9508aaad47d7c00d9c032664a00d49e828928078e4e86dcb7
119998.325469,175.941538,failure,5216904dd99910cf5c82999641803ee967f51f5e0341d734989659ce1c508c44
