start_offset_ms,latency_ms,status,tx_id
0.000000,2529.386756,success,80b9f11c2bce61b0a71f3b9d9b6a5e908b135cb143f3c5a94240274c4353cfc3
41.506119,2488.105363,success,e0d442ca05523dd16d7a4e0447e8b07f7ec83f5234e1272daa01ccc668c8d47d
84.493596,2446.634140,success,16b46ae93f750296eb485d29a95977aee57083ee5337c096c9892222faf8e882
129.057753,2402.295671,success,33b79e9809aad4ed3d6a8e99496ff97288bf673355731e80181332dd4518eebe
171.220967,2360.362824,success,631f5d89d01dbd1705e7d3efd9b21a2d921b9ac95419db865fbc33c05fa9876a
217.008974,2316.176564,success,5dc6785d22c2dbe7d12e0475480d7ee2d0156d7bad444bd51739105bbc3e332c
259.139306,2274.545779,success,d53a3209190642d09552b6d40e856bcec4f8975d76fbd25ec8dab195a9c740a1
302.140349,2234.333603,success,5937b1a4ef507c5ef334040be01de526e586f512e11e9b671fbdca6e6634b359
345.432795,2190.630087,success,145e55caecf5aab16a44cad8dc1521c6caa537b2743cce3ca65b16b3fb03ce9e
389.529014,2147.737059,success,18bbc15a5686e7df5d111bcc2b6805dd22c5eb211fa103f275b7ed7e34663564
432.189682,2104.963758,success,b5c6fd66ebf6e5bc89317c9893754fd39ece08700e0c00ebf492cb872fb43db5
478.582856,2058.879750,success,92ef5c65c95125b2c9999aa00fc118912aef3cc80222988e2117de2e67492da6
520.556691,2017.500462,success,928e7d394cfe8e47620b3d45450f018f0111afc2b4ed70f44fdeaaa59d2d6fe5
563.723589,1974.910879,success,4fa7c3b466cbad7c51f4a3567c980c9f40501c6ff3a3f896db30a281032fcdb0
606.265872,1931.983055,success,b38923a41ea853b759c14422c22ad8b68899f44f71ece51d2a7caae0ad7c3a18
651.132773,1888.675129,success,ee6c39cf1bc0c39af26e19eba33d9ecb9936409ebf3e44850fcc64f25ff0d256
693.847413,1837.037794,success,41e7c1c340e68925d68accdab9b0f20c40ee102dfbd4127757cd30fd14fd39bf
737.340378,1791.807184,success,9dd12262fa6fa8bd70a576b018da0f93e8dc8802fca6357f3b5736e58ae3db7c
780.291757,1752.556812,success,dcc6166a324df86a243f9ce881308e0606f4f4cdcac1ef7ae7c12bee991aeb97
824.278197,1709.140362,success,1389bef28c2541dd53a14139c3f4fdfdbc35a14a5662823a9102f71741b853df
867.272106,1668.998771,success,9e49436f29cb714bfda0e81c8f7ad1f8b4bbb813aee4810b19e93d052b59b1a2
912.178651,1623.653324,success,715c965b2fca0a7f34be5c738a7f8d33e6b8f8f9c142d2e0b4c2db77da67eb11
954.319383,1582.567131,success,0fcc6457df46de51d83b92fa0ad40273341f23346a0a3d80aecd4ea8742a8ed3
998.416794,1540.436148,success,f3eeff33fadf979ec2ce0daa691a8a4af9fe649dae8dc2ceb2e1411f9e474c02
1041.254116,1495.419685,success,84d6603ef9361b02a2c01730c396fc9951ab082522520b0e615e5f3211bbd3a7
1085.136209,1453.305884,success,a2dbdcde6576658efef91cde4d562022a9dfd9006aa220e4576a848637baaeb5
1130.172870,1409.513472,success,681ab167b55a3b7b8d07474ddf41fd0171dc2950d861ade78e0a08c196b9b0ba
1171.280533,1366.379788,success,fca111bc1fd6e961711a7bddba25bcd3ea2a3572410cfc793b8fb22d8a7e5b56
1215.275610,1324.737642,success,87b30d4b5facc050b6d4d125a4b9158f76d9f6561835933458ddd1863261e53f
1258.736645,1279.206111,success,e68d0624e22da2294b21eb2e99d85efc854ef3848978e5010ebfd0419a8b138d
1302.922403,1225.915593,success,e229f33ddc762fdde6ff36a794e7233efe2ab22736954d80096ba79bac0f8f46
1346.627290,1192.645287,success,6f391d68e853e1c838540a5ea147b58966d2da6c2b684e0f58d3498930bee556
1389.913764,1149.662860,success,f000dda7d220c39d4bf8ef870eb7c6951089e9cfed4c23594191beae78be7dc3
1433.229964,3172.655800,success,900ca48546ee8c9aabb2e2fcac5626df5ccf804bc6e8b3db5765e63944049927
1476.917177,3128.555003,success,3cbc0b17e3cc85f6d30b4db2dd325f4bb4a506f353a842adfbb79cb6e0310a69
1520.307808,3085.364802,success,da28dfb9ec11d161368273822e2e34e35d276b64b4aef8f38433a0fbfa80ed0e
1563.281369,976.182722,success,3cf7f298a65878bfa79ac5a5b507b91bb08ed3cca4b7461582ee4f190071f698
1607.081746,2998.187660,success,96439e9e255aa5b6ca1bce9eab9c2d03a8223dae80539e441627698231b9b5b6
1652.102217,888.115522,success,ea62e6bb78ad18d7059605c4e89a19dc628690ac2d6c2a2117763eec957265d9
1694.230245,2911.861389,success,20f65516cb5db40e59328a1478dba256f5dd8a95ec3703cd615fc65ac815463c
1738.123469,2868.564526,success,16ed10cd3f7f3f83fad7379bf697a5edcf087901dabe4e46878fda3eacc59a33
1782.790810,2823.494542,success,b22c7a9e331a3b4e5f74ffdbc768908fa7bef225a0b7e093f6f93c21281231f8
1824.472300,2782.439469,success,80c1bfcf2f97be97f7dc7b42a10bb8f3f347943a93f9cbeecb2c9e3ccd4f2712
1867.202849,2741.563105,success,305e7d1908c0d5c97a180a5708944a5510c6dc3126de100109c843c7e62719f6
1912.876528,2693.611568,success,e44eba0768d1645e4a90174f20fa54549261ec0a014527df15ba3d1d0d46c94f
1955.971137,2652.217282,success,d0b6b2ebe37926cccf3ad9910ab7a77791c44f7675415f35fd8369b7c01a69e5
1999.101905,2608.315222,success,b7603f4e6cb8e6d1cbfd8ef4b295e328b4c0093e4320d71dc1e08b488c958e16
2042.243574,2566.134775,success,44579f7bef83a9e15a167a006fd40d647251749d20a2a8c5e7d15fbaf92e0bf5
2084.606205,2525.092317,success,406f56f5a9c720b007bda06393932ebc413a120bbda714b65a0ba5750ad38273
2130.921220,2477.079373,success,d432c0968edfa816750ffd5dcca44963080b70d8d3cb5d810cc815a9f1088669
2172.270931,2434.845366,success,5de345e3876e0abde239b3fd96ee1ab75eec0601bbfae0abebd38ba8b66ad7cb
2215.838267,2393.484793,success,fe463ba80651ec06849c72073d5cffc7e2a656217bf8e88c4dcc8e7864559e59
2259.045519,2353.168532,success,56ad448d2a646d6607fd4f9ca91b30c2225f7ee6703c2447c13e5edc4a779f19
2303.991428,2305.146812,success,f113462c383b92e6b937ad2fe62d565c3be5352ca525cd6f39447e8cc8e6c534
2346.338040,2264.616153,success,e577a9639cd1da837f48ab3dfdce13c68f5d94b043bd1b1af8dc35311069733c
2389.870158,2220.233272,success,675caf90c8f449d5ffe892f46d1b9930797a4a1bc06af34eee16adb0b024cf67
2433.637774,2178.985022,success,04895d141852ea7fdbb5a1ccbc189d61447250e5690fa45bf1f6b692332deb65
2477.161126,2133.360978,success,59e5f62c9ee26c4dfd127f4b96694bf161289fc5f765b1a5bf2a9804cd07c6c9
2519.514610,2091.854680,success,90480b12b37fdc48d06a78cd0de47555fe1b6d59376678628ee53c840a0ae29f
2564.095577,2047.706363,success,aeff21368c46d10409f707af95e8e31c8ceeef99e86c8c760879a2315829a7f8
2606.202735,2005.382063,success,f7135613d68a9e7f8aa09fe811eae7559a76517eada001a52be49d6476659151
2650.819359,1957.748189,success,bd8bc22d9361e09fe6b8fbb4b7998d2c57cbfe1373c2370e98741478cc1adb73
2693.204544,1919.880508,success,7711803a9bd0ccdbb7b5fce02d52466ba93aa0ad57d369c403a18c9d92aa4167
2737.609908,1870.000916,success,5138f26e8339d9117c2a4831b1e4635e6326208a8f5f880af61964bcb3063f74
2781.610404,1827.901755,success,ad1dd65a4d898ca49b072ec8d2bfa6c82f15dfc59ee2f5442ad3a9cbf7bd197e
2827.577789,1780.306985,success,3021ea6906b38ff56a331a80774ee8eae0c8ec5bb2a32a6bb3edc6638d092bad
2868.113998,1741.781928,success,2a005ce63f5b95b31119e7ca2d72740ff6e21aed291de8d21ba95f44dae31a77
2912.514462,1696.438397,success,1975ce54846697c060be3bd934f8cf87714a753e856edfb2bd146ebbaa7ea519
2955.079847,1655.658567,success,d97ba8d62de1484134a6252bf1a0ce9654dc7e271b272f5b6bd84a245a3a7d31
2999.431449,1610.883342,success,c8156052102b66c79a065595608c4c3526a1ca4964e92774c1f9d1a01db93f3f
3041.171400,1569.990677,success,adeb1274b59b0fa0b21cbec4ffb5421941889d9526173ebdeeb1b6bef7faf0b1
3085.866362,1526.550003,success,19e20d827b2c9b2125d5a2360349ef371f66e39f92f06d3c7c5bbf73c0cb2a35
3129.105666,1482.901944,success,066e9ded5044c60b1250dfa9f3d9cfb3af0f127928f6b09e1a997e7ee8a4d975
3172.867469,1439.991695,success,b97341ac4e0ea109b1e40c3aea93a00578f5c2dc88f03922b5131d46abb74548
3215.536311,1397.960913,success,ead9675aff5935d852917d7c5cc368eaf19ec201d018022cf8ecf4f5dd5a6d5a
3258.956918,1354.333724,success,952455749b6fb6ab2dd6c3483f569566423fe5426228a31b25a1ecaaca3e23c7
3305.821413,1307.904013,success,84310829f42358aef3203af0646b5e169d43571f44405e2093991b69fcb7ec8e
3345.299496,3293.114653,success,6b0cfd9ecb57990c365ff5375bc8b934434a3b74a210b950c8f8b07abc8fc4c8
3390.204857,3246.972828,success,caec1c5fae6897dfbcdd6a80ff07975a0559e236111c39aa9d325ce106eb85db
3433.028943,3203.536231,success,97cabda5ece85134f1fdb55268bbae94e12e34aeaabe61bd3d363d71709e4b3d
3477.718165,3159.055734,success,d6833b702e2cc711d560d49a9c4d967b72e3186b94ddf17d14048d8bf764a054
3519.366472,1085.652068,success,a0f628244f22f71caf22c1d7515897afd2e28bf515f4e9d66c5162be19fa30e4
3564.880948,3072.104102,success,982f8193b631c7c41efb46fedd3f0101fc107d40e05e9571c9099fe16ea9ce64
3607.427177,3029.937813,success,8f7664f57d7c0874f9a4331131098eb72b2d003db1b9c3e23244db51e1c3ae0c
3650.196149,2989.809547,success,188a9add113933205c94a85de828c4f5f872508adaa4fdf47e8caf81f2638bcd
3694.033295,2944.183159,success,d6edfde2473bd87d4a794e5affde1d6c194d37c7a43398da57abc3f41c68e700
3738.835481,2898.800773,success,a560ff3618921e0daa411d6aa27bcb198b3287ebc418e517199a702a96acc96c
3781.169247,2857.808420,success,9e1871921caffef82fc8e7b0d9a20a5a789c19bdd0562b6b22179ea21f9efe82
3824.273704,2814.518973,success,ebf56ba28b59c8a11b9396fe33e3dbe2b5b3e7452a070646ed06ed2b455440b8
3867.615461,2772.962610,success,c7209d385b14f6ed92a6c379fc37c70d1aa440e7bd201f19b58b8002c628e233
3911.303544,2726.725766,success,ccb0fc7455238aebdb99b4188e52ddef7c0b47f2703726aed0b5055608825b79
3954.399545,2688.052459,success,c3e7d8b12e7ffd89326c6dade879ce82f6a97233e727fce5e0496c861aee4588
3998.331060,2641.458386,success,2d6162b7e56dfc9467cf1281cb7766b146625e659ca24939eaee59b954efb90f
4041.999806,2596.598552,success,9b41282d41a03f05564e418e5593670fd0843acbd5ffb44eddd9d7d57b1f5618
4085.303230,2555.843710,success,ce1bcf92198bfdaede7f0fff9a01b3d8919810c6c54f4553ed64b721283b949d
4128.631802,2513.998340,success,1ca76ac64c11f233c741b12914156e07e3b15b55a2c9541d0cf14f503e4923cd
4171.311213,2465.040516,success,264bb3c57ccce86816082fb66dd7fa51c151bab19bb1f2d88eefc2328600202e
4215.109355,2422.730435,success,ff37b0a623ff30c111bcca30355f002d234d28422f21f09f58299d5b0925cd20
4259.935736,2380.843146,success,e1c659ecbaf2ffa81a8fad075755bffa8bca4867f0778b262c0df3ff39dca846
4303.949808,2336.438824,success,9cd409463f70a124d81168dcf40ad8576a358305b7829546af2a6157cf5c4511
4346.269627,2295.120724,success,a669d1d9386364d4283d18d2d44395e7d38dbd13aa03769748206be6b8d7b069
4389.430661,2252.839208,success,7a68bfb7f65e21946650820c6d259c2fbc48895b1cc6d4f5a3741483926df2f3
4432.534807,2209.361103,success,8f96012da8ad2dda34d888c20165e6d69295a59a1d11341d9424f8af482c8639
4477.278943,2164.410245,success,9ca2927e8a008806dee86610ae85c4fbfec5df5fab237be79d8cd20d948c5332
4519.613871,2121.350513,success,28d636d4b7163c0fa7dd84be229369eb34b984b4afee5f6187a481f2cef85c79
4564.403843,2078.812650,success,22e263b83d0f03961a047b5fe0204d947981402639a5cf521515d652fc81355d
4614.236575,2030.451808,success,bc2d5431c4c6cedf2bdb3c7f7535688a330aa7e4f0f15d0c0cce780e6f06087a
4650.240691,1993.910955,success,b76e048387685e8aa1aec1c6245f833bf260c956018f266aa3d559e30756376a
4693.300834,1950.111130,success,d7a8f8f621f61bde16fde09698a39d33926a19d724864baadbcb9172a72c2a04
4737.310247,1902.889217,success,11f5c17c870d883e084eaf8eb3b7d025a03bce43bf0f17133701d01be046a411
4780.219383,1861.364515,success,1ce2d2f1891957e28774116b47efd2b1685432ffa62f621f5bc841f2518041e4
4824.242341,1819.356637,success,d45a8512cc8eb5fb9efa821ab6e454f0f367d3509aeb9341905831557c4d65aa
4867.984315,1774.103158,success,2acba1fabcc6d671779526dd7bd7391af977699122809458797bd8c815075ce4
4913.658283,1729.364112,success,1aaedf7b08e91071005d03555584c708bf9447f151526e31a4cda1b0726f2bc9
4955.599063,1688.911714,success,31744e2e9c4186997210709b0af0c29b12c4841e98f18bd88ab7723f6dd8f6e2
4998.644257,1645.146184,success,07c4d5ac840969b659d281d4a534614f8e83defd74a88e1aef1218b408ce46b7
5041.193792,1601.645716,success,0f62938bbd14dc3d3e18c37af2988e0ef76ae0658acf4894280d8167a4819bd4
5084.346529,1559.623653,success,864ce8b280dd84c0003451f007891a7c4362536f9e3a22b9ab82e9b67e82ed99
5128.310395,1516.020401,success,e392c83a945c8b37e2e92faf03c73913f88bfc696dfcd9e1b9a5d9f0afea2ccd
5171.984291,3741.288392,success,3c1bf2b207da73dbb55bb2b941159abe7389d78b1383bfc8c4b29043b8694ff9
5216.239809,3698.076773,success,e15488f482ec66292d285b5bc8e854538e428d86ffefcc6457a2c570d5a3b18f
5258.944918,3654.744845,success,adcb545d572487d539745259faceeb7213d748a1f8383c23b483a3eb646e65b9
5303.582802,3607.333594,success,3c783c94c98d4f7961b100f985f8b519819f4d3183ead46f910146419b077380
5345.655893,3566.520301,success,1ba5265ae52cc742a3d4aad6b0982c4d11d7868e50e8d6dfb0b33aa4af5dea01
5389.188761,3522.769720,success,9f32e214f399b5a609d179cd286a977da8213d47d879411a687e847d33b04031
5432.791753,3471.552564,success,0beeb20aba5fe8f943d27981c2593ff3505e4265326ffd4ca2f6a3bc86c4cbf9
5476.655228,3437.859099,success,ac25ee3bb443c1c792bccfb37d7127815d5152ac8bc20d6deace7ba6fade877d
5519.347854,1116.760834,success,b2a2a55142f1d52fe94f8971952f98275a274b5cf3a52cf8d7d1eaedc10e83d6
5563.144272,3347.558349,success,da70e5c7a16aab8f852d51f8bdf0768e090bd257d283c884ccaf3d45e29e3e31
5607.767507,3305.273887,success,9cfa17c898d1f986a1b054de89e6d4e7c71f38f4b761a6101391197ea2c479c0
5651.005547,3257.184350,success,045c49236261887a7fdb34f6faa0ac591b775062085bc7e017551657a5ab69fb
5694.215964,3210.351666,success,592ce082cbe99fe8cb1c1cb149aa132babe9efd0fa59161f19d40b5cb0b5892c
5737.601473,3174.786583,success,5f066a79d08f0e32f86942565265adc26b5b7dba48fc14adbbbe1553b60b4170
5780.175573,3128.567673,success,825359c3d33bce39be3e07bcb5b5980d749a6dfb8b7526d0e061e7cbe1dddc8a
5824.921671,3089.190333,success,07ff342bd441e2b6b7e8ddd3bafc817c24c9f2af5a11a7787157ebbe26c2b108
5868.809993,3035.979939,success,49ced9264ae776e46a0858ff9660b3cbba4562269f2172def9bc38f05fc51347
5911.197951,3002.716609,success,c7d2a01df2547463ec4c1fac4960a3ca4abc3bcb2afa105ac3fa15eec24c54f0
5954.747170,2959.972376,success,b79a7ac8716dbcff55d30677289423908def21cef46a1d7c73a1b3320b062eb1
5999.222374,2906.764617,success,32503c85cdedc958532bc8f470708e1775e271c6c3d56fce9df9d8b37bab0911
6045.581720,2859.620884,success,541bb7176aac612d8c8c93902e26b2e1360c75fb70076723614990e0672dceb0
6084.689329,2820.889919,success,b1c8cac5db138fd59de3dd7b68f28ec37b7166e088fe2f59414c6d6719363b1d
6128.137917,2777.629578,success,309a8d087c9246735123009266e2876663a03633ba59cf38d975b9fe96a04166
6172.853437,2737.019872,success,9126db500fa4bbcb96df5f58c0b3cb8e6b219fd7cf7a66272c4d5b25aa7b3b9b
6215.683162,2689.313802,success,f05386c2f891a52a767d94cab529da38fd007e3ae0a23144e7cc3ef0aa015923
6258.316695,2655.166156,success,def6ce0e15942fc6ac90b450a6bf65dab65815ab065f403bdca836e3fbd1cca9
6302.918990,2603.564543,success,be07fef32e86265efd6ab13352ae9b2a0420216a17a4394db5f218d6e46d93a6
6346.793907,2559.471151,success,1bffc5cfe142276caf4cf16041f2b4c406ec1944208d189fb422cc3bbf6437ba
6389.457356,2520.164626,success,61dbc3d2bb5014ad31af8b99e4837493eec2b142188093d5deb0b1e139fdf4bd
6432.851852,2476.140607,success,5309ca50c68d53f71b9c80ddcbd785f87a10d3200f6b7025e52ab505a2e0d7b0
6478.303027,5101.373886,success,c01934f3b508d2ddd682d026769f8420ed6252408d0fb7647ba50cbdebfe6955
6519.427619,2385.970015,success,ccdd079bf03421c733cf8896ef4ce3fb5e5a091bbeeabab999eecf6452b12ad2
6563.421491,5014.269066,success,60f6b166785d28ea659f57e755340d32ea8d490da908e33885397541f6880780
6607.405855,2302.686980,success,7d00221c29950651579502420a9deb1801e19653adcfed4d86bc145367d3dc9f
6652.393751,2255.563115,success,fb659eba392759761494dc491055a9ff87668ab31193795241840b60c62f05b4
6693.869599,4883.999707,success,82910a7536142750ef50bf20df7a149ff93b4c4c0c456335d25fc59c2b9839c2
6737.764784,2172.731365,success,3eab771e7378e26ce7a280abce5020d53154696a519b152fb58aceef510b5f5d
6780.243112,2128.171461,success,c5e71176176e36fc35a018fdcec7dff701efa9617f76c345bf32a7c4fb3ba2fc
6824.514941,4753.009521,success,0dd90a1f6e624aaca0388495c8859d5ff702173b74f153295a0079f9785f3c7f
6867.622301,2039.114201,success,57797787121ba50345ead57b492c243e8314349b5ecc427a9e3c86c41536aefd
6911.152023,4667.709434,success,8a808c3388c13e14fdb157ad26109e314546c2548dec955236b7e327d6e21968
6955.025877,1954.176480,success,7c76058b2e176ef9a1a9f4fde5e8f7b69b16cb08c6f61c57a6a221ddf032a53b
6999.820366,4578.373896,success,390191a85c0cb3d14a6ca9c0723c178f3ab63454f75211bddaea4c1a1c06d75c
7042.216067,4535.141138,success,52e260c7dce900fcaea58171db13b0e44027cb3d17f14c28691672314f7df7e7
7084.426117,1824.994854,success,89b78ec0cfc4b7280a12c45630194a375bed659652835d4a47853a1074b20bd8
7128.791392,4451.698281,success,1a4f2ba8c5df97b6cf59b81f44c17a4a83b06a0c20c2b5a25d3f4cb250dfe2d7
7174.729269,4404.786588,success,720ac241bf20e26153c0860b3841c315a11d7a25b8e4e11298ef62714dbadeb7
7215.226782,4362.806234,success,813be139f2b56fbb2a3f336441fee81cd68ff116c9f74f00819ccb3bd441acf1
7258.970639,4318.219099,success,66e6f9fc698da5b408fdf1a501e291bda528b699b1d7ace2d2f3e05f4036d17e
7303.146025,4276.864440,success,3e9faebaa0219243ece95c0916830708b07311739ae69480e922e80e5172bca6
7349.371106,4232.751333,success,57af4f3c274d841f69fab078be10713e832946c52014e5a1b19a516c9c23d64f
7389.112486,4193.168664,success,fa948631b5de868036590710d3efc730ed13bd850d6142a4c8ed9fd3ec7f0177
7433.729709,4147.900446,success,1331e57616f81910fe8e51756f246e766ea7af0801b0cc366861e9526bfe2988
7476.588568,4100.432189,success,e62ede9f4d37b19b26dae4c11fc061a4fbd3174fce60202fd88d108840e3a744
7523.409499,1386.882523,success,3cc6d7e58083051d33961739d6e04ddfe3e57c26a7eb2d76278d5354d443b83a
7564.672874,1339.397444,success,621b266855aa0b7bd397a91b66c42549880ca66df3917a72f1c6cbabb660a5cb
7606.282726,3972.903086,success,b7cbe14c04589f94f0db5b588c7a116722dd0b8fe2f6359a0da95ea8bd8c608a
7650.888708,3928.135097,success,4abaa8022047954a0d822a2a9e2126096e23e82e487607bd05fa486ce6b3be39
7694.167734,3884.189798,success,7c238793b78e620ed5c893c2f7af4a3fe1351c821b8d0a149bd5ae2f948511c8
7737.941227,3840.742002,success,c5a42efdc6861f823b11b9857d82e6d7926e291e6376f8bfdac164a35bbf8811
7781.137125,3798.713106,success,9bd90e38664378a5063418d6eb4b4fb2488f60b669945f68e97753fb181fec74
7825.803070,3755.179358,success,89624e019aeef26047b25844450808a3d0d6d71a87aeb65df04e95b550e89f53
7867.169740,3715.612189,success,4bedb36deec27e2504014732f2266b769b0379ee1a5d084f007ed641f48308de
7912.923317,3667.722543,success,aa5f180ac75116b3b2492fbaf1a5bbf097afa557bb1ee3fb2804cef6873ffd7f
7955.217255,3621.626226,success,0c2b6dc43b7961e838a2c4f6c4e39b862602ca74dcf43c792fec6af923076f82
7999.235302,3580.935026,success,af6caecc7709c1cedf69ef0d74450ea580e561fb4dc387f76743261c64bf2f9a
8041.177533,3538.175406,success,a25a26fbeadbdf109b733bd1e30c3ee39584a49d7967f90b792fd7c45b741a02
8084.215392,3496.605099,success,c42d2d18f42ea8f04609db38a061427db8aaa08136df3f0d0f888a7094b782d3
8129.041049,3451.287329,success,6c0dc604e5b7ce9fe41f09420d011ce3425d1c24588c73914f6b9636527293e6
8172.883984,3410.220827,success,0f85ff74f4915f1d390584676224594da1c863835befa237b68f2a66d8942d46
8216.213675,3365.095873,success,bde2caad9971a342e9d0b2de58cb00a3619436f54331e2b027801536f9200972
8258.749632,3322.721272,success,24f8fdd04a26b020948a1f0aed9930096ec8b67e8150ff745c29935e13548664
8302.284433,3276.237160,success,5bbc400772399ca9e1ecdde5ea4d8df826a64635d0e811b5b2711646b794890c
8345.189399,3237.756491,success,edef5783122e0fe36ba9a4916aa556485406ea34b3b8e09df1f20d15fa83b8a9
8389.514728,3193.082811,success,3745117e38c7611fb9556547f72355497c1d1d4895b499656dcee7a59dd6bbfb
8432.192464,3151.736329,success,326bdccc992c32342066d16c91deff9ba8f0e048440a2e18b0dc4eb18fcbc5dc
8476.732019,3107.362829,success,50c6a79cabbda57c304618e885cfe0039ca862d290d2acf4f23e98716c6bf642
8519.155794,3064.109441,success,8b1803d1ff8fc11c148bcb4d2cc64f2ee9b24e945feeaff976db54a40a5b5534
8564.912867,3016.887732,success,fbeee8d96f4e581e43282a1b66e9b770496b9cd2f324e7d81099f647403193c7
8607.271157,2974.690687,success,25dd9c6ccc10e16c888ed4bffa512dd5fa68dcc2f9b4f21ce9bbcc791a24eba4
8650.511309,2930.634328,success,e0258f07f5b3e63fa194d9032a806f55980ec0042e0d4e7629a83b7d52a86b5a
8693.505354,2888.933124,success,61c6c5e01a8bf1a0f6be0c8db1d2a9483e00d4ad16514df403d7152eda517bb6
8737.687031,2847.044734,success,d02304aa94e71d042a392aeba295aabe34e8c3676ea466d05acb72889752c5b6
8780.192019,2803.564457,success,8b47ac6a5feb4b758f8260edac50167fa9913ee651e09c972193c942caf3a090
8826.665770,2758.393656,success,5dc84cb3026b46dbb983e8b486361f6d1e4eff0d3a93c136ae41985653556070
8867.294080,2717.117789,success,d377743342910532ae235ecb68ac0cee6360fd245f502436267ace8f65b62829
8917.104487,2668.427936,success,fcad91e03205a8b34c94b71f0294e3503688809e102db6de8430f7757ce37f11
8955.012159,2630.205457,success,1ef1dfffb4b7491dfa63847b36be9fc2944b1d26792be65d70da77220c6ef39b
8999.497641,2585.399167,success,ba86f4c211eb39f9058f503ab793a2c825f58a1c749627fce52d947391e5482b
9041.513502,2542.066560,success,32cad066d8f6e8da592c20a61e1f5780646eff59d30e7e511487e6efbca39bb1
9084.563062,2501.127401,success,3f776c73bc922c47ba4970ccd2d9a50f5e370130e6936f3e5bf7916bf64b5c5a
9128.169888,2456.085043,success,c994c0520429fdb9849171914292f36dae06260b92dacff98650af99d2c59dd9
9172.749198,4693.680484,success,3a82a3ce4b65e7b1d230e9aca8a0e06f54aa1c8380534a6dae5b335716f004e9
9215.169916,2368.255002,success,a1e32e1f8c685d5ccfad58523428bf76b28f44884219be43d4dacf2b80e5e4d3
9259.240372,2317.391999,success,ed3591fcdb5d9f3e2f59034b72cb3f4396ae0b656deb536b3fb7e8041433f014
9302.281215,4565.185974,success,b29e16172786d2913adb5a4a9308bd15e526c8736a792919bf1c0d22dab02183
9345.322379,4520.935307,success,223e93eb90cdfb97514ca0920f7c7742c913a5cd62bdbc897d45f542d303df3c
9389.339654,4478.624026,success,bd7ea26ebd3bec1b2e280334fa695d8046bcc43b558f9aa78e35e6f9e7db63fc
9432.437455,4434.497615,success,ffe6979d74d43cede2209d1105ffdace80125243fa3aacb5a682de356e3281be
9476.411929,4390.893814,success,a3aba6ee178d9424c10c4021accb84020404b71ae1557789f3d9e1125238446d
9519.262973,4351.062744,success,77847d1dfba3afb4547902c58457ddcd5ddac48707a686cda18c8488506cac68
9563.291088,4304.511216,success,f77f60b8c496c0377cc2cef09a51ea12a94e43fe4fb9c0a2963d390f645c973d
9606.304970,4260.793830,success,1848c6b2051a047701ae7f7b708c0c1badc9522731976b4323baaf602532b7bf
9650.667469,1933.899133,success,de69936f32308642d5ae15e0d5471075dab5590f12899b0f0a62d984c7f2685a
9693.749781,4173.881980,success,52b8b0b1d1fb065a41689710dd8449254f0167adffd3da490ae080d4347db2d0
9737.961615,4128.804034,success,81e85bf3e6ac28fcefee0291bfaa08e53e7684e7f347327d7d15f002e0c8c07d
9781.259395,1804.114397,success,e505c1e86faf47d8f5cee6111c928ee4a9832b855449c504e62daf4a5d251cc1
9824.973494,4045.017108,success,7f5321ff9fa33b28e2e81268a7f2c351ff15e046403ef99c139dc0096d115539
9868.184650,3998.407941,success,2de0d3c78e271ae74d882f98af11e41a61455977b80845ceaabae87343223036
9911.244158,3958.913461,success,c117d5569634b19eb67d67e9e649b0f5da9ec54b8e289bf47668eb98108112c3
9954.202555,3918.410569,success,0ee8868930908e2bee92e5c8ba45a6d2fc7dbea4c904953cead8044224cbfbae
9999.307090,3872.489856,success,a66c6865e16a7cebb8c4842a43238761be70a39dcb5c9371ec6e7f4b3191352d
10042.065598,3831.375034,success,fa5516cc57ad84083cafe3d041d930ead24222412ed390d3cd1fa7653c27f346
10085.909102,3786.053037,success,825f2adada3c781ae8f14bc944c2ed71b504db9af3ada455bb8c622a5283cff0
10129.342519,3742.943364,success,6581310c53bb02d097715ea2d61de344caf3a6af12951cac6c7e73a8bd7abd55
10171.209758,3700.256632,success,05eea00c3079a783559c3245fab7acf6d4892d1e73d244820116499cada7f791
10215.957116,3652.168791,success,f59a8cdb18a126d12e5d2e46a6f4bbe392903bd8e9df6e84efa9c9ac13f2e62c
10259.204861,3612.419929,success,89254625000d13c4fe05b9f0bc10671303bc948023b3e6b5657ee913a9f27932
10302.449641,3568.692083,success,64bd8915bf63bb7284bc588f031e4083a82f64268bed941660a9b063727e20d4
10345.213799,3525.270870,success,3571d4cbc2551eb9788779c655fef5c3bebcc9ffc30c5c2965bcf5859b0e96df
10389.802185,3478.483665,success,3a3cedb51d98fd5457700c479b277f258db5abfa3c8d7da737c9737650696d70
10432.632279,3437.185736,success,e2c7b8ddf6fd53967f46c3aa4da0138c3113d99275f005ab7f4ac2a6792f4bf0
10476.126531,3392.317119,success,495a35e56643405a4a14d0049951b0965d715e1b3e62b3584ce1179c6e16ebdb
10520.913234,3350.062285,success,308369361814492578419039c2d54e2fbdbf3ff80583714bc4077995b1de87c4
10564.730880,3306.571429,success,6007c6aa43eeeb8db080846fe70618d346037e3d8d0312dfa8018a3c667fcbfb
10606.182720,3263.436889,success,b52f627258c04e4edd825b19cd9abe009d0058183090ca9d56f2fc6c4eaa3569
10650.971287,3219.837687,success,ad7e5d4a09aa79fb0494648ad64bd21f7a7fafb2773ecba5dcecb8bcb6a78d69
10694.110566,4964.955964,success,f4ffe8157332bf42e44f490da207ea05fec0dff5b8988f616fae42a3efc763a9
10738.727707,3134.555256,success,a83192e2c5150e03e1f044bf7c47fed36203a8a1ea7319c0e285ec00d7afe8e8
10780.617147,3092.351951,success,a8c11b320d82db887dc43c9d4fce7cbdc69765c3c00bac5d922bcaabf56d6c45
10824.451003,3044.148913,success,0f3cb680e87d64a82a91e0e1a1b1eaa8da9899f7867d8460e2792fc01f594639
10867.291285,3003.350161,success,bb7c007a2a3116e6167f057f438d97461aab12f822b4a4e3c8a59feae0328328
10911.463602,4747.038197,success,a31ce79a096b1cd5d3125a5b4d980511915de3659c543f17e1891537ed26eda9
10954.539672,4704.292293,success,0e39f02cf486a0ef33465917095f4aae07c6c2fef74cda37edda35b3b1175e97
10998.670069,2874.924585,success,1b6099a4b0d7fd5e1f13c2b7483a9e95fd66a822294543a6f3b9edd2a9d10d50
11041.541090,2832.712273,success,805a3a774b9e799702b4f5ffb66ea6279878600b16955fb50411d768a82ac20b
11084.296862,4575.579984,success,78ca28d79c23344422c23b2a2ff848152b15e4fabce3e4bd6e099e49759e5459
11128.092285,2746.470154,success,2a5ffab3f4e1ed05bfdde4c99ae1ff5715e0a5240947172b3f554255f80d63da
11172.732098,2701.675988,success,9e8b04af5d7ccdc85a34d95aee6ae1f7515f81b760523b8df34e3140f33b8384
11215.257213,2656.865220,success,c8bd4d5bb545dcca4806dc845ff8d06da8f01872cabca955a5f22d5f6384c434
11259.784574,4398.556110,success,4faa91d6cec8c0394e6fa2313f32c57572fbfb87d120ee19b10a32a66b00fca8
11302.359122,4359.120823,success,537445e1630deb7a7dd0e1536358e23f495f5c2177a25b26b989cf03511a1308
11346.015902,2527.111396,success,b4ac7807201c394e24235e1e53fdd6d4602601865ddf6b9e45f181ac7fc28c96
11393.925504,2478.862611,success,26edc3862816b11ae8271ed42ab0a2c9788a86c4218f68b0d607214cf8f41b17
11433.324513,4224.847942,success,ead7d726a5ba4aa756bf3aa307e0e7cf778c5dcbcea6a223fcaacc9ac8950670
11477.268678,4182.272461,success,e5f9aea098c0c95bbcc084bbc3e0dd9f80c16f602c1fbfd26a6b01da0133f8c4
11519.214304,4140.487831,success,f676a987f12213a30eac1e87dff02582e957a59780072c7b82fe0b2d8e09da8b
11564.145360,2309.636519,success,811da8584472701971af5e9cc0ffe35842afb4c82aaa1882fb7852c7b66e56ec
11607.363228,2266.735532,success,f1d9717a19674c054fcce73c7854823e8e3803c487b89f198f06c10ec42ff0eb
11650.151141,4009.235245,success,d467245e08ed89d159f9ca52896a897dfa37bcdf33041422efde1aafa0b8210f
11694.176539,3964.486676,success,6cf2c562fd9a049aa51ff610f4c966304afaa921a8a9d139398d24a0a6a2743f
11738.701495,2136.026447,success,db05c0157be6751bfa74973a15bfb8face0e3bd1135d65004dab7bcace84a29f
11780.132706,2093.809868,success,7dfe4a94fe1ac04a9f5d136f37ade122e11fbbd378a83965c3cc8e4ad0639893
11825.115880,3835.093747,success,0fa6fede396a02df3da216fbe0ecb43886628272d7ab75dee884fc4f8e5ec7ef
11868.184624,1997.865969,success,b3eaa4a1f1bcc302eede1ef0dcceee157e7cde1a1525e96e733cf8a9b2f12cc4
11912.835458,3750.216847,success,f2d284e871dc14c2640ff06dc0e4602ab3a7c35fdf65e5ee4940393081bd8a85
11954.643393,3708.714712,success,34170631f00f423ce4fa7365602b23db1346869e991bd4fa18ff35c7f7736276
11998.689661,3661.678917,success,4c8b4644a4a9d79bd6a16b78e22b3db74948287530d52aa125f4ac202d07ebb3
12041.208904,3620.911385,success,a5f9605f09050b8e6d4165929d6266e9e87d35ffdf1227bdc29064d9be0765a4
12085.602110,3575.249914,success,7a582f6aa4e11010d98be663bf8aeb2666e8bb7ea06a56bf760911bbad35e29e
12128.726620,3531.955542,success,d155e29cc60f19ff3cdc735d0c8237cd2889da43911557d2767503502bbc5ce6
12171.195117,3488.033039,success,def87eb8b08e57650725f3fcd60b07dcf9a3e149bc7d8babcb05833050d9144f
12215.124393,3445.887013,success,6931d533ca85ebd484765d5d40bb682f6361571db30d0756444bbf1525edd985
12260.035500,3406.759089,success,72f90b686271db4aa293c72793afa047f745a7115ff70963ebe03e04f3c7c722
12304.074224,3358.665108,success,11b28ac3b478e1c734d368e18977d53690546286a7e2d2af7ad86e45f774cdd5
12346.183670,3319.787298,success,ace90a931f5232c3829533d793d15950138793a8283c5498265d97b32a0901ea
12390.881203,3270.285828,success,ae253bdb3c41578a4251e573ad703656bef49256eb0d06a3ad3f0d4248815b38
12432.218996,3229.103450,success,464bbf83e98d36f6062165966e1f5bb310930f78cb37967d489cacb920b33c5c
12477.642254,3185.866456,success,eac3019cf2ccca824bb8cfd7ea4a71192dd15dd4a0177f63cfccd8be73176be2
12519.694622,3142.729522,success,f06dc5c431fec9cce4378cd3cc01fa660edfb96a0a80c0023ba08e1a7428047b
12563.681337,3098.893734,success,1ba2c146630bf8ea613c97fc852b91136a30274d3247429922c48ac6f7bbf90a
12606.687734,3059.631083,success,7d0e27dc3aea637afbec9719f3112e222f13a93b13eac9d5a48f003d5d0c49e2
12650.313755,5217.211420,success,19a3f71a74935888df7fb8a29ab406bec413f3aa6fc20d1d8e10ab2fe3ff0ce7
12693.962900,2969.242996,success,e8440abd73a564c8d4e186d46d330b404dc2733245d91e4357901d3b445dae61
12738.577245,2923.233467,success,a763170c4a4e12afc5c84cbebb77569abdab92bbe4d643f06e55c68eb779d8f8
12780.102423,5087.434635,success,4e6872d9256278691e66fae6768c0faa746d46779c1be2e9a587aa66d7570620
12828.142110,2831.910369,success,3ac1c6dc7afc6ed8fbd173e8805f1b573baec3b86f04d534869b6e793d9a1dc3
12869.059046,2793.212930,success,eaf9ac21c1daab6cc7d4fddedafd2825a7b678cb57168260b7fb718542d3dd38
12912.712789,2751.076764,success,ea898981ec3eb7492ad8734705171c007fd0aac96af7feadb198a4396f2e21aa
12954.726864,2710.863222,success,95b25a1cf2b92f010fb9c099d9331ec979d22e7e9ce2b2bbd17f272390077953
12998.341673,2659.629921,success,2d8c38718be3de138ff47150e6e7f90fde7a3d113149bd672694af8c629265bf
13042.097580,4825.433567,success,8ad30e7bcca82ef87ce1efd13959169913eee1958d5cc58b4049f197ca1b4f76
13085.135586,2576.830039,success,be878fa32bedd90238b5731becda89089dc08287ca3bdea0927189ddd7edcf69
13129.148169,4738.397756,success,1c0f65e42266f257f7b75a126acc39d5851e723c5f60cf796d3021c1377e9740
13172.821800,2493.337275,success,7104cc25335c654ac875609ce9ea955effe40a32efb90711ba7d401f8d5614d0
13215.732946,2444.791818,success,18d4f325dd49977bae3dd371a06576139e997a957edcf4c4a9408bf063c2b091
13258.142250,4609.391993,success,635e646182ff31e68b45669f21d0b014a4c26fc41482097ba6845440de3e2bd6
13303.146323,2363.328190,success,d91af4b38039f5bf80279d811fda4340be7759aea682597cd10ad90d72e36c04
13346.617400,2315.018120,success,0fa4995123c754cc6e737d881317df7d347ae84d4ee62b464601fac3e786b1c1
13389.373752,2273.524271,success,373eefa011c61e0e375e1ec293af7a4deca62f64215823ef45546d714219ca3e
13436.347178,4431.203115,success,0b5e2fbc1c5040e035678d528542a39641219c844c6fc1648144b4a0f557505c
13476.925922,2189.703113,success,3a5bbf012c2df7c655134cff28f55886df49e59f0975a66e99d860909689ba8c
13520.246844,4347.335610,success,3f458b189769ffdb05bc6a86a293274396959d98127c880cdd593ed733e0e2f2
13563.744001,4303.843292,success,4493cca9e15b67a7f6bb5484143cccd607e84f4c796bc998ec6f1a62164a18fb
13606.477980,4261.106788,success,fd87eb704da2b0de2fe022fab9f2dddb16328dab007187e5bb1473c68eed92a2
13650.160358,4217.393141,success,ec644eda34c3ee638e386c8df94813a25e9ef7c6113dcf88e7ef1d50e26d2792
13695.130727,4172.471655,success,9a723b7b15e0b2b15fc48fcbf1bae8097ad954dff09878f0b9f7050252cb3cf3
13738.204170,1927.582138,success,1393b09040832b2096bfff7431e1bede29084cc32af44906fa75cfdf9fd24a67
13780.171305,4087.456365,success,acc9547bc69b54cc37ca97c7325c905fb104c49da22f033561f01166882e1ad1
13825.316185,4042.283772,success,d2f657dbc581ee5fb4db76f933d58bf5f87f330ccca02e94d4bc86c100fe104c
13875.091892,6507.807853,success,766c8814b0af0fa1135cb4e5f92c910f40734f46fd4376e6fe4c477c7dc08230
13912.865929,3954.754246,success,cdbaeee7acc299e36ca21eb2e55017f9f9ffe0e94d3dc2db2b5b91dce9ad73d1
13955.271926,3912.297794,success,8c768888f30bd75e0d02160dcb8495ed21a09c17fb66d73802b5bf53ce5f8053
13999.408645,3868.216680,success,39b20c2bec81b4a1a7040958ed59da4f2b4de9348a24aba896fa4c8d1727dd8c
14042.556058,3825.054098,success,ec9507a63ff061982f11aa8aa0f2ea572b3ad264dc5a9ce117578e12928ef6ec
14084.121882,3783.434483,success,2e8f2938e7a6c45e08fd05f9832e8048c8157389828643a86896d5464d39414f
14129.209823,3738.397438,success,d5d6d12106990401496bf6caddcb3172ca91d65b22b1571a2407526c7ff90227
14173.098341,6269.368077,success,5fb4bc4204cab669eec32758c6b24685f45863e12b22128b45b044312d85e0f3
14216.266233,6163.240500,success,6b896739896de8fc7682cb561b808719acf7b4e146ebc79454a806abab3ea7c1
14259.012615,3608.582192,success,c7d3c29ff914ce49efd9896f78f6a64cffce93d227dd41d2c8d92ab43c7ed10f
14303.697493,3563.878609,success,02fe5abc67e13b7627e7b92b86f58303c0274976ac614b6ed91c68c3c35d5c7a
14345.110337,6038.240293,success,7f578214fd2779aa348ccf89f4a829156beacfbfd7a2cdeacb74df97f530723b
14390.626531,3476.901540,success,b4632b1789d4c924b0358ee2aa3933400ffa29900bb3695750e86dfe4973ecb8
14432.558239,3435.054082,success,ca9554b96a98cdc66b4cf9b1965c6666c76d709b5c675dfa5601586cbacedde8
14476.179981,3391.378818,success,240da0d618bcade660eab0da23a9eaf3705ba2a83b845bf316a6323fc9e8e3a3
14520.056245,3347.534014,success,ca7f2f0fe9ca802ba5dc70ee99882e0dfbbd4ddca144295e35ed9d45b11ceb6f
14564.724221,3302.816193,success,8820b9331fb030418435d9ce179ba053139c9ca1bba1a45307cebcd34db7f9f3
14606.176891,3261.366709,success,0a1c75314b5f927dc7fefa9ad3f6de57811c8d83bc386ebcb422c073fb193e8b
14651.167117,3216.354692,success,731ab42481312f24b82147ca6a31d3da5b31a64410fd72658dda362a6bf2b140
14694.831339,3172.730225,success,c3f1ee2d21d01f62c8a1268c1bc083ee9da66cb5050cc55fa8a2fdc503051fe5
14737.375539,3130.229498,success,d85f38cf56fea4a29f55b05df2ad83778fd12edbd4504197c7bc17ec5d174230
14783.037608,5599.702965,success,46c3019711ede4fc8d86fec93eaa3505a073c54aa8b6e6d8ae72b72a4681fc09
14828.619736,3038.997895,success,d5df5653b9a21df3667995549376a2d4ff434369486f00e5961f53b6e941233f
14867.150506,5575.011145,success,964da91d8850462ac0d2e6eb3e862d441d9d22f5253ea5a88aef076937824736
14912.192911,2955.380205,success,9ddcd08b7e1d6ae20f99d644bd766c03d93561dfc14e92b8e55216fce2816944
14955.667613,5486.947117,success,66ecc0f72afc99c39a15f708aef28c8f8829bb0d609358896680c20ed4085a93
14998.935574,2868.661798,success,16f9469456dc04f664ed8f9779e2434699072456792d1e1c7860812babdf4e18
15042.229394,2825.363329,success,0952c374200fd7c646527910fbcb63cecb9ce3ff7de3386027defac7ca639dde
15085.072510,2782.507209,success,87a1289b595c13a78f9914d6da2e93be1a1d409c77e5d7dec9c05356e2b33afc
15129.718252,5253.489296,success,a211248079c0d46947453dfed588e7f7d475c8a9295cc680e700bf56f73eaf99
15171.171102,2696.393378,success,08d16f84ed6fe40c9b08260a8f31d88967cf007fc56489582a6fa26f67f53727
15216.809737,5162.845628,success,6ac8f418f0f13c5ee449b6d561275e217399306403c71ab0301445ae365db5ea
15258.201972,2609.412954,success,aab60c66e82a68d6666fb21eca60a42ac5c33546d948cfc230dd28d9a7fd6e18
15302.491970,5076.628020,success,1afa66c55529569301f6ea53de549d61b0ad4cf9fba4894ed257571d611b5cc6
15346.084757,5035.650641,success,91319345df750427d872aec07bead782352f186f4294c7d55970100c45db7579
15390.684943,4987.824520,success,0f4e2b82f4cd12358a3c77a7f2c26cbba5e72bfebb56039f8f0a598a5fe3c4ce
15432.420138,4951.236612,success,49e46665277527f1b40a098a37be970891eb4abe3547249f657b6fa2738ceed6
15476.982863,4902.980616,success,5bede898f8512297bc9b4ad9596b79d6d7c3439a6c77d37c64293501c85dc23b
15520.227470,2347.288027,success,36fee99e47890d55addba3c8d12ecb056e95e4c240465dd97a756385358d1346
15564.086491,2303.480774,success,0c6cf51741e9c5d5eca3af8268a5106550395c48d949079cd2919d955c3a4838
15612.198835,4829.788796,success,aece55702cef505d7e5cbb0c98c014381ff89596d6c17457f94cfcd27f97d2b7
15650.766826,4728.205955,success,1a39357db9ad0c670d1ad2c3245a700ab68cf0b1d79a2f71baf16ff7e516c0bc
15693.366831,4690.128423,success,6d2d4950d2e61247a4ddd8aba1f7d9e9e688a6bb13d40288c78ae1b6da84111b
15737.117457,4644.764939,success,556749c62a2bbc8b81ba345aef4f06f84b04083d751c348274c76df0023fc2e1
15781.794428,4660.521205,success,2814063f3cc5f39e1dfe1845c23d685f9460d6e93eed69b0b040171c8821adc8
15824.368623,4553.987289,success,193b77d057f1bf0575ffcf13d21aeb20e698ef514f977b751202e1f11f8632cc
15867.818067,4515.242122,success,12733bbe9078e88471b448d8a3408340125257221c88cb7b9a161211bec5d3ba
15919.144473,4461.400388,success,6879272efc8372999cbe014abab5df63808d16f0b950235dda73719e2efcd23b
15955.170896,1912.451664,success,c4a2c39e679bb9512d577bd9bd90d769e26603d9a921b6b6ca3587bf6ec5bc38
15999.389649,4381.751853,success,4ef8986ccce187472d816a60c0296002b0d34c93fb1f48154012e9c1426636d7
16041.178205,4341.285363,success,ea3fe58af7ec6c3dd1fbe554ed6a2441f755bfc850a1d7ceab47d3fcc35172c6
16085.884562,4294.516867,success,77ff7606c3a90a8f7627220c1e324c3ae4f6b05d718b79db932202c9502addb0
16128.140554,4249.857710,success,c211d9de5a3745303e66910d0946f3ed91d7a00c89c3c651cfae1641307d63fd
16172.722324,4207.534010,success,5e21ddc556f9cf8a7085592c64abd16eb98685c0922c9350880cda6193730a66
16215.258157,4165.590900,success,09a95ed72e3610822247334b7d08e857e6664089dde445693e60e5011fc34271
16258.189389,4120.008343,success,68d467f2b651374f13d41d31dcc648f81d4050be63107d1abaf731c519ab2ae2
16306.867845,4075.159145,success,862deea1fcbb8c4015d632b49eb87637689a6d663a60ec847870df8d0560e67e
16346.453696,4035.717838,success,f30b24a8399b4b79ecadbbe002b72b77ec8f8bef0849e3272fa1726cc700a88c
16389.147097,3993.169693,success,a1fc0f48ce4f4c84b648475a81df1980568dd965ca034ef732aaa37cbf444d10
16433.243668,3945.579018,success,773f6c3956e27b6a84623b344d8dd2969b0eeffc906257f4ceae82be1e734f5c
16476.992279,5568.903946,success,0ec108f9aa9fc4a3519b8483eacc412e1626be84ef8fbd989040e8bef1766c6c
16520.656370,3860.778308,success,b83d9698c4f8bb5ff173913b445d79495b36d2e8e604e458efd06a45ccf8f34b
16563.249772,5480.350100,success,54efb0ca1a35fab020a9ebb1bafacede3750175b5101d2bea4e547684a160457
16606.925655,3771.731948,success,216b15bc45c8d00d1a38a4599b2d96a1462e54796c2ce29f8e7a591e32277c1a
16651.629587,3728.480921,success,de4791d2ac5d7c74716169f6eab4a2c64b03f90e18a4a2cd98ef4b14f4039ddc
16693.217373,5351.315618,success,b02c0347e0f5f6398114920c5b20a865745df27219ccfe42aaecc92a2713f50a
16743.972446,5290.217068,success,8c44258b9e50e0d4172df46ac0838ad4ec0915b9d405f888803bcd99b35b295a
16781.429250,5263.715511,success,1be4d8ca7556c534be5d8dee9f72e7f1aaa2d3eff4cbb9fbbeca85e6418d1941
16824.256514,3555.099443,success,9fe11f334b68a46b554624435b6ccadc86368ebce2996b816da10f611d3553dd
16868.184124,5165.217727,success,5968292590c288bb269448bc247df54f7bd748f709b4240e1b7df8d25a0a7510
16912.233545,3469.052992,success,d9dc0060f17cb11b6e6592e5c7d04be4d88c96c5e0029aec88c308a9aec0c9ee
16954.961091,5092.102407,success,41e1addfdc037d6000cb80486be27c16ddc27760e0709877fad538734a4a7fdf
17000.063257,5033.974319,success,053c92e9fdb3e5e2275bfbcca0964f99edf6e3e58a528fdc0be6edcbceb59f11
17042.685633,3337.128753,success,1b7ad41bac6e8543acb66677e419390d6d9720793a1f991ee73d96fd6005f1fe
17084.683635,3296.005239,success,530617acbaece6fdce879ca16c9efa472bf473a15c403a0b172a68c432240a5f
17128.201369,4915.573545,success,468fdeb034290d080af6a2c73b6d3e402ada4ac1b640ebdb53010040e6f5181b
17171.701478,3209.293446,success,402ea42a77cf24e07e34235dbe99235b60bb431f575993a0f8e32c37de22b7a8
17215.188092,4828.238542,success,6fb6a4f87f07b12911c0e5566cadf91fc2cbdbe3a92450041b4d5312482d24b7
17258.941051,4785.443338,success,4b7cb6932ad2b2387bd9b538c46f3a92fd2997c9c29abbd72b06b0a9205d9198
17303.607312,4730.119235,success,7808b62bd35bcdb65d376a2a6962018eb65c450d634073b629bd158532280f46
17345.187913,4688.375565,success,bcc5d47a071c5d8573feabc9b26df28f6b3e2d9a7cd6ce101f26bc73fb524446
17389.895882,4654.338553,success,e22392c578f06a8c347bfda9cae31842e0179f3f0f2cfb00fc113fd396d5fbad
17433.169062,4613.599477,success,244adbe8f8a2efc07e154fe09d37272200e2f04d1bd0e5f4ee34b1e24d336d27
17476.531801,4570.384748,success,c62aab0ac2ac7058c0421770cf4a89c1756c274e6d07ce2986cd187ce0167812
17521.104875,4513.240846,success,cdf8ca9409d61a1e85ebd708f70a50d21131e62bc41cd89f459ee9af79743673
17564.897419,4479.950609,success,d55d6c25abe892e8d6da787d59e5ce890589939046cfbec57b6b233c8413c29a
17607.248190,4427.247525,success,d783023ffc9335bab5045be80ce4a5d98dfbd602c799d36149a8f82d741417ed
17650.280413,4393.803397,success,1a15f778d6b7ee6aa75bd86c7ac0af077d7ade000f246a1298f2e80cb704a2b0
17693.929786,4350.756145,success,eeb505d02478c73464b87256297d74154e35c4b3cab7ec71b736b37d4b02618c
17738.634920,2642.948179,success,ea5b5c2ce3f8381bd45e17ac292276e54c074d4dc3d60934e85455448b677e0a
17780.273771,4265.910330,success,837b1a5e668b2c2d06f31c8d20c136b3ab5556fb4437e98c740ed20a444efeef
17824.539682,4219.394584,success,267c4029e09aebaaf0c55ac7c9b51731c1fcd39d3497cf3ad517a8d4c40ac8f5
17873.363463,4172.382768,success,47e68dc5e6279442ca3ac15d7629b6992e381002db1d85e0c5340113667bac28
17911.983832,4135.223468,success,1aff9858f25043b4d564ed05b2b8a80edc89058facce32e5bfc392c2d1039907
17955.822112,4091.991929,success,0a751d9e74a9801099544e7299906b3d94c5f323503ccda9ad9dc837a6c4b0ce
17998.932883,4047.536639,success,2a858f64484324f017a63a24ce11355e7a9fd0ba8833e696226c5437d7f23067
18042.187868,4003.852079,success,65ef9c7776fefbcc431212257664e8000ee1cf5b33d2665b300b5cf8057f8902
18084.185018,3963.469670,success,2b773ca8cc4f30bdfb09c0c0ac8fec8a09dcb9317d025e4a2ad4fdb14ca8b1ff
18129.052058,3916.390427,success,59efa5e69951a922e33abe2206535874b460f774ffaff0cad7b72435f9b0eba1
18172.426990,3875.083916,success,0970658d6d90a79b8540edaf3a183fc531c14f6ac47eeb9d9d6d8b70025cd6ce
18217.233486,3827.761471,success,1fc57b5fa8d206f6412979eeb36d21595d9785c1bd4fa25e3727717034c69ef3
18258.637732,3789.324700,success,4a5c7cc9a53b97cdf604d5786514a6e4b9585b8815e509790f03085eebb49ca9
18302.185391,5902.203091,success,9b24ed1626600435555d2c60ce52b0d1cfca9f31aaf73a4c0bd18debb9a9b4ae
18346.866970,3701.687845,success,de6433a2506541a58f09fe3c282b70c14346c7032ea94a20c1a0cb03d29dbf3e
18389.142378,3656.445793,success,a784447cfc6850b6974c312508f6c506c7ddda204db36c872fc1aab9a6133cd6
18433.666939,3600.218038,success,3d72858c1652d8134d72543538231b5279713393f02e3c9f70cb31a771c4f215
18476.676158,3571.433052,success,986e3c6ec78a20032f2533722a9666ab8247d17c4313af6011ffa7793d11d1e0
18519.200828,3528.161085,success,869e2025cac9af8021c9c7efac4a69973ed565c0ca441253cc211979daecd9ec
18563.914077,5644.569988,success,0919c57b029fd588e50e86c60c272ac08bda7a3d6cf6d6e4f504d683159fefe3
18607.273369,3425.965373,success,fa275eda8bb6936419f102e13efd9097635ee6a4cb5acae69418cd4096067ac4
18650.278841,3397.972879,success,57a7b56149637d8fdebd3b0bec09f8151d0d80e7b6700473bc99ee1c2cbbbbd8
18693.343605,5511.339475,success,aa1017a4ba7ce1e140913053b0033388403462050013d24b8716c9c2a5c7e46e
18738.046053,5466.492103,success,4e8d4f2bbd78a9dc774fe3eeb8fad1c2f8614e358f07b7829f8e62cdf6e21cf4
18781.953524,5423.473276,success,d6cf95d4141e0d23a97122931c5988863fa2f9ef6b086da5b3906729c41a72e0
18825.683308,5380.809012,success,ffa4d4fe75b3f016fcf4a13fa0e3c04656ff1c93b5db1f8ebd1c11985b68812a
18867.149351,3179.464795,success,d78ca492ab60d568010b88b66632353d33df7bcbbf7c5d854752304161333cde
18912.114847,5293.761946,success,ca2ac8ecb8d5f095cecd9c64f99750a36d42f856732fd1f7937df546b0d1caed
18955.105671,5250.030759,success,b34159f3cc345b64f0ea4fa298625dce5a657d36b91a5da5d4df1b65c5b27a1a
19003.392573,3029.655959,success,21da04b63e14c7efbbd3429e7cb1b22e0be857cf983f9d6c2bd937f5c2de4696
19041.220570,5164.063039,success,69de7118a65559ccff6115040d9792f51beea3a8a7fe3dbc9bab236e67452975
19084.181536,5124.751220,success,6097a82ea01e4dfc5c74ba5457b10905e9cf82b5eb018e2a26057e6b7a698a65
19129.819688,5077.940785,success,8c313aa452200d3375eef8d3e80c54c93c29e55836e028e345de70de7a45fca2
19171.345805,5037.442617,success,aa806fa80c82d0bef7891ed4c8ebd36c349c1f63912eac45fc9804e1dea7b3a1
19223.444593,4983.701265,success,e746a1e17950e1b4c1018f9ce31d22f4f381b5ce1dada66f27011d785141bfe8
19259.131731,4946.899625,success,52336e9f6b110bb6d2bea64882686eb1a6684e54babc209f7a35ce68d89f48f2
19303.140955,4903.514604,success,76ae5da0459df1ef4115e107d7cac75ebb1495d77dc27f4799a10b21d0a4805e
19346.754769,4860.842245,success,722e0460c7782f1d682ed3d52695a861501133ee0e57ed8c6f9d5fd8a9fb7462
19389.272586,4822.568142,success,61806f098403dc046be78080f8087ce9197562489c47046df02ee02f4773acb6
19432.857636,2613.467943,success,d457700a819eed56ebbac348e5763863a239af93df006f1b55eece5d28713440
19476.438347,4735.587963,success,50566456d340e35290c89858be767dc94f954a334dd70b73a7445eeaaa4d7cdf
19519.503521,4688.837092,success,27b722785b6edfc0dca7a1f5665c79b84d9204e92e890d412e0a3eb4205d8a5d
19563.812844,4644.094157,success,0a5a4a06b0e7526ad276482c38cd6a094d67c4e41ada1e27e9994ea0bb0280c1
19621.832907,4584.511122,success,05f5d721d2494716fe51a9f215737ae0cf6e61141eb9d2bf06690a1358e07f92
19650.193798,2398.213918,success,007efa57c5b7be4c400e936078660a0791d3f831e58d65846aca1a28be3c8c84
19693.401472,2351.890678,success,03efdd6baf346172f50fdcd72c179e9d66ad4ec8ee6a2318691cb9cd4055c467
19738.837801,4467.989143,success,2d9ff910c609b436ffed6c2bbe1bae6767dce67d663898fe436723d0b13bf581
19780.198714,4432.139577,success,83a2b02cce88fd88236eebd854a61888b222d3a6bc0e21f17032a41ceecf2304
19824.244927,4381.479557,success,fb53dc24beb6629dd0d4309e77c9ef96ea0cc2c65b2f93eea92a2822fe030593
19867.200694,4342.172917,success,6a2c30a909d7124b9bcafaf86d01792ced54cd6ea528b7cc38dd3f808e835c65
19912.414440,6352.438729,success,5e2f83cd89003a5fdcbcb9535204e3d4f10f02942378b175c8c7f86a362310ce
19954.361534,6311.786840,success,59fb3f8fe03c4e00c3a99517e487325bb1aca8a845b16d6ae71e1feb04b5ae0b
19998.325482,6268.539601,success,1131d22570be41d3437d0b1a2c65dd7a83f5abb156145bd57621409633a712e6
20041.368393,6222.466376,success,be04b03be5ba8472290d984f5ed3daa002e69ba071479e97e8c80c3341b14513
20084.079786,4121.491598,success,b453f098eb49f884f78d00fb2b22c43abbeb87b0367dcff57b367d80101e082d
20129.666329,4074.372901,success,59ad74d19fc40b9beb8d9854feab4b265205e9a189f00d9c3a1ceeb05964498f
20171.437831,4037.785485,success,1a8f11c73f8df37d8155cb925ee0c73463a789ccac68bf077b54093f4dfa6a87
20215.641122,6050.060505,success,ddceb1389869a408f25d3496633053ec832a6b44fa84a64f432e5d41f8f1f9d2
20258.298052,3948.999815,success,79a0ac40660dbf867484cb05ed4f32422678c981395e7b7bfb763e32545276c6
20302.945665,5961.754594,success,3742ab171c555d0e237eaf1a054a5a728002c8360c39a7a7bc59dd30fbecfd3a
20346.540002,3862.590168,success,b4f8d397299cbfda366535dde7e2c3dd5e6a6920748db52cfb0543a9202fde04
20390.120713,5874.005178,success,0d7a18f1b092e38facb5f1816ef8df61e118cf9b95fdb9f77e77bbd4adc2ca9b
20433.864904,3770.366670,success,0af8c1ec36d2d3a3e12e6ebe97c7c667fbc365eec53db6eecf9fc1548ac228ba
20477.068590,3733.268618,success,e8c54ff5c45b529fbbf14cd7fecfa7b7a506695458024768fd06e03c49722050
20520.691110,5742.833892,success,f8d14ff0b6bf4a51769499e26eeba4aaa7fd0eaca312ad44acc35f7d131776b5
20563.175222,5704.945621,success,da91298e17f202e9efcb4cb77150d1176712dfd55d46856c9661abef0296822e
20607.660568,3600.533587,success,6bfe52e1c68278b2a3fa759cc95a263016b3b02811298d3c13468949811c95c8
20650.771368,3561.856442,success,21baa10f22c1a3fd4cb98c6689f909a309a20895cfb6e51c41d9a456cb09a047
20693.514261,3518.969716,success,56bfa5e97e1911a526c9837e6f77447b666d3162d9958fd1c666d63b65dca102
20737.513605,5527.481894,success,d2b75786f3f812369e854a1d58a986aad92cfec6015707179e4c85b93492f38b
20780.252520,3424.588299,success,a4f97471a641aa14a6353816b74ce3567174a020db6aaa3640c7ec4e5bf7665e
20824.664236,3381.515982,success,1c87ddc05d3767d72af82cd2580fb080588920117436acafea12d5184753c429
20867.168696,3337.820835,success,23c1f98d80fb44134f5b1f6f20d27db1eaf5c78346494b71a86dcfafe81a675d
20912.153899,5353.704495,success,5d1695f7c0116272aab2b027e196dd1636cd1eea458cd2dbe76c8c8e92ed482a
20954.177026,5311.381971,success,5cb5cbcef1999522bbcfb523ffb6f66ed6ff2a0742b04473c13b83d4ba79ae59
20999.160155,5265.110540,success,f768bd5702af84c430697904020b2a43fefaa47be8b74bc61c8f1008cd79c6c9
21042.446347,3165.001564,success,9405e50e75973fff7df36b440946842abd717f8d6defb9bb34a4ae7e06621b7c
21084.513098,5183.440027,success,7090950d9503f392e381e48fe0b0ed9e2aca2d25c2bad634dae8b2d44946f4ea
21132.564192,5134.794336,success,118b46033a77a3c6efd2f30867aa6bf82319c9be5c25088c653f59a97ba830f3
21172.619139,3038.006546,success,c2275a7b6223ce3e2fe95093a9ad9dcd86b2d8898c08208f30339a7618609cd5
21215.845829,2992.205115,success,c1515ac977bc018926baaff0693cd4499dd81ca8d0e7c8a704133aba8ecd75cb
21258.389493,5006.889744,success,d1729035d26154ec34cecffe04759f70f43a001ec6bae17c0a1aeea39c3e680b
21303.042386,2903.940013,success,be0ffd536aff569f872496f289110f7356cda6329aa16f410394cc87697e792d
21346.701766,4916.331413,success,8f3fd671e135f115eb2969579fd5d6ae8ed1feef5f378d5157238732e26f3f75
21389.227947,4877.987149,success,521f5a13c737880798b473556d2fb5cb9e483cf7b2ac3dc2cd8eabedc0f9fe09
21432.825820,4830.394885,success,18649d19900cfb8ec6aec7a39117d25efba4636d06d0d7e0a65981b00618798a
21476.222371,4789.196841,success,0e133ff9a335479fa61e6d0937ba7d2a928da0b04b46055447945e21b59cb9c8
21520.058345,4743.315310,success,219bb43282a6e4d1d7d4aa2b2e082c4549247376d31c66d11ae7d1f087e4c494
21564.726778,4698.946284,success,23b2028f7cd8692fb91af4e80266a7cfd63d5a75ad2b100e98db583518d8949b
21606.391596,2603.127771,success,19d057e71f887bbd8af49b39efe51e146feca6f291b735597f21da00325384e4
21650.360753,6447.538342,success,721b96a86c13c7e2511171d23915f9fec3a3991c283f12767bc3bad5de9b1b74
21693.693393,4573.944795,success,cbbf8250c4960c018ffee58cfd1a29879ce47d604a0caebd3d38d9de8581897a
21738.132090,4528.439316,success,1f2f21faa0f515cc2f549808873e067ce267be887154f8209b66837aff931bcd
21780.837350,4483.719437,success,0990730e2febc3f44231cb51df41d370dc357debb204976394a9560168f67037
21824.979665,2383.650557,success,d9a917bff5c8fa9fa03b01be2ff46ee350feabbbb1c6e73551864b8fed5232d3
21868.871574,4397.561530,success,eb1d9113a3dca1e7478ccb6c28dffb19812478c85df334e18328980762fb6d77
21912.686127,6184.833439,success,c8031fea711c11add29979ec788b3c7daabb6b6aa90b99926ee53b78cc7e54e6
21954.223033,4312.496854,success,593b316e2d99fcb0926c61367d0c38bf038ac6473a5e74d935a1e09f9b4b2351
21999.536457,6097.831111,success,c88dc3a3ef12f91dd4893d185f1c4f5751f5273a50acc4798604f74beb2fd9bf
22042.002805,6050.664283,success,f0c9260f4ef2b4d281bffe0604e4079dce955d850343b1e81309f754700de812
22085.208734,4184.157950,success,c67e5ff2be5f69d40ab6268d548606293062b199d8302642c1686f4dfb763070
22128.604484,4135.809973,success,adb3dbeaf9f96e9d8a93db6fec9ce6d4e69000c6b5827e60f3867f599aa53f5b
22171.262314,4092.717520,success,b5af9df137c53bce82750c2734f2c5dcb01f2bfc7bff87e9eeb3b69af3f17d08
22216.932996,5881.104552,success,ca9fe79c012a6a11eb1ea6e716e1591f395508ab1dfd72887ab2f2a3987ae682
22259.216837,5833.164259,success,55aea6c4f44fc3b3196d0970b8069b1dce50348287073ea29133865ce91e49ab
22302.181840,5790.921585,success,749aad8e0e0e50bb97deefa1eace5d236a4fec06f6174364d11f9d14f9f7048f
22346.627870,3919.664347,success,8051ee7ac993d278b70c5826d45cc7946ee8eb43e8114bdd61be538e1548ac0c
22390.370076,1821.815495,success,6c489962e994d373c14c72cc3b1bde5c8b3b17be3bfc77d487eda95af13142bf
22432.112331,3837.409177,success,d377af1d73230167b691de1aa4742f5da0275d6cfd97739744c457ba216940a7
22478.044187,5618.763048,success,0f48ea55eae5c10ec43df98a99db37a4ac7b895ed07b89a70151085eb4361731
22529.314974,5563.928006,success,be2a8a73313fda537171121e012a78806d9a6bc9994310521cb1df88858640a3
22563.886597,3704.565915,success,132c9a91e45071de6bf8076ccde0baa81b58612552e8bb54b2246b9e8f8bc10b
22606.127757,3663.722995,success,152668da89a641a2eb3f192f00560081ea65de6460fd1df712f40a8767895d73
22651.793439,3615.997849,success,cf20e23a5e30a37ed434a7db826da7a4849a66c0d44ce8bf98e709d8b2759550
22693.327550,3575.277791,success,f859bc84b656dd0b7c6975390fdccbb040efb6df5828e21d17103cc0f58393a5
22737.424117,3530.072112,success,10fac42b7617d3919b23c9fcf66196df494e660a35401685310a8a416180ec47
22780.248243,3488.675943,success,328c98d218f73b2ad0cdeb743cb95f00dbde8e8f0aeffd8b4d8950fb49b5e16d
22824.245281,3444.826194,success,891ad66e0e54da6794e380fa2159f4237e0315751403bf66a042c20d0d33cc6b
22867.164637,5225.071354,success,7517d7e599075731072316d0f8d7d08d826f4d859fedf2ceefeed10f99521e33
22912.167061,5179.913475,success,8217c3599aae3394d8c868b0f6178f99aa604cb60d6799a1e4c74c9147bc9f26
22955.627262,5142.553778,success,87c5240bee0319d0d1eb475636976e0f0368c66d6804adf0db69e170fadc0655
22998.168551,5095.212330,success,a33824470be66bf2084dfb2ec0128eaa25846e7a1f86b3a49c891c5ba2982fe0
23042.672871,3222.463865,success,f914d7f320a37a0fc48175c7ac0b9dc4384a13f85076ed3f4ce26f0968de5eb4
23084.163238,5011.646377,success,89bde90d3f2a54c60a95031cd1300671551f85b04b6d8b5b915ea6e9055dd5ab
23129.158388,4964.928070,success,c2ad6cae2db59aac5c46b3303ea2ccae734cbb0b03016076753914c791b70fbc
23172.822355,4923.538514,success,b925592c6292af7ac0f8cfc844bc247f49b3f3c4fc58caa446cd6635721ef5f4
23215.369946,4879.877122,success,16762164a8af319f23155438ed5612a47a2b2c489bbdd213684e6875b6c6c15f
23258.526922,7282.505445,success,bdfb91d50c7c95231c0414ad792b8f58ab57c5414044548f58d8d1766cc033de
23302.127499,4794.507630,success,5f99d21134a3477f1cbd3f5ff85c2b0e7b1506228c17e28021d6a9f7ea99f7ac
23346.785451,2921.508129,success,654b490b452db3178c42b39d7b477eb59534fce887d7b8e24d893b48fb302511
23389.315458,4705.184624,success,7fc8ed3709079bb4741521f6a180e18fa24d68cf754e1374b47ce2abc9ff6f91
23432.932296,4662.034531,success,929b6d572d469615f7848734ab8d71b6a6b354aa403f829ff28a4e7947bd24de
23477.309505,4617.517277,success,9ac76e39005c63dc45db3bdb0c7032d498edefb417ebd8b80e36eabcae2388e0
23519.184762,2749.582797,success,b7c1bcb5d326bfe29f8c29a2265208c5e7811dcbc3b45c5fbcff260148f3d7fa
23564.102666,4531.556884,success,b1fce765552a6cae1c34b5d822b6788102178f279117c4f4bdb891cb6fda8867
23607.636175,4486.633871,success,84344bb7a8c693698847a5d5e7dc91ad0ccd6421cfee2658b0bb0b98088bd5a5
23650.541124,6886.680670,success,1fba82e08900fe1d19868a98172f4b9f7dcd00a313adfe29e6e42a12dd67c721
23693.338648,2572.665092,success,6cadfd411d5577da45c3258c791e40cd4c4d55e3deb58c0a6f81b4648abfe939
23738.017670,4357.088742,success,5569ae336a5f617592f8283c03047785c85f9d60e38744ce68646a9ee1965ac1
23781.663091,4311.996739,success,02955c41f33b1ca46926ce0499f52741332d627997398eb4c360448254335d93
23824.506763,4273.146356,success,24ed3dba65297ceef51d5e76e5288a7fa713622c01ecc0505094c5bf5a0fb2a5
23867.487755,6673.681171,success,f9dbb65869b73eea1c60d1d19d8a92a74db50de592a7f1df0e660fee8e5e3ef4
23911.322345,4180.599741,success,9166b0b95ec8525b55cb226e229882f5f064d54b7b688ff56255b2e316fd7f0d
23954.265395,4139.544629,success,7ab3e939786349118d849fa78391ac0347eaea7895fa22def9c92be0eaf782cf
23998.768372,6539.008234,success,36ba40e9e4d40e22af05fe70f741727b59a1a45fe8771199c40a5a1602b7d508
24041.607936,2225.402252,success,5394a49e83809c1863dd189db9de9bb39bda16e94bf633168e4f5d308724737d
24093.006513,4000.941363,success,4422aea956dc3f6b6130c88b30c254ac3eeff3cf818be0a2f4542413195f2b02
24129.300239,3966.783155,success,a932b5a6c0bdc2f500e4d24d5ae687fffd428c3381f8a323a9ac722b4f207599
24171.145438,3919.771693,success,1cc71d4cd2bb49bebb56810edf8f6f4a87ba864ff3e67d9d094fff4fba52e0a1
24217.976799,3878.981884,success,a388adfdfe451f402e357454c06e9e74bf6caa9d2a3e37e1a000f38ffc5b9dbd
24259.676933,3836.271334,success,7e5038dda65ae8a7e5fbb9ee406ecc95209afd40915fcdb88fdabcba0230b873
24302.721515,6234.772605,success,22e98b4036f68bfd9b87606c89d2223526bd3787daf94550721d6a25eeece499
24345.140272,1924.538975,success,901898dc7c48e158910f49fafdc32a9a0f569d0aeaee705886b60e5cac8370a9
24390.757972,6145.732967,success,f8651d8da4e330d77caa8a9d0df1ea27a7fda04d5a787f1e37ab649d09aa3516
24432.208823,3663.177369,success,9e9fffa9e00bb56cd84145c4c83c6b20d4956433e322c2d74d3909807b422467
24476.177016,6064.717169,success,e153d400a68fe89d727c9cd70e3edcaa9d2861bcda400acb925b7d0ed42790f8
24520.265989,3573.255959,success,67ea32354735c6f317d4e71793d416446fe6d6c2e765f888902be461acf74139
24563.177849,3534.050695,success,209fd83ec7e0ab40fd123ab088a9f63c8319d00f43499cdca845b63812fa37db
24606.182607,3490.912194,success,26a476d551b8b607912a75a9f978fd3d41d48a73684efd5a75505111fe0c319e
24650.157112,5891.541889,success,a380f095a0f1c161bf2c3634b237dca52489fb99606b5bf9166afad6f54b096d
24694.510395,5843.807848,success,e4309863a95a3ac1873bcace9d6078c5da476f9bd968b8f34a57253376064fdc
24737.690965,5799.666086,success,9410f9d4afd6184dcc1c161e74b94c5d9aed07b0d38f8f652e017a4237c6de18
24780.338685,7935.802851,success,7f581839f2f697b1eaed733067fcae5172dcfe63f9ff08614a6f68681b8130aa
24824.979252,3269.380915,success,ede0feeb28961ee10661c1e5028f0390be9956d196664c82d94cf935f8498809
24868.508813,3224.015725,success,cae6e7d5f9e333d5a36c9fb765c11c37fc86fc3ff017023097fbd4ba02412ca2
24911.546352,5625.082048,success,12c4ff93df54a1072861cdb42a065c661d8eb7d1f251800e30862095f7378f4b
24954.166149,5583.463609,success,b1d4bef517c398ec63373df117309460c6f6eacae425e8fce6147f1e85802668
24999.916259,5544.800281,success,cf9f4aa0d99fb04b17ed50869fbdc78c77a29cc470bf8d7924f431f759b71493
25043.078855,5501.238719,success,c091daa40d2e9d90bddeaec3b02b415d610274abba8ce1e02ba16e2770ca843e
25085.880206,5452.850579,success,faad96dbe7f84fb6544590487f8a4d8bc9d0ecf1cfcee8e523c94b9841903b44
25128.549296,5412.751941,success,8050d6b3a86d133d1b5b15efb8dd32c41f329fcd4ef7200f1e540b11327bf078
25171.066158,5371.179018,success,c4d15f4dd92a6910df5fdb4acf2905c42ec58ad10bdb6952750396f82cdf7d4c
25216.649662,7500.211598,success,032e20889e7a88ab48cd07525026eda34249bde038f41ea58ac869d95723ece7
25258.205813,7460.177191,success,443b15670f0f6e3defa19e78d209331e65a2c7922f3138b90ad458a892fe6bcf
25302.803629,5239.044474,success,fede5415a1e18c589becbf22523bf8f4073e7e79a73a9ec50692cbfef2ec4387
25350.116512,2742.706071,success,742818458a9c2c1038a7c30574711d3cea7a2d509dbb85172394dea4a11508cc
25391.069118,5151.438996,success,c001323d55586fec71c2e3524e3acb5a05090b9a5ac84923a6adb218bfe1d6cb
25433.615175,5102.585043,success,7117b286912f599ea0455caaa43f9e31fa2f2d1f749ac36b613033be9337a1f6
25476.807006,5059.541453,success,6cbf72486d3e0c43c63608132dd7ed4f1eb76599d077d5bba2844e8ece2694fb
25519.189784,5025.667233,success,c671a4711e7e020cd449fc4a1302f160d526cbc4d7ed04f3950b9eefb6b8b18d
25564.130249,2531.394516,success,b82f800b3f60a1ea6e942c1e30d0d7dc2c14a701735bf7064e299417acbef85d
25607.558909,4929.240875,success,6e9b72ac8546c5b097f57709872d3145b5752c19be3a83589f393aed3a96f976
25650.144301,4893.907890,success,4947e61394ca2e6340b6e2e65256690f7e10fabcfbe4dabf11639d1603211c9f
25694.098758,2398.865032,success,16d9acf63aa4afb33e4c7503dd8701461c2e6df96ecfb2252dc4fff8051f9212
25738.897705,4803.478910,success,142d565a0fa1f5c15b7afd55df50166c262beb502ba169762bececa55c499ea4
25781.334054,2314.887361,success,1cf073c50ad2cea8b55bb2e6eb06808d88ed04a65cf7014d04c9b0bb5a3d36e2
25824.551853,2270.106018,success,0108deee036c64edcfb2991c86933b110a59437306a1aa00b309717ad4e5014f
25867.833053,4668.186282,success,8945ea7ac5964cb94ac844decef49deb88d265faef8afa5fbc5745c27a1465f5
25913.000338,4625.459062,success,7d5eb4e6374562927962c2929b33e583c312642e228b87a42bc70adf3e292850
25955.872413,6762.108219,success,3860fa61f69c3cd82fea69222121efeebab4a6cbb14d57f55e406340d8302944
26008.404278,6708.737774,success,b14fab2113e6c1ca029448e06dc0a743d8d5f1dcc79dd3757eb65d9aaee265e3
26042.906367,6673.383209,success,5194bebbd0092b3eb24b4ae319f4db4ee9f27a591d029bbefe9939fdba79f6ea
26085.145161,6631.285343,success,4a40ae10bdfbaaeea670781a1a27ada14e087726d1974dee9733f40bbeeb6839
26129.177805,4415.398509,success,f96186d5419bd614627274078cc73ea26739437aef28148d4d50cb1a4507e32d
26172.889691,4365.158760,success,da180d34a00cc4aeb3b34b39eca91e0cc29ac7c922ffdcf9c9b85414597ddde4
26215.541478,4325.893673,success,a5d727f492804afeb891e499f0bf0fc8eade472a14e20cbebd2c739acd080f9a
26258.183897,4283.798691,success,8649d9ed014e5bef567cbce031eb1d4f74ad97b9e51994e4ea8f2acb8cb6445e
26302.346789,1794.170006,success,68ee613ed06694da588dcea29ac1692aa819f12a8cd1a39e5faf7eba011215dd
26345.987630,6372.893529,success,afdf5ea6c5a62248d8932314ae679578c9eb839b3db54920508af54fcb74f08c
26390.550971,4148.452691,success,340ca56f069eca542135020279ab8f14ab5f3de9f0b0f05f3466d75d97380496
26432.190449,4105.722034,success,1c42f71fc6385a0d3d94d706a18028384ce4e86401d1a015b7d4471b9c78ee91
26477.207970,4061.422534,success,c271b8b6c50fa7ed0158c1d01540fd43182dd95cb7df3d0ed5db322f762f316d
26520.181126,6197.661604,success,fab868b7a7dd8c502a0c159a2505cf422fd31ea372845dad0cf230bf516b684b
26563.215448,6154.901823,success,50c2ce5915e6afd2321896c132f2f0065836ccd4b6def985d0063f50f608917e
26606.166041,6113.387111,success,5b3ab19f95ce22c613c84b61eff1bb5ef44bc06630fdcd737fceade9bcd76a44
26651.848923,6065.153475,success,c474da5057792798705a311377e977d4468a710ebf2db0c8d7ffb6b6081a2103
26693.367382,6027.422174,success,7d751357abdfab77afebd61586bf59e8299c26ac6e361e9d488a42134acc5422
26737.962803,5983.484680,success,f5c60ad6b15d55067f9cdab29eda3c48b509c5bcfa73e39659ab71bd2c27bcd0
26781.211661,3757.656995,success,45813c84d765de8891a5822937ab08768e9e0d0b8eed3ecfd74d52c849e56c3e
26824.808008,5895.445642,success,c37e9367ba70cfc84d03c24ce79759283718197e6220d7ec624f57f9190f18d1
26867.539215,3669.401607,success,a46d533281880e638197ee22e7a97010a16a6263490402cbffe31b476ce4a7bd
26911.181098,5807.331492,success,e290f04bd43daafaf556f8d5295ca3b81b3cc954d205a7f24504dbaecde6caf4
26955.717968,5764.258817,success,0e6e7b36040913232ba2c1a80e87d25252609e029a1582d0a3dc06af67f9d587
26998.149727,3540.034201,success,b82570b0e258e0a6f53a2e44f372b83acfa1cc4d207c3c48dd92e2408e60dfe8
27042.439318,5676.713355,success,54d34bdd606f70b0ebafd49fe5b3b3b426e58c9434a2744cb3dbc103ec8bdb2a
27084.505304,5633.744889,success,6a105f5b5eb33b1c06fd6fe706a586b60e16a4cb3e556f7bdf12e1d3e962b2de
27128.174739,5591.245431,success,6d2b8b008f5d31f80ceeb60cdbe1f33caad6a55408a09ebf709a52611b89c296
27172.777784,3364.306410,success,95dacc22a71f1902b0722079660bbebf983766a80e24564913914404c5a32785
27215.251533,5505.671586,success,74a2bcd70e71907d2347a7aeb938cf89407e992aa5ce4393c02bcfc49d59654e
27258.185284,5460.459096,success,b73aa29e58b9cc9999ca378836d14bfcd771566ce990a0f62d3d173004861821
27303.126810,5417.260243,success,9ff823a637906707eb5d874b3e304d81b3eac4ee68c05db4ff1ced5bcc7a5fca
27346.095698,7608.709529,success,81c848c087461de361c3395b687c8daab1def969ffb7df24f62af538c47b1fa8
27390.177885,5328.839782,success,6ab0b8700d220fe1faaa47051b8f9f846e4faf5b2b84fa6c5f82201bc8468b8f
27433.107088,5287.539767,success,5bde674180cd7da6cbb14499134b243ec8cdebc43611b311ae51611893b95cf4
27477.491829,3066.953918,success,139bc0ae5d40585733943c36f3813143eac0d1fc15b83053721647226b9d4309
27519.146976,7435.316202,success,8ddcd8b1301b964484044dfc1a6f49413933c18d585535107fb3366dd9352602
27564.169937,7388.929176,success,9d9c04eacf4be215b200b0df7290ba93403280a28923e88ff482bfff8692cc66
27607.134085,2935.508464,success,ac8cb5566fe944f8aca96cdd15c3a369f2a0e22d1fc3609c54aa93a5e0706298
27651.569453,2892.341400,success,a9aa0210f3c3212d1a07d80c03d62428e94fe8680973ae7f29c98b81f6da2849
27693.185436,5028.131540,success,eaff5705b6ac0e7b4cebfa8815bd9861a45d8a399108046c1fc9295262a6fc15
27738.648551,4982.405226,success,28edab43618e201f54151ddb73a929c75249298d8762acddff5e6c81b06dc222
27780.128766,7173.832191,success,b1572081e83e35b94a54efe06286d08ea906ade8a13379757e6aa2b99609978b
27825.450964,7129.791211,success,5165946d90ef9710659cb2a40ad5f3429e525dc370574eb12165a0a7ef286c78
27867.465021,7087.919905,success,517b3f290de6aeee2acc73dd47fa24e8c8f5d8c724fea15b5186bef86cb143be
27911.474760,7044.078084,success,4806465b1dadb222bd8e3604c67a225cde5f724d9e2bff778de9a6e94956378a
27954.311136,6999.198655,success,f54bbbbf06af8026f5f3a3bff130293fce70aed23a799ab2d31f469dde65164f
27998.230555,2544.555386,success,6eb11c6cf7747352cc3915062b13c28d9c70c06c0c051d9ded15fe308b077da3
28041.175777,2500.390873,success,8b5a3c5b3c348d1d69987753e1d21b894c6143a98001f1d3ad40ae1f26733fde
28085.195335,6867.603319,success,92ec1439cc5d59b45f6eef49f92decd546b62b2d6598949e5f67b27eda0ed9db
28129.647073,6828.317181,success,07f222a58624f726e66cc8deb4a144aa096ab8acde8db4b63727001b4b87be73
28171.253187,2371.664413,success,5451ee4371b169b85f20d290b4035bef7b3bac5d08507a732380ee820771e6dd
28215.814873,6741.159676,success,60067ee9e9c61f78acbe4588b00d4326f49cacd47173bd26adc93fd9aa11554a
28258.303089,6697.994877,success,14fc0e180354f2e1b833df46e99242a4c08b5c985a7d072eceda9f1ef6298276
28302.842522,4413.873182,success,00e4b3a2bddac4cf08fe63d1f2ba9c6c7256e338ccd9fcfa1dec859717e1ccfb
28345.303978,6608.343334,success,c75a8df2210071ecffe3c8ecdbef4efa68df7f2fe16c435322e3780dc4069c22
28389.824215,6568.290384,success,2ab6cef55b366f66f391538bfad9440f16491d9e2a2f833cd19aef8bdcd6add1
28432.346866,2109.767472,success,6feb91b570ff21d40cff0f30c2940715771ad2bb760b3660fd1151990c7785cc
28476.611178,6477.684303,success,41423df48d2327071c82dca79356eb91b2f5ec0e64d5d7e246ea05a03dd4010b
28519.154048,4200.536455,success,e72f1aadc7cf20a70f061a4518bb0164c2de4c07a5933ff53989272e3cae41c9
28564.520109,6389.283549,success,6bd0edd627ead0ac41d2cf55a1e35e5cffa79685862802ea50699e5817e6b267
28608.318117,6342.876035,success,d0fcdb7ee96a53c1fa7f137e3515d5a3f7ee1f86e4067c3914555dd28d053557
28650.158004,6305.859420,success,01225041843ad08666b859de34a063fa5e38bf5c53b5510b0fd42a2b52ee054d
28694.150291,6260.802596,success,427dc21d4da5fe7059cf98e0443e18ba1ef59a4abd6e57610f7aedaec79ba1ca
28738.137648,6218.018119,success,b856471f82817552546abebf5d3d02b06ce6f02d10de0a0a9e37879c787e9417
28782.008174,6174.611622,success,62bd25d18a156927ae03b28cab3c9dbe51b1c7db0ca907fe7c70effc21dd7144
28825.724256,6128.400742,success,b7cce235ce1041405adf96c4c2763c3e327780814e35251629b581f81f590e0a
28867.593278,3852.528442,success,8ee0c82bc7552d98e5379072f127e31143cd108ca5b23a05dd9093d4842dfbbb
28911.725379,6043.376209,success,9780ac45ac54550ec4d1368906cb1021af6753ad2a67e32d531e1a5bf8f6032e
28955.955065,5997.280016,success,bcb2a2aec5cbfc44c11388b074d8733f66a83f77896731386a5761e755f0b034
28999.216125,7603.072351,success,d771b14b2ceea409b7145a4a0ed35915d181a91d2cd30a787227f05a161b5d09
29041.350891,5917.547995,success,95b813892cc0222244ea4a723babcc7d845bdabc72394c414c12d8cd1a9123bf
29086.923542,1457.263194,success,f702db7585962ad08663c87ddca944c3c6b3cd4013123b5d64bf040c8523e770
29129.606617,3590.909110,success,dd20af8dd6c3eb23c707377d67ce42af009494416174ffdd5de271cfaf6832f4
29171.202371,3544.772559,success,55bec9f047959a2b56e4908815c1831a3e77846004164dbd9b8548b40e41a672
29215.199075,5737.758209,success,42139655592f60408c269f1d6da3193825041ef17cabf89b3f8ed2bc17db70fa
29259.861712,3457.418011,success,93ea00aa9d5162daa489a5ca777d1ccb21af9a4ede4486ee697e1b448e7380f9
29302.107919,5651.264702,success,9ea343fe518316d95c6730e1c783957585adf973f7be01fbe1faf7a487651432
29346.212167,5610.587751,success,b354079e09946291c81733713220f805d479cc719be8cfe7df06fff1c1f4397c
29390.014493,3326.555264,success,08e6f76aa4a013ec18e48348de70e6aabb78a786e515761e832802a57b5d6bd5
29434.427828,5520.200884,success,e9d5546a4200c342718d76768d8f5dfb5eac303ffc094537d783b576862baf8b
29476.136966,5481.187366,success,0f7a46748aa63357a3a84987446db93cfd47d379cab01b7078b0066b1ac1da88
29520.532376,3197.159819,success,8e007edc8c0170b66502c4a0241922e9d505f623980fc0d182a7945ac369d408
29563.131051,3154.427511,success,e7e1465bbf47d375dc783a686911275001d582da5637dad96757a90c26cf6c74
29606.753697,9379.572702,success,86d267bb7828c399a74e4f464d9c2506f7307c3108ff889250f082580de5cbd1
29650.681310,3066.737006,success,8529c50d4a1cfc44b374568a765db263bc7996ab20fa7fb40a33fde5e0e05532
29693.188922,5264.621431,success,d8a18b7e0430b179751eb1506f58d2a41aa48658baa90dbb967fb149e19ed0f8
29738.817560,2980.467073,success,40bbaa6d80e0bd0e93c0c08af821cae74a99341ee471f7ca8d94dad3b92f7700
29780.126981,5177.024874,success,3cbe21be761e3f46ee55fffc6143a9428b7e02e1fd1539af710d4e102fc0d384
29825.583321,2894.259861,success,e99a0ea215d500145ff35f7a3e6a904d5917480f0c79239f44c1cf7d28483e0e
29867.678441,2853.507757,success,848f293ca9bc34149492fa52f3caefe38339c2c1ca55d49501d6681648c963e3
29911.557592,5046.704126,success,371d0435de81eda43a3be60b62cf68aca5c5a3ab05d6dce4ab9273611878f461
29954.142811,9031.910410,success,f3ef63602f642f5a0dec39dfad66b46ca9e6a25ef26cba65f17d292cda3d0857
30000.095242,6603.360818,success,0714bd30551772dc036e551f3fcc679f6c851f5a03a14fde0ff60c1dfd693944
30041.530881,4909.817063,success,a8340d16349ab5812b3308d19b6e08fd1c45a29b9158e156b42986cea7b438bf
30084.313484,8903.887257,success,d838bdff5cb6b94af2eec2732c9668f9ff70acddd86d5affcceb33419eae661b
30129.167063,6472.311448,success,71f1eac6c1980978d8894363dad6396c5e643d0fb1895abc5471f13cce3e1d96
30171.943103,6430.082836,success,aa6c088dd1f0915ae48c55081c6c4665c93455e864d3a74e391c7d6472e87fbb
30217.095037,6385.451328,success,6aca2c02f59c3409e26ea8539fc27a7d3a5f7c65a2ddc02f9149b80776085575
30260.082508,4698.482425,success,9cc1ff1a7c31513ba7712cea943cc1a982d59efc58509833c14a0c21930e09b0
30303.220905,8687.339018,success,42a079043b5ffc1115d8bfbcb18d583a25fa8007baddeabd0bb2388a5b5345fd
30345.428888,8642.234364,success,f686b40174a42a9b9922bdc0c207dbff28a6444f4b304af7d319e25d45dbf1b0
30389.705413,4569.033830,success,9c0a14bb823c0d71ca6e64af1910d633b050f67d839eccf1a32cdf28c52b3237
30432.163901,8560.981612,success,f8197fccaaccf9e720d2fc5c1d860c8b185bc31afc06adce9a6cf903286c3622
30477.227407,6126.355233,success,82d62fdc849d55c17a6c7acdd9740cfb5433a17272cc27e919c4e0f49f8673d3
30519.957520,6081.932852,success,9c4ca6d13af147386dc11dd551ba413e4b69e80c867fcafb437a1778673a19fd
30564.294189,6037.317465,success,bd57658b7ed96dbebbc201764c3e129f6a17fa85dde151adeae0355456a371ca
30607.065370,5996.006952,success,59b61c7853138167c18cd7a08d9b2e69627cd166e06a2af3c74f6b35a318ee56
30654.135379,5947.208337,success,d7708d4612da3b219f3e71bdc7d8481fbc0f3eef0127b022a3a2ed9be6213bae
30694.151849,5908.266053,success,2f5656b315ea4c99e5f487e46867b63730ab462d90cd25e4f1ab996e8cdfb637
30738.112094,8249.828023,success,e54f5fc2320a790ac347f5c20884495b30e98574fd04e4d1678148fdc69299ad
30781.119603,5822.862814,success,9d39d933001eae8701f83bddc455893ec735dc96519c7c1e9ca57543a6fac79a
30825.116336,4130.613583,success,cdf0936e71489eb1bf6fd8bdb693cbf15fd8ea12ab6739f0eb4180f510d03849
30868.170403,5734.774257,success,5621c7d3f7f929f621177856d215e12a4a46ea4b02acf089d69ef796f1d61c9b
30912.905566,8076.990689,success,32ba2ad1114bf819a626bdb511e3d0cb7c3e46d897693fb0a1c10d289507f6d5
30955.513998,5648.337681,success,f0485bbec8bb6ac99c878f8b61fc8d20c16ab012eab2eb54404746629b7960e3
30998.068899,5606.295893,success,12737e46c05c1d0dd9baf1a781b13fe331076a0ed67be050ad00cbeb298ffed3
31042.827957,5559.987979,success,97a0a4646ce8e4370656914d4fbd3dd6fd72f81f96d1b6fd8830ef9d7f7dc29d
31084.340262,7903.048921,success,f3194ef6eff64bee9c2dec60516c88c6c227d98fb024785ca2940a9b328ca902
31128.959135,3827.501059,success,12986a3f1fb0d97a9adde1206c72d546709b6a9df05f8d2e031abe1a32987fda
31172.583943,7813.320816,success,8f62f9b0119a22cf020b8be282336c59d4f66cefd323bd0d33d0c83bc0161221
31215.144434,7771.853668,success,d21a9760ecf96578e42a5a5f9f3b6ea1e0f029f94565b38d8962837262e35357
31260.030514,7726.560456,success,e1f2d2e5657c99411d9b161db12240461244d99a4e4d8a0684255772b4a76ef7
31303.141308,7683.991218,success,71c86c432605bd1de9b6ae6fe07a7ceef100ae95d983d0c4dccf1c2c36394568
31346.139890,5257.061246,success,6c77daa9856dea6738438e27488702a72aff84a92766f768b2ecfb9bd036dbb2
31390.159577,5213.557648,success,b5ed606f3d376227417f63f56749d3a42202db0b24fccecac59889cf1becb694
31433.700015,7557.275505,success,3a397d2053df24799a651461c80ab185f3a59a7c8707538aa9493b95176c149a
31476.159595,7513.042755,success,f2dc5afcc172e0d0b35d50369e6d79e2bc4f4eb3f8dc4bdb7f7d5e7b8f3b0858
31520.126683,5081.075805,success,af2247ed02e52e41834e17bae424292bade79586acd856a162972a6e05d49cf2
31564.527442,3392.972062,success,d3a0c618b194dfe4b2dddf4a418a0459b7465de12f6a367e4c2f17f2443e2a8a
31606.189210,7381.070678,success,782ce6529cf8e9a03bc6f3979bcd7a2e4d1294b46937f32f7af6d4255fdb4631
31650.576704,7335.615109,success,5a5518b6eeb80e03cdc22908a82a7910b66d4bf35d7935126093c01bea406164
31693.505924,7295.536913,success,5c9d39a3839457bd84f7d268c7da59063824d0250b6d3902204ea7575739f902
31738.390931,4866.099820,success,07d4c010e15e473f9480493a2284816958d747f5d62ea5548f7e2fbad437fdb2
31781.049678,7205.408460,success,da11fc251d6434e900f7f3081f4b44c806fe1ff5f92e8a60696d2c51370cfe96
31825.324398,7165.517389,success,897ffc7c9ed0f6ddfa4d5e7fd224f5c0fd905db562278a7e1746d5ed56c8f879
31868.059400,4736.180455,success,0f2ffeefddd7cbae0acdd6e75bdcfdb1359cc4ebcc696d99b63ec9ca3be5cc13
31912.348557,4689.807589,success,574857232c567dfd3b51b57da438e962d56356493e8379f853c5dfafee6b9a58
31955.004268,7031.722529,success,e828a6a848d1bcb12faa54661e5963fbb5f84673a9d1588a565614b246ef6b73
31999.138282,6987.723992,success,4e6668882aa06ccccab21488d500b536f5341ce2c34cb53b19182dda47172dfd
32042.184553,6941.733040,success,50fed248af22232fc85555f868cb8ef980969e3b83fff3f66c5d56f851c4c555
32085.629480,6905.747331,success,833272913cef0ee63731ad97e095017ef5e3d764aa94aa26a75849709249a4c7
32128.148382,6865.129031,success,faaea47ee9edb216262f30167771ce50854de7ae2cb2b3a1298cf3a42499a383
32172.585540,6819.199905,success,0899ba7f4d31ba4ffb3625aa1a7e316d36eb61af8057f386d1d2320c8cee7578
32216.209456,6775.711777,success,6ac663f381702eea2076c0093b624951000ba427b774dfcca170f28c5a7183e3
32259.007828,4342.031521,success,e7510037f81fce049261c35f22ef8b769b969b8bb68a498a164251cc04b576dd
32304.639780,4298.688317,success,1f0bc0723357ee7bdcf610a01cda1bf9780c972b8e746472ea19ac9c436c5071
32345.750032,4258.361219,success,28847be26ea9bdefac1b97b12f38b926002cbf0dcf424031eb5576247d9ff82d
32389.268879,2566.602348,success,4fc2a13f07aa1d6136876fb07efd41dfb97897e99b6c4d1c93e805433a6e7bc1
32433.081914,2517.925074,success,a2b099af00c6677d2169d12edf79a77522388f0b94db7db8e937f43e5f6838e0
32477.202101,2481.211094,success,da56c99fc5ce40969c23d9a0c3a2d18bc81dbb05a8d9aa01dc15bedbbd868df2
32519.536924,6474.158131,success,123d7fa635425f8c02217553c1a775a0f49547065435b83bd0938135cfd0236e
32563.611184,6424.990477,success,7656e39dd966c999b42bef393431f98696d94cceb07da64750663158e2308fbb
32606.139374,6418.837651,success,0feeb7c57e6bed0111f835be81c484400cc6d0ac80a5c0ccbf5079a93cee4401
32652.942456,3949.732102,success,b39c9a805924e1dac0f8418e9bf16fc8a20c440a0e15c312bd2d630a05b0c36f
32696.273898,3905.480426,success,8ff76c59be76cdf96ceb4aa70dd6ed945da21211d19b66891218f19cc3e6a0ac
32738.215025,6249.593984,success,66c309bbaf7c3b82b090d72c6457330dad4fa598e49b2f35e3b86cc22408e805
32780.942612,6207.965971,success,ffa1200f50795dc5e031a190bd2eb11565aa0250797265a82e8f1d3d0c584897
32825.499676,6164.796096,success,dca06f5cd567fd07d52c42e7ef68120604f8bf7876203d1fde72d61c7902d028
32867.585827,6120.485950,success,866d0b497b21c27e825f6b7caff0af90f4d5a5c32f3f8a1cf7921757805f6c12
32911.216656,6078.257609,success,50eaadfb1dba4459b4a9b218e8241c15a862aaad732d18098a8c91410060f683
32954.389036,7709.797187,success,ba5dfd9ab1fd00ef137bcee7127baa8ed3b5fc2917877211e22a20f204bf1b6b
32999.053785,5990.555606,success,4e681f806ad267428950aaaa9a63f924d96158d6b8435dd9d371a72bd6d43f3a
33042.767070,5947.264762,success,c2e1fce83457cd38d576f392c20bb2dddaddbe1a3ca0ef2fe5b4a6eca84cd0de
33084.464985,5907.172851,success,63b96421b3691b2cdf961c72ceb5534fb7f7c8cc19d64b1bcb5bcb4dc7e152be
33128.997974,7536.083375,success,b8827806870e950f1da117d0af193fa9f305354b9a717903a569dc9fede0454d
33172.563530,5818.131408,success,ae483a08de848f3ce235f3c87371bd605b6bc81c5b1b1793c2ee65f655902c8e
33217.911032,5770.555042,success,0613e553e1759b72b3b960ba2e67df76368b09c0bb4c7c4378dfb3c899ea23d4
33258.539170,5734.870654,success,9431cfbb519891ed292fb0fd247fa93a28c443402f3ef01298074374752e11f0
33302.051464,5690.159889,success,f0178763b621343d811db5bae303f71562596f140d7a9b73465f8fdb9ee6d371
33346.223960,5646.775847,success,5f954078e3cec525ece9ba30544af15cdf570980ef3df4d3f6667e786ee1c79c
33390.610110,5601.468110,success,0666169fd3cf02660f3152b19728bf77f149e39331f7c117b927c49f846ecf80
33432.165075,5558.261194,success,5aa44cab1e2db2ff05bda02876b7c1109f6eb7e92acd07db07977d6cc5fd4feb
33477.097611,7188.248410,success,7c6a5b81e35bebe9e1b32c49ebb8e8549befa10fb2ea4581e576d3188eacc663
33520.120588,7147.874483,success,d599344852035719ac460d5ae2f6adc25b264a5f368d7bc24f16d6631cf0f975
33564.110748,7102.430749,success,0992a4ee32457a24910eb6646ee71191d5eb008b869abb5a963cfe9ad685f6d1
33607.360935,5380.166019,success,e7a43dab4f1a745ab9a983742142b5df159f217f1f5d44bd6959f09550a370be
33650.148145,5342.591549,success,abf9a5e8314d7da6ddb4fce05f2e0dbd6de6ebeb8bc6155963189c20c2cc371c
33694.284142,5296.824801,success,df5fb50d1b1f2f2a7447de813094f362d157910e67127350b23caccb8e4190b2
33737.826823,6928.055925,success,846f39eaf2f68b7b7fa5eafb74fbae77da38a49c285c9ab7f730f09088444f1e
33780.152137,6884.438472,success,958468fe679a34cf001d784ed522a85bc002fa19e903a6ac5571fce11a1d46fb
33825.147753,6841.002562,success,4701d614295170a43362fc5ad0d58ceec803d9352f05c61c498bacb096f3e6a3
33868.971116,6796.506023,success,1a67371e00b95ec6feb964efd0699a72cf3d909f37098ff1b63dc8896534c09b
33912.514859,6754.822696,success,090516378b196031e2a9c6f1cf4ad7535c709769bc473253b5e426abd248da96
33954.106012,6712.841214,success,ab811628c4761ad63b3c2c735a6b7213c9b3dd9ea22bbda48e8d4c96b7a2a90b
33999.106246,6668.760152,success,a3b4ced73696d015f6614aca1527828f88ac8e3302798f99aa394bc86378cdc9
34042.682351,6624.523976,success,ee21893f4f9fd68a4930bd12db5273d850867726be4181cd6f6f71e9d7684301
34084.135341,6582.681207,success,f6d79435fd6dfca30a4274c7df399f9481fe7fbcc2a2e0033eb3423a2379b2b7
34129.729140,4859.609969,success,b454fc4cf7a822caa33a4e00a1c652c372640bc1456d4061bd7a5448c4d3c7a0
34172.150205,6494.261776,success,801533d95b5860d2e1ec499241bc5eaff72669b8e4e84219f7fc2f03b5f4074a
34216.501069,6450.170945,success,3646ba981444ba30736080952fc38a133c9c3a71ecaabbd02d578f75581a6c67
34258.336965,6410.041764,success,419b020df6feddc8aa74b9d4d01076b9165fd0cf5a9cab4a03f5716f4edf9a24
34302.800081,6361.527049,success,bbca3c0bb96f6e08099975a29cbf5a9d999e6aaa99fb0afd2b340d4086704cc8
34345.214764,6320.800615,success,79537bb4afb1a08109d9a46472573a465d53ae238efbef87340f60428df7644e
34389.881195,6274.850381,success,49121400b3393023ce5740f4227b632d5d4f945135289c9d87a341f339217a39
34432.092744,8737.699463,success,2ee41ffccb142ebadbe4a141887c3b4d475e6f4db2ccc14b68a5eb08cd8b33f0
34477.654041,6187.954377,success,369228af9977cee99a0a8e2e80d4f4625548fff2e7c1efdc22ad0cda1dd10879
34519.083858,8650.684974,success,c63cac39d7b5d03413179ba8e49481542ba0e732c1506e9af6b94e8ffc6a96e3
34564.807843,6099.202346,success,6a3cefb0119b9d5ce6c1383101504df717cc079647064a504c5abacb0774ab61
34606.311881,6061.153537,success,787f70d5e9c867b20bdeaa1dc996de720d5aeed1919282e3627ee1418fa1df7f
34650.680878,6016.395322,success,e63abab401ac4eeff9619e1646f838ea2133dc76c48cdf6dca8a0612226a561c
34694.535240,8470.677617,success,84275fc899e85e681087e4e921fc3bcb981822ad483a0a7a486b7c3b14646597
34737.104667,5931.404098,success,ac9bbc2140266667dcc909c1a5562b20c98bb4d53e23e0677842a5c2a769c6b6
34781.802247,8387.979410,success,29cb35845002aabea2a4fcb89574254672e1ced25c6cd55f0a8f67e43cf94545
34824.209886,8345.580487,success,2142bc05543b625108345afdbb0f18e7c0a8f2d08b5ad5821e3996cddbd60fce
34867.185312,8302.600833,success,8c1d829ff94ad94d8a8db11c038f1038588b7ccd5d649a5bbb9441dcffe856d3
34911.268537,5756.327999,success,f92635a7d068cb702e3e2217dca970176a079365912a03101a06ec7afa0ccb3e
34959.363436,4029.402396,success,09457726840a6952ccfc4c845fe705eac8b4401482238de7f01a1392dcfc2f54
34998.869166,3993.732506,success,dd2e334277ba73a16462d58b1c2caeb792fb07aa5b76d69fa6732c3018c44345
35042.499483,5625.233562,success,1dbc9940f458e65e30b2f06f1ffd3c3e290cec4a7c698d504f5af2d2b413c55e
35084.984459,3903.345918,success,7fc67438c3d74605831f976ebf9bd295c2c2cdc0431f0a9ab83641b2ffc908d8
35130.063121,5535.682156,success,9f991ebdeb5b657809f653498bf7eb7969c5707429ad13241183692998a8b65e
35172.137038,7997.664807,success,c490afc6363ed8c974d53d282a70a940cfb947d144b3f5ecdb476e4998f7b3e3
35216.095837,3765.906736,success,36a037c0cc262598ba674fc364f91731773c306951c8479e9bbddd397a42a40d
35259.725593,3733.825449,success,f6c38360abb20f401c00c37688441e1196a2e128fd1d1ff5d6cd45662a0a4273
35302.145426,7862.627708,success,ec3957b0b39de7081f93f85e113a58ebc27ea9278fcbcb81d828dcd556282c75
35346.541053,7818.381213,success,7d37247d49a16bde8ae7ab052a59bc9837f4f2d89dd4cc6e48c1407f42cedd97
35389.089369,7780.694532,success,ba711ab166b9c9705152be51e9f830db4df711cd4d53c4890b2caa8a0a556489
35433.226296,5231.233194,success,f45351a9c9a1a52ad1f56c5afc7c11be13312343b6541ba4bb4c488efe4788a0
35476.160123,3515.082694,success,ab5c910c2ff0b9a9a949bcc987b1f86fb653399355c12be6f093872646456f3d
35520.770307,7648.961515,success,d5277d0341503e3072d192f1fc4f9fc8a06d7d2a2a95118b865bca91c2d5a8a7
35563.277836,5104.845929,success,4ca9124068b79d1be3d4ce127786b9e0794e34b907bc45b7aaca8193e832c935
35606.821669,7562.974796,success,251b8badc6c0b611a673ad265778f893f17004b043fc216e0bf7371633821ecf
35650.341747,7513.810470,success,7c79da296e0513315c05beb8f32a40af003f614527f9d02d0cbcfcc3fb132029
35693.903293,7475.870098,success,5a754e1777ac6e5a75d077189a6e78b351b51b0e1d0f6ac0f96eb589d52a675f
35743.577346,7426.158814,success,a19bca755b5cd1b06e1e9fd68016240bd0b8bfeff4c48c597a22089eba013e52
35780.650183,7385.306143,success,e93a8adc3d1d05fc547befe1e0a715ddffd94f13e26e21f7a1c6f66935502dcf
35824.193985,7345.617067,success,af62115c290079936741529eead7a07f2112f4f561b458d994d0d0964b4cde93
35867.540023,7296.924806,success,74d8b3464653695459f5f197d3066a9c56f1971dbeba3a119ad53a29849ec534
35911.147286,3081.323919,success,61d01e281bc2958cbfadef7b0815528ffc1e5595b74dd9dbc21f1195c59fdb16
35955.832301,7213.938755,success,dae8bb27ceeeccfc17c9f79b8311fc69770f5a603bec2cdffd59fc44909db43d
35998.147425,2991.608123,success,bd7909f532b3e2951f4fc5908cd88a8acbf93dc32b0d0ad745f645d7f7782e03
36042.975652,2949.896563,success,1f65cd6236919c4eba5be36c13883e9bbf67cf7dea99ca2463d2e1c4efb769d6
36085.627203,2904.536929,success,6e7267643c082a90838a6aec85510b58207e52b963a911489bbcaabbf4dbe3e3
36128.929998,4539.320447,success,9da8efda9ca26f1bd032a8c9519a42985be5d07e16c25e805d8a825ade3c77a9
36172.238164,6997.541198,success,b8bd9a86e0145a2b017b40f22e39e4ac8c814d900fec68b99144c70374c6149d
36215.471819,6954.262197,success,fe41d60f7887c9955b45928a358e1ba2c48c56a0ec6dc6455bded248b263e4ba
36258.852903,6910.384973,success,3453e33e273def8e4cf40b5f202a40ba8362e580abc4913ebd1817264e19c3b1
36302.800881,6866.939718,success,464000fce7bf5ee9216ba1f4f95b2a685abd11c34d8d9e135007a34bbc666a43
36345.271359,6824.477836,success,f42bd74e0cea63ea19e0275a5ecc66a6b8b3c5f328d976fb84a6d118aea9b9db
36389.983015,2602.357382,success,ef2e4e5adb845e259432535405ca55dca130b2ab7c590e0fd73ee571f0d71926
36433.561243,4231.308435,success,635d5d44cd51738d2bf92ac0f2eaf5cf8a9457f5e8ff4dab3025dc9407d12d89
36476.136309,6693.617044,success,75cfd43bbdaa0def5b3828b247b8354435449129e468356fc77ce10ee2c5005a
36520.720153,6649.038971,success,cf4ac2735e20dfd26cbf994e1e2ad8e415e6981a06b14962e22e0d8648ba16e1
36563.209296,6600.715059,success,ed66e62ceda2941152fc76c0dd9b4c431dc98a9f47ae8bee7a5743ed9dbf826c
36609.484917,4056.797258,success,779ea8c4aff440e6f96079bf98d692c559434865dd227ed4fdcb1187f80f3190
36650.807399,6518.955562,success,d3b0b81ef66494df085a700c78c97f036a5d9cb1cfba144b659c468cb31bf015
36693.738339,6471.620585,success,86af17473f072962bf44375bc0305a95528a6db3716b73036524aef6a874b7f2
36737.674245,6432.100889,success,74f85931b4989fc989d45a730e766013afcf3e5549e4d4b7e0ef00252e8697ae
36780.871079,8439.117039,success,e2d2e2c2d4ce79aa659dc4d2bd2540730a641b8c735d47985c3a71f08fbac9d6
36824.760997,10344.100661,success,36015bd7ce7ebf311f272d3285aaa11bb3ee2ff2819bc9b1475e035584698816
36867.258286,6297.354804,success,9b79fbbac586ff2c307feb14a34d1386e81c74c3fce64c4c02c895a8db7ec84d
36911.780662,6253.287291,success,66950c261f77ad1f85402678e42bd913b603c5641f52d0f42f0ab5a4dc6b46c6
36954.235811,6215.530917,success,c4c7d07ad347986f4c2262f067a52421938242e1afa084f62dc749e7d944d50d
36998.803764,3666.412030,success,0e131a9fe9c1068fd906b570ebd29d7080fcc3c90140ba61f38762fdf9d097d5
37041.470784,8177.166223,success,be626ac524d6c10a63d88d3f6f69ebd86361b5db9edf971de83284a85f12b9fd
37084.554834,8133.316612,success,200d3c9408ab00ccbf71935cbe123270acff8c330952d312ed70cf9ebdacc5c5
37128.049744,8089.300755,success,0fe2324642db9fc5f6a863c799753e52e17c060202d22f167d3a41eb25c0998b
37172.560268,8047.826115,success,2a792c6d9c20fabbb306a29c998f3a7a6fe0a102719155b30f06ebc53d73556b
37215.053999,8003.071138,success,7dfa6d520bdbdd0e5acbc4bc21401b2a5d81774162ae8231ea87a1f742b9c426
37259.576366,7958.165655,success,51b445030a0c795edc5f95f6153fc01702e9ca24e62480c4d2d5936e1fc1d088
37302.032827,7914.735328,success,09269264a168d909057ed9f0ea3ae8fde4913df0e0f15200bd69378dbe3f959e
37346.497675,5819.155497,success,7e3328cf2f69c804cf5a39deb9b8c6288e149dda28b79d33f12be3916352c393
37389.981062,7828.016093,success,088e173c6a1938babaf74288e0e19297615ad882ce801047433b433d8a3c0089
37434.107779,5735.701470,success,fa25d28028ee3e569f7e809da44007b797f7ea565f3f9bca4705a5dc1f9fdeb3
37476.676322,5693.049378,success,266c5a4324971b2dc98b384e134a7342c43c93071509976215c6986bc99d7c03
37520.172223,5649.632167,success,fdb968c7c656420632e5f931e70695d69a8da9b107e050092d2588bcc1b9652d
37566.839135,5602.960045,success,10918f2ade7441a41a84376983e5a9ac6a646debe91ded1f1e04e5eb63250624
37606.152849,5559.657230,success,8b9e9c9c3599765beb7cab25c5ac969a3732c7d6572b7ee37500e864291cba41
37651.220719,5518.585855,success,451f5bce4c90c57b7de3157f58b1f2354abafe936fb9864138a9ecbf16636dc6
37693.214283,5472.294174,success,e2223ae8f9452f1de6b33608a2bfcf3f6029bdd05d7529836f776ef4dc262fd6
37739.276158,5430.475281,success,8add9c3a884463e4b0c50531b83821dd8f68df8a90047ab6c7b0836b8f787b49
37780.135280,5384.176099,success,d099c61b708f9e6748042a77b9105eb8b186e18761247f7713cc680b426f6a69
37825.587539,7393.331533,success,822a121263f5ce01d06151d241149f6882133bf00d30904ffad7424c1d3c832c
37867.103607,5302.625450,success,7651d3eb9d75407887ab3d815d406f6231dd5ac1833af4bb6a70e951e724d347
37912.155777,5257.589240,success,45f0c0c026c00ca80276ef0295df40b1b69464e278e3d9316f6bbbb00ba7d13b
37957.303859,5212.473770,success,57bf4b3d52884d05dbfbf26019953e0bb2f8debbe00ddb6b6c2cb36cd72c8a8c
37998.146421,7221.059264,success,4540c3a005eab13ac059beabc5247aa5efe0a00f039064563824ab615f79f342
38042.995246,7175.513909,success,ab921122531abfdaa7126ac8acf43b043f39567977cb3c452ea71f8a35c2232e
38085.637869,7134.615792,success,1e1a7edaf099211bf0c24b2276f09b4ec457339ff1ba06e9efa47f1f38014671
38128.149694,5041.638505,success,9f23306dcbaed42eea426c789433619838a3e1310aa42eff8dd15a343e6a6d4f
38172.166603,4997.580628,success,5b9dabe23853ca14c6724aef573306ffd1ef6835bfd1410b38c59dfe01488545
38216.217715,7000.872691,success,274c66ff496a30b0c6cb88bfdb8748e16de89c5cdaf95bb6e8219cdc9075cbc7
38259.143165,6957.804050,success,969f4b50bfea3b37decf7750403e17d77c72a76026a85ad683dda08e673f9f2b
38302.473582,6914.747342,success,964f6ca4787cb90579c84662e1919bad8215d04ac48c2d41f17fab8ce1374e00
38345.687398,6874.434654,success,4e0e8dfc40f00523f37b6b155e523558b4cf852df88babccbe5e68f263aa8bee
38389.636377,6831.161336,success,774c3a803e99f6893b7177b6687bcf37a845620aaaa1960bcde134771368da3a
38432.292997,6787.562680,success,565a22f90adb5c5e2fdd265e521d2f657136f16d079d7b7ebe53cc3487e8d969
38476.158578,6743.565049,success,7ef03540b7bc7ccb460d2950fbcd35b411e375610dbaa219fdab6b6fb1d76793
38520.138346,6698.115455,success,f4f48566fa74a831235ab76a7103305d158e7d47e8d21e11a6fdc9cf72cbf7ac
38567.424500,4602.369991,success,1f20ad9afaca4b5eb066e3670d9b49289de7eae4a60e41ff04d997c0f52d3bc9
38606.207298,8562.629152,success,fb74f8b228cc2e17ffa9990f4d3d441249393482548116a4ad33a5025a678761
38650.787072,8518.066721,success,568c8ddb42828b6068c04bfe5206ff4365596f08521b80f2e2c7be3ff7ef8b4c
38693.204870,8475.629426,success,7dae8d525691d0ad0e249e2f62e9fcca730ece3a383d647af093b00b6a9e5b3e
38738.682476,8425.206357,success,def0c06b64ec94aff98d0e356e1f8be2fde2b991118b4f734879ba5153741976
38780.123001,8384.306417,success,655fcfbee919460516d0a4c9cb46d67e50638b32b1689efd826d57cb5c1100c7
38825.589495,4344.167865,success,e542dea4f63f6d80b8472191df23817302adb97d941845acc85b0e1210e1326c
38871.785393,6347.548806,success,8504abfbc5e4637206ff6cd2f30da930155ac5806146f5466d1ae127b4c7d06f
38911.852725,8256.986009,success,0ef993534dc869ccd3e3742600c21dd6863d1fda863de0113b7173d01e10c4da
38955.121735,8211.940613,success,7e96065e653a3fb1c0e46e53f06bb3401624a5c29f5c12fa71162c24e5a5cc74
38999.206982,6220.383703,success,aa4dd4586101333ca61b3fb66376cc38bc80eb037398e17705972045a064222a
39041.399461,8123.581121,success,3bff7c0856b3ac6a0c7486454f75ec3748777eb8d4e8b0244a27f78147e038a6
39084.042625,6134.337706,success,9e9ca860c87f3873cafdb375aa76424849d13634be700b617a966c93d565bb49
39129.572560,8039.258790,success,6e9728f04ace368fdbc87f4606d85a87244120c48531ff38eed043ce7fd95783
39171.199678,6048.268314,success,3ad0b443545ba7ba4e8944a8f8444adb11710055a64e2ce426bd0b1b62b8ae62
39215.199093,6005.882938,success,4e0b0fc714f406412dbb15819e711dd94b0db176055b6e1ab5826e219ed269f2
39259.155967,7905.956565,success,c19709eda0826360b2ad4f0c54b6b72b0683579f1da3df2a06d84dbae7472356
39303.112189,5917.538445,success,bfc049d82a0a45d1062f86f0e7799df7d2fcfe7e5c2c0e8b969987d284dd09f3
39346.103352,5941.822367,success,0db19f2b679002abd3adf968d81a34c979d3733711f4c1348735f3306aa897c9
39390.107085,7775.273305,success,8cf1abfcf3c290db6efd38db9e38b5eaadbf979fef034d760d6d28909f3959f2
39433.091436,7732.154820,success,f2c35a7d5eff489de7e9f8d05d22e6d816bf8fe58ed20f13dd6fcec9daefe1ca
39477.519703,5743.419387,success,97a1d094cc4b0645f5709872a33d51d1f0e7d2a8d9cac51e3bfa281f7e88ee8a
39519.141220,7643.497063,success,84a830b85ec6b7f61da6230dec41066144e7091074b12f91091afc18a83a93ce
39564.540578,7604.305030,success,257a05695d5d77e6c7a15e8f2987a25841fa1f5b10a88309a4c5989e3a39adec
39606.845380,9442.785640,success,b8ec50d31fbc07dc2e6ede564c54f2ac9fe3b316d394282d3dc6d95a39dcf992
39651.006351,3518.732294,success,c9fa8872d28e4b1ee9a824a893e00cdd3a93c575ac6bed38dd7b786146578d7d
39695.863331,7472.779723,success,e2c9b3d08818ddc0fb2286e681768611319c94313d77e0b979b5b9da30b2aa3a
39737.136318,7431.715421,success,ee9197f1e493dfd9453661d8d965dd6718257a61477260c27b78c113405c40b9
39781.454816,5439.767862,success,c826dfdb3107047d108bf0a656843d5c3f711cf72d3b4497f066887fcdd8d24b
39824.121875,5406.369400,success,ea2b784fdbc6f93e8f7ffe0f065581f7077b131c1399268ea27b317cc2557ee9
39868.141687,5350.631949,success,81726ac28995d6435aca2bc0ed1e269eca32afe5c1ba079ace93d89c01c8c6e3
39912.736059,5317.929065,success,fb63c6b1b6f13d3a13b43fc7c19529ea7f80f17886e37b1de885e0986a88e3a1
39954.417960,3215.337377,success,205a7a8f39f42a4300f9d306c65aa1b2869ff0d6b0015a1a32228f05519dc726
39998.177229,3171.565965,success,70eea9a2d12704d9952a7b02447eb275e10d2e231f76845ba1adead30c7cd260
40041.530608,7122.083935,success,a02c10f35d8e811db970ac1bb06ff5569c4ef36b83e52da5a684ed5d0810293c
40084.304710,5137.056491,success,41bce7402171f4d10a0bc129c6a30cd1884c2c3b6e43bc4188d7d87b8312384a
40128.868002,8919.359488,success,74e51a47191e3f97728045534bef5474e1a0fb1c68ae5b0b48af85391f0f4961
40171.293643,6997.547306,success,70481c20db39e71ae3ac913f5ff259b55fba3f2d989b152faaeaa702f45d3965
40215.883667,6952.980145,success,3e371343e05846bcd7ad5881dabe03c626d37869d9d6ab1ebe79bbaec9e65d32
40258.226871,6910.620760,success,b71a36043a296485a39d79ca93dc0b374b49a28d11af402c7b3cda2820524288
40303.188068,6859.744563,success,ddd556bd1909bb3f7a779bcdf6d987e5aa9c12688dd20443658f15129738fa26
40345.313039,4872.294317,success,79ee95d46a884b5317ad88dffce1ad64754a7f6ab1903ae82830c44760571b11
40389.172228,6770.777840,success,e8830dfbfc96ac01b1828da641a227050cbb351d9d0c6eb7e574f7ce8ef433e2
40439.226487,6729.616526,success,ef0f0b3b0c3388149a87a5444d99875bbfa693cb0ebf7519c645192c10126ff9
40476.258676,6686.810103,success,d59060b5cdd125e6f4754bcaa2c8151d7bdae34d1d3c34634173b2f0e674e846
40519.234670,8529.244366,success,91b2842100b05463e3d8a95626abe4a1a3b87fbfe52894f7311f89c8cf3c460d
40563.490259,8486.954393,success,9cbf593d826572914ae2432fa866e742f1d59aea0255e4cb7fb460ecd4b3bf29
40606.134956,8442.854718,success,91b243dc3740646c6d252012d701d5a0aa96737593162e917b475483bc8d401d
40651.229074,8397.509514,success,0d2a99c48ea1388f2369227cdeaa4589803fac11d2244dff29da7ce616ccf7e8
40694.021841,6468.207928,success,24a02f5a41fde5c0fcd00d1eb9384493b1c49b01beff3e46b282bcfe27920b85
40738.644276,6424.563096,success,15d4d76752674dea01fb8245f26e19b8caf6f2d223a062d20a4896291d72d0e2
40783.630209,6378.453683,success,fe800cf76e9c98c9621f671f494f00ce0bd70c4b256ae22151223e8841a80795
40824.193810,10409.292040,success,0e68212d976b5c70aabaf8e6983f9913fe3c9fcfe8b1c8188a7be033289e6d49
40868.265040,8182.568909,success,fce299e81bb97ee194ac125de0162affdc4d398a215aa8ac4af5852d308d5718
40911.926402,4307.140390,success,f0e033f8ceae22d11e47f080d6ad63d9ea3e14fad07675af5d11641992ddc90e
40955.568158,6206.800284,success,b632517ec3d57919c558e838ef7ae0ebee1b81e09f1a26234d298a07a6a25fc7
40998.063811,6166.779601,success,e0a24f28835616563f5ef88574fc0f1964486af1df4e3ed6ef48ea29e75f3273
41042.817444,8008.455598,success,d35550741285e03c987bcaaaa7f1c9d19e3a152d6815e14349ca09608cffc40d
41084.286702,10147.167468,success,cc1741cc5e55285a12c707354f21ff18dfdeff35633b5ef2ec1bf8ea3821a53d
41128.513696,6040.345217,success,730c48911f443932dbf17db2792da35002571084ee8e2cb427788ef6b287dd0f
41171.149054,7880.867256,success,6a50b0b16e7ed8141f813635d18c42a4b720ebd1043247c37ac2274c06eded7b
41216.142682,10015.832225,success,03740d0b002ca83ef965ea8acf7f35a8c6259bce7a38a1e396946eaf168bbbdc
41260.098182,9970.960378,success,037d45bd16d8b9020242073af33163152186468bf9a6c74a2b3631812d319f06
41303.771247,7744.831524,success,fb96c438b4103e96ddaaa9b731b2b1e96f603f5edb6f1db2d29eef8a15d06bad
41345.158089,7704.092650,success,fcbad58b53467466b32618d1a550b077739a7029b114d9c166c0ed685db83fb5
41390.151245,7659.618337,success,4a7753f6fb26904bbbf6da29560058412db096b0923f0d5be7fa9d81a8f3c525
41433.150172,7618.587911,success,1e0828af54cb8cbbd94e6d18586a409c9e454c2f297f8536f2b48bdde896549a
41477.097697,7574.781413,success,febbd56870d12e2311e45ca88cc9118848538a7bb8291a086b3e675c64fa8da0
41520.136340,5648.719888,success,1e96d169309490eae168d2b1b37ed3b7e6385d13909fbb86eb2d5ad9dbfe63db
41569.425108,3651.091031,success,21cbf75caacbb818539edc59857437bfa988117d6df918f6f4aa089700d8935e
41606.938338,3610.540795,success,8d56af1c5cbc0e0755a0c07a8342be0ca766db62c66dcf7bd5299429ee31d78d
41651.517761,5510.986839,success,533c4f3b8e5b0139071081278d5ac0f35fef8dd4eec8eb2d8073528ca950b604
41693.540658,7357.156592,success,cdca3846e090051c7e073fabc02599b4fcea3cadc244945d09eb52bc0ba29580
41737.158849,5425.628196,success,bce79a2b6621bfcb8d0590a7baff72226bc48ca52158bb3e4fec73662b80c761
41781.161708,5380.766970,success,418910efd4e9c4c5df801ffc72608585ba0d75293ba4a46bd9b193dce27851c3
41825.690454,9410.437343,success,19520aa24868266e8ae07ef6ed48b9bf0bfef1a73ea139696ac8e665c43bb83e
41867.128472,7183.443882,success,f89d0ea769b3fd5425b3196dc8929bcc2c78cbc49ff0dc6afab9baa9e1427701
41912.715664,7136.403465,success,be1e962ff897badbc89dc619b461873d172de50ab9509fbc27b6d95ba791be89
41954.149695,7094.717597,success,23fda527eef22489a4e795d81b6e731a85fa1710277dfee1d2f089665daf79ae
42000.994360,7050.432493,success,65743bf241a26fb52a4c2a362b77b9bad4a639e04e2115e141383f6956fb6cd0
42042.170923,5126.694943,success,d9f83954a16e54840ca2d23b67a30ca555a481d60c928c40103a3fc0463382eb
42085.153318,6962.941901,success,392cc7e5d2484925c9091bd20f5f3e0ce1245306e54f332168bd6d43bf2d1bde
42129.099530,9105.016565,success,3239635428f27ab18e3df138e72d64b434737c32d1603cc2e860a42f4a696ff1
42172.383076,9062.379364,success,2a4e0c2bbb9cbd8088ea9c2405782e6386af3b4314f157d3e9bb29230c2f6e9c
42215.622709,9019.985714,success,2854ed816859064d9022502008f1aea8b69ec4af27f28a906c1f47ec090a23f9
42258.990595,4904.352444,success,ceb335af131beca96aa5cf5b905120477821b44f4069e95fdca94bf94f3a0fd6
42303.703099,4860.321972,success,b646e168a5254c3ef6e42e83b1a325bf7dbc393b87607c0dd751576548777d21
42345.496691,6705.470040,success,0d6ce4fe51d8a2d638ef349ad818429e3b02b55ccd0421733e026d44419c4d70
42389.111495,6661.046874,success,2f22c7589b5a21d8725b8785e546022c073ddbea5a2c1c806fa5e2964f8e65e1
42433.683573,6618.458776,success,410a4db44e5f24951402deaabda37f2eaeea7eb258f441678bf8a5a12d42af83
42476.503210,8760.649670,success,e8edd4b5596381c94050026136bcf4e1a0820dc6d1205ee7d7b7ba6ab0ac7546
42519.550759,6531.565255,success,08c0928c8ebfae3537de0f0c986ea5860f4a8c25dee6580ddcab0c34c2c8565e
42563.381201,4600.097675,success,d7039fcc411b32512791a91286095f03eb0eff086a18926ae866e01d56073f23
42606.770457,6441.173245,success,443a5d368ea6b63eb0b13181919c6444a1f2a150da2aabcbca9d3c969d57000b
42650.167499,4513.590226,success,0df3e792946a48bf4f5978b93ab9efec78a9ae24bd2c88590855602b896dd3b8
42694.935568,4473.914458,success,c9d1ab8077d665dfc644feffe127b0723fc33efca3991feda44ed72b2638ca61
42738.201411,4426.094854,success,66e375346455b6e62dbcce7e63cfbd1672ac88ca7fa57994737a5f8bfee08e7b
42780.198418,8453.795265,success,06f9a2d369fc0b6dc45f5df10baae0b9730a3a490d3c13e8296aa82dc77cb40a
42824.519420,8408.466072,success,153c29da7ba5ce6560cd2586bf205ba2e6ce506d26316c97be30296145a2d230
42867.787726,4301.040689,success,9314918a2d585962cbc91601fb409882faeb3cbded5d259a6f5553ee4c8aa6df
42911.264859,8325.748847,success,0b0e459910bc0cd99cafdda3f8de2053e358c043c40cc15303d2a72afd350acc
42954.636752,8276.555702,success,1b68ee81f5ac2930a4b85bcf5b8233073d4128e59709d13ca11f7c3ef8aaa77d
42998.839419,6053.439279,success,35c12023ba591e69ad6fba1884b04953ebd47160cf7795db4d53b96b17f9a824
43041.522897,8195.750942,success,3c144e6530d8e8eabf8fa05ecef2d63e266ca7e245f29d59212379f2e952c44f
43084.575635,8152.317503,success,5c0c380443777337c78a16bd873fe13faf7be27062b3a972a0e3e65838471398
43128.155462,8104.320214,success,17e85d8b4c045b66e6dbf23d6a5fecd121e34ae983cb6d77957cbef97a248889
43172.679839,3992.017707,success,80e3b9a2c24a7d028010974966379477e7bafda18fcfdd5edd1867c4d00a270f
43215.315717,3949.247043,success,1847940fe0fe22b1d7d38877d5ce0f771e5849eb4396d7ad06239795976248c9
43258.103934,5794.424076,success,a2216791145eccaa62adc10c1f7c4c7e53a47188894c61c4ea43c082dcc327c4
43303.109073,7932.768981,success,86de46db1e364090604d5dea7a26bda4c9d8fcbc78137e36152e9a73a296cbb5
43346.108820,5703.267597,success,f6bdd62cf75ec6e677b19051131016664949b1bb893f80621ebecfca516e2c5d
43390.114645,9862.573353,success,8dcc9bbe4191beee39c5cf369b427cda9731974288c4cac63197bbcbadc58004
43433.622495,5616.404295,success,ea4b769867a53c1401b1be160463c0466caf52fbd89d4ac314eb184563416af3
43477.513101,5570.840397,success,4e60517b6ac1bba7b83d472792c3a886129faa9b30a4feb1e07dc2abc50c77ea
43519.159584,7714.075621,success,75b175a3a2f254b960d135bd16017fd8958d7fbac8eeca7f7767f1821f8c8969
43564.143943,7666.766075,success,aee7b25026b250a2d7baf84aaf00c1be77413e7d2507cd8555c60ab2cb180575
43607.362475,7629.027229,success,1c14766f63c65b15bdb75a2365009652e6e3e16af54a1aaa61c28d83dc0dcffc
43650.228029,7584.398864,success,4909702a58c0f46f471a1798a50d1da2131c3c30558ec04ba90aecd1f57256a3
43693.954844,7542.813367,success,705718557563802a5e84dc9983015e3749ebe1c5e5579d5f00bf54851e070383
43738.129649,7494.731317,success,b8f5af7a0897f5b4df8d480113ec3f1124153a8fe124036af6879e10682ff8fc
43782.027298,7455.762118,success,569166aa6cdc0a50f240521f061e54139998bccf95a837e20cb0a55f24a371a3
43825.135210,7410.242005,success,619d673372a8fa4909fc70e14046a9ac85d1c6811d1e8a7bf996b27169f8f149
43868.139175,7363.443368,success,7e35c051e52fc427c30eeb7f9bdeddba41e3f36a16dde9f2aabf980b21d6df89
43912.730308,7317.254166,success,21cc1c1f4380afc0fbaf32fb7109251d60f6aa71c6627ced1801d43125e0a48b
43954.373725,5095.930881,success,de38ea890c163422e79a929bce379eb487000b70b10b9c1066b62e34e878f5c6
43999.540038,7236.726422,success,4c295f57cdec9493f5f60c7f71b4c7f1714a677e5548f0a58303e3c41804bbf3
44041.515995,7190.334376,success,9950ecdc5e49748c96a122845e4ed05018835725a402719fa803bbc21b67c8d9
44084.103661,7147.216865,success,16c050a670dec9d01290e1a4f409a90a88c642141cd5861424eddba545bb506a
44129.116804,9124.870637,success,7adbb833f9c5eff66316a3e945712b008c2b43bd1aa7f5fa6571c2d3eb4d6ae1
44172.143652,2992.017137,success,92fa6fd248c015f7a75b3ea1a08ad81fd67903af58b0996e21b8ff83ca72585a
44216.197477,7017.411717,success,5b63620f7686d99c7597e1d2fb9845fd8edfb8afc958941a4a441c2a51af4ee9
44259.144865,6973.966395,success,ce0d757e678881c751f58f140801c861274dbf228e5d996b6181240ee7a54a63
44303.625839,6928.600374,success,7049f12f4e7b608e65b81fb02777b09340b3848101e148ec037551b2cabbc556
44345.830750,6889.426127,success,930c6822afcb3fdae0094b30c4058543a0c6ec7c88bdb6a9337f8848e6215e9d
44389.909091,4659.593806,success,af77a252853fddaee5158164dd4781961a413e7054f5747cb0aa451f68cfe9ec
44432.240863,6805.412736,success,8d3548a03735aaeda81b819d22cb92b5d39d9530cc787e5edacd2785cfb0feb5
44476.320136,6755.396651,success,b2bd980b57b09b9a24d207a1ea139f94cf34ccda195dd03c6e10f8707a9d004c
44519.413480,6713.317540,success,2fc16b775888906d14212d35f7ad58b3bb3c5dadadfd932d3b87fa7910743214
44563.148400,8691.350059,success,73f1f270cc04f086ebc7091cbbeae652301ffdd0735083db55fd4e6b651d8c59
44607.146790,6626.725292,success,8cbcb541f166935b73d58bc24cccf3bf822860f8f679226fdf38f66b11ede829
44651.756178,8601.973945,success,2d1b41100530235b2311c329907b4004aaaaf88bd2a9793fc33b90603af9b3e8
44693.114855,8559.718969,success,2c8c17962646c57ad8440bad472fb9e552775be00c82459e855eb48ed41eec6f
44738.176921,6496.957814,success,d34b508c1a08a0c79e0e720ff7e4f563053df4412db07143183e7969f14927b4
44781.094422,8471.327972,success,f6af664063ef95e6641195945da86752dc1740ec9bd9557cbcccb283a9e36965
44825.554766,8426.596465,success,123c06c91e8f983a14760687cbfd597221438b60743d69d5649beb7c8b1b74e3
44867.557954,6369.956812,success,a7f77013b182ebc75737e5a2fe8f4b7660f4caf9c80c062034e4e6975d7bfea4
44913.627308,8339.721011,success,0197188c8fc57020ce0b1f1f099a3a0356096cad69db9a5d04744f4cf1019d1d
44954.625742,6279.612865,success,a37737c41e6d7b3493211957eb6c3d0bf3f3ccb03d55eff5d8ce6e5fe5fa01cc
44998.773995,6234.586498,success,2436184c44d161c11b1be6ba207439d3b6b09072808564e8e0cc022f24cb90db
45050.287237,8205.492731,success,f7a3f3b8bd40ddf6bde8d63a3c3b23a87d9acef7df3470ff51b456c84ba22fc1
45085.155282,6151.480177,success,2f711901672179990dd39331802e8e89961875671f8f635add836c3872aa2637
45129.630064,8125.632513,success,60de253dc53d903f890d1d9b127ed17978298a46863c0fb3104e0d13e8a19edc
45171.175474,8083.066799,success,9a646d5c53f2a9262dfeb3690911c96be0580e46b38c21f2b48ac895d29eacc0
45221.774945,8032.848671,success,25c78bc26d4061b0b9333b01a8e93bd1c5314667dc3b86deee2287f95cc8f908
45258.159824,5974.190284,success,eaf24843a21a0829715845de35e40a9ae5a79ca663c287e15ab7dd4017317d66
45303.304847,7949.917794,success,0cdc14f33d144df3746cc2b2658aeaba7ce86747a06fc17530774f84131d6bbd
45345.849882,5890.151936,success,c82a761ab7c36daee00209f7610dc977780fdef14fd86a997c433105c880fe72
45389.264104,5848.131286,success,82b2146bd07d027967827aa5f6a4b243099fbf1a84ee4ce3db3e700dca943d5b
45441.113433,5793.265640,success,315e9b67f74c4fa06c6339ef24f00e3ac324af35c9acd3b02efaee0ae9643589
45477.417439,7776.179872,success,36572b71cc3be4d822b5b076f38dae3dd241ed54dc65fb5011e184e70076a1b1
45519.114577,5712.986859,success,deedc8d2bf5c149002d975c6215b4a87eb74e3662af12f47a7824a1c51557383
45564.899291,9578.405717,success,6fc23d4da8cda2d23415c6943c16886034260b79aae954ef591fa5d364e607f8
45607.182600,7645.782473,success,4f9e3657457cada6b7d8606eb32545579051005e27534a8e2e9639d0ac9ffbc0
45650.616229,7602.858019,success,62e001f11b4822a4cb5aed938c41090825bae68507bf6b4074537d90fc56fe25
45693.151846,3356.749426,success,f2cf8bdea645e382b46a7abe8667e2d7e94f17f0e7be589ea6cd3d3191c8d37e
45738.115415,7515.999708,success,4964f7a866e8f0801bf2b77ea0f0862e4da1f139de09e62fc6af19a7c74c76e1
45781.508406,7475.022014,success,d1f5d7defea377e3ec713d4a9730678b6a35eeb17f6435b9007784e3042c842e
45824.366053,7429.493425,success,929607a042ec0a6428e014fd1082bbde51a73c7af43b72b39d1934a7c15a8660
45867.158476,7389.243741,success,e7855568c23014df03e55377457d4935a85ca3ee5157df143af5c3135f4b930a
45912.282188,7340.010621,success,69904849f039028f6254f2e5b1eee0ecce312245eeb5e817d8dae24e888a52f2
45954.685904,7300.701780,success,51415615316a0548e6eb6e70953b1c018f8d278f96961bacbada9c04f930298c
45998.169838,5238.342508,success,be66d1f9f33e1d85fec5440d03fca6e9a99870742eed6909a1757377587d8447
46042.383685,7211.988655,success,8d4425c2814b2db7744ddc650a56781b2e7f4b3eacf61cc5130f236c3f7c5a72
46085.006306,7170.008902,success,c7fcdbd541cba1a8c571818969f37489d041c16e6f47c5e9ecf633d1da14ae57
46130.387726,7126.906972,success,b9c254094829380fbbace59e545389d06c0aec70d0e9d5e4f02cd46abf339155
46171.156183,7086.259735,success,a7dbc4cd900a6858d0523bed5d27ed9ea65c7e4f3f5b90e5b95cc514838d5dd8
46216.907955,7039.372391,success,978f0eb50c0d4eb5e368f51bff608c9f8519232cad6f245746edfd8c6ba5aa14
46259.592634,6995.170547,success,4881eb9a4be854ff95e560344a477d4b59f24307deae672acc1dbf1b3e1a82ed
46302.135344,8842.049391,success,3ed3c4c748c3771914cb4ebd02afe0a5760e86261b1b40b5b5a8534e1423ca45
46346.133101,6909.777314,success,cd8b71f7f311adc7d0f6c1772ddf23fdf9a8b28aa81e75f653f75b48b1928bab
46390.743991,6866.166680,success,573498ebc3c0b8ba6abd43c3ee2177287febb19abe92073f9213d9a4d76342e4
46432.821850,8710.862567,success,3c0d8c066b68147bdddc7d70cfbc396d7ef4f6dffea22518e4d42bea34bee19d
46477.051898,2575.351095,success,c28d73c774499a81e37c29424b02a2cdeaa1c30bd9f21559899ae6eeea1fe524
46520.579063,8622.856522,success,e1c325262607eb5d5484e467aeabcebeb7c3347a165b3ddbaf3e4170e29934c1
46563.391244,8581.276276,success,7f2ea913aa7ef73e459ee495d7f8e7ac90ded28451ba6a71a8f39add4c2d7dbc
46607.660446,6647.478176,success,ce3c3d6c9ca021c20de31e3631b74d8fb8ea15c900bf6ea1065454cd6b426f4e
46650.473268,4584.028848,success,1bbe561aec0dbd17d3915732e171ed7061571a0e8bda5dcb893a839ca51e1745
46693.407299,4541.481530,success,ff1b101c8d6426e30b4fcb47e848d4ac29ceb2af58494e65eba0ba68193b51ae
46739.085542,4495.925439,success,5486f7b52790294b61566ebbc12c77b9db553b30b6b2b1d2bcd58602ef669b8b
46781.221951,8364.834331,success,0f404627e2c0c41fdc14b8c7e6dda2c7b0c025c4812728f5320da9d0517478d8
46824.177904,8320.624442,success,74dad89252f651463d839161cdd818bf9c1983d510b92f5de7ebd4d6f84473bf
46868.110177,2183.477441,success,50c34069003e648c830475113970b3aaed7ff03f4015d1a1cd81f2abf2883b18
46912.622088,8234.306637,success,d1a1f3ddf31259461f5056a0ed2e205ec08609cc626eaec218b173d5d5a740ff
46955.257233,8190.023068,success,df799f434734aae1c976ababe9ba9b2119d0506825fbdaba95e5c9ece8345875
46998.798955,8147.379358,success,d4f66eb4142d469a06be33f61d3ee41ab1019881f1e94d1dc7d6a00263ce6971
47041.473565,8105.598753,success,2890414d3a0ef2f57a97b381979117989ea1df63dbe7492717ea2d2d3f7e88a2
47084.167060,6173.369076,success,22b2df2aadca8ea37b38b055b4ea5d18c89a1529a1105f4759c5e89fde570542
47129.129846,8015.174937,success,9a695216e64fa69e69e0d3365c5daece27a7d74c38a7c1d9909527c9cda2bd0f
47172.392911,7974.264821,success,e9b6eb820ef31eb9471d9d057b8403a55a6de996b31ec020977065d0aed5346f
47215.495992,7929.425950,success,c51d831d5d9c7182a9028f1c109f629ca207e1c2c924ab2734e99685ec35b243
47258.757053,3973.841926,success,6bddd26813320bce4c0532c23b9fe1555dbe1c08b627a0075182db2c5406aa66
47302.102273,5950.453424,success,76a9b11e8cd6831611df077c6a92e832241373fcf90f5119b8d2639fb692970c
47346.694046,7798.942771,success,81123094b7db51f082933ab67993773ad414c5d32f7c16856666d57e9203e5a3
47389.637735,7776.396578,success,1664150b2010830d8be4e0b063dd041a92c9bfef1e8736ffb30c366222aca794
47432.132844,3801.610945,success,884d7a8180fe7d8a6407e870f63f245069f42e317457d02b9ba0a10bb7ae54ef
47477.145775,9687.301225,success,9d65820066e87745bddf937ce2779fd081d590fc86259c3b244c62a8111a7e08
47520.159337,7625.606635,success,e5f6361c6f0057087cb28c6ade87e6d1ad312976fffcbeb36d4e67c44633c196
47564.104925,7582.433501,success,b047ea4ec0e515c9f6c682900f00f96b580ebb1e07455ae7c53b510fc3ed25c5
47607.163833,7539.626470,success,0bff20e79d6660538b89e429f7e2caa2c4b2bb825b583b831e52d080688782b9
47651.682207,7493.717080,success,74d3ed5e267eb6a4c5d8262d7c1db2c10c9abc4a3f19a6ba0f148982e43f5746
47693.221544,5563.809515,success,1c834f49aa30e17f6fafe5fdc1acf0bed48743ad33194d0709c604f2c82ef545
47737.731021,7407.430135,success,f75cfc0d99f608b8f6b5f8c98372a91d7fa66c065f42efe60497058ffcdcc7f2
47780.746596,5476.424177,success,dfe3cebc7130f189a03af2d75647792fb9bd32701ace61a75f9a95c7e4a79160
47824.726148,9343.671098,success,2c5d7add77c4f37ef35826f77540c1693b9b0ecb7cf58f91e1ddc2679be3ef4d
47867.125977,5389.661921,success,a8164697b57e1e11f0784b27949a3ace07ff6b65118e9f2ca61cb8fef4c9d604
47912.691274,9251.387959,success,e6be083863cc441c6d9846becf6d7e71627557a0175bf47ab916d29c95a70e40
47954.118499,5301.915240,success,de1d683d2159911efcf0ddd2a7244b3cbb1adc1aa183fee72c731a4e6d52d8d7
48000.460348,5252.631986,success,36e5b4e71a5d99be874850be95268fd0085bd67e7aaec0d9f3ac91811110b8b4
48041.189149,7103.850927,success,33a8a6beec3a393e0f5e3a43bb45aab77bf9f92f94ad68f4c56fa04d7224cd4c
48085.147020,7061.151311,success,cb0fc91353381c4349c1f2d3cb74076a05103ed0ea0c06e29654cf7e1a6419b3
48129.227163,7014.334020,success,bc8e1837cb0526677bb7a510e9537b7645697039316a1d0b22bd68b845a46d57
48171.150407,5085.504659,success,4065059c3100a3f5e703e0342e0d2217f9c724c38474713250b7697e8155a29e
48216.789575,5038.101708,success,05287f2e9096d723f7b1be34309291fbf5c06b2914ebc29bd5a7ab163feb0eb0
48258.285961,6885.656134,success,9f739bc91d69cfae334af5db58dfa2f42787b12bc649b9803b676cf810714352
48302.580920,6841.483497,success,46bef09b5a230f2a863fa9f1eec217d8c628ea42ceb90a9cd713ddb26fe28753
48345.527104,2890.223579,success,29b0145c01e39395028fb8f2e367fdf040e9e93a0e8642afae87f9daa4eecb40
48389.036875,8775.289366,success,e7563fd7ab8500c11d76fa75a8905eea63c46b7dfe24f64634287d48b7ae2b0c
48433.501497,6710.923934,success,2b4fb43b3c326db50918ce479346cef9beca7ec528e9ed0ed3acf837031523f9
48477.001700,11203.651769,success,000aa52204d98b1b79ac6fe0bc8d3a0167f861929208d623b98a9ce921480c27
48520.693798,4734.940874,success,01548fe1bbf484a001b7cdc77ba7755ae5c8f03cf96773c87fa29c993cd258f8
48563.151245,8604.298345,success,1a59e6f13e1d0d50e1f8f2e1eb973e71af3c9d785b532af074d80270d637a122
48611.327280,8552.603201,success,c0f7fd4e3ab67e08500920193aebc88b08d93e4493b19948ce26238d9ae9fe8d
48650.790372,8517.485674,success,65ed2839a096f407640858460300fdd5e92c39cda8672a3fe01deac410cb1b87
48693.345284,8472.283084,success,3aae10034f2efe518e0cdc9a6a4817fd9e5640998e275ca746719c0805bb7f0e
48737.142641,8430.774956,success,0d554bb439956040bff1fdf7e66e4e1fb28cf29a2b0b4522305e842413f4b16d
48781.242090,10901.053661,success,b63d479510f89b1ea246e1c4d7bb5cf76fbd4f7834cfb2e445b374a29f7fa6ff
48824.903609,8341.089270,success,b10d7d505af99e9ec1ecc2e91f5e2daa83dcb4a48eecba60e8fdfc0a23e95bef
48867.501782,13038.351049,success,28502eab9955aff767830828ecab32aa5f823453360c38aea6e53d3101df5b47
48918.936443,8245.629282,success,e429b946d999ab9c8a2235603f79247fd1cc4f84789f366a65d8566e2b15606d
48957.953038,8210.951028,success,860352ba0ad54ececf5f3be472b145c2c064f89397a0b62501e84322936701b3
48999.137302,10688.110935,success,928b26a72d82d3792fdd58b239890aebfa451e6adf723fde281a59f520db523c
49042.928918,4213.228936,success,7eeb052efa1f12d8a625b3d9e40ccf033f1a4f2a67b0201dcc78eb38be041acf
49086.013252,8079.055736,success,e95661231b1db0aa36f7719643eeabc3828571868db5ff5724ac3ff54742ae90
49129.566015,6017.798316,success,c28415df3b467889205b377b120248d84371a35cebbaff4f2b50a9f9893ebd10
49171.902773,10511.508843,success,b3043e74f6f01977a1f912d8ca9a6d452b666a5f7d1b8ba36c311d803b84b72f
49215.573750,5931.641438,success,7cb62d633f184be0d7567a3af84811a32cd847d3d2ec3aa35f9155b3baf3fc03
49258.300988,7910.844015,success,b747a5f991b65986a07d8d0389127d559672fae021df366bbc957ee1eeb5d169
49302.758395,5843.660434,success,9f6bbce9abde68485e6e94dd7a2693d4777e3d9b24091e769709dd9fbabdcc23
49345.744634,7822.413419,success,e76f5ee93ef9190ac75966d9bda723ac01bb8c2fca7e1336eecd367264f34512
49389.125972,7779.900516,success,6a687b9fe06d60995666f642c63d8163d0b49736bdb62fec6f5973b6024e007f
49433.153414,10246.917290,success,f861a8c213fa55714fd8db4f0901402c7e8b98dbd86dc0ac8b476d973d092d4c
49479.029720,10207.778092,success,f9cd22cf4549554bbcb113da9cc1d3472b0e1b3c797ae68dd59b8e4672684108
49520.143500,10161.525363,success,5b98ce75dec3ed1056945e8cd783df0e3df33b991fcd197f62952b8cf5c66c24
49564.501870,10116.912150,success,afe7bff3d027d3e2e46de702365ad5020fa40fc90f443a710466d5633bb68d49
49606.107492,10079.801186,success,e9b7939130f5874e8b4ee60a65bc0eb3ea8ec02e23c29f2e68227ace3580cae1
49651.099182,5494.419050,success,cb2b4618a4990e5adca741b3460e7febcf24d26f14020282174cf971e7cc491f
49694.134394,7471.622268,success,a4d022858da9b7b9d88e060e2d4804ad6419454be78f73c80bc37ecba44e70a2
49738.102293,5405.037742,success,c698688d009a04a69fe6723a4cef56aa876f4fa45f130f119feca9a8c60ce1b1
49781.491736,9898.843249,success,8902c14204ac76afad7c64be86723f07ad79487b44289e9e761796ad01e55eca
49824.195238,7341.194418,success,96a6a9844c2ff489a07cdac1536a0358cb21cf1be598b14450866212f63cfb7b
49868.531866,9811.380278,success,a31c6300609ea7e5792a79136dffa0455ca5ab2f89d8feee6405e9eda838e7b5
49913.173372,7253.657926,success,700e1fdf7caa43f5ef3a6077ca1ba4641b211271f676a641d4c01867ea9a8c90
49955.163753,7209.523151,success,c81a21a46612af8eb28e184e6d80424dff31896974b0497755050ee5d9ef288e
50000.039642,7167.257178,success,9407bd80f25f0d3a6aa84fd968b7d7527c2b87c34efa85dd04661002e137976a
50042.263897,7121.941575,success,998355219f489dd2a4332b588379be285cb0159b1e8d107c5f9f3490ccaa21fc
50084.992858,9596.541250,success,67461ed7f037181d7174a8573848e21fbf9d501da5505bb2e9484f54680bddb2
50129.492264,9557.945843,success,98f6f3f9eba685d9d6d37643634d4b3b433d81f3e592539e2a5cfb4fb260aff7
50172.097861,6992.726554,success,fb4d7341ea3e64e2a97c280b4596890528014229aeee8a50a89e88aa33d0568e
50219.553800,6947.393288,success,13962406841ace4fc7e32695fa9b6430fb99b9a3535254fd5f9fa9e3d48a518a
50258.110564,11647.623932,success,e48e7f81e7849a98ce862abfdb43c18c6a13d74c3bb290773e5b21633863a9a9
50307.611710,9367.332750,success,10118ac0cc143dc62dced91f3ae8dc7b0b533724a19d075a780885de04cdf70a
50345.456784,11560.662211,success,e607499e5c07f5bd4973fc9bb389fc35908e129e13c17dcb07df2588b67be239
50389.554650,6778.222922,success,ec036babf307707279418e70cbf9ab778549a1628e8f7e6650c6d7b47660090e
50432.165677,2823.345581,success,6c4403d6f5fd62f5f789cc57412ee5785afb2ff93ef57bd667dacc051222ab72
50477.167255,9204.003494,success,2d151ad9595d5f2f9536d8b0d4fb31ab9d31cdf8444c646068c784ec6fde036f
50520.584430,6645.291608,success,7aa6ddda1fae4de06e5292d0ce0a7cedce3bb688162573abb060ac113ed9d7a9
50563.359679,4602.544057,success,8999adea81d060c4eeec346be093ef52cd0df4b1c20b538d207260aed032788a
50606.130869,6562.522612,success,50d2ceaa32a33fd15f389fcab994a478b29e14596caf3c1aee3fc15104b67ae9
50651.463705,9035.660096,success,2602e2e36ce70026937bee449e6c23b7b10eb2922026ccac6595c1af4eb29b12
50693.674975,11211.697555,success,f0b2a9a39edda60906cebf3bab61a700f87dd3c172009eece4dee1d329d866e9
50737.794982,4406.749515,success,09586637e4379dad88aaf85c4f203205b1d75f1fddc3f189fbc281c854a27a6e
50780.184038,8902.348913,success,29d08cec18430481b2a23bbe99cdd266825efb01dfbea64208647cfb73abf4bd
50824.141176,6343.895627,success,2d1ff4c695f4353b923cc52e288fbd2ab48d0f58bbdd1ddd81de9cb76c2347dc
50872.308403,8810.477046,success,41473ece079b68f72ce9b024499794ede0033609b8207078a00ea3ac5a585aa3
50911.178340,6256.346513,success,c34bbaa26af4de77e9f0d59cd485d9268c101c3a12c5a55d486807c1ba3fab72
50955.783506,10952.158724,success,48880f8516447c7c4dfbf32688b5cdb27e9f20865845090de43fef051cb8555f
50998.585284,6170.200688,success,ef6de10641e0a5131059c607ca18cb11cd56f4edf9aa023c0e4d1bcb8e55d90c
51041.205408,6127.326032,success,879a107f392cfe1a9da4a720038260a7d3902216bd57dce8084f97a03f55d509
51085.125737,6080.141166,success,61614728b7c5ea89bc7980e02056b8a7031fe69a9eaf89988d96101c0106e2da
51129.105928,2122.883746,success,93f4d6484ad020229cddb565b9c5fa9974b3114e0cf6eebcf529c6ebe13134fd
51172.112625,11971.692502,success,18a183a023cf85d1fc026de7b36555c38289a17bcf8616e95721dd7a838b044e
51216.117003,10690.118513,success,dbf141efedc7192c6c2b643bd4301f3e692cb8e9c2cb886d4d6e275c1490a33b
51259.180918,10648.256987,success,d28bba5faa8ae79e8e19151e00e3e2ec088bb22b77d1ca70ac58591fdf2117c8
51303.170878,1954.486878,success,5f6d51ef321ff3e5426bf06b5a1f16d64ad129d446bfe01887fbb4ef215f47db
51346.220696,5820.245550,success,b1b83526cd3349c864913689048423937058bf10993001cd32b02ae3626f5e81
51389.745946,8297.059041,success,fff3a9610df29209e215d4ccbdba106bdc670a5bf96bcb49b70d3761b12cf31a
51432.483943,10475.907589,success,114b721331afec305ad35d02bd35007833e7ad443f086d863a69ab57124198bd
51476.091429,10431.111961,success,2c19aefa5534626206200ca76d86db4e93206abb2bd56470101006f26cca1b24
51520.092961,8162.827214,success,7ead449f974ce10864a2fe66f09ae9720f725438a42af5dafd7e7dc8d3fb137d
51564.098320,10342.255230,success,eac19469f9b50602139d949ffd2de3a66428bf10fb9536c30cbb68f1a94b67b8
51607.136587,10299.707152,success,fabf49fe864f1b8a28f00b402221bbd2b738552840dbf1bbf0e7925ca8325af4
51651.928256,11492.948853,success,46ef61619468d9d1911ddb3fe265b2ed5825f27f908cc5d0654ec7e1e980e1d7
51696.370854,7985.807214,success,2a73a5c10eb0d143eb61d8f20bf8e6746581fb4ef38aa27596789f293e6497ec
51737.104363,10172.487543,success,9b4759b1c7e8c13f7acbe4e92b37ee2bee79114461fb3523054dc48b08794bdc
51781.928534,3361.890498,success,25a3cff9aba34022c1ae4888c39170ad95295085233bb5d09502bcfbe6d592fc
51825.433865,10079.812326,success,dfd31b33eb56e4de1bfb3a991e2c314eb2760b92eb04c9cc169317e15647d6cc
51868.009173,11275.328989,success,a79b2f88b6c37da3af51221cbebb8d1d09272dd7446961198dd3e2d1253a2e03
51912.583701,5253.644264,success,9252ee656ac8c1964d49239b5f9f5092551d28bc4a42cce8b56a3024d005d001
51954.045770,9954.841251,success,58331eee8ee2b5451719481894cf9e9b510d80cb30643cf85789c1e65867d85f
51999.551532,3146.338525,success,a3be38b9cd2ae66ae926be8a9d6dcbb326837aa25565b91cf49c35835332ff9d
52041.223268,9865.253876,success,adbd33cc88f1571eb74ddddd777dc1390dc788361afde349a7ec3bea3ca67b54
52084.195610,9825.257503,success,a8a38da48039376d68fd13339184071a0cd1e579f2b21c278f75fd0eebf15fce
52129.735807,7557.850050,success,469f309b24afe92be13fa4e0a4b169e4118099048c889c4788dafd951f0cbb92
52171.115590,7515.694456,success,7a8258ee9e4e0b6886a6a32a8613879aaf3523ba3c19d9eeaf3d58cc2ac3d577
52217.137140,4950.040485,success,ef0a459be152d47904373f68893daf9f730ae16f251608dd67e345ee2936bf04
52259.724972,9647.595009,success,dbdb4d80bcca1991d3cc7afe983eb49bf6e02b2413746d08c639671f88805b1c
52305.874926,7376.055773,success,378f160cb551e517a7b430a475d52df653c2ab17818eaca368372495509d9510
52345.144479,9562.408854,success,5394769a621496ee9ef3afb72a4b2fa2e1224617af7483701841352941686cf5
52390.130847,2776.027421,success,567608930b921d3a113f466e9dc9a6b4098f43376f99997cf28e4dec5f86743e
52433.084142,9474.000954,success,cb76b147a440db4a5115c2d3fb2855ffcb21ba54b5d4f19f53f7ca794dec7869
52477.129286,10664.123374,success,5ab5ae20fb412e3853fc0ea0f6856768eff2223d5c9efab74480ba33908aaaf0
52520.108120,10622.889086,success,ea0e221ec8db49cddbf32b08526999ec81147a022c7e31275781229a7cf88ca3
52564.113910,7122.688672,success,a147a5daf3e68d34a5361c1aa7363c555d6153d22fa4b50004402ba351ee4679
52607.702869,7073.215833,success,cedb4edbff986a0f63f1931fa39015a936c5dee68bd51c5f57b21bafae302653
52650.142491,10494.484213,success,e0d8a9ae4a8ac50003cb9727c97ae830cdac7cf810f41a4ee02cc22f525c1b91
52694.806167,10449.708365,success,802be30ad73551feac11e4a161445be7567c6f28fc370cbafe76b4fa73d29065
52737.988036,4427.521147,success,5c48eca3c47b7ee49ede19595b1e0894ec1c7159007d21de47216efaf3be5c65
52781.288408,6901.127731,success,016b2803355f06768e159ed17ff42de94b6b776f41d636b37b9bc7b478ad6af8
52824.409120,10317.996745,success,29da5546946ea8373e098c9e4b15954d283fe06f9d880d9a71baf5da1d20150b
52867.560279,10277.431617,success,ea4f304cecd61497af64102a5f85db3ee63c0395c64145e73fff079ed4c6fb16
52911.289965,4255.056544,success,1b5abf2dc4dc055216d50614eae4e5b35fc7b871736e248bdc6ddb846bfe1997
52954.298083,4211.813111,success,15374e737abbe15fcc1432146dbbb83cd529cfb8308f19eeb28a4347fb0622ce
52998.302239,8911.440273,success,74008e82e143f6a53eeb91e3fc8c98cd8da4ce1c636e500901414e78a654dd19
53041.205890,4125.852378,success,d1804557771beda878f5205f075dd6da7f6cbbc4b46ef771c6516842b534625e
53084.740787,8820.870125,success,4d20ec33586d1ba27b95a07189d9d68ba8f5ad62f24055de46267b59529edf61
53129.001188,4037.694854,success,8f01d56f372f5bde7895ced6c292174c9109630f552813d4a5ddc0ed6aaf4b51
53172.348379,6513.772351,success,2bfc7b8f046b71f106c319150b212fb2ff862fcac7a991d4f8f111b899793615
53215.169173,6469.497221,success,eccc5d6adc325936447229b99104bc27a18fd6e288c47013034074bbe99ed6ac
53259.147450,8646.345338,success,71b1ae8dd4f3feadd0df89cdaf33822204347080019c4f7fc0e3b9397622ff08
53303.458157,6383.539184,success,8bf898e68425e45bb9f214c97850698ae49a983f647c3b60fde9d53a634600ce
53345.168065,8563.092859,success,4457ed46e98400fc8bb07fa96f81af6aab8e4c4b19b2abdb6ed37f65ed88593b
53390.147439,1773.845215,success,7bb5cceaa0525c4d9bc225d95a397c3344e63ba31583080aee1959b41e0dcc4b
53434.499545,9709.064846,success,f83159dfa59a25605f2f1399d326d2cf0aeb980f22a04be621400032f1024bd0
53476.306146,8429.678144,success,3aa63971146972198036db0368c2f80e1efc4cf268086a29b9cec3d451752de8
53519.070923,8387.647729,success,bf4624b8f97f40486150b9860ef063cfd414d352af1577f5faa914abc1283cf4
53564.510960,9579.167527,success,f0502ffb83fff4a5b49d3cfbd5f30876eea5e962137eb080ca80576b96d18453
53606.124726,8302.499066,success,1a25a4e1de2ed921d92300028c77ba930114fa88bdaa9b0a593d5d5eb5ae3663
53651.089733,8258.221341,success,b45b0fba18d29ef6101d482591465d326ad9ab6809a1db4da37f01d957de4b64
53694.350150,9449.103461,success,88989b24fdf24ec14fb0969cf7b40cd5cbf566fb0d8558d054d16c9f28f88c1e
53737.131138,8171.886590,success,e9cc5aea21384bd33ca79349973f3efb03b47f0a3ab58d27dc43885b3e47eaee
53781.037127,8126.765188,success,a63fc8df50414812659452f14bd11f7ec7120c8d76c7c479a0c4041a7e10d980
53826.401681,5855.404793,success,53a0458388ff5e0301a46e311c624e05f25bcc81f181dc11301177a95e36c837
53867.892834,9276.869247,success,c787531471cd761c83797c0a849e9e96a3d964d012482932cf4e9d376664d6ca
53911.167237,9229.933144,success,24e62ea1cd3b373b43f79b4cccc1c86a3f61d775c91dc07ff02f63ef04e12dda
53955.170140,3212.473107,success,bcf69a2fb42d5a3bb825eb8b1ca156d5c133adc8a3533601a6fe0e0cc73e3965
53999.122647,5687.139952,success,91ebc53e5d3931d502fddba782982bcd8af7fac54960a195a77d8e9ade6f1600
54042.500466,5637.705605,success,a5b35b8986ac8a150c68ea4786d254b30cc2711137f0b5437f6c42fecdd911b6
54084.144178,9058.492665,success,bcda1828a381222608e86b5031188f8ccf09db89170e79beb2e9e46808262503
54129.540853,9014.609088,success,0df99eb10ad79d31e9ba30374fe5ccd2ae06747156c5b79c2b54922f364b8fcf
54171.093472,7735.871957,success,855ed96053ca30621c09503b018339d94938f827faf3c9a4743c788e71f60abd
54216.635222,7692.510218,success,69830e8b5e12f90f35bde733f55dd17a62c1a867bf55349c63a075b7749eb90a
54258.155600,8885.764846,success,8f129673feebf1ee4d85c23c5921895225a9e942e3712de7d6866e1a9a85480e
54303.153399,7606.727756,success,2a62d0c2a748fd5237854e2908a8063160860a766398917686504cb4638af6cb
54347.535350,8793.947817,success,dd6a8e4ce877844ba14b27df5427dc503a90b4f88c245a67cbadcced56a1ed13
54389.162631,7518.508495,success,e309f01dc3bf12fa09960343506bda83cb95b80d843529b42ac46917d65a3eef
54433.137101,5247.907689,success,deb198fca9bd25623d4526cadfac2d4b24cab6fce91c189256b0b276fc03f9f6
54477.160162,5205.987193,success,de382228682651850b023955c480a34cc1158c909bf313bbaad0490fec3823df
54520.155756,8625.957595,success,976f28c52a3b952d14494dc6eefadec4bf4b23c7adaf3c48a3c9106959f7abfc
54564.125677,10357.892373,success,f4719cce040a2c37d85333f2b8091fe04c1c37717ceb47e358cab6fdff92e9fb
54608.009144,10318.555993,success,f929b4a626c812d2cd680eb977516ea5bd755bc5b20195ec3f07c5061cd517bb
54651.183246,8491.581840,success,674a6611f067247cadc15578413543c6fd144881bd7d39b6c2bdbb0cf815069c
54693.530882,2473.051304,success,83d28574f7ac7cedaf94389edc8d5b8db4c1e9320fedd4eb9defa6a57d6fd0bb
54738.276703,8407.511923,success,18e38558d2ea8b90d674753eea02e860f900daab62a121475b8436053eed4a02
54780.357583,8361.359176,success,8e14be2826ac59474f7b3b3959bcafb2f15b9722798e93e9d3c4f56436a62815
54828.263683,2336.685398,success,7e5752c6ade750087039620b5e9e1bebf0bd16cdabfee5269e7f24753a040044
54868.032021,8274.137897,success,16b79067675fa7ab327ee86019ea180ed09028de73e855427d6a3f0b074d7fda
54912.697389,8228.899433,success,0d4213a168f2bc8e43f383102be156594638c1a9d3ce58d6b5e625839b8c778e
54954.698698,9971.155913,success,d5c0ae25add12ba0d7c51026c9f354528640e3a391c12ed97c51f6ac3fcd1aa5
54998.421189,9926.987667,success,4e8c94b163087b6b4e0704b6ea59f32262b292ccfe5056f4a1154e38592b7baf
55041.848070,9881.409069,success,9e039ee6a6ec141aba95efdca8a631862d53ba8f22af3cceb4a383c69eac3136
55084.119552,4602.630491,success,6fec2ba0101c562d6449e5838c0d5a14e478b749cab714ed07e578ebc5fb78b4
55129.148779,4552.143250,success,e7a6c25264139a226842fb6ba144507b882dd5e56dc30698be28c8810a2798b7
55172.214807,4511.061022,success,5f8c4a4236a2dcc39c3758fe10ff83e156bb923909d8515dba25bccf252c7088
55216.193764,7926.690648,success,3d217918e315758c8fa2bdee734e434fe6e4a9f9cb8d5c02a22cb98af58bd849
55259.865359,7883.245242,success,da1c4f65ca6531e1b6d8f67faca9e079dea0e234b9af1877582fb5ca9cdf36fe
55303.037637,9620.644858,success,38cb7c186dad14b0f6d6ff6073868cf03ac0cf56da2728ecd40555cecc7723b1
55346.106359,7795.264645,success,f4c6424c2bd1e2989228289ba955ba814fdf7cb803c63ed1541a4ff12386bf35
55390.787557,9531.653194,success,5d4137cd6c1973a30ea1ce4d2e8e569d72388e9737eb6ce392547a5238105f49
55432.913463,9491.373056,success,e603dbd60c391aee293fe3ba06fd369a75d3b2366c8569d4af420b166ffe4271
55476.204607,4206.865882,success,ee62d249ff1437d9f6d85e2b5c800af53d243b7ef3bdbd7db7855b79717f4b98
55519.113015,7626.892001,success,9aef26e50e13667e5e217ece93c6cea0410448f00e353c358c40e45393b0d317
55564.139488,7579.898120,success,7f004ad33ae7bbaf387d32e4d495af8d6f56a4449518b66f1f75ab9b73e8f43f
55607.126695,7538.412428,success,b1a9829fc60339b0a01e05993c968b552dc29fc80ef0f9f1a3c24dfe9e7c49d9
55651.101555,7495.244558,success,49c4e5aef13508bb3eae12dd7964ec362d66677eefed0627c18a0a7d4df40639
55694.138307,7448.150957,success,4cadd820408bb1607885663eda7cc0c10c1895850c98bd64dd1f8e45871c7f16
55738.093509,7408.828054,success,0009c9cd8c083b5f6802cae481dee401428a47ed51e93d8fd5d0172a36c8227f
55784.016049,7361.881413,success,beddefd0bc070661217379a1339ce7264b17f9187d1dc2ca70831a94c2788630
55825.168349,9097.395706,success,c01b9bc3f4c62e6054ea54b172f114d5319b85c97b57b0cb66065ceb3319c76a
55868.063161,6037.013388,success,9c762fb780128409d1ee1135d6266a68fdd9fbf7635fbc043b214d3d4f1267f2
55912.187844,5994.405260,success,5483839e3c6535f7ee0fd8def877064958822062a55e0835bb849a3468104b00
55955.163740,3726.891145,success,838ef0cf034d35e6eae8c56460da8642cee1ebf107bfe76e585134b94571244d
55999.508239,3681.013460,success,561f44dbca675ce5d69b91d0a1f1bba4c1ff043728299f11f72342b05ee3d7b1
56041.633944,5867.119223,success,f0f24e70532a02154bd6ef2f81c77eaeb9ee52e3261986f3f8066c5f237be580
56084.136613,8842.768599,success,800e78de989afb8a73d19cf9485418f76f3e20272f9aa40db4da9528655e4b4a
56129.557452,8797.940182,success,5ba2fb75cdba0f6f8ae010b24c1ff122cfa373f4463d137e2deb5b5d34ddc222
56171.203478,6970.633459,success,3ab043a1e2aea971ebbcfb3ef8f0e095373a2a7ae5425dd4606ca0b615ea60a1
56216.124801,6930.326631,success,e6fbaf1200225067c961c6389b4ba87e0a0944b57d127402db0c9eab7ed9001f
56259.494332,5649.015053,success,9f792d1d1ce1ad5b964ce7b23e6a81abb2fb8261f162a9538a05f8e027837117
56302.128120,6840.395148,success,151977d967e85b5b0f3c6760abd30edbd335b26bb5bcefdcaf81ef5a9e057df3
56346.085926,5561.980470,success,971339ec09ec0fe824c2625aca59cb9eff54f8d01885780f9464e04aeb04d0c7
56390.954569,6754.146925,success,f9aa6948138c04c02eeaef245f41137141c60a31d4d0a87c989feb312efe7827
56433.129357,6712.080162,success,6effb3fd36f43a002bd734acc2648762fc466dc79d78c9795d6c83b4f9c60840
56477.152888,3205.500130,success,637ec9bfdbb1b875e180b96b48ef565e4c90381494a9a798a46461ddce3cd571
56520.736987,6626.064649,success,6c7bcda2a27a026880b06dd37929bbed389718d93384725637880b2ccba15884
56563.187878,8359.890782,success,cf37ecf1986a09ea59025b3661ba78bd0d0bb907b6abc94824e0dffaaeaf56de
56606.718815,8317.808240,success,20340470fa8d5e276c14e815f735dba3142c36ee8cd15a4fe3bc2d90e3305b1d
56652.928509,6491.353512,success,893dee011198cc31e394418c41e3eef5a86708170a5ee47dab610b3a0565061a
56694.533016,8228.297865,success,1e43c9c3531d18e02a743737209218cb98c22469a5f587f577418bc5b5552f2c
56737.611577,8188.497145,success,53d097924b5eca5ac5f239878757c516dce50357b657e82aa9f6cd026b857357
56780.380280,6364.936702,success,491a8bfaf492b7b6d8f7d850df8311e799678b1f9081647dc4fdf958ae3903b0
56824.297338,2856.493862,success,285645db03fb040c2b5e3951d011fc78a6e7c597f3ad9ab3b1f4eef5a078c3d9
56867.501847,8056.129090,success,01a868bcfefaf630894cb71d94b954c62d1cacc5a8a91ecec4b7e63ea9575b66
56911.358181,6229.597747,success,dba671fc1898eced576c2ea0faf893f79dad39cbb6b448dfaa1fc1246f573548
56954.825287,7968.930557,success,5b70e8129854686522f8ca9bf6a9f7f2818dc8ac18fa3b25f33a5613d1281d65
56998.194217,7929.816149,success,20fd3c5ce108b2dcaa3016b5bd513986ce4f0690604dba11f796c243db57c6a3
57041.327842,7883.677329,success,f836fa3655fd045ef85eabb0633dc007d22100a779d24057cda44221ad625c49
57084.190402,7841.844831,success,659bdb877890c1e5ce269967d3bb6ea0fdf6a55e9839f760afce85c852dac333
57128.568996,7795.853200,success,ad13c4167e62c1d11eb0089da833f2f5aeb7570da4e89675db315fce0a2d6972
57171.598833,7750.674812,success,faa67ee86835c96a9dafd24625ac0844721006ed1e13dbea36da6fda4289c5f6
57215.112538,7709.614566,success,a3f65c474e3c990d8f05abc61b191a02e5f31ce74709fb4a23c73645294a7195
57259.625737,7667.207488,success,68ee517a75ba56e93456a173bd0372dc56e93b7dcb2334777de0ce27f9e02bcf
57302.038495,7621.859117,success,53bf95aa51251019bc9bcaa6e51bff79d28330e621c7bfb3b36ab5889f2563e2
57346.505877,7580.114816,success,352fc7bb7050c7551a6272700bcb9a44c2726ea7465172816b08f1f08cd384b1
57389.961561,7534.042383,success,2da20e801b939e27efc0a57c8ed30b74796193cf2d316f26c5327aadeb40fc5f
57433.456781,5708.493060,success,0297a874fa760dd2870b3affeddef6f3a44e12d72a3b492e4d5a9e4bb2c42a58
57476.292991,7449.384735,success,0272ca8f1a1b8be3dc533e389dff8821bb90d8e4dcdd38661751844bedda93c0
57524.381947,7397.767623,success,a1e51da06747b1fa363b833548c9a23b1074995411787d654562ca4770cbbc7e
57563.272069,7363.935646,success,06fc583be4575b3148ffceaf691b3baa8d1b3773636b47667cd18a825eb87d2e
57606.108480,7320.868608,success,5a759d1d4fd6608809a81ab78881318055c9e62111ee89be6371c083a42405ae
57651.136414,5493.260675,success,39d2bcb471b84db51125962874c5ceb5b5d108291ae19ddb79c03dfdceb6c4a3
57694.148598,7228.862534,success,daeab32447382bb0ec95327c33f0e8bf73abc426553029e7b65aaf51e897541d
57738.155607,7186.455838,success,576a8fd760374bb4634e0431ecad189d14179cd087910e3cf5d28ea6e6829734
57781.180606,7146.574085,success,b01470989d0810f27db05e0a70b2da762ffac90798b66a5176a4b17dc2742b08
57825.053941,5318.169784,success,a68afe7d5b212d042ba9ffe3a20739e7020e50182183441bafdd0dce89c63b50
57871.993638,7055.260064,success,1804ea6a011adc1aa3836d1ccdd95a3f9172bd3f6d2717c9b20ea6067af94294
57912.219741,7014.459773,success,7d943b7a73dbdab972c986ac2dacdd251fe76809ee0264c33e42bc3a635515d5
57954.761133,6971.450945,success,f6e3a941124e419b7e1e814cb80ab884a7dc76d3d358c57fe824780d32a36f8a
57998.121687,6929.718446,success,1ffe7ba445ade991c95cbfd6f17577872722f624adb51a573510dd2d7f32403c
58042.130058,6882.665346,success,e28eb826086049c7484d1290c318e14af0af2e44852f18491f432da1d6199f86
58085.453902,6838.918821,success,03f5a521a0f97d1e426bcd169cc177b29bfa078d881b9cedf2b11791dbd5abd4
58129.068488,6797.087053,success,3e4aa18e8f006f2a952fb0142fc385f2ea146be6802e13554e8e947ef1b6a4d4
58172.082414,6752.007623,success,e7fdf0c180cb73a999e9e74660d847b4f025f304020d5dbc7ad76cc8d508be42
58216.496635,4930.061319,success,5f2c754de3b531c5b9d39c8237ed4d85aef5b8a54f7fbb520739032181d7c4fd
58258.093286,6665.090964,success,7e2987e504007a2adc8fda9f32b89a2c53d4b97de0e448880a2fb0da41a5a843
58303.996228,6623.327647,success,ec13deba57f51ad148e09efebd3044b018c61c2d7fcac8ead0d7858a94543299
58346.168901,6579.076706,success,cf5b2c3ddd886d5a244b7a24dfbd7fc5dbf6fccb208baef48a400ecdff39f210
58389.317092,4756.347870,success,1b8dff90c9ba9a2faa6cce0754c5f882205c52732deebfacb1281637bb9cf237
58432.157650,4714.522455,success,e7acc89ae8ab4767130fd2d3aa9f99cf59d8a3057ca018ba3f1486bb88a98036
58477.745134,6448.746504,success,8a85dc960c166df9eb0e6fa103a822110e8cb19bf9fd3ca5dfb3153078d0f31a
58519.243008,6406.350208,success,f60f4c80aea69470a951116c5c1f741e2907ccce8051d118b3a98f720254aa84
58563.869281,6364.215696,success,35aecf5e5c7c21cc86fe1b8e37b240e199983077e2dc5a66dce50687ffaa621e
58606.824937,6320.846447,success,24ea3fc85285bfab5193694479ce97343a364fd3c2050a890dffce7aa821edaf
58650.104648,6274.070159,success,14f5dbbbfef24b78aa5fae1e49a9e310502fa5a1b077e2a90c07dafdf7ae76ea
58694.090597,6234.160515,success,714f5a9cc10335df4300461bc4afab0329d3fdd6c68b5232862c3912b6922dbb
58738.355865,4407.071887,success,2cac9313742f1ad9dd91a79d7ae3b95bb1d61c114759780f83abd135d3870d9e
58780.111487,6146.279230,success,6f7e8e3d5551a1ab900b07b644c69288037aa3f606084609b5ac8e1d57fd737d
58825.507979,4316.550198,success,49985efc1b71479ac9c3295bcd3ae25eb83f42e5974a2163187e8f758d13b0dd
58868.205145,6056.017112,success,5f5d2989ca34b2a74005b0e68bd22694a548bb49e428e6c3a1c1f66df4c77a49
58911.220774,6013.717961,success,8a41e21b7c0ecf14450d98585ffb45a42527c81f7b201116b5b68c4a5a666aa4
58954.231304,5971.129982,success,94b10d14fb259bc928cc8a8e109bab3158d56ae0af03e1418bb5de5daf25045a
58998.807151,5927.963907,success,c7b7d11ba1527ebea4b4a770072a44b6cb0fc9cfb8f2e103ffa8bf97ab930670
59041.630295,5885.790514,success,29c653d85b40e600970e91e70f432f70a1c584040b02b4f29682b4a4235490bc
59084.168791,5841.627489,success,7ad86aaa3cc7d76c525a8a2110408959b2a413213c1bad0883c1c38b44ddf0ad
59129.715277,5792.960921,success,716ffb16ade982735007684ea6f5466fa6657a43269d6f23bd2b18e9576eb6b8
59171.527366,5751.931485,success,1f6f6e6544378bc24bb4fb15216df48b4eed93352155e89882c371fa5ae55dcd
59215.611851,5708.236127,success,7319b867eff4bab60771b02aea6f12ec65b4d2d07c18ee458c5e2c532b74bd05
59258.166256,5667.367176,success,cf8e30117d94645a15344464ba906c7ca6be685a72bade826a9ae0d666bcfba8
59303.193879,5622.704575,success,bf2d68dc3db78c88b3b24824e2e3b421ccdc958fa7ec7c5cc40d449e5979fcb7
59346.142642,5578.700462,success,bf68f420fd7ee392ea9f7c15d1ff93ba9194b5afe39f006b623efffaeb193b94
59390.087903,5536.348240,success,c2d4bbfd7c1a49caccb4107dee248f6b9da7d535781aa632f46f08bb4f67315e
59433.434180,5492.515231,success,95c2ec6723cc3f0605ba7747a8fb08e7c928b69b08acbc44aa6a1d79cabed95b
59476.592359,5450.534904,success,d715b66211ddb8fb41d89fc6ef214d3f861103a775455128d5a5228fa0591f28
59519.159779,5408.762330,success,d536c9664ed383a7d652b01bfd74f2c75fd4bdc093a358b85f1fdf4d64843186
59564.124984,5359.214350,success,24b0644886cbf3f988cd7a8830e23a1ce74e7996d08e616e2182d331e3276418
59607.766119,5316.892756,success,9c8dd5d1439296d98a449b3ffaf1a83ea0f9b1510d65085acda1129c0e182654
59650.346093,5277.822783,success,df08c3f9110238fd83e6b8bbba48a9b560a66d23bc89f51e61c9a201e1eedf19
59693.997297,5228.748092,success,b6429743b19bc1a4cc64341f7a3611fd4563da924fb6e5cfa973d9df9c8667f7
59738.486359,5185.037254,success,b2d49b32e829e0e0d3ce19d01aadf9fdc6dc90dc00b3d01ba21bbb6f4a37a79c
59780.131311,5145.010860,success,bb88cc6474779a6aa4d309a54b4467bfa5bc8eb392dc97ba01067aa2c1a6a0b4
59825.127894,5100.329704,success,63711be29c4d66a035a0749c203b6e094ae230c40fbc92072fc7da43c4bcd8f4
59868.112835,3278.109683,success,f9d17f1b7fe4515dc9f7eef46290143c30c294eaffde37c728e33936d4c8c0fc
59912.737613,5014.316491,success,ae2837314f7d8793f0745f4456a3dfd8340a95f573878ef06dac53372e47d86d
59954.147089,4972.182101,success,d2c1ae5edc8d77583d3d0aa55e845bc0785965e0ea4081874d8a927765e4d6da
59999.106842,4928.475623,success,70dd02e1f6ea9af4ea61b4e46a7bcb57e6730fb50d2bd191dfc45b628b0c0d1c
