config,run_label,benchmark_label,block_number,tx_index,channel_header_type,tx_id,envelope_bytes,envelope_sha256,validation_code,validation_name,endorsements,block_classification,accepted_for_tx_mean
sphincs,sphincs-lowrate-v1,sphincs-20-tps,121,0,3,d3714562cf20d1a9a02728dc5b9c404f29eee2b15d3bf4293382fab1486fecfc,19703,d01244d38d9c4c82c1a6727ce6342ec17d122f7c6f613f9564c256283174d1b8,-1,unavailable,2,ordinary_transaction,true
sphincs,sphincs-lowrate-v1,sphincs-20-tps,121,1,3,438099da42c82312435e1187d3bcd9dc75bba5b5971a38c1b17158b0b29632c1,19704,9c41f4c7f9799b7f10f3dc4b2e6aa7249113b78ce25622bd3f27ea141636dfea,-1,unavailable,2,ordinary_transaction,true
sphincs,sphincs-lowrate-v1,sphincs-20-tps,121,2,3,96390c4b022d5580ad94f0caf892e1452ee30f78b00fd82193d86eab7501c65c,19702,6664a79597298380cb85e74ac85eba8cd008fc010bbeb72c3cd5d5081a567b3a,-1,unavailable,2,ordinary_transaction,true
sphincs,sphincs-lowrate-v1,sphincs-20-tps,121,3,3,76045a3646045a6393d84d7881b58cc907fbe71b7e4f7ab783a9c90014a20285,19702,fa78d1437bb75843cff9637cd1370d22abf860862e4f1133677754cf57c225f1,-1,unavailable,2,ordinary_transaction,true
sphincs,sphincs-lowrate-v1,sphincs-20-tps,121,4,3,cbd95e8a04bcff3b1f2e20ddf4a108b00e5f8a48f5eccf7ad850c5eb5ca40180,19703,df05f1a8c275fad7d8d9ede6b887d8667b52a882f30efad89b2d2925bc5c7b6a,-1,unavailable,2,ordinary_transaction,true
sphincs,sphincs-lowrate-v1,sphincs-20-tps,121,5,3,d1c6b7562ee3985879a834c35a2c6fbd51da0ce3500e826cd865b2a738fd67f1,19702,7244e3c6dae783c26ef57af44b6c45e503b07575b55d4067c429ae502d964190,-1,unavailable,2,ordinary_transaction,true
sphincs,sphincs-lowrate-v1,sphincs-20-tps,121,6,3,00b96f97cef6abf4e8c4e8c7460fd08e7d906c0737486677e5b7a9dd52d7ecc6,19702,862cec0b3d29a74ae5fcd941f42169492fda12c4415cf0853b1f13a61fef860f,-1,unavailable,2,ordinary_transaction,true
sphincs,sphincs-lowrate-v1,sphincs-20-tps,121,7,3,0148fc2314129354d486c5f43ffbdcd37bf291440d3b680e20877ad7cb613dd6,19703,acb8b8ce398e11ae4b3556425bf76f7d42c6ff093e4836bee2a8cc6c7fb3ab97,-1,unavailable,2,ordinary_transaction,true
sphincs,sphincs-lowrate-v1,sphincs-20-tps,121,8,3,6474a4076dbc07f85891095b27c3ad03c00e93821e1424e4435499fa1125a558,19704,15161e589a365a6ee9480cb675ea1859b721bad1e1029d4acad4cc4b446fbfc9,-1,unavailable,2,ordinary_transaction,true
sphincs,sphincs-lowrate-v1,sphincs-20-tps,121,9,3,f154dce2b2fb9b33f404ff66b3dc8b6f4e43983f859b29afa22bce2fde3b44fd,19704,3bb9c1da7d289702d5dbfa41dd8447d13312d50ab154606c090d9b27cba59c33,-1,unavailable,2,ordinary_transaction,true
sphincs,sphincs-lowrate-v1,sphincs-20-tps,121,10,3,a849cc1560784a23c2a80a00d625140973622cf0aa3d8e301796eb948eaa5a4c,19708,e12a315627c846c9cc861d2a995ad68f9279b199631deab96c9916a36c7200ea,-1,unavailable,2,ordinary_transaction,true
sphincs,sphincs-lowrate-v1,sphincs-20-tps,121,11,3,7e847aef06e9143a74998d396de180b2b0304de43c2056bade68e74f62a68134,19708,c08eae54b504b654ef231362e8fb1744be522365cb756493725c6df708486f2a,-1,unavailable,2,ordinary_transaction,true
sphincs,sphincs-lowrate-v1,sphincs-20-tps,121,12,3,44dc774a23f80d6081bb02ca45967dd1dd38288e41f380c3fbd10de1e3bf91b4,19707,02644c64f8cccbe9e6636a43373c50823bae3f230185a493bdce2dbc84516b22,-1,unavailable,2,ordinary_transaction,true
sphincs,sphincs-lowrate-v1,sphincs-20-tps,121,13,3,129f776a2f1b9bfd8b03bf7279784076be97815ec0a943c101bdb016b9628c6a,19708,32bc9281dbec2b652588dc13c7daf35e64c65b6b2bda359973ec94047da8be02,-1,unavailable,2,ordinary_transaction,true
sphincs,sphincs-lowrate-v1,sphincs-20-tps,121,14,3,ec051ad78939e1121e2dac8c064f99535b2a1d39b3aa2bb45819edc59b0e3adc,19707,f07d03c8fd0610cfa284cb948a90e5e3c9df1e8f20a77436d35844cceae0d02b,-1,unavailable,2,ordinary_transaction,true
sphincs,sphincs-lowrate-v1,sphincs-20-tps,121,15,3,32163256269fd7723b1ad561d18350796a681a01d4d1c81aa84610189bf17eb0,19707,3f5009fbce2f297fbeb5e495f33804279ee997bb41b1fac2dbb3f4f75cc00d5b,-1,unavailable,2,ordinary_transaction,true
sphincs,sphincs-lowrate-v1,sphincs-20-tps,121,16,3,96b4670330569bf4eed701034dc3a445010d82988b6622534c8fca95cad9176d,19707,7e3b65db52030900babaefd3585310090faa47f715dc0eede8241f023533e4f1,-1,unavailable,2,ordinary_transaction,true
sphincs,sphincs-lowrate-v1,sphincs-20-tps,121,17,3,5b95a1175c14c71948bce632b27a560c1fe182af768dbcb99a3f29bcfc1a6062,19708,e086e2c6aa18c74be4c4f8749e3d868c719a87917e3956bc959a919a6c079994,-1,unavailable,2,ordinary_transaction,true
sphincs,sphincs-lowrate-v1,sphincs-20-tps,121,18,3,fbe94336a7e54fd9fd91d20c8069713f5a1d7a91c7a6cbcc1a6cd5e9a197b1a4,19707,3516256bc0ebcd9b4f7de81c0e66c100245bd9b7562a2933ad68665f303c6365,-1,unavailable,2,ordinary_transaction,true
sphincs,sphincs-lowrate-v1,sphincs-20-tps,121,19,3,6ab380e0af56b83f8b25b617529729b219eadefd418e67f21876f7977bc70a77,19708,7605408e7c13c600df706ae51f7bc5c661014f5928d6c194922f0e70dc42b994,-1,unavailable,2,ordinary_transaction,true
sphincs,sphincs-lowrate-v1,sphincs-20-tps,121,20,3,8ed99b11777e77fce52c9b96883e925790ab8004e261842669154b274f5d8e1f,19708,3ee4b0d668353eb6d160bdc06b75a894ee9ca54307e7b554679f1f4b5e5bb4f5,-1,unavailable,2,ordinary_transaction,true
sphincs,sphincs-lowrate-v1,sphincs-20-tps,121,21,3,e54b5a145b75c23c88f663c38076c434c8558454d07bf3393fdd37c0e99c2138,19708,6d5ea260aa9c0310b86c9e7e311c9195d79549439278f0f25d68c8cabc1ad673,-1,unavailable,2,ordinary_transaction,true
sphincs,sphincs-lowrate-v1,sphincs-20-tps,121,22,3,1cb74b3681f706130a0b27371036fd9d4c46b7addac38b2dee279457ff174897,19707,0d82f19c1f70f01b488b22d60d33d34d5620cb1fbedf203de6ab447a250e999a,-1,unavailable,2,ordinary_transaction,true
sphincs,sphincs-lowrate-v1,sphincs-20-tps,121,23,3,08d7704224542c3ca8d205fb8a86a0bfded51167f0b8a6c94770ab27875072fa,19707,752bd8beef70dd1d9425c36829fb6a9fbcf4b4f2b64eb7500eaaa227fe947e07,-1,unavailable,2,ordinary_transaction,true
sphincs,sphincs-lowrate-v1,sphincs-20-tps,121,24,3,ddb3033708266a1e85b531b3506014847d7b2ffd115297b7e10f4232d7092485,19706,2c5b4529cbab3c40054e01e4ee6fd7052cfe19d6d3b0980abee42c17d7478002,-1,unavailable,2,ordinary_transaction,true
sphincs,sphincs-lowrate-v1,sphincs-20-tps,121,25,3,87a8edbd4654e1b11410deaef97ef99f07ae9ab0cac73c32179872e5cd914f9a,19707,06e3c1c614a6f3210f5613658503a2c3d860e70aaf058d0dbf09b7a4435c60e1,-1,unavailable,2,ordinary_transaction,true
sphincs,sphincs-lowrate-v1,sphincs-20-tps,121,26,3,3e137d46ea836fd41a5b5f1c124eeb74dff5504088bfe2371d35d0f1defeca88,19707,7fe8116c9e586912c472090df1bf89bd6d979c938b248c308ecb61ab46d85e97,-1,unavailable,2,ordinary_transaction,true
sphincs,sphincs-lowrate-v1,sphincs-20-tps,121,27,3,b49083a7fac254da6d353acf3ab601614c5716d1c9bef8af5824b9836181af96,19707,aee51bccf11bd10a8bf6522e0f8e5a8f028c226f9f8cfe3e0699b1aa5d028a8e,-1,unavailable,2,ordinary_transaction,true
sphincs,sphincs-lowrate-v1,sphincs-20-tps,121,28,3,a8c1028ac16ff974634f07b5341cf9d0981a7d596ac21f27e454b649f2d982b1,19706,51995a2459ddeb3eade157ee5026d03924ba7267d2baf86331e0bbcba42a4847,-1,unavailable,2,ordinary_transaction,true
sphincs,sphincs-lowrate-v1,sphincs-20-tps,121,29,3,f07feca43106aadc7ef700acee315782ac123ccb9f409ebde462cbbda8d1d3d4,19708,b21b252d782525dbfdae672adce45060d2092be449d972fb49e7247b9f011ae0,-1,unavailable,2,ordinary_transaction,true
sphincs,sphincs-lowrate-v1,sphincs-20-tps,121,30,3,750b35b45d02aeacf2e23500dccd4a71b56ebea9a1591cd69e0820ea35879ac5,19708,5cd2f353463a0702cd8059bf1ef8ce695ea16800dd0bccdc268ce4d3ef20f21a,-1,unavailable,2,ordinary_transaction,true
sphincs,sphincs-lowrate-v1,sphincs-20-tps,121,31,3,2b8d80d98e161e19ae65fecb27ab417c050433d8a78e8be16d977055881ca857,19708,0942a5a4978327c21619365a07cb7a8a9632994c0648bdc59e97c3e14f6624f3,-1,unavailable,2,ordinary_transaction,true
sphincs,sphincs-lowrate-v1,sphincs-20-tps,121,32,3,a27cb66628311de2f47d0882ab5f338b7326885c9588e6b01992edac440a3619,19707,9e66e7014a59198545a09dd1fbbb24e13a5c3418e3d37c1e031015da6875c398,-1,unavailable,2,ordinary_transaction,true
sphincs,sphincs-lowrate-v1,sphincs-20-tps,121,33,3,7928116d10d10b39bf062758ca5a4d0695a398e956c133b231a2bb80ce9ea252,19707,08e58e44aaa15625b5e149a8df16021dbe38cb8a7bb296deed52aeca5407bf17,-1,unavailable,2,ordinary_transaction,true
sphincs,sphincs-lowrate-v1,sphincs-20-tps,121,34,3,3c7d9ec87dc8465f07ceee848eef0357b8eafd79936c4f6175600a6931377e33,19708,4504dc8e3f4db605d9c9b40b8539941355590319f0d9941a505398974b5211c1,-1,unavailable,2,ordinary_transaction,true
sphincs,sphincs-lowrate-v1,sphincs-20-tps,122,0,3,e18fd55cc7de91ee4680a7bcc7427d08c133856555be3ef284296b2757e013a9,19708,beed1caa28afdc29a7a3ff40d3cdfe3e079bea32b5bd0466abe93133c52f671a,-1,unavailable,2,ordinary_transaction,true
sphincs,sphincs-lowrate-v1,sphincs-20-tps,122,1,3,55297e180e96089293160946a76316d014e004cb5445c4fddc307be43430c5fd,19707,da5eaad11e9bb74778d1de105813036fc7d6bc1d86525ed3d16e7347cd7f7aaf,-1,unavailable,2,ordinary_transaction,true
sphincs,sphincs-lowrate-v1,sphincs-20-tps,122,2,3,aad2127bbd3397bc88f035ce3c76e3fe7ad495fc6f9969bc4c71b508aee7ef68,19707,6e2f7f7d8f65a41822182abeee184f431ea4bf551861b185f121f7fbc9dc0e64,-1,unavailable,2,ordinary_transaction,true
sphincs,sphincs-lowrate-v1,sphincs-20-tps,122,3,3,69f170b0507d096c0061825b5f842341277cc16da839d2b4fc944092616fb878,19707,16664e41989dbf2776a9fd58eec34d7107352ec6096745041a0d7db96da81290,-1,unavailable,2,ordinary_transaction,true
sphincs,sphincs-lowrate-v1,sphincs-20-tps,122,4,3,d7ce0df6efb252764f5d43d2255b06cdc92795896ce1fa7d98be52ea1c53eaeb,19708,be10422ca6f1d8ec2b6914ba463752bbc9cfa098cbd1f5fdca114041bee84583,-1,unavailable,2,ordinary_transaction,true
sphincs,sphincs-lowrate-v1,sphincs-20-tps,122,5,3,445dd30417c548afaf1d70f9afab3abc3d07650fcdac0fc9fcb43cd1fdb7e94a,19707,2a0892c1feade1ec9bbc83339c565da2e973018e0e86df27abdaacdfad888efd,-1,unavailable,2,ordinary_transaction,true
sphincs,sphincs-lowrate-v1,sphincs-20-tps,122,6,3,02be4496e680b2e2d77dbb82efa5f96f80122cfbc4a9a1c040ee6ea6402c6e55,19708,969b799503495c305bcca32843305e5bddb1032d0435b39a318b0a6e49f15d32,-1,unavailable,2,ordinary_transaction,true
sphincs,sphincs-lowrate-v1,sphincs-20-tps,122,7,3,46a975b7028d07652903dd0e66cc292c041585523e07cd01a58a4d5e99563dab,19706,cac7b7425b3873ce8d0dcbd0394786abf32799ec425286d67128603618778f3b,-1,unavailable,2,ordinary_transaction,true
sphincs,sphincs-lowrate-v1,sphincs-20-tps,122,8,3,bdc67a6efe9d96f7dfa26c395ca66295d38fedd617844965e1670c219c18e9a9,19706,71e03dd065615d1adf5bb380363ab78effc366458bc595815c9864e8ce432d83,-1,unavailable,2,ordinary_transaction,true
sphincs,sphincs-lowrate-v1,sphincs-20-tps,122,9,3,db4bf0c9f7c259522d876c69a9e81cbc4db267e8bdde3031e1bb49fade15bd0e,19707,337ded53cb72db775c3374bcaaa44c1bcca21f1807830ea85b77de7c411bf6b8,-1,unavailable,2,ordinary_transaction,true
sphincs,sphincs-lowrate-v1,sphincs-20-tps,122,10,3,141db7e105f1c5b8815fe344e3822dd40c6c04ea7699d8416b95dbf76b9c6172,19707,4d0b98134858850d05867d1f95ff429e9524174f49f8abaaa719e23bbc3956e7,-1,unavailable,2,ordinary_transaction,true
sphincs,sphincs-lowrate-v1,sphincs-20-tps,122,11,3,453d8e57a0e6ce0491918a8581a2005c2a250c16eb4c6a0e45ae2737e72132b0,19707,983a54cc96731d4e9a1f0c613355cc239e562740f8adf8c8fe988ad81f705b61,-1,unavailable,2,ordinary_transaction,true
sphincs,sphincs-lowrate-v1,sphincs-20-tps,122,12,3,e1bb77d001679655939be39eb16810c7534a36a4ddb080c9047a8e1720e323c4,19707,a2a65a6aa70a7638eb54942867a3f3132fa7b0b7195c3965de957ed88872055e,-1,unavailable,2,ordinary_transaction,true
sphincs,sphincs-lowrate-v1,sphincs-20-tps,122,13,3,25808ae8078e7cc2ff4acb2e0fcef6caf3a870d89c04528088667af34a220eab,19707,32553a88f402f2157f2f6d797cfc14a7892d00049a93acfaa831fa0855a517d9,-1,unavailable,2,ordinary_transaction,true
sphincs,sphincs-lowrate-v1,sphincs-20-tps,122,14,3,17164874b8d016803a7748331e74be52d3ffceccf9fb4f0364c652b52eb54397,19707,7fa5b6b72ea6b8bf0380f353191a3481431e05c3c239c1ddcb03ca4823b69dc9,-1,unavailable,2,ordinary_transaction,true
sphincs,sphincs-lowrate-v1,sphincs-20-tps,122,15,3,4a10668180b8eec6d10ab89ff8d167ed657460cbe2dd8fa579d310fcfa30a3ab,19707,905f4ebe6aafd34cfbff41aee77a31354a96c845609c80739808396d43136093,-1,unavailable,2,ordinary_transaction,true
sphincs,sphincs-lowrate-v1,sphincs-20-tps,122,16,3,962a42904499174845d2e9ee6e943bfd9f4d02302c1a98f8b09c272bf3c06f1c,19707,5f783f917c7da1f9819b3fe3bb8d68829c2eb10401b375a34bae5ffe69210b7a,-1,unavailable,2,ordinary_transaction,true
sphincs,sphincs-lowrate-v1,sphincs-20-tps,122,17,3,25d7a8e4fe13fcce3e1b7bc33c3c215326d97f1d0cf28618d05514a03b16b4c8,19707,ccd5cf8dada6018e274745f83154302dd43823f414ae3ef093fcf41d2df8fa5f,-1,unavailable,2,ordinary_transaction,true
sphincs,sphincs-lowrate-v1,sphincs-20-tps,122,18,3,38491fb9efa20852afddd2532fa70facc2d8619e6a01dbbfa5a96f04699a3147,19707,0c4abc2217de5cc7ee3fe984d6be2ff5f8c0e2be7d4150f0a47b3baed67d4565,-1,unavailable,2,ordinary_transaction,true
sphincs,sphincs-lowrate-v1,sphincs-20-tps,122,19,3,d570e397436530f0b7693e41b7dc63f31e5809a12f9f68edeb8302580deaeb31,19707,1fa977ed8a8cb55dc49ecddb33a97feb9dee499350198093305c1ea76cb499b9,-1,unavailable,2,ordinary_transaction,true
sphincs,sphincs-lowrate-v1,sphincs-20-tps,122,20,3,d79e9cbf5590c4d4a32f38becb8e1b3fff50927c9fb7fd09c19bbae9b75ab829,19708,d79be7b0813a9f53bef5a23aa8b719aa115bbeba0a9f67b6c851b8b164e2ca62,-1,unavailable,2,ordinary_transaction,true
sphincs,sphincs-lowrate-v1,sphincs-20-tps,122,21,3,988b39576ff4e34f967f1861e8faa0fb744787836b04e7c338d4694dd57eaf9c,19708,d8f1bbbe659043350cda10944e8d7e3c8437d4a7749f756f31294f170b9e6e00,-1,unavailable,2,ordinary_transaction,true
sphincs,sphincs-lowrate-v1,sphincs-20-tps,122,22,3,461662aeb1bcb92b1de2883af3c2365b40e696c8ed12499ef16856674121fcda,19707,c7c4cdff0f4a1f2a6fd06a53fc2b69cfdb0ff542c64a360e74f1e3a114616ace,-1,unavailable,2,ordinary_transaction,true
sphincs,sphincs-lowrate-v1,sphincs-20-tps,122,23,3,962628013de47db8fad8b099b95962c680a9b56aecc2bacd38b0bfb0b7d08e0c,19707,a76f4216e4e5cf1e8066378bc1d75abb71cb722e0eda8dcaa83ed7643fe89fca,-1,unavailable,2,ordinary_transaction,true
sphincs,sphincs-lowrate-v1,sphincs-20-tps,122,24,3,b56fe7d4b2fbd511ecb8e03dd30847906f043ffe7627cffeca0dcd4e8bc25df9,19707,564f3be18e04038aa6104239d388fb641322f263798ecbefb1115068b9ed0aea,-1,unavailable,2,ordinary_transaction,true
sphincs,sphincs-lowrate-v1,sphincs-20-tps,122,25,3,95a0185867b8b5fd8a0841be794aed54fc4ea692d82a8e412f56d3b9c8056e5c,19708,aba06d8e75ab1e2e3b84cc17c522a9584d5d088358dddf39bd3d064a45664141,-1,unavailable,2,ordinary_transaction,true
sphincs,sphincs-lowrate-v1,sphincs-20-tps,122,26,3,30b37d6428479bf9777e77b78f65520d7a4aecfe733af8ce37d3e21ccd7089d9,19708,745584d620841fa294f0c2bda5cd055a4b75d1f7570e8caa6f8d23ffe47938c0,-1,unavailable,2,ordinary_transaction,true
sphincs,sphincs-lowrate-v1,sphincs-20-tps,122,27,3,1e9066810d294a3e1890bf82602154914aa17e948e16b5269246ff30e370ba2b,19707,a7b973aa445c876d5fb281b16f5e8d7e1be02a49aefe7facb72d07ef9055da5e,-1,unavailable,2,ordinary_transaction,true
sphincs,sphincs-lowrate-v1,sphincs-20-tps,122,28,3,cb8770011a8ac58ad9d7a670eeec43dbafa09091bd26edb31d3e04ccfc6f3030,19706,a607909d7777eb190b05b98c41d9f8a1c67106e9cebf3fbff319fdf1b5e222a9,-1,unavailable,2,ordinary_transaction,true
sphincs,sphincs-lowrate-v1,sphincs-20-tps,122,29,3,37d7e1a366763413c27807b35ce639af2a3808f1b4152a7e496aa89acf5a1ff8,19707,aa5bea0a7aa719ea7f4c78f608edc97deaf1c0efaf54972b67af0546c163c1eb,-1,unavailable,2,ordinary_transaction,true
sphincs,sphincs-lowrate-v1,sphincs-20-tps,122,30,3,0d611ca84d66c81ed428cec125e6ae95058d6e7f9a267bd3827dbefdd043b94f,19707,520a11bbc0641f7b386ab66235b1d5bfbb66edee7f59b0ff1f7a0d163c76d09a,-1,unavailable,2,ordinary_transaction,true
sphincs,sphincs-lowrate-v1,sphincs-20-tps,122,31,3,20ebe7108c53beb011d8302dde9c2223dd196ab806e26fd910d5dbace57b258f,19706,37a1bba2d216e496ed6033d3963e0a37693cbb9ab3350912de015ae211233400,-1,unavailable,2,ordinary_transaction,true
sphincs,sphincs-lowrate-v1,sphincs-20-tps,122,32,3,dc85436a8498728b2c30b55caab4a5ec943e9fc7ceb465c2dc8e17a9b19a25a7,19707,2b1f6ececa0826087a24ae9ed668a892f6958f336748316961c676d5e37eab90,-1,unavailable,2,ordinary_transaction,true
sphincs,sphincs-lowrate-v1,sphincs-20-tps,122,33,3,ff7818928915aca6a09d8a49ecc9fe3242fc96ccfec89599e09ddeb8c416a153,19707,a7bd1ebc7c20437d664395daf7f660872dc17bf70ffde2edd8e975c473b83d21,-1,unavailable,2,ordinary_transaction,true
sphincs,sphincs-lowrate-v1,sphincs-20-tps,122,34,3,0a21b1f093009e3e75b8de83ceaa236cb1acde625923c2dacb98f74d4a1a3bac,19708,81b444450fac58856315aaf91ec42a61fc6cd384f76a4d32ffbb5d03eb2b40b8,-1,unavailable,2,ordinary_transaction,true
sphincs,sphincs-lowrate-v1,sphincs-20-tps,122,35,3,7184109bdbb11dfb4c65c711f408bafe147036ddc4f55982ead394bb201dfdfc,19708,44e431805d6672589f17045666b84d4ce990dc78a016a1588f861aa3012448c9,-1,unavailable,2,ordinary_transaction,true
sphincs,sphincs-lowrate-v1,sphincs-20-tps,122,36,3,ed18b5aa6c370381c84a0d63619c60c6a3759b6f0779f095cfeda71b703e9101,19707,95d2900362df4cc2f4b8fdcb68142fad9c9aa45f539ca276c00c6a784623259b,-1,unavailable,2,ordinary_transaction,true
sphincs,sphincs-lowrate-v1,sphincs-20-tps,122,37,3,9e88c05491999a4221af48145f37ad6dfa61440c81cabf41321352a3076bae02,19707,26d004b330aab2c0d27848e45cdf903e19352ca61aed095c9bbb8b42ecf971b6,-1,unavailable,2,ordinary_transaction,true
sphincs,sphincs-lowrate-v1,sphincs-20-tps,122,38,3,67733a619976627a60b390a1d5a6438be0947d61a246ba7ca4e1677fcd0a6c52,19707,7c85c344ac48a4c2be776ecff301aac2a2ab28e45b21cc8b08b8a775f3f161cc,-1,unavailable,2,ordinary_transaction,true
sphincs,sphincs-lowrate-v1,sphincs-20-tps,122,39,3,f676ceba913c622a379f8ce2d38b2a785bf45e967d25f4623a73d0a5f2011e2b,19707,d5b1ffbb1721b90a8e562cdd50db44a50666297ca90712c29eeb45f944e12714,-1,unavailable,2,ordinary_transaction,true
sphincs,sphincs-lowrate-v1,sphincs-20-tps,122,40,3,5d6fce2b18377e7b19a9bc6f19838b8f29bc39c465485ed2cd5e945cd3784a07,19708,f9b7e54ffba3bbdc3ba3f24621fbf07827bf52f9a87f74b79d152a8f23fa5733,-1,unavailable,2,ordinary_transaction,true
sphincs,sphincs-lowrate-v1,sphincs-20-tps,122,41,3,7c9df50ea9fc693d2b0e4a610fc6078aca6915ed236a0e1ce58d4fa2f19b2f95,19708,9cd2654a42c507d1fbd9a791a8b106eb907a8d4cebad537be985ff281547c31d,-1,unavailable,2,ordinary_transaction,true
sphincs,sphincs-lowrate-v1,sphincs-20-tps,122,42,3,9e9af66e30cd53b52678597b4a09b259348acfb5a02771094f51419fe7a9c13b,19708,b79c9f92c5ff73ec4110a3987a5282e8a8f120f5cb11ff7a4ac5e39dc33e2142,-1,unavailable,2,ordinary_transaction,true
sphincs,sphincs-lowrate-v1,sphincs-20-tps,122,43,3,7637aaaf43674ca32e8d3cb34bc3459049d039adfbd24f0f8a127e17de4441d1,19707,8f12671ff6b994e7e5c7e664111a81ab6757c73c5a3367302529306018dc8f94,-1,unavailable,2,ordinary_transaction,true
sphincs,sphincs-lowrate-v1,sphincs-20-tps,122,44,3,34431f9d00b2dd0366a317257b87595e3c74a0004289e9fe298a9356c89ffc32,19707,16ea79d570e4a558c36b9d712cf6addf3e2ea28940bb909413d379c559975b77,-1,unavailable,2,ordinary_transaction,true
sphincs,sphincs-lowrate-v1,sphincs-20-tps,122,45,3,18e195fca0085a417f98a9651f112511a6b1c2e896916a0006485cabcdc82ed5,19708,4ec6da51696acaab756bc4548eb39fd768f3f81556a529c0750d5d33bee4f575,-1,unavailable,2,ordinary_transaction,true
sphincs,sphincs-lowrate-v1,sphincs-20-tps,123,0,3,eff9a269789ce23756a46de41a945e8856b1967338af35a97ddde4e1edef48e5,19708,eed6a54ffd265484db0f274293e1401f8bf31af1847c954f26ee30935b8ad9a1,-1,unavailable,2,ordinary_transaction,true
sphincs,sphincs-lowrate-v1,sphincs-20-tps,123,1,3,a2dda646cdf9e901cdd0620308b35dcac67d15e39a0247cd0141646424c65135,19707,8de2fcf53a728b8416950ea2830f9ee1f3edbf444591541d2b89e0f45ceccf92,-1,unavailable,2,ordinary_transaction,true
sphincs,sphincs-lowrate-v1,sphincs-20-tps,123,2,3,92a60956417dc133e454a9429faf2a18dc642cab2e6b2d3f43b4e28adc271ff6,19706,a5c052eef5bdb9dc32f71695cc6799debc949e2fb1dd7a54cdde095beb798d06,-1,unavailable,2,ordinary_transaction,true
sphincs,sphincs-lowrate-v1,sphincs-20-tps,123,3,3,6b465c3870c0a6bedea4921943c8da03548dfdb91e7ebd3e7273409096111cca,19707,06e5d183853c1f6923e6edcc636ede097ca0e2c57ae8ac970adcd29477857012,-1,unavailable,2,ordinary_transaction,true
sphincs,sphincs-lowrate-v1,sphincs-20-tps,123,4,3,2743a1b92428f529a3a754fafb499876e39d958de46bebde4b84c4f6ff2270f6,19706,b8eee94cd719283834d2dc0bcd987cb986420ce0b9fba4dd98d905e241ef1314,-1,unavailable,2,ordinary_transaction,true
sphincs,sphincs-lowrate-v1,sphincs-20-tps,123,5,3,b58032dc0cb0a8b156b6ca1a936e9b03491edf98aec1863d2909dc246a8159c0,19707,bcb8bd434c870cce3c3fc25564ca5fafd5a72f278f625593832f3e58d3aa7490,-1,unavailable,2,ordinary_transaction,true
sphincs,sphincs-lowrate-v1,sphincs-20-tps,123,6,3,1827110f6012d36ed43ead1296bd416eab9fa5997cddb7d63da04389410d5108,19707,d98719412e77e0ac010dbbe5a7326aabadde92ec22a6018fa5dc17adfe598dcc,-1,unavailable,2,ordinary_transaction,true
sphincs,sphincs-lowrate-v1,sphincs-20-tps,123,7,3,a378f611cf07d3ded7b60df40f918641cef96eea4771e6e636646e9d72838c6c,19707,a91171bf2bd7fbc7c9e8e476f95613326802bc1d087af5b6529a381616fff8fe,-1,unavailable,2,ordinary_transaction,true
sphincs,sphincs-lowrate-v1,sphincs-20-tps,123,8,3,1f1c1f56d224a85b84d39728824f99526ecb8e0110060530bf25e5d9413c7ed0,19708,e5ae7c6b3822da00ec86c3841fb68a7ae0da01afce2a1ff698fda9dfba35b400,-1,unavailable,2,ordinary_transaction,true
sphincs,sphincs-lowrate-v1,sphincs-20-tps,123,9,3,10e1214949d9f57b52265d7f9cfd97a043b3fc74164e30365954e5d679d5f0c9,19708,cac0c21fdc74cae77c586a001ba5a38a80bf21f56c4eea68bc950ca5c3ea3f55,-1,unavailable,2,ordinary_transaction,true
sphincs,sphincs-lowrate-v1,sphincs-20-tps,123,10,3,143b1c4ba700919733af3e2ae56bf56fbcd4f12bca96e19d4b9a93240a67d035,19708,9275a1e2941fd91dfddbbf01c9e2099dd218053955b8385d3e83068e92d7d7cc,-1,unavailable,2,ordinary_transaction,true
sphincs,sphincs-lowrate-v1,sphincs-20-tps,123,11,3,016a4335b5d7ecac859bdc1f94dd6e51cb20b157d47f6514ebc191daba28c332,19707,a8eb7b43d7383cce55f50f620bd010c0d509519c4c1a5a8e5a02ec3a189d4335,-1,unavailable,2,ordinary_transaction,true
sphincs,sphincs-lowrate-v1,sphincs-20-tps,123,12,3,dde2ad03a62790c22795fb5e4162bc8068dd1681dc6323c323fabfe809193375,19708,5cda7e8fd9be1493b1c5f56caa63ac949b72f553cc2b75772aad5bc41e55aac6,-1,unavailable,2,ordinary_transaction,true
sphincs,sphincs-lowrate-v1,sphincs-20-tps,123,13,3,cc3332a5d8139e94273053471efe5fd2a7bcd5fe47c1280ee0a1ca93e15c23eb,19707,90added80829d44e7528f62401821abaa9d789c58fedd9f300ac2ff654161d59,-1,unavailable,2,ordinary_transaction,true
sphincs,sphincs-lowrate-v1,sphincs-20-tps,123,14,3,07c57bbb88d1254e2efaa03de3bf1601c085455e96d82d3c72d8625e74108c7e,19707,d136e832279ff20b28873acbb648161ad5c757ec95b82469c60905a982748f17,-1,unavailable,2,ordinary_transaction,true
sphincs,sphincs-lowrate-v1,sphincs-20-tps,123,15,3,61264aa7ae9817038b344b0959a434b9087ca23f2d27d55381e544e387df76a3,19708,6a7c954eacf6834ed0ccba196fd4f204a95fb543573e35a8ce539023038aafeb,-1,unavailable,2,ordinary_transaction,true
sphincs,sphincs-lowrate-v1,sphincs-20-tps,123,16,3,63c9bf7bec6be07bb6b9b9185fd91ab775bfe2cc6d70820ac9b4bcbeffdc5f63,19707,b5568b51f5b623f1ee027b1858e82cf9a61da9a1456b549d798bbf80da0c5e85,-1,unavailable,2,ordinary_transaction,true
sphincs,sphincs-lowrate-v1,sphincs-20-tps,123,17,3,51cedb21e9421c30d57174c4449481b5105e0ee15cac310ad85feba1dde3a512,19708,64261d981df44ff827a1565d465e083ff9848f82557ed3e39da248189c03c786,-1,unavailable,2,ordinary_transaction,true
sphincs,sphincs-lowrate-v1,sphincs-20-tps,123,18,3,425e2fcc8093d169d884247172b3883028fb5b452f443d3b993d9707f5fd7cd6,19708,b01aa66ce7975becc446164915f0422ddcdd3fdaaec5a37be295a65dd5502ca9,-1,unavailable,2,ordinary_transaction,true
sphincs,sphincs-lowrate-v1,sphincs-20-tps,123,19,3,3d4e7b4927180df1c07cd5f82f7f7f31ee16e8b46ad8f46f918e432c06367e7c,19711,c98f293f67df40c078e9e8ff14c8976d69bfc1f70bf608e97799dbf551377bb3,-1,unavailable,2,ordinary_transaction,true
sphincs,sphincs-lowrate-v1,sphincs-20-tps,123,20,3,cb8318c3922d663506a83972e310a9adb2075c92e6f67aeb8a6676a2938652bb,19712,23909c2da5c2592e7b273799e20a466e8636c451a0a3878a6960930d4b1ca85d,-1,unavailable,2,ordinary_transaction,true
sphincs,sphincs-lowrate-v1,sphincs-20-tps,123,21,3,0a5c601d3868b41b17caaa6b4519dcd244017022e975aaf5bc1624ca46410537,19710,fdb5cc8d75f1f164176981397d1a35580a0b54c26b291fd8f32ffd89b8435ec2,-1,unavailable,2,ordinary_transaction,true
sphincs,sphincs-lowrate-v1,sphincs-20-tps,123,22,3,2f7bf62b34398c32ce6a2e1169231e3a575f76338b1a813883f0a670b476675b,19711,6919e8ad04bbe43615974d505eaee9bc226aa3ababb8b1ae031c430adbd339a4,-1,unavailable,2,ordinary_transaction,true
sphincs,sphincs-lowrate-v1,sphincs-20-tps,123,23,3,12d88f343c7d9bb7cc7718e719d0df795d3a1734a55b1a371b561177018360fc,19710,79becde6d05115c4963ef5b80af1e22a57f62be48db02a173f465d9f9d1bbf61,-1,unavailable,2,ordinary_transaction,true
sphincs,sphincs-lowrate-v1,sphincs-20-tps,123,24,3,301b99fdaa0afde7ad5edbaf6f068f6aa7526ad3ee76f3a33b38d8225a2b4510,19711,b61e6578559e81283e73376b4fcfa40bcf8957263c62c865a50a74675319b484,-1,unavailable,2,ordinary_transaction,true
sphincs,sphincs-lowrate-v1,sphincs-20-tps,123,25,3,d4249f6e4a5b80b8da5a8f992b26ba73347cfaec9d10ba3a31bf6cdb4e378327,19711,d570b127baf91a0f3cb8c6817c5ed8e22573dc08f2061ae032a2b2a731ffce61,-1,unavailable,2,ordinary_transaction,true
sphincs,sphincs-lowrate-v1,sphincs-20-tps,123,26,3,1fbd31fee76bd16d6fa80c63c6c217abb9a08ccc7854a4c5bd0dc2a56b651048,19710,0b6161a9a4cdf94e6d288d8c3fcb7143860a7b40d96af72da4bf142082476824,-1,unavailable,2,ordinary_transaction,true
sphincs,sphincs-lowrate-v1,sphincs-20-tps,123,27,3,0e4438ab3438e46cc2dadb5a28a27059ada9690245f28061ab58545e4c81e029,19712,8fa62494b469bbb1814180c20ce18868ee674a025b6af40e1433a9ca233ed775,-1,unavailable,2,ordinary_transaction,true
sphincs,sphincs-lowrate-v1,sphincs-20-tps,123,28,3,1d0e44dfa54f57e41e22681a1af52e2da1754ce89cc74a938fbb8348031d1654,19711,816a763d69760fa1f4303a6add88fea77bc5b04b0dd972736974703617610e35,-1,unavailable,2,ordinary_transaction,true
sphincs,sphincs-lowrate-v1,sphincs-20-tps,123,29,3,013b6cf42fc729b39825c3af29eea4e1e55e9d2de7b34be65a0b9f258fabb72c,19712,94913a3005d9cf85683e2fdbdb8a00fc62f07ac4c5d2ee2f6676010bc5620591,-1,unavailable,2,ordinary_transaction,true
sphincs,sphincs-lowrate-v1,sphincs-20-tps,123,30,3,ebf426267140cd53a4195b6df8004e3b6fa08963c0b24d8958801fab046d7a8a,19711,35f6f08500c07185a29e427b6656b29fc9255c90d534b5d4716d12700603d3f6,-1,unavailable,2,ordinary_transaction,true
sphincs,sphincs-lowrate-v1,sphincs-20-tps,123,31,3,e9c7d460ab3e582608024a89adfb48306fe90cfce7caf65ad2ea0896a43ad568,19712,64d051b6e6478665a51d3c186a841a992824eaf382388f90142bfbc0c75cecc9,-1,unavailable,2,ordinary_transaction,true
sphincs,sphincs-lowrate-v1,sphincs-20-tps,123,32,3,91bc7655c5ceb7285636aaba2f93b476e78d7ecb85080fc7f54fcc6b2a64bc1d,19712,ea47c8512b012d90bf3ebb0da205ed33ae55f131013c3bcf2417503d9ad56b7c,-1,unavailable,2,ordinary_transaction,true
sphincs,sphincs-lowrate-v1,sphincs-20-tps,123,33,3,b6b3444a2ce6fdb2795d1ba2f4bc6ad7cfd9fcfbed640a773793276ff44f1063,19712,ee54e529e474792e1594f208a037cc2f8476636b65526b59150c500316dc8a89,-1,unavailable,2,ordinary_transaction,true
sphincs,sphincs-lowrate-v1,sphincs-20-tps,123,34,3,787b33bac1a643a672e0188084c78d0f2b9c91c521c5d3297afdda98394adbea,19711,9d047036aeb655b9c32f00847d20d42b0ca4519c2f722cf2aa5a7a8117344d3f,-1,unavailable,2,ordinary_transaction,true
sphincs,sphincs-lowrate-v1,sphincs-20-tps,123,35,3,6f231c187623fa267b9328805328ba1a066094aa726410ad555eff58982c57e0,19711,72f6e9b2c97cfd91748358b2dc382d6339224ed2d51d766ef484acce384b986c,-1,unavailable,2,ordinary_transaction,true
sphincs,sphincs-lowrate-v1,sphincs-20-tps,123,36,3,7aff79230149887ff7e05a201472c4c46c15d20d5ed3284476d26f59abd0456b,19712,d28380cad8b0b72906e3278d38929c006c8c7f5c8373c68929709723ecdaecac,-1,unavailable,2,ordinary_transaction,true
sphincs,sphincs-lowrate-v1,sphincs-20-tps,123,37,3,dfd3421b6cdf8962bad1ffdd5bf8133b10c5a97f45ddc260897bfdc239cbe7ed,19711,ef47a4334df7de315b3a4ce551aa1ef3791db7baad7dee040aabeafcd9b975b7,-1,unavailable,2,ordinary_transaction,true
sphincs,sphincs-lowrate-v1,sphincs-20-tps,124,0,3,bbc232a9e016822604a085d8bebe509505bebeb950b49f0a0d8f11cf2833e13c,19712,014e53a93c546cc38d84a1e376c21d63e7d909eab57ecd705263e04d37ab24b9,-1,unavailable,2,ordinary_transaction,true
sphincs,sphincs-lowrate-v1,sphincs-20-tps,124,1,3,46ea9b4066c0bf128f2e5a4afc33476f55ef942163c098645d0cc841e80f1c4e,19710,f2ecb63aab5c60b17d1a791456bcb0a0e2b597bc55a973ffeede22af78a225b4,-1,unavailable,2,ordinary_transaction,true
sphincs,sphincs-lowrate-v1,sphincs-20-tps,124,2,3,93b0d37e62824036143229f92b6b93d75ee85e109cf843cf286d2a01e2fe9aa7,19711,51554c1b3429ac9080926ab36f95899e37570773a46fa7354fce675da6994d1d,-1,unavailable,2,ordinary_transaction,true
sphincs,sphincs-lowrate-v1,sphincs-20-tps,124,3,3,21afd825626387e58f259fdb2a6f1d1a684e447dfc702fdab2493d5aa3aa7a0f,19711,0ce577da7690276cbb4e066c17ddf2162f3f500733ee3354ed3e000cdb679143,-1,unavailable,2,ordinary_transaction,true
sphincs,sphincs-lowrate-v1,sphincs-20-tps,124,4,3,a3eb33ea4917d3ace18c179ec11acc99e868668ecdc1bcf53adc9db01165f0a0,19711,0180cb485ad191fbff5ac382698f6eda8ee36b4a13b68dfaea915fc05e246cad,-1,unavailable,2,ordinary_transaction,true
sphincs,sphincs-lowrate-v1,sphincs-20-tps,124,5,3,f1be3403df03f9d26983abb5d3cabd66c08c1afd23c1296ed53e8960566e1706,19711,f5ec894be19f36a56bad84b15ebfc3af0edb865ddc7bc696401543679e9b3eaa,-1,unavailable,2,ordinary_transaction,true
sphincs,sphincs-lowrate-v1,sphincs-20-tps,124,6,3,56e0cb8634ee298f0abbcfd67ae3ed0b56cc04315d3dde4a2801231964bc680c,19711,9cda5114438bd940999fa0ce4e274cfa2618345cad9909253d59c3b4174c498c,-1,unavailable,2,ordinary_transaction,true
sphincs,sphincs-lowrate-v1,sphincs-20-tps,124,7,3,3bb0500d5190b53ebe533fb82dc33344e1de6b66e99a0fb8b087eb0363bd3df7,19711,154b8f5d1f011008f327b6995935c152ef1d6bd4951d6eb49dd3c500d3b2b7b2,-1,unavailable,2,ordinary_transaction,true
sphincs,sphincs-lowrate-v1,sphincs-20-tps,124,8,3,93bab7cb65a831beabf9181e43533ccb66759b625d575b8aa6e2a48d09c0c896,19711,2d4f0bee7fb34fd4732bc262781dc1288f5b29a3dfdcbf4f0aad31885af33ca1,-1,unavailable,2,ordinary_transaction,true
sphincs,sphincs-lowrate-v1,sphincs-20-tps,124,9,3,c9b1bc8850f1d1315014ae9ff1c416a4a8f73d5f50ad444db331fbdc78654f43,19711,05108b7321fd7d4cd1da2f5dfd1829f38157b0a43e466b2fa588472fc9e867ec,-1,unavailable,2,ordinary_transaction,true
sphincs,sphincs-lowrate-v1,sphincs-20-tps,124,10,3,3013c3cf62aed575fac3ad93c4d6b3ab8ff8acf3e183cec92bd84bb65797b356,19711,e4052409f677b075f42f82e51cd0cfe4e6ab7d75989f08ebe10cdf04461493b8,-1,unavailable,2,ordinary_transaction,true
sphincs,sphincs-lowrate-v1,sphincs-20-tps,124,11,3,75abfb105828d69df3867b724a4ea3b8ab3012e7bd98bfddde2831f2e3d7afcd,19711,585cb132745b1fa9b8efefe76c459ac45fbf5b2143933069bc743adbcebad119,-1,unavailable,2,ordinary_transaction,true
sphincs,sphincs-lowrate-v1,sphincs-20-tps,124,12,3,d85efedadd3d4fbd6cfc590d2f8a9a58e5a5c0522df617bb6fc3bbf3095f3237,19712,64231722c4ba0c53005fcd30f0a914ee44545f9dcacf1a43ca784a3623b4b585,-1,unavailable,2,ordinary_transaction,true
sphincs,sphincs-lowrate-v1,sphincs-20-tps,124,13,3,42bc6773d7046973046d0f09346092cc693da5d7de6307f988559f377c4d8a64,19711,da3c802c227059c73b0f40bce445307d72262f0ffdd6e3785f2b5b63b8b0d758,-1,unavailable,2,ordinary_transaction,true
sphincs,sphincs-lowrate-v1,sphincs-20-tps,124,14,3,ced62d139470a783b7d7f8475c0eb73cf77d54b5cd49977ba6cdb6eabe586105,19711,8d4045b7835c15d0debe4cf81363bbb6e9d23cec394a5559d5747bd8b02c721e,-1,unavailable,2,ordinary_transaction,true
sphincs,sphincs-lowrate-v1,sphincs-20-tps,124,15,3,48db76ada64b076c186aeffc17e11825da40db767278a5a2a60db2e200ba4b08,19712,aa3b3ac6f393537a6d0df00a1ac050c6f1c4c4b2d7192f3e69fe6b88e415f2cc,-1,unavailable,2,ordinary_transaction,true
sphincs,sphincs-lowrate-v1,sphincs-20-tps,124,16,3,2369e1c05ac6ae3f4638f8cd45dea246888cbaa2e91d1d14901e14b51d016d0d,19712,2190216cd98c3452cb9e541478c8c254973b3abf86c95a62dabf51c18bc885fa,-1,unavailable,2,ordinary_transaction,true
sphincs,sphincs-lowrate-v1,sphincs-20-tps,124,17,3,62d99a932bff7475deed6b6a982969f4a937790d593ef95de410a71c0f91ad4c,19711,681dd80bea79574ed683702e55ef9ba683cfc209baa96e03a0a0d1cfb5ee5d92,-1,unavailable,2,ordinary_transaction,true
sphincs,sphincs-lowrate-v1,sphincs-20-tps,124,18,3,f1dc5783b6b8e4b824b98331a459b67f8572a69dc151a3e2a57a95364cb8f9ac,19712,2f5acad5a9614916634cc19150c1226b46a73e40a2406c4f67126a40890ea32a,-1,unavailable,2,ordinary_transaction,true
sphincs,sphincs-lowrate-v1,sphincs-20-tps,124,19,3,0ce3dcd08986f2fca2fc4d529bef2c0ddb820ce2b708b311e3842796f3650c7e,19711,01a38684cdaa4b2c7d10c2e70e808b4328da429bb02f92f51a45c07300456d36,-1,unavailable,2,ordinary_transaction,true
sphincs,sphincs-lowrate-v1,sphincs-20-tps,124,20,3,339972498573459e0e1596a6f999f65022f55d4ef2a46b38e0629ef4f42e730a,19711,cb63e713292c0e84bfd467a576fc8ca7dc4f55f3a4f06bc58a06a37162d4f613,-1,unavailable,2,ordinary_transaction,true
sphincs,sphincs-lowrate-v1,sphincs-20-tps,124,21,3,68b3b1d8bbb50a772257d5539f2edc2dabd526f5aa38b201df977f8957caa32b,19711,42a8ed14259b489343f1e846d8a2ef8a6edacf1bf3fcf4a8510aefbf01eb69ff,-1,unavailable,2,ordinary_transaction,true
sphincs,sphincs-lowrate-v1,sphincs-20-tps,124,22,3,4f90ef1339da9b1d098ca3b24b643d968a374a5fb3dfb6c5a7f77f47b2b8e418,19712,465d6cb43f0c30af25683519ec72784cbb88b270da91826535bb09e94439eeac,-1,unavailable,2,ordinary_transaction,true
sphincs,sphincs-lowrate-v1,sphincs-20-tps,124,23,3,9fe38b097d6b53ef63e2bab2e92f6f2522b671e2859e28d440eb9687fb2fa7b1,19710,7838c4754a1545bc53a0cc332ddc34ec13f1272615ac80adae4508d1370d070c,-1,unavailable,2,ordinary_transaction,true
sphincs,sphincs-lowrate-v1,sphincs-20-tps,124,24,3,69f05d3c712ae3092bcbdb97412a412597c4d2842aca8c96602c786887ae8b50,19711,fec074d7338f01410097cb0b315a39ff23eadbad842ced5678bfb306080f1ace,-1,unavailable,2,ordinary_transaction,true
sphincs,sphincs-lowrate-v1,sphincs-20-tps,124,25,3,7419684920c2aaa3457dd9e763f0846ff495af79b7cf0dd2a5aecbe360aeb8fe,19711,08e383bb408d7cabe055bc899b21cd646805f535d3ffd9262dfcd02468b82bab,-1,unavailable,2,ordinary_transaction,true
sphincs,sphincs-lowrate-v1,sphincs-20-tps,124,26,3,b428d25910821cd4ff118374ddbbccf644c83390e4b506c0961055cecac730c0,19710,045cf92b3cef37654447423dfc4d3d5611a32efae3f287d7cbedaaac3f779fa0,-1,unavailable,2,ordinary_transaction,true
sphincs,sphincs-lowrate-v1,sphincs-20-tps,124,27,3,ee79c259b96c6326096d43eb5b05692b8c0e538082271c20b070a7b31ee57d98,19711,27cd633636401781e85e2a65f351a3b0881bc2f1b335076cd85c4ad8ede3aa11,-1,unavailable,2,ordinary_transaction,true
sphincs,sphincs-lowrate-v1,sphincs-20-tps,124,28,3,865beb25a3b32ac7c898ed5df6484017ff851ada60fe21f3c10d6db3d8946c88,19710,a92bfac9b860ea542b19cec9139afa7c1d8e852eac7470cdd8b36182d0b045f9,-1,unavailable,2,ordinary_transaction,true
sphincs,sphincs-lowrate-v1,sphincs-20-tps,124,29,3,bb2723ca6af56664972760e4db965f81d365f88012b40d391b47e3773e8c7067,19712,f1b05f8e5fca5ed97f9e13758a2878b543155a1922b90d1f72dfdc3335598e5f,-1,unavailable,2,ordinary_transaction,true
sphincs,sphincs-lowrate-v1,sphincs-20-tps,124,30,3,af9e3283a21d70fa0c96089cdd5d03ca00c2627196458e4661c9ba0ce45f3a6c,19712,7355a9d3982d0c820df3aa942c59f62fc6f39981b1be4231dacafecac211adb6,-1,unavailable,2,ordinary_transaction,true
sphincs,sphincs-lowrate-v1,sphincs-20-tps,124,31,3,864953ce3bb573d2ba736e8c5a0aebd46a1dc1b184f8710a49946e837a564143,19711,a20b087a59be56c639bb76a96d68c9aef8608b2b5b94f747d60afe148d1c7e46,-1,unavailable,2,ordinary_transaction,true
sphincs,sphincs-lowrate-v1,sphincs-20-tps,124,32,3,ebb8043c6f35b420d576db08ba1fde9fd218a81b971cb1592f928394441b8b8b,19711,b5c8dac6374a61cb50989a3e2c7f43912e6de5c97cd43495df8037ccefa51a93,-1,unavailable,2,ordinary_transaction,true
sphincs,sphincs-lowrate-v1,sphincs-20-tps,124,33,3,11fd175572662fed607dccb74e0f35b2f2218e0735ff59b18792cd4d66819e2c,19712,2daed76250169877b25019dbc1bd78c2d43844f0059344b491ffc104e8f1fc71,-1,unavailable,2,ordinary_transaction,true
sphincs,sphincs-lowrate-v1,sphincs-20-tps,124,34,3,e9025857c9fbc2eb3f3318c5364ec93dfe630181f93bab96e0fb2f144b7f9195,19711,3c6f18f2ab087a00768af80adc1685e789c3f7cf22ac9aeeb0baf2233313399b,-1,unavailable,2,ordinary_transaction,true
sphincs,sphincs-lowrate-v1,sphincs-20-tps,124,35,3,387304f2762d3bc4abe2812dc4a6b83a853bbc8e922923eb21a02c4e8cd1ad85,19711,865ae6ff4b9708b04c42c93158c659e0aad23a3b83f2d4acbf83718183f2d6fc,-1,unavailable,2,ordinary_transaction,true
sphincs,sphincs-lowrate-v1,sphincs-20-tps,124,36,3,a2f772f922e70be25d6d5fcd5ba9accf389253bfa909fd99a6a3c955ae1f941a,19712,a2622a482e42ff4620bb80f68b3cb3d08e6a8a2a5828feb0f9a1d5f0379fdd1c,-1,unavailable,2,ordinary_transaction,true
sphincs,sphincs-lowrate-v1,sphincs-20-tps,124,37,3,f3be67206fd29817f926990da076885249baab72d2410b57d72d7f43deb4527d,19711,afc68353df840a2c2fd0af14a5c214220f167468509724d902bb0a27f0fbd3a6,-1,unavailable,2,ordinary_transaction,true
sphincs,sphincs-lowrate-v1,sphincs-20-tps,124,38,3,ff86ffa6f22dbfd6873b8bc31c1a38d985d5de25d5e5d7958b689c2c9069c632,19711,021c7837d103ac670a58d846183d0827a503cd4a556cf3687d25ac8c495618a6,-1,unavailable,2,ordinary_transaction,true
sphincs,sphincs-lowrate-v1,sphincs-20-tps,124,39,3,4b41567f05a3bb71b2893f5d1bf89887d136ab9c086bd592a86b6c72ee15252e,19711,998c786a700d7e1fb67d107920e7ebe8c1d1b850b792653c9112e0760b7763e8,-1,unavailable,2,ordinary_transaction,true
sphincs,sphincs-lowrate-v1,sphincs-20-tps,124,40,3,dd42f9d9d0ee219d83ecdbb06841111801504959839ef628f4fadd1ab1a42ab5,19712,6954644c7b780852b544bb01a57731378057aed0dc38cfcf4dbaf3386fc61a44,-1,unavailable,2,ordinary_transaction,true
sphincs,sphincs-lowrate-v1,sphincs-20-tps,124,41,3,5e349d26e7faef7d9f81d76305054aa1110b9bba657614db9ba711ef88a614b7,19712,3d080ae62e03e43d55e07b8245a5a69c2cc56ecc3f699094e70c1d20d3b3b2b1,-1,unavailable,2,ordinary_transaction,true
sphincs,sphincs-lowrate-v1,sphincs-20-tps,124,42,3,9df2ce8d8c83cf45e71c2745a8ad1863c3cb797511a4dfa55904ee45a8257be5,19710,5a9a3b72aa71f1d7e41dbf166760bbba9cabab1e26d43463c32c05eb43ff81e8,-1,unavailable,2,ordinary_transaction,true
sphincs,sphincs-lowrate-v1,sphincs-20-tps,124,43,3,d475c7db8c2257a515e85dae5047949268960002908570b6673987c83256ab83,19712,3b95c40df0b7f90c40af4ea2ddc203593d1768b77a705fb693bdbf6a8acb36f7,-1,unavailable,2,ordinary_transaction,true
sphincs,sphincs-lowrate-v1,sphincs-20-tps,125,0,3,1bec2fc2436a251fdb839791892f6b215e89e8600ebaa533136df8147e9f0a2f,19710,69e97a3d9b46335822d10275efeba188b080b5c9ecd0d34bf82416a2fad77176,-1,unavailable,2,ordinary_transaction,true
sphincs,sphincs-lowrate-v1,sphincs-20-tps,125,1,3,a2f7402afaaa7fb5a587f978299e5d05783f5815848fc0a542e675d9e40bc273,19709,12bf18e227e5c131258436c97d2933d625188c3cc1edf5ab32c527eb57edd20e,-1,unavailable,2,ordinary_transaction,true
sphincs,sphincs-lowrate-v1,sphincs-20-tps,125,2,3,50636f3a25579a1acb2768e6e2f2a8df2becda82f8d898f66bac998d8de7c50b,19710,6917ea30551dbc5a31e2122ab0be43a06d1d11355671a7c1c33075e4459c649b,-1,unavailable,2,ordinary_transaction,true
sphincs,sphincs-lowrate-v1,sphincs-20-tps,125,3,3,a629789a4b2d9cbb6be6d782ea83dc7fbd258f227daf599d003411f46454a8f5,19712,fdf1fc23568dae0bff43b2b0cb1fd449edf523205fd65641e00573f848fde4b0,-1,unavailable,2,ordinary_transaction,true
sphincs,sphincs-lowrate-v1,sphincs-20-tps,125,4,3,d2aba2f9cbc55f9b9ff368077cd6384f25541feeec2203aa8eb2ca24450bc637,19711,bc74349e204263fe77dac36b8b17b40bcd017d1899eb47860bc2a88e2c24692f,-1,unavailable,2,ordinary_transaction,true
sphincs,sphincs-lowrate-v1,sphincs-20-tps,125,5,3,e5e19236d6c87b54d7e1b9ee5d9fa12b2f6f83dc4bf58243ea61163b65986848,19711,e295a645cb0b6be6400b7bdee33fbdda7cd9efbe082b3e6d75ab4dc71a461b04,-1,unavailable,2,ordinary_transaction,true
sphincs,sphincs-lowrate-v1,sphincs-20-tps,125,6,3,4d00a010b29cebb2d222ce91c6a6c64b3adcd8aca2efb722a784f21d08189eae,19712,79e5c01eda956f45ab0f419e32805840f22c085feed39456a88a52b92be9ae4f,-1,unavailable,2,ordinary_transaction,true
sphincs,sphincs-lowrate-v1,sphincs-20-tps,125,7,3,d29a97ed80815eaed4ee2060d7ead35b16884b7e37da0f75963b8704336ec3f5,19711,a295bcd3414578dc9b0d077b9ae04109d2fdd7a1c54c8f1e7178149baf68ad73,-1,unavailable,2,ordinary_transaction,true
sphincs,sphincs-lowrate-v1,sphincs-20-tps,125,8,3,4c6f3659aa1216c90fb42569e7aad285dae4bfdcb56a33cb5ad44c352fc466f3,19712,d5f57ad49127ba3f8139cb80b03a3e837a460f49827b295a6c4f30a8043a64ab,-1,unavailable,2,ordinary_transaction,true
sphincs,sphincs-lowrate-v1,sphincs-20-tps,125,9,3,d8a463be79986923f4e789f44cb4c2a4c31457ea34a9d679c3359b06eaf843cc,19712,5a4cf7b856dd7b057f1775ae508ce607b7b2e65193a4a6b369c3c89043085533,-1,unavailable,2,ordinary_transaction,true
sphincs,sphincs-lowrate-v1,sphincs-20-tps,125,10,3,6df61b697ac302e8ba18d7d8445c9ac8a3d5c53cad1780409ffa1e74e7c5cf9c,19711,7562ac6d24e3f5812e77d9345d1764ada23cb3cafe380cfa08470a695277a6c1,-1,unavailable,2,ordinary_transaction,true
sphincs,sphincs-lowrate-v1,sphincs-20-tps,125,11,3,387f1cd7776ec8b877ef291af996f7dcbe5dda22c6f5125cb6e5ad63a55c0ed7,19711,f730f28ae3ec549622ad4605dbd793ca45e241790669e353d55f3adf0bfa103a,-1,unavailable,2,ordinary_transaction,true
sphincs,sphincs-lowrate-v1,sphincs-20-tps,125,12,3,3d25db6bbbe78b2597f87b67d57fed21ce15ea4732138a9c9d1957f29ab7e8db,19711,9e2621553ab3a77bc330a954e17e41f1770242bc75a1acb3c1f4833e40abdbf8,-1,unavailable,2,ordinary_transaction,true
sphincs,sphincs-lowrate-v1,sphincs-20-tps,125,13,3,76912e3d001a205c81219bc590135ebc13c001357ab330ef9325032f8a9d99ff,19711,3219e4b7067a0a180a40b6e38ea8db4e4cfcba4ac73053b56c8cd33cd5936cf3,-1,unavailable,2,ordinary_transaction,true
sphincs,sphincs-lowrate-v1,sphincs-20-tps,125,14,3,b76dcd7ddef5a65492783058092dc392a0baa5600ad234f7c4e1967e28db952e,19711,9aecd7432d0b372c0330721bbca912708117b8b1e68a621de1c69c6f30cbcf39,-1,unavailable,2,ordinary_transaction,true
sphincs,sphincs-lowrate-v1,sphincs-20-tps,125,15,3,ac7dab94dd6174498951e2e0b0ef968eee1e71a3a639caf52118dc4826eb61d1,19712,918597a8d247d1b9e63e3e7ebd98059b57ad9952af17e89e34ffd4aa4245d2f3,-1,unavailable,2,ordinary_transaction,true
sphincs,sphincs-lowrate-v1,sphincs-20-tps,125,16,3,da3b0b1dfeebcde56abb3315d08e78f9be7d2c10d9298576a694f1e090531020,19711,af15a79c3343a9f561bcef10f8e9081ab03fec5d6e4dff9888a1e259b6215908,-1,unavailable,2,ordinary_transaction,true
sphincs,sphincs-lowrate-v1,sphincs-20-tps,125,17,3,6902fcce037a0c5a81cd3698af710ac85ac756c841a34bf648027baa41819cca,19712,926dc6f004ea435b936267dd7f9f8cb9c50b86aecaf930cf3eb2394a5cc48682,-1,unavailable,2,ordinary_transaction,true
sphincs,sphincs-lowrate-v1,sphincs-20-tps,125,18,3,0eea465a0189d855bdd8d33ebd34841e17216ee04d6550aa90add71794f0f070,19710,4449aa4a3eda5fabe7f28cf76a23aa876f33f2e430445282f2d9a780ad837d35,-1,unavailable,2,ordinary_transaction,true
sphincs,sphincs-lowrate-v1,sphincs-20-tps,125,19,3,709bc0d956fbacbc3fb39e95d7cfae001f841fe0e38be178128308c66764092c,19711,dc81b6b4a35266c358bd89574efc8ccc38d7a223801e4950e453146f377c8181,-1,unavailable,2,ordinary_transaction,true
sphincs,sphincs-lowrate-v1,sphincs-20-tps,125,20,3,dc201cb786e68de58d5e7b1cb4004ad2289fc2d342de68eb3119a55e39062c0c,19711,012588f1145f757d73c12b6ea88176e2421f12064f487da6cd95bb22d27d9751,-1,unavailable,2,ordinary_transaction,true
sphincs,sphincs-lowrate-v1,sphincs-20-tps,125,21,3,d7e088ed51d97c8bd3fec591ced49421f8dddf0e8b10424bab71cfb4ce846ac0,19711,cd7266eabf591afb010c9eff5f1c263dd5edfbae33a541bd6d9568d7ee13fa86,-1,unavailable,2,ordinary_transaction,true
sphincs,sphincs-lowrate-v1,sphincs-20-tps,125,22,3,1c75beec8ed6a2d39a13eb97b7efe063728d7a42df192deb04047a4ff0bf1420,19710,674ec7b3a48d0624a241800c73b5edeb611e5f36b7118f49d9c0b1636f5ee035,-1,unavailable,2,ordinary_transaction,true
sphincs,sphincs-lowrate-v1,sphincs-20-tps,125,23,3,cf659d607a1f8c89cfb4483ac13c1c8a786d0f9396d8100c911d9f4094549bd2,19711,54b531c4c505bef707a57f56dc1b913df5a04508e7193fdd0bea721c3453d8cc,-1,unavailable,2,ordinary_transaction,true
sphincs,sphincs-lowrate-v1,sphincs-20-tps,125,24,3,5a9b80d8f0bbb0557333c2435b5de485b42fbdb226bb00fe93d06805c2663f67,19712,74a36d670c24a53458ea405956c1478b1bb9677fc033fe1818573274d7e211ed,-1,unavailable,2,ordinary_transaction,true
sphincs,sphincs-lowrate-v1,sphincs-20-tps,125,25,3,461f2c103919f71903d3bc78ede746175d93f1bb643c373dd530f39e9b24233e,19712,5ab5ee51c6024afb4f4d6931e1b7b869aab2dad624390c10c21b8f2684c3a1fe,-1,unavailable,2,ordinary_transaction,true
sphincs,sphincs-lowrate-v1,sphincs-20-tps,125,26,3,fcb898ded963643150e47a144289aba66e34d13362c28205f1470643ddef9081,19711,da8652cec2ee7d6acc9b867b63b96b4abe8680eadf607ca2eab18c2e891f449f,-1,unavailable,2,ordinary_transaction,true
sphincs,sphincs-lowrate-v1,sphincs-20-tps,125,27,3,1d070c37dc70cc4d8dd4cbecac3554b6bae67f55bea475ad2b63964fb3e2a0b1,19712,91a13229d05d13fe2987db07328ab406dbe4ca0333f4e6e8a1686ae39c9720c3,-1,unavailable,2,ordinary_transaction,true
sphincs,sphincs-lowrate-v1,sphincs-20-tps,125,28,3,1f9d178f4567a081cec51fa70993f9086fa9c85f9f61db60c24f92c54a7e3f97,19712,df99b96e2bbfb8a8bc9f0efefa938b68ed70701ebb43e67746aa8c374fad88d7,-1,unavailable,2,ordinary_transaction,true
sphincs,sphincs-lowrate-v1,sphincs-20-tps,125,29,3,4334999c53daeb3671a1de154737f06b4b4b7f19f883f894c9be8f7838ff6136,19711,b2f156ff485a5f984b9048138223d67385355efd4cc92f90eaeebf428d50cde1,-1,unavailable,2,ordinary_transaction,true
sphincs,sphincs-lowrate-v1,sphincs-20-tps,125,30,3,08d7138e4fe634e46e4021524479627239ff840b863efa3df57343d62e193cae,19711,d90f6961d566c24a45b140695b48d626da956f4f831ec10742be5b27087f9280,-1,unavailable,2,ordinary_transaction,true
sphincs,sphincs-lowrate-v1,sphincs-20-tps,125,31,3,4589f942170ef4bb353535f1dbc6100a2510306b856fb6c8bd19c536db632737,19712,c2ca7d8093e4d583d92e4241dafbcfba1004613c69ae2f95baedb174e07b8bd8,-1,unavailable,2,ordinary_transaction,true
sphincs,sphincs-lowrate-v1,sphincs-20-tps,125,32,3,aea8e48b5ec9f86f08afcec9b20b6eb0023b677569fbf43a46d1a20279681547,19712,a8875bfb3c3ea8c0cf6c458ee55486fda0b1ecc11267a501ea32e47e4d84219e,-1,unavailable,2,ordinary_transaction,true
sphincs,sphincs-lowrate-v1,sphincs-20-tps,125,33,3,279c212c21a2f7912ed8c6a6a630e1b952d378dbc13700194c4ef4bd66a617fe,19711,08ea0553473f2dfd85ab436f88f5ff77a46a55779e71e1592f8f18ef3c79eb18,-1,unavailable,2,ordinary_transaction,true
sphincs,sphincs-lowrate-v1,sphincs-20-tps,125,34,3,25a088d439340e1ea9a1e3ec692d07869ed90daa07dfebdeca0fb972c239f28e,19711,e12cef7a7a7ebd86545fc59ea974cebc7f14873a18f5ff4763eb88b92df4d74c,-1,unavailable,2,ordinary_transaction,true
sphincs,sphincs-lowrate-v1,sphincs-20-tps,125,35,3,850c8f5b0a6fc66beda18f448468fc496dff79f97155daaa24d0291d372ff253,19711,49ea4bfc272638f09603dd57713f1f23400d70b824236e92446e5ee236a470da,-1,unavailable,2,ordinary_transaction,true
sphincs,sphincs-lowrate-v1,sphincs-20-tps,125,36,3,46ab545c1bc41933a7b564b1f560a3f88020c16fe645f20b37a400acca51cb3e,19711,32a5972efce7c014a36c62552968da980f2252a34adc5b2ef3e073732b7e6f6f,-1,unavailable,2,ordinary_transaction,true
sphincs,sphincs-lowrate-v1,sphincs-20-tps,125,37,3,e2beecacd772b5963141c19c4daa08b89607bffd79b8ff1d48936e2989028130,19711,dcdd29e8a955fd86a0565c128c79eb0f13e665b049eae5851124bc0f7c4a0511,-1,unavailable,2,ordinary_transaction,true
sphincs,sphincs-lowrate-v1,sphincs-20-tps,125,38,3,2e32df5e8b67a05c5be8c50f00b429c573a853ef8bf7d12408dee507aa16df2a,19711,4560babbe103fad63e537ee45bdb1cddda8a579fa8de26ac65455f29b38bea14,-1,unavailable,2,ordinary_transaction,true
sphincs,sphincs-lowrate-v1,sphincs-20-tps,125,39,3,0372e2f8bca3e8ff541eef8d964b9c5da1aad6ee2e41d8833210886140d19462,19710,3423a644b403eed68abdc0b4d76f4da573a5315f023d8c69b718ef9323f180d0,-1,unavailable,2,ordinary_transaction,true
sphincs,sphincs-lowrate-v1,sphincs-20-tps,125,40,3,c3f5ff0107c077eb78c6d11965d545654bad7ee1abe0c3d3d4eee00104ffdb75,19710,a9a55daeacfdd8c9ccdffd386f7188c2bdfbe0dbb5d7ba776c6a7718d0eb46b5,-1,unavailable,2,ordinary_transaction,true
sphincs,sphincs-lowrate-v1,sphincs-20-tps,126,0,3,acf17fd6b3c3984c85fd3d042c1765d97aafaf0fca0edfe835fa8e2b5933003c,19710,48ff3dc82964fa5b16c24e3cc2b156681b281cf71fd4f31325cc89ca7379df23,-1,unavailable,2,ordinary_transaction,true
sphincs,sphincs-lowrate-v1,sphincs-20-tps,126,1,3,c06c4e90bb901b6e1b55a6646f21f13e93e928992d6c7cb93bac3620d6cc3a2e,19710,732b255125263848c76b7942d2c8ef4f27592910b5e07412afe9440b0ba92dea,-1,unavailable,2,ordinary_transaction,true
sphincs,sphincs-lowrate-v1,sphincs-20-tps,126,2,3,041d7b1811340a7ff6a8854e337ef8d8d81b74ffc024e56445d1ac9d05630e83,19710,ad42a8b6ea570bb4a7700c6dc9277616c99d135d7adaeb9447003968f8959383,-1,unavailable,2,ordinary_transaction,true
sphincs,sphincs-lowrate-v1,sphincs-20-tps,126,3,3,14c31182bde3afb7b6e15298c337d2e7aa254104aa683c65d50c5e26b35d3ed4,19711,fad4ea45ae60dcae2f80e92b90acd24818788fdbf10f8ad5184ad85870a0b3a4,-1,unavailable,2,ordinary_transaction,true
sphincs,sphincs-lowrate-v1,sphincs-20-tps,126,4,3,e5b3bcdbe6b3ac7dbff9f45640718daebd021e0ed28531e7380c9a0dd3d6bc62,19712,ed4bf5ae760b63638b7e41ddfe01c6ce8b8bfc788275f24765f77b3450b10cf4,-1,unavailable,2,ordinary_transaction,true
sphincs,sphincs-lowrate-v1,sphincs-20-tps,126,5,3,630cecbade941d3f1660455cc671f5b31e8365ccc79b2bec726774c5c1ef0d11,19712,e899cdc2e9ec740b4b7d251998f14afe18e67ffd3dd862782cce6273e4777eb3,-1,unavailable,2,ordinary_transaction,true
sphincs,sphincs-lowrate-v1,sphincs-20-tps,126,6,3,02e1681b13bc90f8ee3a711eebb872e9c67b24ba034d6ac364e25a326d3eae41,19711,a53c1fc704979c9b47789e0f0f42e651aff9ab2a60e2c7505c7b6f95c173fbcf,-1,unavailable,2,ordinary_transaction,true
sphincs,sphincs-lowrate-v1,sphincs-20-tps,126,7,3,7c66c4be91164fedbff1f05ef9b3fa892a6aecac26384aaf24c8f9846bf6965b,19711,510e48dd3ee09a9c05a4cc5a717ac1a673ee31694167ddf176d56e5c6bf64cee,-1,unavailable,2,ordinary_transaction,true
sphincs,sphincs-lowrate-v1,sphincs-20-tps,126,8,3,b3a8c134fbba24baa60814c63e078242a84c555d671990797d51cd1adfe19074,19712,184d6a637c3a5eed7c032402f9269beb4c02a7714f9d09900f8e9b4b7aff7c53,-1,unavailable,2,ordinary_transaction,true
sphincs,sphincs-lowrate-v1,sphincs-20-tps,126,9,3,cbb08e91750e79f70d922014e26e4a2d0a2edd78298b1a386c3c62ebdeb1547d,19711,19c8e22340faaf7cbd2992c3d545420dc6b02788b164af17eb88f3c3754b0cfc,-1,unavailable,2,ordinary_transaction,true
sphincs,sphincs-lowrate-v1,sphincs-20-tps,126,10,3,ba7860c561ec64720bb7cd5b645d26173f27c6307bb0f910ae51b1d17e8273b8,19712,e4e644f3c5a70aeeb7c78e47ae1a9ede85c9245c7661139af0d78be9b5bd48f5,-1,unavailable,2,ordinary_transaction,true
sphincs,sphincs-lowrate-v1,sphincs-20-tps,126,11,3,55dd9b4e1ea886e2a412203231c76eac3aa63c73819695ae1b10a6bd15bec8a8,19712,b4ebabf902ea20801c27348d044f3650f774432374cbad9d5efa883fc8f1b1c2,-1,unavailable,2,ordinary_transaction,true
sphincs,sphincs-lowrate-v1,sphincs-20-tps,126,12,3,8e7690660f95ed52d5f523fb024f62ac83ae17cff9ac7b5d65c8e9108e2dac43,19711,0b8ee5425494c1d2d192ab417ebd65ac8478f69309f546b2fd08c3e726bc4154,-1,unavailable,2,ordinary_transaction,true
sphincs,sphincs-lowrate-v1,sphincs-20-tps,126,13,3,5ef66dec8f1e21c224472db338dee13d0cb7bffe6fa526427123004daecdeab3,19712,bfefafa9656871ea9df40e6db089389d450948c403afdec80a95804806fce575,-1,unavailable,2,ordinary_transaction,true
sphincs,sphincs-lowrate-v1,sphincs-20-tps,126,14,3,f2a552928ff62a0283f8ba9763b1c1a443df5f428226d7872a5d196dbb0a6373,19712,b589cef42d79e9c7fc560c6c98845ebe5e56512511f957306da3786759c14f26,-1,unavailable,2,ordinary_transaction,true
sphincs,sphincs-lowrate-v1,sphincs-20-tps,126,15,3,107bf5ca4319415832b1fd6c811c7466e6d8707fea92fd88f249720828c79621,19712,66174ddec931b3f5293cef334610a9bcd733ad2fd3dfd7eba3a9ccf458267765,-1,unavailable,2,ordinary_transaction,true
sphincs,sphincs-lowrate-v1,sphincs-20-tps,126,16,3,3cc7eece5b819a009fbcd27eb2bb7ac444d1e44f7a9eeadc79294843f2d85faa,19712,e8ed9ad8e4c1b0700ae13a6e576de5e713bd8bd415db8dbc8cd7c31ea18c99aa,-1,unavailable,2,ordinary_transaction,true
sphincs,sphincs-lowrate-v1,sphincs-20-tps,126,17,3,50ec35472e8a4d3a7e72405e7ac67cd3beeaff9eb3e1eb3d7431078da723885a,19711,26edb4a53ede084be4e1515d4714bad739983c75213659b68d088edc16a9b27e,-1,unavailable,2,ordinary_transaction,true
sphincs,sphincs-lowrate-v1,sphincs-20-tps,126,18,3,3045abf960cdec1531b874f2e7847883ac95bc2b4b79a615fe4622863c62f4f5,19710,7f694c8ce70c8bbfa4e2448052a86da8063ea08c222bf88603edeee5e3b6e7eb,-1,unavailable,2,ordinary_transaction,true
sphincs,sphincs-lowrate-v1,sphincs-20-tps,126,19,3,dd1c7097025c31d38174a4d421e33df3ae6a1a39b25773f1364d6f60d80f9db2,19710,40d235d7a3dd0a4fbbe88b0c09fb78acb85924816b138e7453aef02d35008794,-1,unavailable,2,ordinary_transaction,true
sphincs,sphincs-lowrate-v1,sphincs-20-tps,126,20,3,b8419d5d8ef50a03b38b13c6576407944ee48bf497b5f160b1f795eae4fae51b,19711,be1ad09b706e8e2f365fb3c5b857d65b57878b7e3502458ec112ca8e58a9815f,-1,unavailable,2,ordinary_transaction,true
sphincs,sphincs-lowrate-v1,sphincs-20-tps,126,21,3,25b49790b15929abe550ea42cc5226bfb0467d95faa2ca03c7578c1707267501,19710,ae3dfd750d0b6efc91de5b2d589d108933a729e739901b0ba78cbd538ec4b48f,-1,unavailable,2,ordinary_transaction,true
sphincs,sphincs-lowrate-v1,sphincs-20-tps,126,22,3,6423ca59583b89508985160c61a22b5bd4790efef031134e7fe602685c434db3,19710,b5fcc15361121cd9104e5e151b39bbcde3689f7244db7e4bfb96fd315454f4d4,-1,unavailable,2,ordinary_transaction,true
sphincs,sphincs-lowrate-v1,sphincs-20-tps,126,23,3,885e13fd64c40f91a50972e1a3f67475eb695cb62f5cc9623ac2ee3a20813727,19712,9ddd8ea05fcb2aceee9c960e405a8ae3efce2337c1ff609df042bd057fa5119b,-1,unavailable,2,ordinary_transaction,true
sphincs,sphincs-lowrate-v1,sphincs-20-tps,126,24,3,a2a86e10fb68f1398c560d8e5b8d70735f66e16ec90038071a071dc2695ae0cf,19711,69721acbb63921d89fe6262b73ced6d9f2867d699852ef314afeca0221c66701,-1,unavailable,2,ordinary_transaction,true
sphincs,sphincs-lowrate-v1,sphincs-20-tps,126,25,3,29f7dc438eb65bf88017975d0fd5d9c133b805e4ab845a1fe621fe52358d0d78,19711,05f996541bd5a5240953b2b0b3dda3546f0830e34553e0393823e0636514392d,-1,unavailable,2,ordinary_transaction,true
sphincs,sphincs-lowrate-v1,sphincs-20-tps,126,26,3,e65a12022de8db7b157f5231a217ff40e1cd58e5a90b8ef2550689ec0226a256,19712,95bb978bc46980baaa235ac995ca6f7b6cb07fdf4cabe3fd8497d644ff912964,-1,unavailable,2,ordinary_transaction,true
sphincs,sphincs-lowrate-v1,sphincs-20-tps,126,27,3,b9c73f2698656e9e57114d3e9a9fbf5f83f6ea94c3300c284ff7d22298fc5e6f,19712,dc9bc2bdf0a1cadbfb0f8c4a8f90de6897fc31a4b0a1b439e19ff7b6123be33b,-1,unavailable,2,ordinary_transaction,true
sphincs,sphincs-lowrate-v1,sphincs-20-tps,126,28,3,77315856b8df5bb4e701568fa8fa107fcd499f334c0fe41095b681b1e4f482df,19711,8ed7066f5ddc3123386218cfe83e922964484da4eb9139c564302dad562bebdc,-1,unavailable,2,ordinary_transaction,true
sphincs,sphincs-lowrate-v1,sphincs-20-tps,126,29,3,6bef629d1b978417872b4fb289cb9302c834ba65772d8193922d8da31a865cdf,19712,26794d7bea1b297cba64171592f296e76ece62248d97c8911ac78d5e22bfb7c1,-1,unavailable,2,ordinary_transaction,true
sphincs,sphincs-lowrate-v1,sphincs-20-tps,126,30,3,10eddf1930040a4f7b97b8b7dd3d22a73d57d057437d3c1d3d4691d699d33956,19711,d07fc79e805eea5b6a90ab0eb6aba2b78bda17f15f64fd4472e2e66d525c1539,-1,unavailable,2,ordinary_transaction,true
sphincs,sphincs-lowrate-v1,sphincs-20-tps,126,31,3,892cfb1b3e94847e225bc5f0cc64b464fa29f1828f2d974aabad59a1097ce161,19712,af12a5e9b8f97022c8593003dbb21990c87da63d4e4c9f34b822a924db8b0e24,-1,unavailable,2,ordinary_transaction,true
sphincs,sphincs-lowrate-v1,sphincs-20-tps,126,32,3,a604fdd56e998f4da2f48123e8c25b56aaa206e7f9c67e69823993773050ad78,19711,a9331115cf518f4c77215b08855e49226b5de10c8947fdd0fbf5088ac1cdda14,-1,unavailable,2,ordinary_transaction,true
sphincs,sphincs-lowrate-v1,sphincs-20-tps,126,33,3,be708c1315618cc31cffb88b07cdd64fc26d71cc6a3f3807be8a6735c8e8b508,19712,22a57774307b80664840ed4f96d87c26f88f85f0f0031e9e94dc9c6b3108bea2,-1,unavailable,2,ordinary_transaction,true
sphincs,sphincs-lowrate-v1,sphincs-20-tps,126,34,3,6fb7498440bbe7c194b2dfb3c1414b55ac4a4b0dee298a267efe5486ddb275de,19711,6c6417e33c464b73478768a797d8a3eacdcb31dac123179cd1eb2b2dcee3cfc6,-1,unavailable,2,ordinary_transaction,true
sphincs,sphincs-lowrate-v1,sphincs-20-tps,126,35,3,a4f61f01543245423b81c6c1bbeb04b4d9f71edfc8e2541736496a463aef50fa,19711,96847ad36767a76d12a0fb9ab161611777a5d6d978ec37e08d0931094c33fd3d,-1,unavailable,2,ordinary_transaction,true
sphincs,sphincs-lowrate-v1,sphincs-20-tps,126,36,3,8fb874b39af5f279da8804dedae4fa6c918fe7320a1e278ffd4cd2ee78105a73,19711,6e853dbb4f381072e4df9450ad9e2b8531cdab9106b8e487f26585764ba3e4f6,-1,unavailable,2,ordinary_transaction,true
sphincs,sphincs-lowrate-v1,sphincs-20-tps,126,37,3,93c94591e2c20426ae9d74901e6c08a5624344a3ca44fb5ce1d30b881afcc3d2,19712,3541dadcf87ad0e1d22fd64069988941104aabefd5662d623cf871c0170f2256,-1,unavailable,2,ordinary_transaction,true
sphincs,sphincs-lowrate-v1,sphincs-20-tps,126,38,3,6b4e6b0111ce0049a1a29b319ca3c8020bf1027bfa541c92efb043b20ff8b815,19710,8813736364f14cae25c93b9580523bc5d3f51cbd1a8d2307dc9a537f61099f9e,-1,unavailable,2,ordinary_transaction,true
sphincs,sphincs-lowrate-v1,sphincs-20-tps,126,39,3,9a466008d9c61768e1ac8e11acce88ffbe863858b5e17b52874888e3ffd427c8,19711,892bb5c201fc81bf98fff57ef9e7d8afd11697ecf870caa48a82e3f39164514c,-1,unavailable,2,ordinary_transaction,true
sphincs,sphincs-lowrate-v1,sphincs-20-tps,126,40,3,ee2339151b05ff4d9a2ecec2cc43d5c28f2f7bf378e399ba7d00116a391f2368,19710,cd8141ffcab5f990a5af00c9c78e248311ffb37d7e8e7ccbde0df3fc4ea4ce93,-1,unavailable,2,ordinary_transaction,true
sphincs,sphincs-lowrate-v1,sphincs-20-tps,127,0,3,14bd10879d699d507950c40512a95c52053e32bdf59c9c1d1b27740c2a97b3ef,19711,c1847c2f7231e9143f53b04d72bc47d9c0a375c30827b02fbe8f0bf37305b5de,-1,unavailable,2,ordinary_transaction,true
sphincs,sphincs-lowrate-v1,sphincs-20-tps,127,1,3,04d357467ec020dc5747648f023a9051e8b22f2bc4982cdf6a7146bc23f3235b,19710,c039368988dcf4c49cc84d6d76904c671990f9a9562a426c262677b811233716,-1,unavailable,2,ordinary_transaction,true
sphincs,sphincs-lowrate-v1,sphincs-20-tps,127,2,3,67381c44abfa5a62d66b531106a83e10d5b70fa8462626178eeabce95e257ee2,19711,26787bed4d40f07a91a41531d39c84fc19e6371f8301b726bda1d15abc52a9ba,-1,unavailable,2,ordinary_transaction,true
sphincs,sphincs-lowrate-v1,sphincs-20-tps,127,3,3,637c3d8326d36107078ae2198a37428f5f49bbcbb2b3c8d4a025999694951892,19711,b8bbc32ebf47bf23ba2cf85486882a829856bde4ef3ffefbc97cac3f91b941fa,-1,unavailable,2,ordinary_transaction,true
sphincs,sphincs-lowrate-v1,sphincs-20-tps,127,4,3,9e78c7dbbff814cde8210730bce68b7efbd95a565bf0abd44311f00e4093d544,19711,fa48e4b647c468732aeac24040aea7d5daf536ce0a1bad9f4d3633dad3c3968b,-1,unavailable,2,ordinary_transaction,true
sphincs,sphincs-lowrate-v1,sphincs-20-tps,127,5,3,f1b3364d9edd7d90ef0a7572256c72260709880080166d78348149754e4c9c19,19712,c50471b3a8d7eba35ac5644205d87627ef2c9b3446ab473d70bed58045139698,-1,unavailable,2,ordinary_transaction,true
sphincs,sphincs-lowrate-v1,sphincs-20-tps,127,6,3,2b033c2fcfaa7b094239efd588c35df51ae826b9772d976223381b4ff2f25e37,19712,e3738f361151f9d35e6c8237b1ee2182e7594e6a2ac628c325d02be9e38f2098,-1,unavailable,2,ordinary_transaction,true
sphincs,sphincs-lowrate-v1,sphincs-20-tps,127,7,3,692005d8249dd95fb4b50da63707c90f8e470785b4bd9f7e38a4b8f026e039fb,19712,d1b2de541cfcae1c42feafc898f95dba1a3483b9cba9a5c67d65475ca57a96f9,-1,unavailable,2,ordinary_transaction,true
sphincs,sphincs-lowrate-v1,sphincs-20-tps,127,8,3,43e8bccadc79891b269a4e2ea8d7763c802169b2f1f090e347b6887ed7fba87a,19711,30da5477dabc7e064ecbdce245f459a32276216f6decbd15248a876f12d30ffd,-1,unavailable,2,ordinary_transaction,true
sphincs,sphincs-lowrate-v1,sphincs-20-tps,127,9,3,33218e247f0871be4a2b76b12981e197d2333637225a503a7d2e08d177ce7596,19712,8d636c5022072b7d4a9b557c22bb3fd09b4ca2664b922ff952c80455126dd03a,-1,unavailable,2,ordinary_transaction,true
sphincs,sphincs-lowrate-v1,sphincs-20-tps,127,10,3,56f935c518c07c03830da62ec2fb678713ce1d8f6338dcaf0e62ccf67b0f4a23,19711,7424891408ecfaf53bb27d390e68040960d6867d8536445b1c1b8d219de5d222,-1,unavailable,2,ordinary_transaction,true
sphincs,sphincs-lowrate-v1,sphincs-20-tps,127,11,3,6e1c62b69220438e49d6b6bc3a0e433366f1e74ce33cc1d393c60b47b57f6624,19712,faa06c93c406d1d888cf4a992bd859e1bc7546197b6cefb91fb89ff795205f80,-1,unavailable,2,ordinary_transaction,true
sphincs,sphincs-lowrate-v1,sphincs-20-tps,127,12,3,9e3eb8458f71d6e13dd09257cbb223f8d2714f26a52344ae5478d3c333b64ce5,19711,507b3b49394de60c65426f3919a85216713685fa976636c4858b60ec3b640f26,-1,unavailable,2,ordinary_transaction,true
sphincs,sphincs-lowrate-v1,sphincs-20-tps,127,13,3,7d4f08c4ac6fb87baeedd06d59c57f0acee3ff2611cbf0bdc253f6b9b01ed2a6,19712,279be7385039d341f23707d8919abb9225d0cecbcb82dbffaf6b4931a782d0c6,-1,unavailable,2,ordinary_transaction,true
sphincs,sphincs-lowrate-v1,sphincs-20-tps,127,14,3,99ac5135abc1c15f97bacca5d0d7b9d17cf7ca1fd5f1da9131628bd8bb5c695c,19711,c672f5756907de16b200c7cdacc8633a69d3bce5e6d9fece8637b0ee73c0972d,-1,unavailable,2,ordinary_transaction,true
sphincs,sphincs-lowrate-v1,sphincs-20-tps,127,15,3,fe6317456cc973a6334bafca5ac34dbb41d9ba9b811d510d280464d7a40f9cff,19711,d3e03b929f5c3f4289f31f1dbc20d80ef0c811221f9114e4369e403d37dae57f,-1,unavailable,2,ordinary_transaction,true
sphincs,sphincs-lowrate-v1,sphincs-20-tps,127,16,3,533bef3de4b2eb1f68881bf9dc1e3509c87149b09d1fa195ad183bff66eb43b4,19711,e38ac8545a742baccf52e6f3d5a3218885b519a188c82744b3cbc8a3dbb21c05,-1,unavailable,2,ordinary_transaction,true
sphincs,sphincs-lowrate-v1,sphincs-20-tps,127,17,3,c7e2d38899fe29e976a6af7c8210e26daae345d0566eaeaf31acc9c3d364bbb6,19711,d55cb83c4ebafe5eb2d0bbafb1b3ebd9b7e3fb3084a2c6b98786904463a2bf30,-1,unavailable,2,ordinary_transaction,true
sphincs,sphincs-lowrate-v1,sphincs-20-tps,127,18,3,9af77100e1a4871a1bbb1a3f95356a8b57bceac61062f8e0821ef9824e6a1b52,19711,8b5e243114b1ffbf79c97454411e4d75f6dcbad09ca13ef5bf677d9d18795878,-1,unavailable,2,ordinary_transaction,true
sphincs,sphincs-lowrate-v1,sphincs-20-tps,127,19,3,c37ff536da5b2d64c79b08f692e1722e33c4d3ac36597eabefd3412de90a71ac,19711,e713f0c962e3550578e4d77e7b35108788048270dc6708df442cbfaea029f260,-1,unavailable,2,ordinary_transaction,true
sphincs,sphincs-lowrate-v1,sphincs-20-tps,127,20,3,bbca3f5dcd4121c64aee08e63f28f43cb2a606dca423eb3f2a0645d260cabe00,19710,4bf01e8dfe31ba48a856d0bf19d8f08490a167a9d0968752b341619d768786ce,-1,unavailable,2,ordinary_transaction,true
sphincs,sphincs-lowrate-v1,sphincs-20-tps,127,21,3,bc88478e6fed5b343b32b995f256c03712b04480b2ee8ce2c737cde33636d2d2,19711,4e6299ac86fd70a7b81e1a8ad43fc709702b2aafa4689eb5165c8c7ea128b0f6,-1,unavailable,2,ordinary_transaction,true
sphincs,sphincs-lowrate-v1,sphincs-20-tps,127,22,3,d10472c4160445a13d3ad764b0d2380fc300cfff6ec5fe0efccbafc10a184550,19711,05b298609b34228b99259e8a9b8834c0fabd7f8c204e0a65c5e4943ebc94ad8d,-1,unavailable,2,ordinary_transaction,true
sphincs,sphincs-lowrate-v1,sphincs-20-tps,127,23,3,afa6b830563c63c084f217341caa4e6b27e5c7c830df7e3ee22ccd39dc46f03a,19710,0ab67c2c1f516391c93f1987b874283636b2e939237a55135612b69d85d566e7,-1,unavailable,2,ordinary_transaction,true
sphincs,sphincs-lowrate-v1,sphincs-20-tps,127,24,3,c0e79c627b2918499a7e5b73aefe5deed4a864d51f63f568e8b5e188703d46e8,19711,b95604cf400047f27e88ad4c97a951253c4d1e9daf36a06952efb5a218a2642b,-1,unavailable,2,ordinary_transaction,true
sphincs,sphincs-lowrate-v1,sphincs-20-tps,127,25,3,9270d4758668b29d0fed95cb68b90cc43bf543088af864e2a3ab74a118654b38,19711,6696e6201041763fba7789a67b4f239a77a70024d947dd17c5380abdbcc18bf2,-1,unavailable,2,ordinary_transaction,true
sphincs,sphincs-lowrate-v1,sphincs-20-tps,127,26,3,10ed072fca7167136924665bb367cf82d639edd4913544976a3d0d342edaf154,19712,c1455ea47e62666c73d330783f727f5b3928f3f9c007769502cb5ee6523bd1a0,-1,unavailable,2,ordinary_transaction,true
sphincs,sphincs-lowrate-v1,sphincs-20-tps,127,27,3,aa8893d3ce6e55542c98dc234a8f7452b874959be301fa49121b3b58a5bc6aba,19712,aef42ea289476d664f9902613edae88fa9e7a6e525e670a6ae5406073bb24066,-1,unavailable,2,ordinary_transaction,true
sphincs,sphincs-lowrate-v1,sphincs-20-tps,127,28,3,ff2f93eb77f630e1ded18e12b8676ca5684aad5695369d259d20f7be24eef55c,19712,7edeaac5452e84d9923e0978091abfb40e0ecb448bb261cb2d68b46b5528f560,-1,unavailable,2,ordinary_transaction,true
sphincs,sphincs-lowrate-v1,sphincs-20-tps,127,29,3,33fd5cb18beee45d4c3b554f8278ac7cd5d1f29f9baf1da65e2bee8272a1a6d1,19712,2bdd555a9d0c8572269b1edcb3e168ecaf868cb49d25ee972d5efc72c5cc2a59,-1,unavailable,2,ordinary_transaction,true
sphincs,sphincs-lowrate-v1,sphincs-20-tps,127,30,3,8f95f5c6850f48a420b680d695d7daa2fb4a6ad5b11c17388fbf4d739a1e81ed,19711,28a9461e733687acb96e0f581950f4974575b14a4a796ee629ad49b3ed89c996,-1,unavailable,2,ordinary_transaction,true
sphincs,sphincs-lowrate-v1,sphincs-20-tps,127,31,3,3d61925802875c13e6fcc238bff09459f64514811e67d4652f4ac42c243d37c0,19711,f578bb6a98864d5af5ec354bc173e20a15efc714bd354e1ab67669c32b380158,-1,unavailable,2,ordinary_transaction,true
sphincs,sphincs-lowrate-v1,sphincs-20-tps,127,32,3,49783b58bfbb1d5ad5782f8ddcc88e2daacac8585bcb2c6e128aa0b1ab4fbf77,19711,8ff968897feec5cc83c2f81474c80980de16e867b6f3010c878f2466a36cd227,-1,unavailable,2,ordinary_transaction,true
sphincs,sphincs-lowrate-v1,sphincs-20-tps,127,33,3,2853eda1a7491f6cc74d8d5c06c5d27088044fe762c46ae8e4c1f1774e3bed25,19712,175bc60e044f26cb2ad675fffde07c28fa3632b1a774310e0776749b7111ded0,-1,unavailable,2,ordinary_transaction,true
sphincs,sphincs-lowrate-v1,sphincs-20-tps,127,34,3,798bdd43a1484dfab78275c465404ff1e0776849b4bc04aca7077a100d937988,19712,0990cd019d14272e014273df3c6160683f5ae508f9afe074f74a9a8273c2b1b2,-1,unavailable,2,ordinary_transaction,true
sphincs,sphincs-lowrate-v1,sphincs-20-tps,127,35,3,1d7d43e5e6914ec588e009ff92155443ec8afa38e6556718bab01085a5678d45,19711,ddda48638b20a4540a7c6b185c2bdd827db4f7fc5aa79212187234f86a657712,-1,unavailable,2,ordinary_transaction,true
sphincs,sphincs-lowrate-v1,sphincs-20-tps,127,36,3,c983e79a6ed8781f40d518cab2ffe290148cf5951c7a6ac246648a5d1b99d38f,19712,37928ed4d8a62cc3e726497f0270077bf9ccf9fba9b63d35b2456b1996a328c3,-1,unavailable,2,ordinary_transaction,true
sphincs,sphincs-lowrate-v1,sphincs-20-tps,127,37,3,9880233985ecd1a151c3c004738f445d7cc2db5850f968bd8c621007ca058869,19710,97ac06ed3438a96502ebeb5375307f07d9fa0ff6afc7998725c19cc2bceea918,-1,unavailable,2,ordinary_transaction,true
sphincs,sphincs-lowrate-v1,sphincs-20-tps,127,38,3,ea1ee7a1a11617ffc95d0964afdc98bc332835b2a38562e270db0222911cd454,19710,96f0ea3a66197ec05b68b9d6d9211a96d4d5293dcb754751258be477ddbbf459,-1,unavailable,2,ordinary_transaction,true
sphincs,sphincs-lowrate-v1,sphincs-20-tps,127,39,3,210408c86bd0facac5e57d29db88737349f6924bc5fe9e3203c0739a025e80ee,19710,b1f68459de9a0c31b54cab178510a839b04774cd1f7f73cc12d4d34c199c7983,-1,unavailable,2,ordinary_transaction,true
sphincs,sphincs-lowrate-v1,sphincs-20-tps,127,40,3,ac9d426f349d59af08704d50d4e7fa393139b0b1b92822ead444a735017236a2,19710,17479db55cceb340ce5770344b13bc73a5024eafe71f0309523ffaf5df24e04b,-1,unavailable,2,ordinary_transaction,true
sphincs,sphincs-lowrate-v1,sphincs-20-tps,127,41,3,b76c18b1cc38c978e02dd269aae2cd6bbe05bb96f961a6aa0c210d45b3d31250,19712,fdaf3f9b599ac8712a2c918c13d10444dd07020204ceebd496631116b671c462,-1,unavailable,2,ordinary_transaction,true
sphincs,sphincs-lowrate-v1,sphincs-20-tps,127,42,3,d086f0ca30caff6181eff85ddba8fa22f76a94f111bd6e8e11f8fa1196f9120a,19710,edbf8f8755cbc610d1fabd18f1b2c02735761a4417b48915073d31760e5d33c8,-1,unavailable,2,ordinary_transaction,true
sphincs,sphincs-lowrate-v1,sphincs-20-tps,128,0,3,080cc39cdceada7ec9b15e56f37233e1d40b4c9e186dff658415734f62e78ae2,19712,b610dc376d4c483f72b2ba487ccd9e5327117dd0ab4bbe3939a1039c2de0d716,-1,unavailable,2,ordinary_transaction,true
sphincs,sphincs-lowrate-v1,sphincs-20-tps,128,1,3,1d0320ae4a9ad71f41f6bb2cbf6e8b65eb9249b6954fcdf550b5f559920bbaa7,19711,e5bb768ba97ab28576bc9e995dbe9618a24263b4df4be20eecca18e3dbba27e8,-1,unavailable,2,ordinary_transaction,true
sphincs,sphincs-lowrate-v1,sphincs-20-tps,128,2,3,a4fabffca82daf7f784d1987e9c0562bbe1a09b5d86ce34af68fef28e470e81c,19712,63872f7256aca55ff954ac1eb397964b3d6dc081f85112104aa9234a5a362fad,-1,unavailable,2,ordinary_transaction,true
sphincs,sphincs-lowrate-v1,sphincs-20-tps,128,3,3,4bb3fc63d26cd8d56b585426d067152b309e336c9b0860af5afc213efe30ccb7,19711,9e327531b05720301a737cbf4b49bf43d1b0acad05ca6f3a4f10b56d30d23a1f,-1,unavailable,2,ordinary_transaction,true
sphincs,sphincs-lowrate-v1,sphincs-20-tps,128,4,3,d7c74dfde3c7842d491058bf7a431d89c61853244630d1f651e503c44acaba70,19712,03c24788d03e5b58b17e81adf999b3fe534e0928a05ca572387b2b94099fc309,-1,unavailable,2,ordinary_transaction,true
sphincs,sphincs-lowrate-v1,sphincs-20-tps,128,5,3,8371c466f5a1e0b14c3b6b5dfe3571c7cd31d895cf3c93ce0644f866745fe094,19712,c6763e6a0401bf0ea453c07376ee20dfb730122e03cdd0216170ccdcdec302fe,-1,unavailable,2,ordinary_transaction,true
sphincs,sphincs-lowrate-v1,sphincs-20-tps,128,6,3,39aeffb6d3e77f98486008d8bbe8bf9a43bbbd751aa01665618648101a753e2e,19711,a41997f5c8c21e34e6fc248fd1dc458c8b20d2d59406f7652ee974f440b3ed7e,-1,unavailable,2,ordinary_transaction,true
sphincs,sphincs-lowrate-v1,sphincs-20-tps,128,7,3,2cc85f8f446282c927f47ee7a81322e75b80a19bd2be761a2747fc07bf2a550c,19711,5f32aec7fd408767629d193867c10182c403e2febd3008829b7a733c3aa0ddbb,-1,unavailable,2,ordinary_transaction,true
sphincs,sphincs-lowrate-v1,sphincs-20-tps,128,8,3,d2abb307c2098a10f1117b112b7430442378c08a2400318b7a1f0a68e076dce0,19712,9ccaa4ff3a3d6b0ec924ce11dbc27c33fb99dea21e863be7390fc540ca224f06,-1,unavailable,2,ordinary_transaction,true
sphincs,sphincs-lowrate-v1,sphincs-20-tps,128,9,3,7b2f89f1126b1f5a01fc364cf408b83865f9c1151e70e9e9c79809501edbd937,19712,38e44dc3babd574befce2a11d85c98b72045abf5209ba0c6ceb11687ffb7789d,-1,unavailable,2,ordinary_transaction,true
sphincs,sphincs-lowrate-v1,sphincs-20-tps,128,10,3,1b052b22677adc63e480e06e837d7fbfd86491e2f0fafbdf7e5400b10723a2be,19711,a7c79d9fbdd7eb55298cc2f33dc8e0864b9faf4608c59ca5b13ce9e95bd1bd37,-1,unavailable,2,ordinary_transaction,true
sphincs,sphincs-lowrate-v1,sphincs-20-tps,128,11,3,005e8ca03223505cbc9973ac13f4d78d10c8d1345b84b24602b36ed869faec21,19712,2631f58b70942c7dd3a09e73c8dc839a2df756a96b7a44a080087221971a464a,-1,unavailable,2,ordinary_transaction,true
sphincs,sphincs-lowrate-v1,sphincs-20-tps,128,12,3,e8b5c7abe177ac6822a5a2169006e9cdcb7a7c4ad714031730cc8f1315a917ed,19711,c0c472c1dd6e9ab0af99a339a96e77a604c74de79ef551ebba12bd7d7a4b16f6,-1,unavailable,2,ordinary_transaction,true
sphincs,sphincs-lowrate-v1,sphincs-20-tps,128,13,3,ab6422da21fb21ed3624616d01c1834f2f3682c1dc02fccc02500d9318c3d3c1,19712,d4b9bf6e05638404e6ffc42edfd1799e530b938ae0568893c1ee4e2ea900821f,-1,unavailable,2,ordinary_transaction,true
sphincs,sphincs-lowrate-v1,sphincs-20-tps,128,14,3,f538225189d1b8d49d33a28e74bc4b66145502dfce7cb92575bfa1423105a2b3,19710,ae8d457456868df343c7d5cc642f71e87d4cc9bef83be972d38adcea3ebfb194,-1,unavailable,2,ordinary_transaction,true
sphincs,sphincs-lowrate-v1,sphincs-20-tps,128,15,3,9724412b868feadede1388f7edd47b4eec181cc7a40a1ee3f11d7ef30d6c9934,19711,4e635364b7a5eaee75b9ee4ae4e4634edfca0a68ff6345b3092f22eb4d04440b,-1,unavailable,2,ordinary_transaction,true
sphincs,sphincs-lowrate-v1,sphincs-20-tps,128,16,3,d9b86dd6ce036909485e33e9d936b1e8657b6737fe8d9a6cb206f3de2a698aaf,19710,339ad6f36331d791dc6f21c4182491acc26d853799cb45bd885bf418d8936b99,-1,unavailable,2,ordinary_transaction,true
sphincs,sphincs-lowrate-v1,sphincs-20-tps,128,17,3,8ca35899454fe6a3bfa00876ee5b981845fe8bc81859b3a373ce2446e15334cd,19711,0aeea0c211e308fa610f6dc1d7b33fe7324f9f00b2f11ef81b7f87d3c709dcc4,-1,unavailable,2,ordinary_transaction,true
sphincs,sphincs-lowrate-v1,sphincs-20-tps,128,18,3,f1cfb97e454657459c2f5a3829e2ed8bbf25c520f709dc1ece1e612fa2e48ceb,19710,d81c5a1bd370ef7d41f8010e49242bfa2bc25e6384999cdacbf27aa0dd5ecd10,-1,unavailable,2,ordinary_transaction,true
sphincs,sphincs-lowrate-v1,sphincs-20-tps,128,19,3,5f8e0015fe5e4ba62969cf264af3192afc7e7593cde11436705fb2ecdac699c6,19711,f6339c58f0c03e384f8cf308db7cfe0fefca078996638218671ed0f6257d910d,-1,unavailable,2,ordinary_transaction,true
sphincs,sphincs-lowrate-v1,sphincs-20-tps,128,20,3,bcfabfd66f095c337c093694e12c62ce9029eda5b4922f947026778a4603946c,19712,a7c070e7bb052acbff5eecce6e92902851413408b06026d08eb055440720c316,-1,unavailable,2,ordinary_transaction,true
sphincs,sphincs-lowrate-v1,sphincs-20-tps,128,21,3,6f66d15a4a7423e3dabb99eb1e41ab3613ccf885fa75419f964e1f6320901490,19711,4eccef29a8cbd57a3e3940df91d26cae3a8b1bd11d663524436689518584fd57,-1,unavailable,2,ordinary_transaction,true
sphincs,sphincs-lowrate-v1,sphincs-20-tps,128,22,3,dded71785c57c96cb9b3b9f739198f94daadbb166b6a70a93fa583200d832bdf,19712,84aa85e5941eb134a09a92f0e1a894b45513970db06f62f0b35b436ccecd250f,-1,unavailable,2,ordinary_transaction,true
sphincs,sphincs-lowrate-v1,sphincs-20-tps,128,23,3,4fc3b5c2834dd267ae137989474edc1efe4190dd1de655bd7a5086bd4153b811,19712,043d0a62a82236eb432dc57be8ca2c81aa1d94970701218908c52e7bd1a4e68b,-1,unavailable,2,ordinary_transaction,true
sphincs,sphincs-lowrate-v1,sphincs-20-tps,128,24,3,7923a9121d08b1d8ae41c7e5263ec3845b2b63d4f5e7cb007108781c3e7ea42e,19712,97d30fb228e198f8d1fe4f0360682578839cb562f1624549e378bc9fb6c45857,-1,unavailable,2,ordinary_transaction,true
sphincs,sphincs-lowrate-v1,sphincs-20-tps,128,25,3,af96daed95cbfb9184b0dfb3bfa14128c4daabac2a61984a53472a09f8123932,19712,25db711bba0e594b03ac3da196b207ce5e6390d31baa072c4083e164bec46090,-1,unavailable,2,ordinary_transaction,true
sphincs,sphincs-lowrate-v1,sphincs-20-tps,128,26,3,9e164115ad951ad1e66e517ed608086e12838461f64007df9bf200011e260403,19711,f7a446b2584373731b77b1ac502e36adae2380d37d5d61b32123ee9a3062fa1a,-1,unavailable,2,ordinary_transaction,true
sphincs,sphincs-lowrate-v1,sphincs-20-tps,128,27,3,2f9756414a8a186d97d7f4caf98e7a391bcb30e92d25906289b7e0444696614c,19711,b5f8a298e7ea3966175d9aa43ce0dbc159367eca935919025dd6dc581669e372,-1,unavailable,2,ordinary_transaction,true
sphincs,sphincs-lowrate-v1,sphincs-20-tps,128,28,3,2cf023cd37b7c35f746530faac06d98d2b78ff401512231764243130b19ebac0,19712,a09c86e8a761c829563beaa4fd50110fcf91ea0b486a230af54d350b1f7ea64f,-1,unavailable,2,ordinary_transaction,true
sphincs,sphincs-lowrate-v1,sphincs-20-tps,128,29,3,850420e0bd30464c4e60faf4fbe2ff642a98a2ff06d2082d22ca517bce131ae8,19712,92a99a05daa0c27a6957e60c23c7b7027e18105feafdea50eb86957dd201d655,-1,unavailable,2,ordinary_transaction,true
sphincs,sphincs-lowrate-v1,sphincs-20-tps,128,30,3,612cade78a7523ecd25e497deaf8d06d2399d304be858fa6dd5b28c1f9a15eda,19712,1f64864aa6dcbb4ebb85aceb70d3c697e0dbbbacdf920b49b422e7eda7ad22ee,-1,unavailable,2,ordinary_transaction,true
sphincs,sphincs-lowrate-v1,sphincs-20-tps,128,31,3,47514a6932183ee39b5d0ec9389924e655743550ac1d4b4b7227c9226c5ea13e,19712,e8175eb8e767e79afcca1284aed845de4bd6b6dcac3e4dc3420f339f10dc8dee,-1,unavailable,2,ordinary_transaction,true
sphincs,sphincs-lowrate-v1,sphincs-20-tps,128,32,3,d106aea7a163117d6e1c645e29bec163aadc83ec4a55a2e0604dd3c8532b0e4e,19712,861a66aa48b8a28fc334ccc0b86159960d87d0399431193afd4253abd02d1f45,-1,unavailable,2,ordinary_transaction,true
sphincs,sphincs-lowrate-v1,sphincs-20-tps,128,33,3,852c4c875a737d45a0261d51dc265b3a2f2c7d5ac97e22c723a178ae3924e50b,19712,d48ee23a170903b6dd2c9194dfb2eeaae79809314e66522a2dd19063a31078ce,-1,unavailable,2,ordinary_transaction,true
sphincs,sphincs-lowrate-v1,sphincs-20-tps,128,34,3,27850d80944e2c792ff751631cb7cd33cc9a953159a12235ffaf38bb0c01303b,19711,e5e266ffb50ad34e27df2a600cf9c3a235d28eabb0b6628f377175924251375d,-1,unavailable,2,ordinary_transaction,true
sphincs,sphincs-lowrate-v1,sphincs-20-tps,128,35,3,f2aa096a02ee2b4e01087987803a472dbcd8232d1accbbfc053496117d6a1417,19710,ada6f4ffde581a5aa059a19cc64695f8ae87e99b39d0586bcbb60a4f26a5a45d,-1,unavailable,2,ordinary_transaction,true
sphincs,sphincs-lowrate-v1,sphincs-20-tps,128,36,3,1be81b80fe63f281ed2803a66ff4d4f9c1553359d5238753dc307788dbf2f591,19711,c542b2d40737b4da0f8c4945a04ca07a8640b77195a15c73c288548411e53531,-1,unavailable,2,ordinary_transaction,true
sphincs,sphincs-lowrate-v1,sphincs-20-tps,128,37,3,d599d0cd18d1fd6c42230b0913416fbc4bd141f54eb6be4697af5bd60d7c441f,19710,cbae527a82557dade0b0261972ca6d5beacaa29722289a18081386c55b137030,-1,unavailable,2,ordinary_transaction,true
sphincs,sphincs-lowrate-v1,sphincs-20-tps,128,38,3,134a1bc17d1b9b4e6c543242d2d57f0df66b575af71ee9b472126e70b072a840,19710,fef9e726a9814e09a02d735d426cb1bbd40197e9fac5fc29b0a8bc84fe1ca23e,-1,unavailable,2,ordinary_transaction,true
sphincs,sphincs-lowrate-v1,sphincs-20-tps,128,39,3,354cfb352dc6cbb8254f09f909aa2ab0f227fb60361f87a7a616cc95a66ad4a7,19711,090d3716dc4802b7318f455595f138c63ef26d922ac2260d89e0495c2b167ef7,-1,unavailable,2,ordinary_transaction,true
sphincs,sphincs-lowrate-v1,sphincs-20-tps,128,40,3,51ca153f50785e62c8d6a5655fc2f104475bc35f36904d53df6e40888133d771,19712,ad1bf283759be6f363423e966f13908294218fc21cf57b7b65833aac9795378f,-1,unavailable,2,ordinary_transaction,true
sphincs,sphincs-lowrate-v1,sphincs-20-tps,128,41,3,c16fe3f0d3e83ab73c36cd88f9b389a67ff5ec55127e230905bde46d6643a491,19711,4b7ddf54e43509d9e523948807e2fd09ca1da5fc2d44016619d866f3be1ccb43,-1,unavailable,2,ordinary_transaction,true
sphincs,sphincs-lowrate-v1,sphincs-20-tps,129,0,3,3cd52891c0fb28268e39a17dabed95b02f00abddc13a83338919686cee1d0739,19712,04ea4aa09a630ba2786e4a68c6b2739624c6efa19cc4efc0ead05ebadfb8b9ee,-1,unavailable,2,ordinary_transaction,true
sphincs,sphincs-lowrate-v1,sphincs-20-tps,129,1,3,f09c6177f7d58d74e66b3b53c172c610302d3f1be3427bc6af4bc028184e4f5b,19712,8a364f6f8ea862f026ecb5d063347e4dbf8ec5b488b5a8c371a98668c005b423,-1,unavailable,2,ordinary_transaction,true
sphincs,sphincs-lowrate-v1,sphincs-20-tps,129,2,3,039b51e4880b5d39ca9ecc639fd4479fe008112495c2d0962b7781507e4728d3,19712,f20b850c5fd3282e43210d8867b9282011472a6437c409f70e510b686d5df512,-1,unavailable,2,ordinary_transaction,true
sphincs,sphincs-lowrate-v1,sphincs-20-tps,129,3,3,0434a9feb5688e2b0b1d480a4d5234670d08d92d2724bfde86283ab9199cda4e,19712,1030df94d3bb4aae2785ecc3c140ab82b92afd498acba198c5d5502d8cdf4e6a,-1,unavailable,2,ordinary_transaction,true
sphincs,sphincs-lowrate-v1,sphincs-20-tps,129,4,3,e1109e1754e2b7e84b21de9c6f7ba47357b3cfdc1edeb2267ace2965175eb7f7,19712,715d1cfed9f0228a02f6dc4e3af3cf9d587ea53c5db9db4fdf25ad32e1cbcada,-1,unavailable,2,ordinary_transaction,true
sphincs,sphincs-lowrate-v1,sphincs-20-tps,129,5,3,836e3820951e946668c14c929db84656c25d24a73b9d0ea7af29322d969926eb,19712,c50547fdf37ead2ede879790a67fb1d69b4c4fc91884ab055ee0107e9af6c423,-1,unavailable,2,ordinary_transaction,true
sphincs,sphincs-lowrate-v1,sphincs-20-tps,129,6,3,0d1aaa7fbd14e69dd9cfe26d6f2aefe6e53fdda6cd7c045df3b085de56ec1df8,19712,3362d9561d8aa7f551e0d7e32ddc92500c26f6200e098fd5fa7f6ea464d37225,-1,unavailable,2,ordinary_transaction,true
sphincs,sphincs-lowrate-v1,sphincs-20-tps,129,7,3,25b6abb0e1912f746cebe0b567b29f92a31f060b6d7fe36a0fd37e95c8264e94,19711,322cc1dc74bb2e819d9d734f6b13680cee8eaaad88feb9660851f33d8678bf8e,-1,unavailable,2,ordinary_transaction,true
sphincs,sphincs-lowrate-v1,sphincs-20-tps,129,8,3,f5e801f020b67d4c9547f3c8adf5b968609c4e0d1da6026cb2ca45387a9bbcfd,19712,acd35aa414c68281abd4b4c1c9f1600760f74ad6b504d5cc2f01843358ae7492,-1,unavailable,2,ordinary_transaction,true
sphincs,sphincs-lowrate-v1,sphincs-20-tps,129,9,3,eb49e73edfec28972636a6ff6848a074b7f06751d409ef2512877e3a673dd21d,19712,63eff4ab4352556942efce4cd50477f6dac0f9b3e82d762976da379703d0bf9b,-1,unavailable,2,ordinary_transaction,true
sphincs,sphincs-lowrate-v1,sphincs-20-tps,129,10,3,6323ba1661861d7c24fcdf2957fb555cb7005c6550e08dafca658a5d50451f80,19711,1b6b3267ad037c77e61c746313c5e1d9be7d48f1dcc0d862d871e3faa52391cc,-1,unavailable,2,ordinary_transaction,true
sphincs,sphincs-lowrate-v1,sphincs-20-tps,129,11,3,540fe39122b6c527498c041c685201bca8964aa2aa033f15d811692033a980a0,19712,d8300baaac97524b7689f352903061e5976073d069ec382c6a9cd239921a4282,-1,unavailable,2,ordinary_transaction,true
sphincs,sphincs-lowrate-v1,sphincs-20-tps,129,12,3,9ad2035b7b83195c18a0f3adc108e73b88ecf6206bef2b132d366a8c04b8fd08,19710,23d4883208b7cbacbf92218366a9f2fc2709cc57eab7f507ba65bc34f256ea94,-1,unavailable,2,ordinary_transaction,true
sphincs,sphincs-lowrate-v1,sphincs-20-tps,129,13,3,55ccd7017d29319f6ebba645f5e3a9741e4ffd053a3fc23c5f538cb437ba72d9,19711,2c81d1f8479397d752fadcac5b781dec6826199cdd8584f485baa1f8771f7b0b,-1,unavailable,2,ordinary_transaction,true
sphincs,sphincs-lowrate-v1,sphincs-20-tps,129,14,3,e5bc3111462aea79f0e196155fbcf82e4cd8e5190e7d4bfa57bb4cc205aa7c24,19710,6cf8a5c864fc55e0a63f5bca29cc53cd63541d2752f50d65a39559b0dd7fbd68,-1,unavailable,2,ordinary_transaction,true
sphincs,sphincs-lowrate-v1,sphincs-20-tps,129,15,3,4b5613213c950515df419065fedb74a8e880e140490dd241bb89952ca90b663a,19710,9661608f86264f1474b50e69144b8d0a171bedc46e70689483d61ddbdea2dc65,-1,unavailable,2,ordinary_transaction,true
sphincs,sphincs-lowrate-v1,sphincs-20-tps,129,16,3,aeecb0c6a994d153c1668584ffa5d40948a6d683660c1e96ac0c8e69ccec15d5,19711,5294a88016ef6f747db944e1b7d61c2c4205d74c2aeadfc75e076d65ce5a4c1a,-1,unavailable,2,ordinary_transaction,true
sphincs,sphincs-lowrate-v1,sphincs-20-tps,129,17,3,8ca93292f4ab375794118313cb1a69c063050734ae255929e7dbcdb041eaa925,19711,991224477f90a03b457a029491c654ea0144d31ab69212f81db05a63108953a3,-1,unavailable,2,ordinary_transaction,true
sphincs,sphincs-lowrate-v1,sphincs-20-tps,129,18,3,c201378409fc4decbb0efab945dfe3ff5927df85f884c111b1e5281066f6778b,19711,591812319d49ba6a083d4c3e29e75a1b7fdcc7a9cb7215e25294ffa0323fb087,-1,unavailable,2,ordinary_transaction,true
sphincs,sphincs-lowrate-v1,sphincs-20-tps,129,19,3,6ca5b69e659345bb7242c37b4316ec4a262246d45b96906a6e4618b5fb3812e3,19711,8189d80e27ef8139fa27715d9df1730d5c31f39585dbad1b4c173723acae4fe3,-1,unavailable,2,ordinary_transaction,true
sphincs,sphincs-lowrate-v1,sphincs-20-tps,129,20,3,ebf33c11b7287fd957b62abbefe71fedad10fba482a7698056645d14946d297a,19712,625f7f99e7db2d40a8d5579c17daab2e1da3382ea6b8bd3ae96912c050cc98ae,-1,unavailable,2,ordinary_transaction,true
sphincs,sphincs-lowrate-v1,sphincs-20-tps,129,21,3,8dbc58b1bf2bd0436f99306830c1ef2a5a714ecac2103848eaa8b66e3ff21344,19712,a9fedafcb81c757b1d8294e5d92787de761379d6decc715ee746c433f1de3edb,-1,unavailable,2,ordinary_transaction,true
sphincs,sphincs-lowrate-v1,sphincs-20-tps,129,22,3,8dbff5b69c998ea540e97f1ce2f1cb209a3e2b5faec2c70cad64921d345f44f3,19712,03f5d4e275d4aa021ce22009659446372ad246373ab390fd13f15e14c809bdcc,-1,unavailable,2,ordinary_transaction,true
sphincs,sphincs-lowrate-v1,sphincs-20-tps,129,23,3,7179fa3039ad0ccb4f822d79e2e393e0040d4a1dbc848a5a373c5332e8b5a238,19711,328fc6b24e9ac1ac933343153e8f1e998af9cd01b32a477c3b98e6c046b2331f,-1,unavailable,2,ordinary_transaction,true
sphincs,sphincs-lowrate-v1,sphincs-20-tps,129,24,3,774326abc36d220c9668fef5b3f8c11fbed4216c80c2e19b78783fc50dea9e64,19711,db78cd65601f7a1b3f576a8237d88b5a50aa442d5e41dcf3958af55b026a0800,-1,unavailable,2,ordinary_transaction,true
sphincs,sphincs-lowrate-v1,sphincs-20-tps,129,25,3,bcbb1606822d837fc04660b5d799004baeec49ec9aafe9fa043b9f78533c9f18,19712,7e0e110cc9d2cf8f7ce8c9e629d5e9ef38996df0c8749e240632dbeee6802df9,-1,unavailable,2,ordinary_transaction,true
sphincs,sphincs-lowrate-v1,sphincs-20-tps,129,26,3,c799abb2b7c45cc375f5732e4025d54a154d169625a9aade9f8e998cfb2224c1,19712,c52c5b591dc89a7139bbe8893f72901ce8df07fd3433e721eb5101dcb16873c6,-1,unavailable,2,ordinary_transaction,true
sphincs,sphincs-lowrate-v1,sphincs-20-tps,129,27,3,49a28f484e722ee872fe09d2297f6db7c3adfea517746f40770e0cfb941c78b9,19712,14193c7833109175c417f72b8e151dc0d84dcb3e4cf5f328b9a6754aa394020b,-1,unavailable,2,ordinary_transaction,true
sphincs,sphincs-lowrate-v1,sphincs-20-tps,129,28,3,ec6842ce746e61fb96904620d84a5d13ffeb5c00ba7e8cea9d1641d8bc7df98c,19712,72c034649877f18452a13561cc7d4cc3072d22a02bb8cd63ac8e2eed72b1e2c7,-1,unavailable,2,ordinary_transaction,true
sphincs,sphincs-lowrate-v1,sphincs-20-tps,129,29,3,a8396fbc63dd7bad358f381d566295908fda39a61ae74a24d746e2684668fb9f,19711,1516635910c176dd9aa86c99bc75b5fc11ba6477d1a72281b947f94dffb13c10,-1,unavailable,2,ordinary_transaction,true
sphincs,sphincs-lowrate-v1,sphincs-20-tps,129,30,3,597601cb0fe6395b1a04a77552f0b8d3caf5d842dd42aa568f437f8199551d2c,19712,9beada55180f0417de05ffe656a3f97e3b83ceb3c5f1ec8076df5c6c9e6e9808,-1,unavailable,2,ordinary_transaction,true
sphincs,sphincs-lowrate-v1,sphincs-20-tps,129,31,3,d4257fdacea79beb996912ed094a56b699e460e8325c6c04db8f2b1bbec51901,19712,840d672f7333947a47a6d13d0da8f6aa7c1a509f31fc490c2976b8238feb09b5,-1,unavailable,2,ordinary_transaction,true
sphincs,sphincs-lowrate-v1,sphincs-20-tps,129,32,3,dd21847456a9bcdc52d887474b074238aa9f0358a94349dab0534de36b06df2f,19710,f8c1121a8fab8c9ba1c74bb9fa80049995df6597670457a4046dd979047afdff,-1,unavailable,2,ordinary_transaction,true
sphincs,sphincs-lowrate-v1,sphincs-20-tps,129,33,3,2b391498708a74506b58b1b58ebe168edbfbba1f36ef23dcbe9d294e5a880fe4,19711,4f96321b14cd8cdc0fe6a6b60ddd00c88e0571ab1697e68f9614861e923ace55,-1,unavailable,2,ordinary_transaction,true
sphincs,sphincs-lowrate-v1,sphincs-20-tps,129,34,3,a3218f6f7ebdc550f6115788474fb61011b18dcc84ee44a5e8fcb7ccf0df51e7,19710,b91eb1bc5727cebcb4a96fbfec023eb1378b88aaadf8a42270679ea1f8048e6d,-1,unavailable,2,ordinary_transaction,true
sphincs,sphincs-lowrate-v1,sphincs-20-tps,129,35,3,d3d82a80354d3404ce1c56ffee60b24992878afd25b2e7e511f02d67beac32b9,19711,7c18bed5b7390377c4873777841d18b691857856ba0286862cfd3b7cbdcb8031,-1,unavailable,2,ordinary_transaction,true
sphincs,sphincs-lowrate-v1,sphincs-20-tps,129,36,3,965564a4089106c175dd0eaf764bb4040f5b64abd3e5e8e6554c3ad105571d80,19710,cc66818dfb45b56530c5071c670c2cb1c1944147d67206033948790312fc12ab,-1,unavailable,2,ordinary_transaction,true
sphincs,sphincs-lowrate-v1,sphincs-20-tps,129,37,3,3e5d6a6371107392f28f556e1bd953c16342a49e61a33585ac94fd6a856960b3,19712,d48784d13ff6e4b7654e70421d7fe34fdac8bd04d825f9534b119020986fbc11,-1,unavailable,2,ordinary_transaction,true
sphincs,sphincs-lowrate-v1,sphincs-20-tps,129,38,3,3102ac318bd749063a600a5239ec35cd8ef36135ed49a093d73cc0e51ef7d1c6,19711,2c33731965618431938a92df5c77b09c43906d7e517b6fc2057e941e53bdf040,-1,unavailable,2,ordinary_transaction,true
sphincs,sphincs-lowrate-v1,sphincs-20-tps,129,39,3,0eae8384a03d3148bc9d862dee651bbabe0af702740bb4e1f88e0f1a40ed92d8,19712,289da83a66f9958996d2b28375de2f9688cd6c965c2373a4003f376160370c74,-1,unavailable,2,ordinary_transaction,true
sphincs,sphincs-lowrate-v1,sphincs-20-tps,130,0,3,3624a05c8694b47dbadfcdaa8c372d60b506919ef4ff7037ead248577322b70e,19712,1de6b384845c4487381c94a13289d9ec19b8c290607ebeb6f789949bd6aa9690,-1,unavailable,2,ordinary_transaction,true
sphincs,sphincs-lowrate-v1,sphincs-20-tps,130,1,3,f45233334dcbd2750aa1a911bcc0706809c703526f542676366f496d8db211a8,19712,9322f4d8394105780d4ddadf624563a65109bcb4bebb9bc07bb73e8c59cd8c0b,-1,unavailable,2,ordinary_transaction,true
sphincs,sphincs-lowrate-v1,sphincs-20-tps,130,2,3,5bb0eee3bfdfbb0040217b04811dc1ba6d50bef010c15b063bc0477d115d12f3,19712,3f9a31d5e9ee1009face3ed62a105288614ab72b37a01fa95ff8236278043997,-1,unavailable,2,ordinary_transaction,true
sphincs,sphincs-lowrate-v1,sphincs-20-tps,130,3,3,0ce9776e4514442efa47f50d0a10660b96308c77a56c023f98fd86fe0dbee818,19711,ffc69684e64fb8d1c99306e6ca3e07c58cb68c9c0a25bacc06a11203994948c1,-1,unavailable,2,ordinary_transaction,true
sphincs,sphincs-lowrate-v1,sphincs-20-tps,130,4,3,041c3249a6f49240cf4c2af5495de40a745b593a821b15226545e7b0d1e8bb94,19712,d09b93f45cfe187a0ddefa2fcc2984a7c35a78dc6f4855a2fc47e63f92840bea,-1,unavailable,2,ordinary_transaction,true
sphincs,sphincs-lowrate-v1,sphincs-20-tps,130,5,3,545d86a236df9b8cd855bcb9549962c218ff19d64c3c9222579f7fbe4d93f284,19712,4e877e338ae3d5d6a31c4d73f380a0820ddb9cfbfb98ba7c264f48c66cbc23e7,-1,unavailable,2,ordinary_transaction,true
sphincs,sphincs-lowrate-v1,sphincs-20-tps,130,6,3,94bcd34d3695c2831ebe659f0ade90ad44d073f9c2ef044db723c5c4a9c8ec89,19712,138a52322c73b63538a6b7a2959943852293e37f4d4210618009a98a14e32064,-1,unavailable,2,ordinary_transaction,true
sphincs,sphincs-lowrate-v1,sphincs-20-tps,130,7,3,4af3ad1507e4df5f55684f7add853e737943be08ed17b92dc37c3b2f31dea281,19711,6952dc4b481ea7dce0c9a62d5f22067e739856321517701b1c971638c2c84e3f,-1,unavailable,2,ordinary_transaction,true
sphincs,sphincs-lowrate-v1,sphincs-20-tps,130,8,3,acaad7e5c3bc6891f9e181a5fe0f1707ee7b76a9ee1c562705247915d982ba66,19711,8d62aa3af0e455a97753e72dae673efb5ebc7ee52f539e62dd08e0c7f7c7ce65,-1,unavailable,2,ordinary_transaction,true
sphincs,sphincs-lowrate-v1,sphincs-20-tps,130,9,3,9f07768ab5aaec117baaaac99468270942e55c21f0931d969d907d54e91aca4d,19712,4a5b6085fe509669553f382c55ec99bc0bf0d2f12e1eb189ea53e423359e93b5,-1,unavailable,2,ordinary_transaction,true
sphincs,sphincs-lowrate-v1,sphincs-20-tps,130,10,3,775f29fc7fb8815e03ad147c45f474c6b632cfb4d7a9d1010a1eb61417e30ea2,19711,80b22d353051371bee4bef172d18339208b934ed68c16453e58c31091e7810bb,-1,unavailable,2,ordinary_transaction,true
sphincs,sphincs-lowrate-v1,sphincs-20-tps,130,11,3,1953791e83fcefe2b5dcb7ec575b33ca2fcfaeadca1536738a23408135c7b8b6,19711,4fa161f49da8af9f3c4931ce6bf6986bd11ca2a9f21d429b8eab11221e8a3d86,-1,unavailable,2,ordinary_transaction,true
sphincs,sphincs-lowrate-v1,sphincs-20-tps,130,12,3,3ab5dc28314e474c638a20d2ecc1d064be60ff882e25e9e32787e91ed5715d53,19712,f2b2047b18fcc7f8ffe38c58f61730165e870f3e9d4e81c42945ccc5380b75b9,-1,unavailable,2,ordinary_transaction,true
sphincs,sphincs-lowrate-v1,sphincs-20-tps,130,13,3,01862c88261f8629ddcd54754808600c7fde43c80b94c7aedb4e6054166ee393,19710,be3bd7c09eaf36087040359a7297824123d74ad228e98b74e32d8afaad5c02a7,-1,unavailable,2,ordinary_transaction,true
sphincs,sphincs-lowrate-v1,sphincs-20-tps,130,14,3,2950d66f46cf6872009d9725ed7c93c213f4baa4e2d8731edac4d6a5542253ac,19711,baf8abfd57b47c69eec8d7204ea0c54b0780f058567c531cdc60249d22932a45,-1,unavailable,2,ordinary_transaction,true
sphincs,sphincs-lowrate-v1,sphincs-20-tps,130,15,3,6d09e4ccb60801a373f5028b91dd66953a46a95d501dfb45a64858d454417324,19710,731ab40b7fda342fbed15233992752d52edfad370e0802fdc256d1e37cd32f02,-1,unavailable,2,ordinary_transaction,true
sphincs,sphincs-lowrate-v1,sphincs-20-tps,130,16,3,bfe2f5ae9a91a7aa4d9f4eb48221c283733a4aa304aba58f2762aeeeb30ff749,19710,45a0072c8920f3d0958c9191d49519c87c2527d0a23ad455fb4d89b08648de23,-1,unavailable,2,ordinary_transaction,true
sphincs,sphincs-lowrate-v1,sphincs-20-tps,130,17,3,b159b81cad631a88971b95c4a7b2045f5e4522f5811e10343bd8e821cff31116,19712,f3418401eb774ea2f3f507a9cf7af575c5cccbebda16e706eba2853f5bf3b19c,-1,unavailable,2,ordinary_transaction,true
sphincs,sphincs-lowrate-v1,sphincs-20-tps,130,18,3,90b71e2eb9c21f8ac70af37d7dda9b94fef862b9793327d084731d3119ce33e8,19712,27abe03d351e13a3236c076660bf93aac96b5a031ed5be1ac76f8c84f3c44a77,-1,unavailable,2,ordinary_transaction,true
sphincs,sphincs-lowrate-v1,sphincs-20-tps,130,19,3,da9cf9ec5e5f2560941240cb3f97694008ead8179650420dc43cc4d38fe88c37,19711,0e61d6708c96b7ee0864cabe1bffe999a2f3cf0fe6e2f7c61f2ed0888638c690,-1,unavailable,2,ordinary_transaction,true
sphincs,sphincs-lowrate-v1,sphincs-20-tps,130,20,3,8b7ba867370a59dee5d2f0975c107eb0af49f57d0c07c15d2caea02882ccd628,19712,d37061f46ff74e64336f740ed15faec7d3ec71a2ba59fd5ee792eeb6a2fea3d5,-1,unavailable,2,ordinary_transaction,true
sphincs,sphincs-lowrate-v1,sphincs-20-tps,130,21,3,362b97ad237af85ed63f170479f710016bdac3ebda43bd8252eda98bd748ed5c,19712,9f7868ef5fc8b6c39292277225178c65b0a03a9e345e1163778edf6e5a613c6f,-1,unavailable,2,ordinary_transaction,true
sphincs,sphincs-lowrate-v1,sphincs-20-tps,130,22,3,a3caef85557e21a05fae34f96037aa123599883aaef905306bf10fcbbd98cdca,19712,879bf41ecdb6c3b002afd2c342556741d17d298eb5d3b8f24a32f95e3ade5ac1,-1,unavailable,2,ordinary_transaction,true
sphincs,sphincs-lowrate-v1,sphincs-20-tps,130,23,3,28fe8cebe6d67908eea71f63044bba0f59c4bb4cd9b39a5c44b59194a6adcab6,19711,4d50cd18a00ae828e9fd9e80e76b1a1d59f54799ae127ad245bfca89cb76215d,-1,unavailable,2,ordinary_transaction,true
sphincs,sphincs-lowrate-v1,sphincs-20-tps,130,24,3,858803978ffde8edbd97d0ab7377d32a9401c436234867b71ba20a136f82fce5,19711,18b954670dc7db3edb4c29ccc1667699f852f6d0836799dae7d93ec6a92d6bf5,-1,unavailable,2,ordinary_transaction,true
sphincs,sphincs-lowrate-v1,sphincs-20-tps,130,25,3,54a363224a3d97bd570e53c81460ebd6e2f2fe82005189b988258c54fb8ae6a0,19712,42eaab9bf30a1b20ada71363da7fa0c697f7664dada3199c1c84e8cdeff6adb0,-1,unavailable,2,ordinary_transaction,true
sphincs,sphincs-lowrate-v1,sphincs-20-tps,130,26,3,f4f63b9fad94a6faa5bbbc4ae2b2ee3dfbb8fd84e82aa06e35b8a2a69c8dd4ca,19711,45b0ee24b2df5981e16a9234a50417c11654e9ce745b781d80d0c0d2eb40e973,-1,unavailable,2,ordinary_transaction,true
sphincs,sphincs-lowrate-v1,sphincs-20-tps,130,27,3,9c90ea94a9cdd6d833b03c513286298a18b9fe9f750e025bebfb4ed8b29245e8,19712,10818aa4cd2841287983807f2d47d8c1a58d82ca7e7695ddf49b8f9fab0b394e,-1,unavailable,2,ordinary_transaction,true
sphincs,sphincs-lowrate-v1,sphincs-20-tps,130,28,3,30dbaaec27cfac2b93e866958fce805b8b47fb8928434f050f9ff077c86e6025,19711,eda93c0ffe9d0172c3729630a6bb83ba7cfda551cc9f7c250db3825cd2a510ba,-1,unavailable,2,ordinary_transaction,true
sphincs,sphincs-lowrate-v1,sphincs-20-tps,130,29,3,635b78b215a239190af137fd5af375e34514e3f78b2f720e4f8a5de839b25314,19712,936af49307875d07bab58b094168fbcbdae6151f7bfbafc535c714ff0f55ec04,-1,unavailable,2,ordinary_transaction,true
sphincs,sphincs-lowrate-v1,sphincs-20-tps,130,30,3,63aa926a9af460c645750131813d0e378b190f8ae9dc3f9b2a0bbbba03393360,19712,97b665e9945af725899392598752275f8e5e95a46c4beec418524ed5d88a9185,-1,unavailable,2,ordinary_transaction,true
sphincs,sphincs-lowrate-v1,sphincs-20-tps,130,31,3,65eddbf5329f96f0692c4b7bc13120cce0959d1748ad7929120a6909993a3713,19712,e95b9f3436d5fd349be5b56982a83b531165abbc3ac07e18a584fa515bcc9ef7,-1,unavailable,2,ordinary_transaction,true
sphincs,sphincs-lowrate-v1,sphincs-20-tps,130,32,3,fcfdc2b1c008686f2328820a96bc77679c31d8e45a81a23fedd7aa56f06d021e,19710,0cf7171f02ded7917425129dab8865fe01b3d261fc90c42a85a261c5c939c012,-1,unavailable,2,ordinary_transaction,true
sphincs,sphincs-lowrate-v1,sphincs-20-tps,130,33,3,f829cd8b7476525dad59a622682af08f8fe490a1f620071af42911aefde27b2c,19711,6fe54c96a4887427b020252f6cee86186f3770d5ede66a9c67145e21d8fb39f9,-1,unavailable,2,ordinary_transaction,true
sphincs,sphincs-lowrate-v1,sphincs-20-tps,130,34,3,0761a6bd232ed9a8133325e83f8bbd6ed2bc822ec1e3744f8669d54202834fbf,19710,10dedbf7948b18f65867945abf407f816646f53b99a82537ace05b85ff40d1fc,-1,unavailable,2,ordinary_transaction,true
sphincs,sphincs-lowrate-v1,sphincs-20-tps,130,35,3,6e5e2b67dc042aafafd6a4dad5e825d2527dd7f96e120ccf4b9729b29b52827a,19711,3ed7208ca3aaa5a836a54529163d0a0aa10348f6bd79519ce1cf84cbcfa92030,-1,unavailable,2,ordinary_transaction,true
sphincs,sphincs-lowrate-v1,sphincs-20-tps,130,36,3,a02bd322e0618a468a7af8ff133b865f12947d25db5209decad6fb1c02d47ac9,19711,d0f1256223df7a1501b9bb768e8d3c89ebe73cce0f92f4e9fcec2f929985954f,-1,unavailable,2,ordinary_transaction,true
sphincs,sphincs-lowrate-v1,sphincs-20-tps,130,37,3,c79c29a69218d64a5f6c0916b93836d94468219cac6573f501a34f82340a66f5,19711,8922724c02f06df69d13b526986d227a1862c969edad9fa999fcda43242681c2,-1,unavailable,2,ordinary_transaction,true
sphincs,sphincs-lowrate-v1,sphincs-20-tps,130,38,3,979e1d6055e571cd5bba22b6f6f8f909af1f4c740e7febb7b386311d3a94b5ff,19711,d3d31b5757627df8f7695b2bbdfbb2d7bc50e21b4e2c3adf342982003f4111ee,-1,unavailable,2,ordinary_transaction,true
sphincs,sphincs-lowrate-v1,sphincs-20-tps,130,39,3,27e95db9bc3277d927e45d752ef73012919965c80bc9de2fd8ef9d31c8c6d291,19712,706b3a3122afbcad94cd38208f6d242685b75fc2f0f5f09c510da52eb5a191ad,-1,unavailable,2,ordinary_transaction,true
sphincs,sphincs-lowrate-v1,sphincs-20-tps,131,0,3,e2288915d1b1b201112f5068d1aee218eee17a373f9433b8820c2a974ca0589d,19711,be4bb57968393d0ed3963da400affa31cc07f215548a79cf4599c11de6ca10b5,-1,unavailable,2,ordinary_transaction,true
sphincs,sphincs-lowrate-v1,sphincs-20-tps,131,1,3,98f2b45b32784c8bcf5a40901408f1c408310272a429d666dbbbb39c780cc365,19711,9c959c0d0912208993ba2bfb130dd87bc7bf5f69f0ec90ba99d39e643285488a,-1,unavailable,2,ordinary_transaction,true
sphincs,sphincs-lowrate-v1,sphincs-20-tps,131,2,3,9fd78a4d30b9aa6a69e1bee36dfc67569c89f245384029db6d1be9f2eb82158f,19711,7e8930ad8a1a5c33e8e41a0f83426b1bad4936399a57a8294fb45185223da766,-1,unavailable,2,ordinary_transaction,true
sphincs,sphincs-lowrate-v1,sphincs-20-tps,131,3,3,f6291d282f19a5cdd80c2345f3a282096a36da2639a5a7d52d932db5cd3ed25d,19712,f44c71da0cad9a2208a121b7dc017a98077f02c5e55eee1e5a97a5d2e869eb29,-1,unavailable,2,ordinary_transaction,true
sphincs,sphincs-lowrate-v1,sphincs-20-tps,131,4,3,6d205e415f2b723b5ed84e9ace5edd3ccbf36d892f1c20a6c09778ed9a2a1c2d,19711,79fe2389e221502df03cad1b5aac3489de4cce0c33e27cc27d7dbb3911da8030,-1,unavailable,2,ordinary_transaction,true
sphincs,sphincs-lowrate-v1,sphincs-20-tps,131,5,3,b97f037e6fc23e824837466cbeb8ddc9e0b1c40c2b31bfa8005a043d2214a8bb,19711,192fadddcd2ddb5983e25e52d7aa0dd91b34f2dda11349fbfbafab79a5c99f41,-1,unavailable,2,ordinary_transaction,true
sphincs,sphincs-lowrate-v1,sphincs-20-tps,131,6,3,63802d2206edbbe89f2c01c3e7af2b584169dbfdabda9fa0e29cd044e43da0fc,19712,cfc2acf0a343b9b9f046e331f342c4f2843fc73e10b6d427db1c8d0e67c7b3bf,-1,unavailable,2,ordinary_transaction,true
sphincs,sphincs-lowrate-v1,sphincs-20-tps,131,7,3,1065aec8b2cdf9d5ac838bdea679562715c8021f07b67138bb1f62b5ccfc2e29,19712,1ee5c6b4859c4fbf5245204627534d3f6396827402e9f427de04d6973aa2003b,-1,unavailable,2,ordinary_transaction,true
sphincs,sphincs-lowrate-v1,sphincs-20-tps,131,8,3,7200b7d6eeb497f0b07abf3d7d7e665c813b4b36b4b75afc09c9eb85e3c5768d,19712,b919ed34e4c14bbe29c91cdb9d7776dab55d7d1cd7109b90b2a3ff0344b270a0,-1,unavailable,2,ordinary_transaction,true
sphincs,sphincs-lowrate-v1,sphincs-20-tps,131,9,3,d74616c845c6bc00d3ff87cd5f28cb7b2d6e8c2d44eb4a8f7d38ef40c6b787b9,19712,81912672fc09a04473dd430c3be2fb576e542ba3752f547f88f3c458e3b79701,-1,unavailable,2,ordinary_transaction,true
sphincs,sphincs-lowrate-v1,sphincs-20-tps,131,10,3,6f0a8e21b4e8604e9109171327893e6060fc8cc94c9ca8a477c3efce637cf61d,19711,c046df7c02205e270b421f905fed4d7d4e94d5ffa99a9ed1e6e434de317eac8d,-1,unavailable,2,ordinary_transaction,true
sphincs,sphincs-lowrate-v1,sphincs-20-tps,131,11,3,82efb6af183ef78fbfb93caf9ad8806741a8ae66441b0cc01fe0be1e9a0c59c7,19711,b0a4d8431a1d1eb53abef16cfc567e5b300d1356c353796a571bfbd4544ed9fb,-1,unavailable,2,ordinary_transaction,true
sphincs,sphincs-lowrate-v1,sphincs-20-tps,131,12,3,4c8d863c8671912e8e70d25e0b57d9b7f8d2f8f76b672c75a4db5b47c6790b3e,19712,01f2606b6cdf38705520988edfa1aa12c4d7658143c0a144671c17f13579497a,-1,unavailable,2,ordinary_transaction,true
sphincs,sphincs-lowrate-v1,sphincs-20-tps,131,13,3,fe86966f425dff92a97a0f3fc22e2aa55d4b78b5d44965d63a16d448d4bbd0b9,19711,35594c63301e751cf181d40216742df7cdb7296aebb99f9db3c99196c4ace9cf,-1,unavailable,2,ordinary_transaction,true
sphincs,sphincs-lowrate-v1,sphincs-20-tps,131,14,3,7830d48d820fbd3640979b05cce8abce198f23ec97d6fc2ccf00145f02eaae92,19710,2745080ad0c0c05e5169d08a234765439f421ac0084fa361d3a7af535e06dfcb,-1,unavailable,2,ordinary_transaction,true
sphincs,sphincs-lowrate-v1,sphincs-20-tps,131,15,3,35d65c026861eb6a7fd0c8e783d3c4f7698511564c8bd1c49bda2431fd3a3841,19711,a112e9cc08df9ca78b0eca8f81550028ce9da4abc1711d401f608933e00a721a,-1,unavailable,2,ordinary_transaction,true
sphincs,sphincs-lowrate-v1,sphincs-20-tps,131,16,3,376d138b2532560fc5a035c30c5639661261faf112a9d4a366423d6a07cf6c4c,19712,f6e81d7e82a8192d6f5d8059c00ec18d1204b3f856d77b3be9611ea7c0d9f054,-1,unavailable,2,ordinary_transaction,true
sphincs,sphincs-lowrate-v1,sphincs-20-tps,131,17,3,03b9f6fbfaea94a64c27f2fa02f6c17eaf9bbaf95e01cc9ab80183c90ec775bb,19711,db44ca8014c51b2d04f50d33c7077b1f35290798941fd8f1c101ad709079b56e,-1,unavailable,2,ordinary_transaction,true
sphincs,sphincs-lowrate-v1,sphincs-20-tps,131,18,3,569f2fffdcdc8b26fc5f8579e8679ace706ee6e275ba16fcc4c1e86dd9b7ed58,19711,4042b3b057649a8042588894ca78c7abf01d15409e98bffc60cf8cdb17ac85ab,-1,unavailable,2,ordinary_transaction,true
sphincs,sphincs-lowrate-v1,sphincs-20-tps,131,19,3,5986cd090346de12dc1e81b76d2ce6fb0e45a8682497c8d506da03f20ab0ef8f,19711,be2560cdff2d47b32dae1dd49a486d6e945a2909681e8b8570dc521eb5f0b278,-1,unavailable,2,ordinary_transaction,true
sphincs,sphincs-lowrate-v1,sphincs-20-tps,131,20,3,511a256ea7d2a9374afa3571dd9d6afa6f570305ea1829771b5d60bd12c7fc28,19711,927f12ef1018ac339a02687c807db40b17d34e3229872f5679b33a301f6fdb16,-1,unavailable,2,ordinary_transaction,true
sphincs,sphincs-lowrate-v1,sphincs-20-tps,131,21,3,dfe5472bd87b45c881ade5f18cb60e6027768331d2c7237087329f9ec9d4158a,19712,d5ba208a69167dc061083f62285fa1f9808854674199cd922e4d5b40957cde00,-1,unavailable,2,ordinary_transaction,true
sphincs,sphincs-lowrate-v1,sphincs-20-tps,131,22,3,3c20d5b8d4dd4f0dac2d002b06760c0df24e6353f062127254289e8d3546829b,19711,694b3ce31c5881adc8f20cca39d0c89e986c018f443b6dae46c728f229ed01f3,-1,unavailable,2,ordinary_transaction,true
sphincs,sphincs-lowrate-v1,sphincs-20-tps,131,23,3,ffc13b4d5bdfab6534873c3df7b22c0da7dd823dec2d3194824b9f825d9b17ee,19711,615b3bb24a863938b232dd6ebd076f02dcdb315c6171b46618801858d895d86e,-1,unavailable,2,ordinary_transaction,true
sphincs,sphincs-lowrate-v1,sphincs-20-tps,131,24,3,38546274221442f48af37d5fd0e1abd1570420b754b4eb902f8c11151f76d028,19712,eaa545f8c153e0b44eb0f0cc2f6f2335ce0c3aac0d6f02c40fa502d2f8ac9ba1,-1,unavailable,2,ordinary_transaction,true
sphincs,sphincs-lowrate-v1,sphincs-20-tps,131,25,3,5ea576245bfdb219296060c5a42c642b8fbdab41633b918a4c124803e4b93c58,19712,fed8268f12068a53a2811aa092e4ac657e4933bab8ae9d051a1760e95f4e3aea,-1,unavailable,2,ordinary_transaction,true
sphincs,sphincs-lowrate-v1,sphincs-20-tps,131,26,3,3aaf0d8b15f614e71f7d7d44a7aeb49fb352565a206cf3d89b57a5344d93e683,19712,8e637ef0c76a6c71e2725d9f6cf41c4b20fe7e53db238f5f32035e6fb3b6d2ac,-1,unavailable,2,ordinary_transaction,true
sphincs,sphincs-lowrate-v1,sphincs-20-tps,131,27,3,95f89751b7a2f2e902378a8297168494167d5a075fe1be053e37d2c4a4c189e1,19711,2a839deef740070c34b1818ec5853083cf3b4dcabfbba09acaa716c086ebed28,-1,unavailable,2,ordinary_transaction,true
sphincs,sphincs-lowrate-v1,sphincs-20-tps,131,28,3,81d6114d69095d00ce74813382be5244d5939c312dedfcd5e8f6eeba70099b0b,19712,6a1f96ef2cd2e85937357bd48d5826dea0d3ee5c769d7981475131ddbe598305,-1,unavailable,2,ordinary_transaction,true
sphincs,sphincs-lowrate-v1,sphincs-20-tps,131,29,3,6a449de7140ac71124573f7bd1185af964075365e555b4e62039edad339a33d1,19711,04c60d273cd7084a938debec7d59eea5fd4e2eaad0a716e151b2c7867dceca6b,-1,unavailable,2,ordinary_transaction,true
sphincs,sphincs-lowrate-v1,sphincs-20-tps,131,30,3,ecfd81a634e7ca8c41f1de9337125accb3df1f8f50bcc07eb11676912694811f,19712,ba62b4e281bb9139251220af3695bcfaae77bf2ba5a248ebfb1c2ab35a46f7be,-1,unavailable,2,ordinary_transaction,true
sphincs,sphincs-lowrate-v1,sphincs-20-tps,131,31,3,5a0582ac69f5a388752deb89000cbb2266fec4430d8722cd1bba205a69d6caed,19710,15e4feeb4b59de12fefe3f9f9b6bb339cc9e90bcf643b543a1c303cdcd7bf027,-1,unavailable,2,ordinary_transaction,true
sphincs,sphincs-lowrate-v1,sphincs-20-tps,131,32,3,8467d8fe0463460da8d26a0db7caf0ed86344c5801f2f01e88589f1a849c236e,19712,e3a9857084e30b8437e00a5b6b6a9ee3fed75ea6b773d479f84642258835f6ed,-1,unavailable,2,ordinary_transaction,true
sphincs,sphincs-lowrate-v1,sphincs-20-tps,131,33,3,96d9ceada7a83831f5b89c94b73b00f6d152f8c75785398c85e55f890baa2aed,19711,2a78ce1fc93fe7263947ad868df6c89c89dac8b69a2367a97ee4eea0009dfc88,-1,unavailable,2,ordinary_transaction,true
sphincs,sphincs-lowrate-v1,sphincs-20-tps,131,34,3,c9c262c4d32f30f971b1bc51a85602528c7f87ca00f755417c466d0fc8b7c88b,19711,6f36119ce400626064636f6d24231d799e1f1825945d6e28f32a8b74afd665ed,-1,unavailable,2,ordinary_transaction,true
sphincs,sphincs-lowrate-v1,sphincs-20-tps,131,35,3,712d2e5015e37688d1b0dd32d7ebe25f52a2958bb696edb09407c7bfe11a3411,19711,5103e90de87bef7238119c209bd074b4436410cb0c04ab7209a1626e26740dd9,-1,unavailable,2,ordinary_transaction,true
sphincs,sphincs-lowrate-v1,sphincs-20-tps,131,36,3,b1dfc4429aa340f386d6bee543a9b3985d384d74cf7f479967f064d71d5920a0,19710,80661d57116c65f401f8f43e420761ca23410c5d32819971ab70600e5a4a3446,-1,unavailable,2,ordinary_transaction,true
sphincs,sphincs-lowrate-v1,sphincs-20-tps,131,37,3,4f184330f850d82e18e7bc5f23823a114d3846fcb2492144ed5176c0bfb0a3d8,19711,6c790f0fb6ef0458164ef864733578069ff45094d1ac2f6b277860b5734d6ac7,-1,unavailable,2,ordinary_transaction,true
sphincs,sphincs-lowrate-v1,sphincs-20-tps,131,38,3,56ec026026dd88930020dd65fa28092e979720065181b8fa84ca28f5823bea23,19711,448ec3d138a3d511b6d51dac44d1f39a117443a537622696acf9a13bf2b5f542,-1,unavailable,2,ordinary_transaction,true
sphincs,sphincs-lowrate-v1,sphincs-20-tps,131,39,3,5c7ef78d3f997524c9bf48a266616195b0956498babfc43ea6f25fa8ad8b6060,19712,0fc38efeeffb820b7555e77c2b75c624739addbaa3ef7ef09beef00bed847215,-1,unavailable,2,ordinary_transaction,true
sphincs,sphincs-lowrate-v1,sphincs-20-tps,131,40,3,dd3595cfe3b5c29d1cd324c90ec0c19e4cd61a39e56f88829d6c0dc2615d68fa,19711,7a08668023b33d3c8c7b9e9ec91cedba24a69a0f89acf7dd743ec15bc20f3672,-1,unavailable,2,ordinary_transaction,true
sphincs,sphincs-lowrate-v1,sphincs-20-tps,132,0,3,51d51736cc627c6cdd984f77d81b0ad6b9d28549c830384169ff439c5c7e939a,19712,73ca1de66892ecc6c397b07b2d60c0ac36c88f9133f2329662c5cf201616cd61,-1,unavailable,2,ordinary_transaction,true
sphincs,sphincs-lowrate-v1,sphincs-20-tps,132,1,3,714822df3713c6aed7c80e1b4072ccc92d241a7d9c14992e90a6f5b453b6348d,19712,6e4c76eefbfd826d9d38d809761a1d78f13f51c224738c5ca7ee0f50912d3f04,-1,unavailable,2,ordinary_transaction,true
sphincs,sphincs-lowrate-v1,sphincs-20-tps,132,2,3,f85a639e3365b0a842cdc476c3d05a87e9dd322a892321d7f020a4885ea6268a,19712,d9c735d1be9fff7d760ac38e9a29822bbc0765739883253841b7bc196cfe7f55,-1,unavailable,2,ordinary_transaction,true
sphincs,sphincs-lowrate-v1,sphincs-20-tps,132,3,3,01092ad1f2766f28e0c26af76dbaafb324e512e4c4cfdc7819a064fa068c505d,19711,1376fe1606d711c13232f73318a90692eee15b09a1bb860b17c27973cebd7fb1,-1,unavailable,2,ordinary_transaction,true
sphincs,sphincs-lowrate-v1,sphincs-20-tps,132,4,3,2097135cb73fb22f396369a901ce694831106035787e256dc1d61a4caf677cd1,19712,90fbe9bc444c84378c4d9d9ab7e10eacfb5a21cb4cde2afb67e49db270302ba3,-1,unavailable,2,ordinary_transaction,true
sphincs,sphincs-lowrate-v1,sphincs-20-tps,132,5,3,dc592381c72052bce25fc5a0805f49ecd082af32113f6f00964c5485665057b5,19711,2e5f7b2f2789c24726f7a081ba7f0c17426fdd82ad05e56ef69fb6717f634e0d,-1,unavailable,2,ordinary_transaction,true
sphincs,sphincs-lowrate-v1,sphincs-20-tps,132,6,3,bbc0f3807fc5585e0b1b47df8d72f6be90b107f7b53718db5fe82223733fbdaf,19711,70d39471047cedd7b6dda6b4830c77a88d3226cfd6343e861ccf193c2e371503,-1,unavailable,2,ordinary_transaction,true
sphincs,sphincs-lowrate-v1,sphincs-20-tps,132,7,3,06706a585d63535302a147896d0432c9e84d3e4c808558d7573e7d5533ab452e,19712,f333e542705777868fb3ccfdcc9d97a2ecc58e0659f552db4152d7ca3b24677c,-1,unavailable,2,ordinary_transaction,true
sphincs,sphincs-lowrate-v1,sphincs-20-tps,132,8,3,a98f95b896ee6016d797f17c3a5bbea7528ffb475a5688de43f483b93d6a8e0d,19712,f9f2e9aa6404f2ccee0e174f652841a5b14b97fbb5c5b16a65e228c73a943798,-1,unavailable,2,ordinary_transaction,true
sphincs,sphincs-lowrate-v1,sphincs-20-tps,132,9,3,b6bbd2cb9a8bbbd1b23e804cf1269dc47a96a0a6ce1d41f172d5ad8b107a7288,19712,c261fced0a0a60b246c826601f8dc6d7d44d25d8a6b9ed6307628dd1f860ecb8,-1,unavailable,2,ordinary_transaction,true
sphincs,sphincs-lowrate-v1,sphincs-20-tps,132,10,3,dd2c0cc92e2fa922e42a940eef6bec760ebaa9ee7479ee474a833f048dc8210d,19711,68d0b57948e51f8477d5f24aa2a064a6af2570ce2a313a1d8b0312b0ed2b9b8c,-1,unavailable,2,ordinary_transaction,true
sphincs,sphincs-lowrate-v1,sphincs-20-tps,132,11,3,477feb0c448df32e2ec6e52bd1eded068d9dcfd70376bb17750f3ca4e73408eb,19711,c50335b1436b9e4f8ab778473d8ce8fab6807970363c4ce2335f439ad957081f,-1,unavailable,2,ordinary_transaction,true
sphincs,sphincs-lowrate-v1,sphincs-20-tps,132,12,3,85d8dd8ff383063009442c106c13e6dbbd003d66cc83d836b4ccec482a0857bd,19711,b1c0b6c9dc4fcfce29aa067a699c70e9f8f1084defb7a665976e7ed50b4e197e,-1,unavailable,2,ordinary_transaction,true
sphincs,sphincs-lowrate-v1,sphincs-20-tps,132,13,3,512c383c12eb2e783b32f19f45482b01a09b23f0ce856e625fe5cd08172b57f4,19711,60d76d523045b60d0e44bc7238b9c64d284ad3bb9db04464856da119ef57abad,-1,unavailable,2,ordinary_transaction,true
sphincs,sphincs-lowrate-v1,sphincs-20-tps,132,14,3,6289cce0bba6912618d47b668d2f62e42de05d0ca320691fc136d8952245c67c,19710,10fec11bd54773e7d4f4ee80addf93a638b16579611a5c00868158f5d57c700f,-1,unavailable,2,ordinary_transaction,true
sphincs,sphincs-lowrate-v1,sphincs-20-tps,132,15,3,0023bcb41d31c619ad21e98ea1ac61b23902c2a85ca2d82181ed82e287833543,19711,b04acc750ab9e68de46d2c1f4768a895c73e89208667d34fa39319fb0f0f04fa,-1,unavailable,2,ordinary_transaction,true
sphincs,sphincs-lowrate-v1,sphincs-20-tps,132,16,3,f09ec00968f6146fd1abf0b84ecda7e751ffa4a8677c4ad61d4e5d3bce192c36,19711,aef74424a9f543d519288e781cb6dd5187844e21abc91aee513eddd2f954439d,-1,unavailable,2,ordinary_transaction,true
sphincs,sphincs-lowrate-v1,sphincs-20-tps,132,17,3,601f1867bfee86a54f254ed321bcd99056018b7544606616017d48688a29660c,19712,35578660dc3c4d1f41fe2d26092e373cec9933d2bf14b60d38878e807b6d6a97,-1,unavailable,2,ordinary_transaction,true
sphincs,sphincs-lowrate-v1,sphincs-20-tps,132,18,3,e85509715fc3c4776c21aeda2dead9f25ec84226f3a182f52c8d3002025add97,19711,ba998b8c8aae78d09a66d91e48bac096a6eb76ff41afa33158cbe2e4ca442b68,-1,unavailable,2,ordinary_transaction,true
sphincs,sphincs-lowrate-v1,sphincs-20-tps,132,19,3,adc1e7ed7c24ba29c62e51e400cfacac77d9174a7f17a4e6623a421a7caa8c60,19712,8fccb3bf8f7ed06a3d3717b5c1e577b79a39c7ae8830380cc5284119c283e13b,-1,unavailable,2,ordinary_transaction,true
sphincs,sphincs-lowrate-v1,sphincs-20-tps,132,20,3,d7f5e42db3a3c15de20f45e891b701c4b0ea0d37d454d922dd45ecaf5eddf7f9,19712,29c818dd208c210e0013b716b2de883456b92de4003926d6a66f9299d8618619,-1,unavailable,2,ordinary_transaction,true
sphincs,sphincs-lowrate-v1,sphincs-20-tps,132,21,3,8b9362eb32129e9f4d07466235e1838144dca1c803e44cdabe4418f017ab65e7,19711,41b917b689a87045fe32656beab65d8583d9dcaa96410b10175526efd22b8832,-1,unavailable,2,ordinary_transaction,true
sphincs,sphincs-lowrate-v1,sphincs-20-tps,132,22,3,59438a8916c590704b5900bca331ed9f5800cdb8c1926e110eb145fadce605ad,19712,6a97eb344769dbc8eea2d1a5c43de5785e0a61bc4b48ff8dd63884e4fb1731de,-1,unavailable,2,ordinary_transaction,true
sphincs,sphincs-lowrate-v1,sphincs-20-tps,132,23,3,d8be64d6f844a22a5e2225b3059b300f4a267b4877459a3a32a977105677cf70,19712,eb140adbe8764c5347a5fa3826e11271ca584edefa3c97b2cc8c5daec16459c1,-1,unavailable,2,ordinary_transaction,true
sphincs,sphincs-lowrate-v1,sphincs-20-tps,132,24,3,5a35f39d939fb396aa50f828bd5504df5f5245e5295d4d2fd5ec7be2f3c71224,19711,0277dd6f4b7042daf3512bcaa2d6a83726c86508f608a23f6049cc0923f90ac5,-1,unavailable,2,ordinary_transaction,true
sphincs,sphincs-lowrate-v1,sphincs-20-tps,132,25,3,921a25034deb7639a7c292f242969239e34ba21fbac4266c4deda25a2a882ced,19712,2f0635e6aea9c82e5ba056f5155bc108ed64189cb954fdf5de38b80355eb76fd,-1,unavailable,2,ordinary_transaction,true
sphincs,sphincs-lowrate-v1,sphincs-20-tps,132,26,3,039095ce12059eb2a112f58ec8dc85b22ecfa3945933c4d89be1c6ac22b8043d,19712,9853f759358fc6aba2be6a73028944ce9f1e8c56b7c7d6baec0ed4d35f244ef5,-1,unavailable,2,ordinary_transaction,true
sphincs,sphincs-lowrate-v1,sphincs-20-tps,132,27,3,7ebc948160c36578ace10f71cdd0072d4cd0ce664b2dddca050f1d08e7858200,19711,c0bee76ee8f2ae9777e0a8dd354ea82c231030fd29ed98d8f37cd01dd3dab998,-1,unavailable,2,ordinary_transaction,true
sphincs,sphincs-lowrate-v1,sphincs-20-tps,132,28,3,522a8f09bc093b230b99ecf9c7b7d6b482694e7352a60b6f125f29ac2bc294df,19711,5ca2465ae1598bfa7c57ca16f07fc32477a53f317a96aa09c58f5d3b6fbc3937,-1,unavailable,2,ordinary_transaction,true
sphincs,sphincs-lowrate-v1,sphincs-20-tps,132,29,3,1ed48621188aeebd8a48bf43ced1c62538146ca1e4d86bce25e8e9fcaec792f0,19712,d3b39b7db8b1c2d01f1380754342b29e3c4332b9c3ce9255e7c7e9e1da81b531,-1,unavailable,2,ordinary_transaction,true
sphincs,sphincs-lowrate-v1,sphincs-20-tps,132,30,3,6f7998e2b9e0327eb7c64a62fbfdde7d6748750aa8c1c0ecd4b06fa27deafb14,19711,81a7402c95540a2c11cba72b7e98018df6a529ade32951cf4dc768d35b4c839f,-1,unavailable,2,ordinary_transaction,true
sphincs,sphincs-lowrate-v1,sphincs-20-tps,132,31,3,5cd2d8cb858ade5acffd613d7abea5ea600f8eccfbd16fd71bfb69e5deb91dd2,19711,c156ad23368b62820da4b4dd2b2dbed94605c5ce379742d9d647cafcc99efb84,-1,unavailable,2,ordinary_transaction,true
sphincs,sphincs-lowrate-v1,sphincs-20-tps,132,32,3,16166d9416e7d2ec1317aed53bbd4e421263b10fb60d24d0345881b439c701ef,19711,6ee445b69def2b47dfbd2d3d79dbfd0c9a8efe374441d5a101ba54c37b6b9331,-1,unavailable,2,ordinary_transaction,true
sphincs,sphincs-lowrate-v1,sphincs-20-tps,132,33,3,7f8c1ac3bfcaf92b93eeeadeb99e63f94c413a363c2779b1e0c3a195cf314d51,19711,c76bf4b12fe51ebd812e4297c5c9d6e16b5ae32bda2a7d5f2f69d124dfbc3588,-1,unavailable,2,ordinary_transaction,true
sphincs,sphincs-lowrate-v1,sphincs-20-tps,132,34,3,3428f3767b1c9aa47c633184eae0d7b1b2e99bf56705c8be02e3f9039614845c,19710,aef3357ced474c9d1ba479e9c6dd85cbf85fae901af2b4931991ddd7851d9768,-1,unavailable,2,ordinary_transaction,true
sphincs,sphincs-lowrate-v1,sphincs-20-tps,132,35,3,b0899916961ffbd5e18f9344fbc0f89b8a529086a382011ee4097033324540da,19711,8b137c2a4870450ba66f5e7cb825d9c778d56b3dad217053ebabfcc7d3d47e7a,-1,unavailable,2,ordinary_transaction,true
sphincs,sphincs-lowrate-v1,sphincs-20-tps,132,36,3,af5f40dab30635be03c349f44ae96310a1a038d139884b07bd3c384b200ce789,19712,113a77bbcb788a09258f27bf69de2c7ceef1cf64b2f9300a4b40f0bfa1d29b21,-1,unavailable,2,ordinary_transaction,true
sphincs,sphincs-lowrate-v1,sphincs-20-tps,132,37,3,3a10f96b3ab25ec96ed4c2eb95c557d7468a1373e1c69870cae73c9c45c63f11,19712,858b185b3bce6b79df7fd8e5497e3480502dd00b961f746a3112204119a006dd,-1,unavailable,2,ordinary_transaction,true
sphincs,sphincs-lowrate-v1,sphincs-20-tps,132,38,3,59c03f607d2337d2bbeda90728b91fa2f2ebda480bad0f48963d7f5ef2cc9fec,19711,717e986d2e9f725db06fdf4eac600cb00ac2741e2b04b8f2fd40c9240a078f13,-1,unavailable,2,ordinary_transaction,true
sphincs,sphincs-lowrate-v1,sphincs-20-tps,133,0,3,98826a298e9ccaf245091a64751aec4da2df73f347ae535959b6c66b2b9cb6f0,19712,87ed288cc59a91e6da53c460163f771167129cb8d0ae32a9e2f7f1f01652d4e0,-1,unavailable,2,ordinary_transaction,true
sphincs,sphincs-lowrate-v1,sphincs-20-tps,133,1,3,4759d10ca88dc5cff3fd66a01e8ebaacbd47d87647ddf546d8fca0e8120db4cd,19712,5061c3eb1e21d9ad4f972d04146e9271af45f9ada008ddb973e9556d5cf2cbd4,-1,unavailable,2,ordinary_transaction,true
sphincs,sphincs-lowrate-v1,sphincs-20-tps,133,2,3,b8354b703ce5337b87683cb08f5a9c33f37ec5259eeb435bbb60e69ec2eb74a3,19711,580e22ab475e0dd7005fac083afbd495c3346bdc71cfc919f52b7f6010243299,-1,unavailable,2,ordinary_transaction,true
sphincs,sphincs-lowrate-v1,sphincs-20-tps,133,3,3,113f48b607b814aebbfed4c366543296ca28fd4dfc7f3fc450bb9e086eed4013,19711,305e80a96a77cb3a167a2c6e8a28af858eab35ac463eacd8a029fa7f9c2b3d73,-1,unavailable,2,ordinary_transaction,true
sphincs,sphincs-lowrate-v1,sphincs-20-tps,133,4,3,f899a4d9262544e9d6881bd4ed70b79b21a54f5f17e43e72aab452e072e610aa,19712,a6f3cec3c72b5d6d54f9746935c82fc5f61fa28af8a63f0b3abfdd8881c700da,-1,unavailable,2,ordinary_transaction,true
sphincs,sphincs-lowrate-v1,sphincs-20-tps,133,5,3,540b28ff2902e1eb04c1aae084829b2f74a95ff03586f250e13de3f634e012be,19711,6985a4dcd715b9d5083b32ac0b3b74a83f3bf509ba0eedf28e5e732d99621464,-1,unavailable,2,ordinary_transaction,true
sphincs,sphincs-lowrate-v1,sphincs-20-tps,133,6,3,b52a5cf62c247f3222e6dede5dc33683ae46e6b1d641c26032b452f29059ed84,19711,baf6b5e36505ab2f02e9392b6b4962c49606d3cd82a46e2d159267b7b9481080,-1,unavailable,2,ordinary_transaction,true
sphincs,sphincs-lowrate-v1,sphincs-20-tps,133,7,3,2221453770b7fce05f5d43dcdb28489e431d96fe05447f085ba72097f58799ee,19711,1a9858b18cfe10226c58d0d46a2277a3d228e78ac60f822fd7fd3df4bfb34245,-1,unavailable,2,ordinary_transaction,true
sphincs,sphincs-lowrate-v1,sphincs-20-tps,133,8,3,7642da58b4baccf8744e474a58fc54844562361000940d56f77614045a8e16ce,19712,f7cae762de096299b088214b7365cb2676af18cb24ac2e0ce9b09657b6564fb2,-1,unavailable,2,ordinary_transaction,true
sphincs,sphincs-lowrate-v1,sphincs-20-tps,133,9,3,75fcd734f951ecb786a1f792e1a4de9e36a23d00de19bb7534dbf95ffabbc1f2,19711,bf0a65ff1f370238b71f4d0094719945e132c27853d47b8ea998f56166d7266d,-1,unavailable,2,ordinary_transaction,true
sphincs,sphincs-lowrate-v1,sphincs-20-tps,133,10,3,7265c0d48488d5cbfa485997e7ed9e8a01be4b273b6cbf4d9347a6e7732f6330,19711,9f2984308bd2b262003a182dd10fad0b4a7d8ef0c0cad52c87791efcd4dd3575,-1,unavailable,2,ordinary_transaction,true
sphincs,sphincs-lowrate-v1,sphincs-20-tps,133,11,3,089b06463f7918ec44d27a99b1534679bb38c9ce4f5c88ffa3dc705d5a125ef5,19711,afce36a4c659403399cb3be7f417262c43f6aa70055feeb99f982dbe413c8dea,-1,unavailable,2,ordinary_transaction,true
sphincs,sphincs-lowrate-v1,sphincs-20-tps,133,12,3,11fa568765fff35ec2babfa1e7f48344288198c3e1e082566006d09c6ff045ec,19711,69cabb51794185dfaee5c2a403dced08a7098b4e591b9a48cf71e5fb11f200b8,-1,unavailable,2,ordinary_transaction,true
sphincs,sphincs-lowrate-v1,sphincs-20-tps,133,13,3,44bbe0ac811d237001bd24fbe3fc2c6060da08cfb298538d0c2ab2d6f6c3f089,19711,eb89420f6099686cfd94da1bcf6ef23bec601b1ca52aa9283bb46cc8719e36a3,-1,unavailable,2,ordinary_transaction,true
sphincs,sphincs-lowrate-v1,sphincs-20-tps,133,14,3,1c38c1c638c4c4414b8785174f899f483947648232b27dddcf7a7bb797b43c70,19711,22db80af7a5172f0cf1e2c2612257123ed165cfc7d2df0ec0edf351e56fc5740,-1,unavailable,2,ordinary_transaction,true
sphincs,sphincs-lowrate-v1,sphincs-20-tps,133,15,3,5423fa9d043b6c790282fd5a0dbbdc600e5a7f73c3151dfcec9503464c8182c5,19710,a7de4f596d9178a795f56001de2ece3e182bd81bd4c9e5aaf4fccca568eed4a6,-1,unavailable,2,ordinary_transaction,true
sphincs,sphincs-lowrate-v1,sphincs-20-tps,133,16,3,7df622f4ea789a1b03ec9b546a685c86a851198a92fd124e023e2b5fe2011314,19710,f4418bf018a140d590b5a743b414f56af5da14d096af44ba0d2ee8547fbfbd04,-1,unavailable,2,ordinary_transaction,true
sphincs,sphincs-lowrate-v1,sphincs-20-tps,133,17,3,9250179f7680d24e94455d40106d967dd50e86dfce84bbc25bdf52d61fdefec4,19711,0d9eb0ae4e24cdba23bdb188d3c2b64dbe7193e2c30953705252515944cb8e52,-1,unavailable,2,ordinary_transaction,true
sphincs,sphincs-lowrate-v1,sphincs-20-tps,133,18,3,85d987a6de02b10b687a7736cac2a46d4c60ac895f284c2af5f654211e5ed62f,19712,710dc8d318aae455418ad73260647bc494b3b02a76b35b18f9c3f1d526ae6a2b,-1,unavailable,2,ordinary_transaction,true
sphincs,sphincs-lowrate-v1,sphincs-20-tps,133,19,3,69a3e0c25eb4e16c691d7653922a5ce7fe4e8404c7a3eb6429dda3aabf1bbfe6,19712,90fa6ea86433541e05624941f569491d74c91c43879458110932b59d53358081,-1,unavailable,2,ordinary_transaction,true
sphincs,sphincs-lowrate-v1,sphincs-20-tps,133,20,3,d98f2d8fb50c19a4fdbf05a119dcfd7f57258e827054c8262e6593457b3e4af0,19712,1df816d62ae3a38976d38ce34a4f09f1df1f2f34648bc165bb69ab2368c83a61,-1,unavailable,2,ordinary_transaction,true
sphincs,sphincs-lowrate-v1,sphincs-20-tps,133,21,3,87a1e0da092832f52051283ad03a1cac2b20f1e5bf7a73c513db7d5f535c1214,19712,b7d6a8107d870cb7f73beae5542f390b28eefe66424c6dd4dc51e5d37183a22d,-1,unavailable,2,ordinary_transaction,true
sphincs,sphincs-lowrate-v1,sphincs-20-tps,133,22,3,6914193b08640b93c52cd2f8f4672c9786629054b6e1742f3eba61778df7ff2d,19712,05dc9a124f1f6985147331a323140e26c24412c30d0510803ac51df5d5ad10e8,-1,unavailable,2,ordinary_transaction,true
sphincs,sphincs-lowrate-v1,sphincs-20-tps,133,23,3,8a8c03fad8626bb4d7f836268c61b1e868bc1cbe13c5c9de25ba9183fb223653,19712,4e13354fd926fe99d47e1600cfb54e6ed4ee237c0327df1b1250010b1258fb05,-1,unavailable,2,ordinary_transaction,true
sphincs,sphincs-lowrate-v1,sphincs-20-tps,133,24,3,8342956a71f98009075e5c01ea6584b8ba06601b70fc4e8315469b5205c13308,19711,242a3b2fbdcc3f0295f9f5a89fdf472cfdbb9c55235a9c9ef3f7730db9b26141,-1,unavailable,2,ordinary_transaction,true
sphincs,sphincs-lowrate-v1,sphincs-20-tps,133,25,3,c3fa9dc8b5b1f847840a99f55486ac4ccdb8257ad03b3d67f8bbf6b423f1a68a,19711,f66b367756db9467b541a0d28e3f2df9619c9a2b18e3dbc6f9e0d83b95e488f6,-1,unavailable,2,ordinary_transaction,true
sphincs,sphincs-lowrate-v1,sphincs-20-tps,133,26,3,53313e25e97de77e8bf411619884a26204295bc08cc54457d49134b374c505e1,19711,c4b32292576ea12813699c99b7bda778f25856b00400da253f61530fe171d7f4,-1,unavailable,2,ordinary_transaction,true
sphincs,sphincs-lowrate-v1,sphincs-20-tps,133,27,3,52f3bc42f7e0f88cd264da7fa41dc582b6977783fca6c25c59e3accfd39c02b3,19712,075fd98d0ec8a32a9e737ff38faee8475c0a5de8f9d0c3f4e2a7db56888b4af9,-1,unavailable,2,ordinary_transaction,true
sphincs,sphincs-lowrate-v1,sphincs-20-tps,133,28,3,d76291b1dce719046c0018a5bff36cee6f90aba83a8a669f1e1fc0902bb37369,19711,0fc553270ee6fcdd8e9c13d52a2a41ba5614a6472a9a19fd5b9b1065baf7d304,-1,unavailable,2,ordinary_transaction,true
sphincs,sphincs-lowrate-v1,sphincs-20-tps,133,29,3,c5bc0142212100dfaf99fedea895b1569e7ece474b33f73a2054104c508c4c8f,19711,b12907a026554bb20a7f31a5f221982ab33c0509f0d5adc471f30c8e382d8e08,-1,unavailable,2,ordinary_transaction,true
sphincs,sphincs-lowrate-v1,sphincs-20-tps,133,30,3,1e12a5e80ca6b1fe3c1dd47078ab0a7b74ace2a491f98b8dac7e4788a2991f31,19712,4879b170a212e1960399b3bfa795023bfb4111cc1b61b7f3627dc931eef26013,-1,unavailable,2,ordinary_transaction,true
sphincs,sphincs-lowrate-v1,sphincs-20-tps,133,31,3,4f379ca04146f51aa37477505c1d3f8375d159c37c15fded2f047ef611816fb2,19710,04e2145db63787e17d0aafe907ffb039c48b306d63eeac483cf6f54bdf1223f5,-1,unavailable,2,ordinary_transaction,true
sphincs,sphincs-lowrate-v1,sphincs-20-tps,133,32,3,925bc129e1fb62d67bea007707800c2a9e8b2fcf1b8b13dae4817e5a49f2918b,19712,71404b06e625111a01a9c6464f588d85f5f5d4157b0d50d5d145f9e4e3d83a4c,-1,unavailable,2,ordinary_transaction,true
sphincs,sphincs-lowrate-v1,sphincs-20-tps,133,33,3,8da257ce51820a597b96fce860dcc0ed75d998082525b4a4bcea30fff1ee086e,19711,ac9f1abae515927c6378c8d963dfd530f118170cf8b1ddfdf45b1f9e0749577a,-1,unavailable,2,ordinary_transaction,true
sphincs,sphincs-lowrate-v1,sphincs-20-tps,133,34,3,eb32d6ea696a8153cac7fbc72a9378bddde9d68469d31883d52115a200331ab2,19711,aafe450210a5de90db1cf389faac898c38f51801f169a98a1fd10be48ea25a32,-1,unavailable,2,ordinary_transaction,true
sphincs,sphincs-lowrate-v1,sphincs-20-tps,133,35,3,7a4a92f56710020003c392c7a119b6a744418b83a8720ea79f17acc0e65df29c,19711,1dea22bb3fb4f57238d2adb19f8ca634a1766587088c7b9084411775d30d5053,-1,unavailable,2,ordinary_transaction,true
sphincs,sphincs-lowrate-v1,sphincs-20-tps,133,36,3,5022dc034a6dadf9367f91dd9eb3ce017e9e269832fa96870b9f277fd6615cf0,19711,8dd7339c29a0c3fe7f6412e6ee8519d191e44f43c68da575572e13d9ec8d8bc7,-1,unavailable,2,ordinary_transaction,true
sphincs,sphincs-lowrate-v1,sphincs-20-tps,133,37,3,1a6e754b8053659f719d68a97e02f5c0b6b069ef1a59f8e9093ffb76be5df9e7,19711,c7309dfba9bfa53f7b886a2f710d754d1e23e9b1c61917584de0e7d23e21196f,-1,unavailable,2,ordinary_transaction,true
sphincs,sphincs-lowrate-v1,sphincs-20-tps,133,38,3,a22df49c4ee7ac1f068f763bbed6d97bbd9f37342d54d295e06a7b692d906fd6,19712,b0aa338b10eed2e60e5095332401518aa38a8a8ef1c4a103023e4151ebb13d5f,-1,unavailable,2,ordinary_transaction,true
sphincs,sphincs-lowrate-v1,sphincs-20-tps,133,39,3,7cf954d115bb4b16dc5cc6a2029049d2baba3397b721edc8b16e6971e075b96a,19711,9a422cc9d01b4d0b92f4acc782c767d5d357f1f1d74abfe9b9933d40c3f63527,-1,unavailable,2,ordinary_transaction,true
sphincs,sphincs-lowrate-v1,sphincs-20-tps,133,40,3,52d17d46c606f5b7f2615112a79b56dddc5a63c1303a3742f589aac8260bab86,19712,fd4964760f4b154cddd151dd8592d41c0e59c58c92bbc147fe8fb009d67e1f67,-1,unavailable,2,ordinary_transaction,true
sphincs,sphincs-lowrate-v1,sphincs-20-tps,133,41,3,8b0b2acafcc0eb329199615a5899e657058cc5a9b40b5c2ee3243a66aa8eceab,19712,b7e17b1566ae5a427a8d6f292b65c6bfed4a46ddb4d873f9de5636a6281732a3,-1,unavailable,2,ordinary_transaction,true
sphincs,sphincs-lowrate-v1,sphincs-20-tps,133,42,3,52953b65c19706c83f84a8576d6398abf3e94374e694ec287b8e0f0d1587a064,19712,d31510774ca851bbf0491f6170ada57c82b24587c80581c4d555e6c8d055da67,-1,unavailable,2,ordinary_transaction,true
sphincs,sphincs-lowrate-v1,sphincs-20-tps,133,43,3,3920e6d5c700dcfa83f2eca5e595de16aa4d7d8e06530ea7c6acccbc37ba453c,19711,b6848962adef07fdc3edccc2c1592ebb1c57a24e9add8e459053405a3fa2afe3,-1,unavailable,2,ordinary_transaction,true
sphincs,sphincs-lowrate-v1,sphincs-20-tps,134,0,3,5ade26f6f1cbc3e48f122278d27f77b79e9a75394ee6f7458ef67fdbb3d24f8d,19712,1333f1fd2811fc2fe075cb93003276abd57d58e3e57feafd719fee830f03169c,-1,unavailable,2,ordinary_transaction,true
sphincs,sphincs-lowrate-v1,sphincs-20-tps,134,1,3,3016b244683ff519c12332f9191bdc5c68916726972c237ad9621021644ef3bb,19712,e8fb941b9f6bbef86d75cc979f4d7a1df99af3beab8355d61ab2342eb77cd443,-1,unavailable,2,ordinary_transaction,true
sphincs,sphincs-lowrate-v1,sphincs-20-tps,134,2,3,ee2e5aefce09f7024be6980611c1a540947c84f03b0cd277485d11419c9f6cf1,19712,9e09e14544342dfb30b06ceac6712e78923096c9a206049944967a4e853dfda2,-1,unavailable,2,ordinary_transaction,true
sphincs,sphincs-lowrate-v1,sphincs-20-tps,134,3,3,bb74a2506a60d95e0ab5a0dac76761ae9b4204a899b23b9ff37c5e9247bdfa19,19711,47458ff0f44016a7b22bc05d97d5335530c0352369c22e9e09f85af2f263d465,-1,unavailable,2,ordinary_transaction,true
sphincs,sphincs-lowrate-v1,sphincs-20-tps,134,4,3,053986bdffb59761d0e3429da551411b4b8bb2044ee6586f9a43ecef2a5fc7c4,19711,a427119b0af084c1c8ddbb0b714545dc40ce19cda22c356b2bdd229bbea34d4c,-1,unavailable,2,ordinary_transaction,true
sphincs,sphincs-lowrate-v1,sphincs-20-tps,134,5,3,30cdd7867139dec0f5bcdfba6ef67dbaaf2fa7dd8245558632610c9700ed9cf9,19711,4a1b93744ae2c356cc781be8188815ac32cc421ceddf6e55e7893605b28c706f,-1,unavailable,2,ordinary_transaction,true
sphincs,sphincs-lowrate-v1,sphincs-20-tps,134,6,3,d815880766f0b04341e2def2a33c9496b043adbe1650728b381534498583b8ac,19712,985352a0bb2b5dc8cb4f1aaa4494cbbbc35a0dcf59fa269bb85ac6f98085e206,-1,unavailable,2,ordinary_transaction,true
sphincs,sphincs-lowrate-v1,sphincs-20-tps,134,7,3,297c1a3efec3f084914fda93911365ce53bfb407ef97e8088bccc4b1f631226c,19710,35c19e7dd938ffc9d4ccb3a8fcea08e682ac8b9310b8c51e8b06d768d0eb8703,-1,unavailable,2,ordinary_transaction,true
sphincs,sphincs-lowrate-v1,sphincs-20-tps,134,8,3,e1b2aa7388f28ada8710b61256b517ff49fda81ce084b6f800121c91d32d25f5,19712,c7572ce74fdd278bc149b92ec2e50a63f2255240818cb74726e383797d280823,-1,unavailable,2,ordinary_transaction,true
sphincs,sphincs-lowrate-v1,sphincs-20-tps,134,9,3,c4e4dbf29f4d5460535a729be0cf947c8cf904c94d46c58e0cc12d11fd9ebc9f,19710,0894cc36e2a209421a2e301352bc8b389b8fa0cc171dbd5607d3393947a0a0e1,-1,unavailable,2,ordinary_transaction,true
sphincs,sphincs-lowrate-v1,sphincs-20-tps,134,10,3,527ca11cc0034e83688566ec842b5201c28950c944a3603e45df702f22b72189,19711,f46ca8ad78a420a5b9de0ca702249b2f18bf5c0508da84ddd2b0f42f31fb97bc,-1,unavailable,2,ordinary_transaction,true
sphincs,sphincs-lowrate-v1,sphincs-20-tps,134,11,3,861b0db3a6f828b8ef7bdadf41bc5fbef6e1a0b1ccf05663e3dd165877910588,19710,f293db3a531a6dae9ed4f43cd6374960d35e438e2649289a484b070e3a428b68,-1,unavailable,2,ordinary_transaction,true
sphincs,sphincs-lowrate-v1,sphincs-20-tps,134,12,3,744887864eaa50667d5ecfe3e3a3e9f8484f3ce925d50432557dbaaca721ac13,19712,61ebef6c32cf850f50a90063271f21a26bb2fb57b4bf05f34cfac29e6971505f,-1,unavailable,2,ordinary_transaction,true
sphincs,sphincs-lowrate-v1,sphincs-20-tps,134,13,3,35e3051bb173bc13a49c1bb931996056141a94fa1c9b32917068ff366d7a18b5,19710,78e7fcc7bc19f57b9990fc8d2b1f7156f17bc6ee914c77291f74d5ac39865076,-1,unavailable,2,ordinary_transaction,true
sphincs,sphincs-lowrate-v1,sphincs-20-tps,134,14,3,17e16a0e2c2687e98494145f608c6197658421c33ece820eb23a8ef59cc7a6f8,19711,4f7a01444e2d5b34f8227e2c8f30fcaeede387eaf7efaeb20da6da4ac596e6ff,-1,unavailable,2,ordinary_transaction,true
sphincs,sphincs-lowrate-v1,sphincs-20-tps,134,15,3,c2773ea295d588f35d0063d86b3e8b8859fd3eda0af4535259e224fa76ee59ca,19711,c830247364a725b849349b6058e67d039991557be3e35195e156c74a0c5b781d,-1,unavailable,2,ordinary_transaction,true
sphincs,sphincs-lowrate-v1,sphincs-20-tps,134,16,3,00b1a13dc92f89761ab19a0054f8eba8334af8b3037564626df465a4208a6b0a,19711,1afff4f7221e7b01c30353cd8663fe016cb195282eb4257f0356b6ecc37c840b,-1,unavailable,2,ordinary_transaction,true
sphincs,sphincs-lowrate-v1,sphincs-20-tps,134,17,3,4d02802ca7d0584b3d1cd79f4a8bb8c754255103073b2364ba38691acd718cb4,19711,28be9d9ccf8b554bad1105cb066b429b5b5d0af33c2d631d948e8cc65c915dd9,-1,unavailable,2,ordinary_transaction,true
sphincs,sphincs-lowrate-v1,sphincs-20-tps,134,18,3,25c34b925fae75bc53d90b06088d28b5ecc3fab0abaa8f8070a959cee2b5cd64,19711,9ec16acdfcdcafe495acd96ffb86d0aa76716c1b03b73de9c92e86f927408692,-1,unavailable,2,ordinary_transaction,true
sphincs,sphincs-lowrate-v1,sphincs-20-tps,134,19,3,23808ba0331a6cf73a7e00ab7418abe53954ed604c2a96c40d853a7bbdecc8ae,19712,7918c284fbd8361bf6ce5d6c72dbbd5f5bcd2991eb32b65c7d5defec1a93ded9,-1,unavailable,2,ordinary_transaction,true
sphincs,sphincs-lowrate-v1,sphincs-20-tps,134,20,3,55174917b37c1715175da40391315cc2232a31b3d17b70016c43f13d73bc38b0,19711,5103303084a3e754020212e1f257c093525afe6b2a4e533aee1c646eb997f79d,-1,unavailable,2,ordinary_transaction,true
sphincs,sphincs-lowrate-v1,sphincs-20-tps,134,21,3,aa97694e8cf1e1fcb3c366db36472ab72e1c3a04aaaf3cbecc00d70c68504dfe,19712,402b4c2460eaf15354f0c778cc968eb3e676d5a17b6689b323b8a201dfd79fda,-1,unavailable,2,ordinary_transaction,true
sphincs,sphincs-lowrate-v1,sphincs-20-tps,134,22,3,c708fc7544af3eeac3825ef16e0a62bbb60af696356acfa4bd58f20f2b829566,19712,0987c8e73fd9cdb2a2f78a4c486236c1e2270cb7fc3317311fe96504b3c630f2,-1,unavailable,2,ordinary_transaction,true
sphincs,sphincs-lowrate-v1,sphincs-20-tps,134,23,3,c558953fbed225b40a58fcb4f1c2030504ca657a76c3cfedf28424b08a60f95f,19712,7551d181e3fa21fc8b933c4be20dd1b5d9db9075206bd6534cc0bdc4bb99f8be,-1,unavailable,2,ordinary_transaction,true
sphincs,sphincs-lowrate-v1,sphincs-20-tps,134,24,3,4131e3e51e1ceda03eb6712852d12ed53f222d2a3e9c60a22eaa53fed5db2cf5,19711,d274a0c5ea8312a5e56b2323e0bec581056b6987c971aad14959206023294253,-1,unavailable,2,ordinary_transaction,true
sphincs,sphincs-lowrate-v1,sphincs-20-tps,134,25,3,320f063d076c148a34fdae9dc8fd102f3c2166f1e4aa89a2a997c1be345557a1,19711,0f23406158d342e5affd6175f819d9db77bc333450cab81829f3e64630fdee4b,-1,unavailable,2,ordinary_transaction,true
sphincs,sphincs-lowrate-v1,sphincs-20-tps,134,26,3,6707281aa764a0720b570cf06a197c9bcfc0f2fe7c6b760f4f42201549045855,19711,c00be959b68808e45c22dae652bdc3a0b1d915d9836db3852bff91d93d1ea400,-1,unavailable,2,ordinary_transaction,true
sphincs,sphincs-lowrate-v1,sphincs-20-tps,134,27,3,460e7b9b94067aa1e4a41a5f939fb7b8b50a99343d64930e57156772ad4aafbf,19711,ad308e0de4c8a3f05aad7718863c7b203d25a5bcfef47a900735517bf8f76e21,-1,unavailable,2,ordinary_transaction,true
sphincs,sphincs-lowrate-v1,sphincs-20-tps,134,28,3,b3c0cc7490967b21e10e3b7ed16af41bcf187e2ba8eba9cd1ebc27a0ad166d75,19712,dd726041937034759a9271dbbb613699332dc58a2aec3168fec272ffad4e15b7,-1,unavailable,2,ordinary_transaction,true
sphincs,sphincs-lowrate-v1,sphincs-20-tps,134,29,3,c8211953d48956aee2e5986bfbf69351b80323afb4a2a76975a8be3411b64650,19711,0ec973cab8e0ac85f972a60a01dfabba698409271fa6d9029c25102f8b63636e,-1,unavailable,2,ordinary_transaction,true
sphincs,sphincs-lowrate-v1,sphincs-20-tps,134,30,3,abf78c92f9adc5fddfdf835a9404190e6682803f72615612c7d378573a4e4e88,19710,737b6a67de79d5036e449c2abd22100135b29ca35918d465722eb03b8fee120f,-1,unavailable,2,ordinary_transaction,true
sphincs,sphincs-lowrate-v1,sphincs-20-tps,134,31,3,02157343814109bff2048f290107648410f215febf956142b17277c9c0027b32,19711,296731dfb8dc8d0f6b15d006bf97b14cdc18755e67ea56ab048b886358654a3a,-1,unavailable,2,ordinary_transaction,true
sphincs,sphincs-lowrate-v1,sphincs-20-tps,134,32,3,73eaed69d69107aeefbc9feb4f974bb910963b01bc8633448a8d58291a4aff46,19711,4aa5e3a6676f20bd439eac655fbff09478af1636d4cc7434a2ec7d461b0a417d,-1,unavailable,2,ordinary_transaction,true
sphincs,sphincs-lowrate-v1,sphincs-20-tps,134,33,3,15518d282dfea4f1ace68042bb4ded6ae3f9ea9782bcf71c428beaa44a5563c5,19711,616fb879653b4b1cc0b8091286dcab2ef7b2f4b466f790f68fcec4ba36ccc843,-1,unavailable,2,ordinary_transaction,true
sphincs,sphincs-lowrate-v1,sphincs-20-tps,134,34,3,9469fb35ecdcbc084a2259a6c77acec145dbc492c0aea2297e237057a3f85fa8,19712,cd5659f7693b5cb956a4610132a540ee0408f697b4d510f5d9b7e3f100bad617,-1,unavailable,2,ordinary_transaction,true
sphincs,sphincs-lowrate-v1,sphincs-20-tps,134,35,3,7c51cb6e70ba11dd9649cddf037f75955f64396b7f93346056f4ea7e564d9f92,19712,0f95311f618bb6b05b6fb0621c74fef2a7055570ffe1565ee558981fecf999bb,-1,unavailable,2,ordinary_transaction,true
sphincs,sphincs-lowrate-v1,sphincs-20-tps,134,36,3,a754d797a82a08c46f1e0c094e7fbe6e406f123f7366ed84e4918d7847ed32d4,19711,68871d0ec143c7c600a9d1612c7d198ca7cdb46fbac37dfd2f9e7d1fb2f17e64,-1,unavailable,2,ordinary_transaction,true
sphincs,sphincs-lowrate-v1,sphincs-20-tps,134,37,3,9dab8fc36dfc7ef367afbb6af5df1b07fb3f56f3dcfc72c68c74cfe691d079ce,19712,60413fe8fc29114babdaca7e11e3af4a111fdeb60b6916dab870da75b6a8d39d,-1,unavailable,2,ordinary_transaction,true
sphincs,sphincs-lowrate-v1,sphincs-20-tps,134,38,3,67ec855fc9d118f554e734a6f4066f940aa840ec49252d280cd816ba67480f33,19712,f0073e7dcd0da0ebde888fdabf35425a9c7a1416437a7a4b99e5884101a4acb5,-1,unavailable,2,ordinary_transaction,true
sphincs,sphincs-lowrate-v1,sphincs-20-tps,134,39,3,7fd28f4b8c8a940cb70bd59b5d392048a61d3d17b42a248c48014f940e909d96,19711,69a9c01b8d723203811ed20a3c883d32467db29b6d3ffb895f1bae38b95ac15e,-1,unavailable,2,ordinary_transaction,true
sphincs,sphincs-lowrate-v1,sphincs-20-tps,135,0,3,7807f3356980b495c4fdeed5d771686470ee6b3872194d41ba7378506ed060e5,19712,bcbc856408fb149c97d1cc637b5d24d388cd7d54c7bde6542217abe2ffd930d7,-1,unavailable,2,ordinary_transaction,true
sphincs,sphincs-lowrate-v1,sphincs-20-tps,135,1,3,380ac35ab5c17dc7aa077917f0f4c093d276b941a747dbf53f0f8d466dfefabd,19711,08f7cc179828010276b43d822d75fa21fbbef30e73c5e9be22de1f81d1593148,-1,unavailable,2,ordinary_transaction,true
sphincs,sphincs-lowrate-v1,sphincs-20-tps,135,2,3,c5a3facbba0d595beabb5789bb5df465b0df06b9a2a76cf87b217bdc49a57cff,19711,99d387dc8ec6578f5b65e881e3244a1691cce460d6654473fad1f9bdd9d5d39e,-1,unavailable,2,ordinary_transaction,true
sphincs,sphincs-lowrate-v1,sphincs-20-tps,135,3,3,ff6d9620c7e9d7ffa88e98aed4afc53f1ae3201a5ece981c7fee2844d908d355,19712,3f78ede8beeff017f26b0638f4a4ef3589afd7fd2052b600fd9670b914ecdf12,-1,unavailable,2,ordinary_transaction,true
sphincs,sphincs-lowrate-v1,sphincs-20-tps,135,4,3,9c815ff485fe8d9bf1ceda28a301f5e73be227e504b7c9e54133c22caf863658,19712,45a1324f03f6e0397f72709c84d879e0d47c72a0f4813cae1b8edb1788881c30,-1,unavailable,2,ordinary_transaction,true
sphincs,sphincs-lowrate-v1,sphincs-20-tps,135,5,3,700156e8dfc1222b0e1679fac902ed5d4a32c1053b7123f8d6d212064c338066,19711,536d7851b471822eefab597b30249f0caefadefeb6b5c44e0747fadf56c82049,-1,unavailable,2,ordinary_transaction,true
sphincs,sphincs-lowrate-v1,sphincs-20-tps,135,6,3,ab5377d6c1eb200a0fbf03176eeed866cac042b8ee09def3f0637604a37150af,19712,9c5a37c4d2f62bf461c0f4aadacf3c7163b11211c29dc23c93dadabee400800b,-1,unavailable,2,ordinary_transaction,true
sphincs,sphincs-lowrate-v1,sphincs-20-tps,135,7,3,862f1995dc71f7845acd084d22d296a2abc862dfa922042e7076a895ed151057,19712,5c595106ca2b2fec804c328d630092561011c1fd6c8c2baafc9006d5b1335e86,-1,unavailable,2,ordinary_transaction,true
sphincs,sphincs-lowrate-v1,sphincs-20-tps,135,8,3,96f91dce4c640a914c1373854d2d3ae0b453192f8f63bfed7f584c3391f59779,19711,64c5ba651551bb11b81fada9dd258ef58d2ba48fec229d0a6381cf7657e40d84,-1,unavailable,2,ordinary_transaction,true
sphincs,sphincs-lowrate-v1,sphincs-20-tps,135,9,3,d719480bbbaf607df9965d2dd6a263e75ca0ad31ef714933f14978f2fd76cc94,19711,6b672548eb49cb8b28d5a98476879428111c5575682302cda7790328a23fba64,-1,unavailable,2,ordinary_transaction,true
sphincs,sphincs-lowrate-v1,sphincs-20-tps,135,10,3,345b28ee606b8fff40170843578ef21d314ee6a007a763f9f79cc6e47b562bdb,19711,7632cca1f832d9f8c033dd5916b22d24fe68ff56dac23afac336d41ee0b75698,-1,unavailable,2,ordinary_transaction,true
sphincs,sphincs-lowrate-v1,sphincs-20-tps,135,11,3,7ae015455f83585342627fce796fce19bb49e2c9f8897c4ba81b6f729839e697,19711,98a200eb698aa3d5c66268dc02905f486ae80040f17fc2a779bcc834a44291b2,-1,unavailable,2,ordinary_transaction,true
sphincs,sphincs-lowrate-v1,sphincs-20-tps,135,12,3,9cacc678913c5fa4c797f758116750b6a26f205f45b8540d94ccbdae249a8c91,19712,c57af4b45dca43bdd7c818542e4bf7c130d817ec5a438d6f663956e109550d1f,-1,unavailable,2,ordinary_transaction,true
sphincs,sphincs-lowrate-v1,sphincs-20-tps,135,13,3,e274d3f462536b77a55e6ad863ecbd6d440d39f667383ed1e978710ece73ff07,19710,722e220861bc3e8af749ff26ad58c4d0c8068c6cc652c95fd0c068f2bce68f8e,-1,unavailable,2,ordinary_transaction,true
sphincs,sphincs-lowrate-v1,sphincs-20-tps,135,14,3,4434dbbf0e970ea97b3fd1f7a645dccb01998869d6980e67df3e49f635568350,19712,08a6ca86dc23c1e30ab540afc6832b293813090c2470e6570e4738610960cf8d,-1,unavailable,2,ordinary_transaction,true
sphincs,sphincs-lowrate-v1,sphincs-20-tps,135,15,3,fde2bcd17c2e310712fe4540e95b21aea73316d94d9cd25bd389350c1747e7dc,19712,199242241f5b37ccd444a2bab128e7c95a5a6b2a7502597700900a3ecc8504e0,-1,unavailable,2,ordinary_transaction,true
sphincs,sphincs-lowrate-v1,sphincs-20-tps,135,16,3,43fc8b687c055cc9cf273c5c6d5e1d0c20031003f4d7eca078e9ee83b060d0c1,19711,d280feb24ffc45a598f27a3e8dde222fa07676e9a8f05143ad5de3de96337f5e,-1,unavailable,2,ordinary_transaction,true
sphincs,sphincs-lowrate-v1,sphincs-20-tps,135,17,3,2bde5e2ed18d6c06ffab739387e88dcf3558294bbeefd9dfd6fc5e0b46bb0676,19711,8c86b5379856d8e5a7a1c34f7a8bc50f9f9f5b08acc460c6251d16bd88beb8df,-1,unavailable,2,ordinary_transaction,true
sphincs,sphincs-lowrate-v1,sphincs-20-tps,135,18,3,70b5c66fba9a4e44e7b451c7eee83fa0eff7df7c89228561ec9f4ac2474cc5dc,19710,85d934dd100e1288632c62a3926288e931cf4936cc4dbee3e0fbe83226e1ff95,-1,unavailable,2,ordinary_transaction,true
sphincs,sphincs-lowrate-v1,sphincs-20-tps,135,19,3,51c19635ac1426d9c8e64c4336c89901f98d8056830dfc80e644db119a2ffe24,19711,c6e5ba3009047eb125f4ad1139dcd756ee1f668c7080546487de626260d1a1e0,-1,unavailable,2,ordinary_transaction,true
sphincs,sphincs-lowrate-v1,sphincs-20-tps,135,20,3,e086b7ab7b6adabd987b35b8ef67622a70a642038bea8613bba71543a4019b59,19712,5758418adc2b096447b7ddc793e76abbda2985deb044f94a0718bc8e86d6ec23,-1,unavailable,2,ordinary_transaction,true
sphincs,sphincs-lowrate-v1,sphincs-20-tps,135,21,3,2b36e3b8e91150c8e325b6511b401cf271463a35693c1e489e2d1177f38ef213,19711,d4cc32fe142812821ae469ff2ea25b5a5f23bcc3895e884949210306a4a2ee52,-1,unavailable,2,ordinary_transaction,true
sphincs,sphincs-lowrate-v1,sphincs-20-tps,135,22,3,0177119f752c7d96917339adf9ed72b02bdd039d994c7571488304f00b93885f,19711,0137ab6abee23be5a020a2ee3ecfc16a2b4939afa1cd3acca6888f7fa0252217,-1,unavailable,2,ordinary_transaction,true
sphincs,sphincs-lowrate-v1,sphincs-20-tps,135,23,3,1876ed0c1cbfdb695b97c7ee6468cb705382ed6f99a1eddfc4a032f14fb91bdb,19712,5441340dac5dd53b4a69023161dd1f1e5e93bb928c1231cfec599a30d7d3cc93,-1,unavailable,2,ordinary_transaction,true
sphincs,sphincs-lowrate-v1,sphincs-20-tps,135,24,3,e7a1e35825031ed179ad5ebac1645054f354a22ebefede50505a0c69519e7a23,19711,694d87e5e61fa3937d5dda53eddb5a69b856b8147686e90134f1bab065802e9b,-1,unavailable,2,ordinary_transaction,true
sphincs,sphincs-lowrate-v1,sphincs-20-tps,135,25,3,490643818cce36693f8bdb9d6f7b0c28095ed8c311dff09ea1f3916c194a3f22,19712,e0554a6b4551a4eb08bff0768d7bcd674f09fc9279a3a4abff0343ae7f44d19f,-1,unavailable,2,ordinary_transaction,true
sphincs,sphincs-lowrate-v1,sphincs-20-tps,135,26,3,a4a239791be80a78b38e4ef6759e69eeded118989748dc94fca977823fa96f01,19711,ce2732086570ed9e6224f6072721d52aa9cf169a45efba826839554f8f29403e,-1,unavailable,2,ordinary_transaction,true
sphincs,sphincs-lowrate-v1,sphincs-20-tps,135,27,3,c291ac8e7c8cbdd95d8f1b0a0ab9141ef3a2cd967dd29398d67d333ebc1d3ee6,19711,9c42779d3289fbbbe9445b84aa67e5abada7b9fd08a68e1ad2899d3df2c9dada,-1,unavailable,2,ordinary_transaction,true
sphincs,sphincs-lowrate-v1,sphincs-20-tps,135,28,3,3ccef0583a866370ba392ec41556739905f3be463f3e4c4c4ccc052ebe20117b,19712,56ce563e120b2e605bb853e8a468c8b867c106f3f3bdb4977ecc3310ba6d42c9,-1,unavailable,2,ordinary_transaction,true
sphincs,sphincs-lowrate-v1,sphincs-20-tps,135,29,3,14b39ca51aaf0ca70be0aed3d2aac77372bbd6207ddccb39039d94d977a43c0a,19711,a72a2af54c8316b3272756a91b311dce931e72bda396011435ffbfb6fbebebed,-1,unavailable,2,ordinary_transaction,true
sphincs,sphincs-lowrate-v1,sphincs-20-tps,135,30,3,f7e94eb3e0dc1ff7c3832741a2fc4bc9ebcf17e10e29d10686b036d3b8a889f5,19711,61f38bda7b44723cbd8f6f8bc3421e39c073086823e9a2c608e74cb4b32c6985,-1,unavailable,2,ordinary_transaction,true
sphincs,sphincs-lowrate-v1,sphincs-20-tps,135,31,3,46f5144817db9a7960b08427285791e73efbdbc0f7ba316742d13ba4cba17cc6,19710,afe3fa8538fa572f2245e551834b5ced1ff23248c800b598c1c3078b3b35a188,-1,unavailable,2,ordinary_transaction,true
sphincs,sphincs-lowrate-v1,sphincs-20-tps,135,32,3,f9799700368b81aa64d33195c6ab0fb1b1c98bf092f585010d89f1f1ad238856,19711,cf3c3c32dff25d19e407893c87a38211da34e2badd731f7af8c9d62a9c797e14,-1,unavailable,2,ordinary_transaction,true
sphincs,sphincs-lowrate-v1,sphincs-20-tps,135,33,3,d0eb8d1a9e8888e9423a4cc79d4e69c21643517fa4a1616734d5652a0db5fa81,19710,28dc086b590d235a46e0a55357e93d12a7bd691ea8d1a10c75bf641f209a8896,-1,unavailable,2,ordinary_transaction,true
sphincs,sphincs-lowrate-v1,sphincs-20-tps,135,34,3,0af8f17e5b897e7e4e88b08751fdb51854f9850bb6ac33d8f16ad6b7c0913c3a,19712,c517708e9d1ecbbec7f30dd8fdaf6cf442302caec01494eae30c27a2e0143a75,-1,unavailable,2,ordinary_transaction,true
sphincs,sphincs-lowrate-v1,sphincs-20-tps,135,35,3,1365972265fbbd5c0cb3b8db6fbb9a0317099f27762ae6cab68194aaa4c29058,19710,939376b1313466930e5743becb5d6c49d13cab171e518f4a44cbdd8799af8f20,-1,unavailable,2,ordinary_transaction,true
sphincs,sphincs-lowrate-v1,sphincs-20-tps,135,36,3,7606ac4c84154162a99e01b03648e3d4fe99e735738990d187743c57e423dc9b,19711,1a5b5af60995d3ba4464bdf7936c15f60f0ae86d69a5735d7967003c0227a1f6,-1,unavailable,2,ordinary_transaction,true
sphincs,sphincs-lowrate-v1,sphincs-20-tps,135,37,3,89e3725a29613477eb3a022766554bf7c45b6683a1dede0c07489eeb9a9a7c4e,19712,5c8a4ce7308e61ffa126777a482cda23c2d844734e41e63be126f1ea5f8f832a,-1,unavailable,2,ordinary_transaction,true
sphincs,sphincs-lowrate-v1,sphincs-20-tps,135,38,3,055a47976b50a794eb272fc236dbac807f0636f3efee0754ad0bd0ca639f3b32,19712,60bab854f8dcf9d36cfb75dfe003667c3436bb455f34f490ffa0dcbf040f8728,-1,unavailable,2,ordinary_transaction,true
sphincs,sphincs-lowrate-v1,sphincs-20-tps,135,39,3,e99f6cc595418fc1a9f26a17b9944fd15cf5635de2ead67b17b012da02d15448,19712,97deed2bb8e7ce59f74e21aa3a3b64e9c0e71a425a962ee86b2916a2e2016c2c,-1,unavailable,2,ordinary_transaction,true
sphincs,sphincs-lowrate-v1,sphincs-20-tps,135,40,3,eb942f37d929507b48c74894cd361590ea8a06e15063e51870e7c339d931e8c5,19711,c23af36ad9d700db5cfcf2da31ee93fc6cd60c1462e00032afb11ac2e9dedacb,-1,unavailable,2,ordinary_transaction,true
sphincs,sphincs-lowrate-v1,sphincs-20-tps,135,41,3,71b36127e32770068b87aa85b48ae302feb36ea56056719fd81f00a809151f10,19712,e98dbe2622d268a87e02e89053f1c7a3990744074d0a1b856e84b2eeabb8da1d,-1,unavailable,2,ordinary_transaction,true
sphincs,sphincs-lowrate-v1,sphincs-20-tps,135,42,3,87e07c689603be4d1adeadd60302db07760807dc76d67831d92f19e69b63ade5,19712,b1d5e3bd00edff2ff0002aec718e4d00bf5047b93280615fdab05559edc9d2b7,-1,unavailable,2,ordinary_transaction,true
sphincs,sphincs-lowrate-v1,sphincs-20-tps,136,0,3,b47f72343e93dce72c40b22605c8521e5dcb47a03d67df0a5c6783f6a1161d76,19712,40070a84b2b12707891e817acb2a3439da1bf5e9341d5ac108bc88cfd049ed75,-1,unavailable,2,ordinary_transaction,true
sphincs,sphincs-lowrate-v1,sphincs-20-tps,136,1,3,bacdeedce2c47aa9936213ef50749664f1218e292b2b02875a51bfb6e1f2e385,19711,4b46660109f72c246793877ead98238344604c87f686a8f1939b1d00ebb82129,-1,unavailable,2,ordinary_transaction,true
sphincs,sphincs-lowrate-v1,sphincs-20-tps,136,2,3,d0251dff3e156bc76cfbc2874626447debfc961360cbb7ac351967581762fcc7,19712,83467c44075cd8b967caf0cc25c77a0aa6c894e811c863fe766e68adfbfe4bb5,-1,unavailable,2,ordinary_transaction,true
sphincs,sphincs-lowrate-v1,sphincs-20-tps,136,3,3,b2ad524f0baf9b671804f3d2ade7e11d1407f23a9eb9d021843990268e5ed33d,19712,f04b0f4e1d1430877d6e119015eba4985c6de447001fbc28f9c4dcacebdff0f4,-1,unavailable,2,ordinary_transaction,true
sphincs,sphincs-lowrate-v1,sphincs-20-tps,136,4,3,480028f11eff41bd413500dd9b42901e3bd2e7f1d6c29e73319c23a5634c9a03,19710,11554204d29e18df28861ff56dc6e9698c9ad73ed9d6ba28e5a3cec422572de6,-1,unavailable,2,ordinary_transaction,true
sphincs,sphincs-lowrate-v1,sphincs-20-tps,136,5,3,1fcf50ec4cf91659dbca31e25f6fc72c78e2042ba04114f886e1223f7d059520,19711,cd421d0d0efc978dda59593b03abea781a6da3f7f0a17c1db9fc7c630e6a4b44,-1,unavailable,2,ordinary_transaction,true
sphincs,sphincs-lowrate-v1,sphincs-20-tps,136,6,3,11588c61b283d8b460620b603d0efd2a24008c3e6b96621888139793cbf55ecb,19711,1d9ad6d7df2b3eb3373f61d3e3c90111d53c0faa5df3ad3475c8d834047f2db2,-1,unavailable,2,ordinary_transaction,true
sphincs,sphincs-lowrate-v1,sphincs-20-tps,136,7,3,da65ae7090161458894d0aa3522adad25a1be96fe79d061e55c2323bd317fbe8,19710,30a725e6fd0f92d13e2fb875594e7160e1290ed23c5b1c31e3e3679208a83586,-1,unavailable,2,ordinary_transaction,true
sphincs,sphincs-lowrate-v1,sphincs-20-tps,136,8,3,f5f5ba578da6431b1831b03a0274f20fec539be0824037f17fdab430da10c6ba,19711,00006f32de16c4fe3a5aed57239343aafddb229aaa98dee4524a758d3c7e3205,-1,unavailable,2,ordinary_transaction,true
sphincs,sphincs-lowrate-v1,sphincs-20-tps,136,9,3,87ba6393f35d71e4b9eec7ca636b93436c94c8f35350fcab7cc168deea82b0d0,19710,0eb69eba30c4f33089eeb2e2c55174f2120e4432345e067e9ec87d6009f3727d,-1,unavailable,2,ordinary_transaction,true
sphincs,sphincs-lowrate-v1,sphincs-20-tps,136,10,3,25add47aba1428e74ac91e32e4837fc869e7eab77291e528787b6d317684159e,19712,b86162a004c99b8f758f5ce87d48214af57527bdcdf36a09b60edd6db3ba52ba,-1,unavailable,2,ordinary_transaction,true
sphincs,sphincs-lowrate-v1,sphincs-20-tps,136,11,3,b92d40969644a53cb00c1a24d77635b5c6182a145689bb24e43d83af3c417abe,19712,91acac399916fb0c6e920ca80b43651472210bc25edc6d6aea70531f001450a6,-1,unavailable,2,ordinary_transaction,true
sphincs,sphincs-lowrate-v1,sphincs-20-tps,136,12,3,22f215808abef3fb99aee3362207cb017f3f4a677ca2f11c5b06f3f1d5498e9f,19712,326f8abddc4628f003afd5dc97491810b22a3929f74cd2e572ce4a2cec01d628,-1,unavailable,2,ordinary_transaction,true
sphincs,sphincs-lowrate-v1,sphincs-20-tps,136,13,3,0f88437c8dcb3601f69e75c6094eb9238697b2e4beca0dc54d994c909d2f1960,19711,b9da0243ee0dd971f1416ba1f6ef40d89c48edcd3383fb63c942ceb1e80cfa8f,-1,unavailable,2,ordinary_transaction,true
sphincs,sphincs-lowrate-v1,sphincs-20-tps,136,14,3,dd3afccc14d8e0e4725361e1ea671a565fa23d66c59165b5245a719fc12038b1,19712,a3cdcdf56dbfc2ddbb1e0cdde852d3502fa3c0ff1c5ef53d9ea5a2664db9a966,-1,unavailable,2,ordinary_transaction,true
sphincs,sphincs-lowrate-v1,sphincs-20-tps,136,15,3,c28ef70c4c3e1e7a2db6dee4acb8870962b199654662bfc5ab026fe1946218c4,19712,f78eacfc3339f8714d70cc1127997c43f2ea50e0b7c676996b6d76e4d23ebb31,-1,unavailable,2,ordinary_transaction,true
sphincs,sphincs-lowrate-v1,sphincs-20-tps,136,16,3,553de1561603dc5ae175699a8062f599bcc73ce0dab2a9d22781569cdd4cb592,19712,92b8c93946a58eb0da5fcb7099f076c88bc23a86065d334b56ef320c8df76a25,-1,unavailable,2,ordinary_transaction,true
sphincs,sphincs-lowrate-v1,sphincs-20-tps,136,17,3,e39573cc8d226ff9b8915d94a3b77e7ee85ad71f3501dce5980a8675ace6ae8e,19712,5661628f97ba3d200fbbf4985186f21961f7610fe06ac0b00d27cf4935eb678e,-1,unavailable,2,ordinary_transaction,true
sphincs,sphincs-lowrate-v1,sphincs-20-tps,136,18,3,e70c94a91cdabd72059fea99a136d3e365ba57ed512e85520fdef850e03674e8,19711,6709928e453e41a9a8b0baa12cbbf31446c81b7cdec2f4044dd33ce4d8088f0a,-1,unavailable,2,ordinary_transaction,true
sphincs,sphincs-lowrate-v1,sphincs-20-tps,136,19,3,26fedbced17a42eb62c2162d3ee2da0c5b5dbf60bae68ea7720d6be3ec3383a6,19711,897fbcb44a695244eb554f86fa8ca3dd82f2088862a97cb1dad39ce832aeda55,-1,unavailable,2,ordinary_transaction,true
sphincs,sphincs-lowrate-v1,sphincs-20-tps,136,20,3,ffecf31927537c755aa741556dd6349db7adb84bcf488ad02ae188965f97ebf8,19711,c6202e44daacf8588b94a72844ae522d606c18cdb40bdaddbb8f861771dea680,-1,unavailable,2,ordinary_transaction,true
sphincs,sphincs-lowrate-v1,sphincs-20-tps,136,21,3,bbc4a25b09278eed3c0452d54c2265fa135b22151e86adc3d93666a26365e1e1,19711,02416ac484daa547b5d128a48dae7fc5e7d2ac9a397b4423b8dd3d78270a6177,-1,unavailable,2,ordinary_transaction,true
sphincs,sphincs-lowrate-v1,sphincs-20-tps,136,22,3,b56d193d84e4421c5300fa02eb1eb480250087f130045741b3b97c0706c9f0ba,19712,2e7f5c21a1257229227d5da8d6d8f01969fa75e134353f3ab526e391eb1b6cf7,-1,unavailable,2,ordinary_transaction,true
sphincs,sphincs-lowrate-v1,sphincs-20-tps,136,23,3,efcc0519d5cda29a78fc7d813b27e1c13dbb58d342b7f20c9109a4b98a9bd64d,19712,e846305df325db090f77ee83e13cafa557748f19b6299c6bdd488c7d8ab3c66a,-1,unavailable,2,ordinary_transaction,true
sphincs,sphincs-lowrate-v1,sphincs-20-tps,136,24,3,68bf57a19f04140627b2e9ac4a39844c0ae6bfa5385759005521cde0dafd9c3d,19711,5f6d09a7481584ed97c089db1a94563b11e5d9bdefa25648ed2410ead8143427,-1,unavailable,2,ordinary_transaction,true
sphincs,sphincs-lowrate-v1,sphincs-20-tps,136,25,3,be28b408bce79f53fabb9593905c6b675647c523e54dcc4952b05fbd5715457a,19711,c24f0eaef81c13b92568fe0c003c9b86f65f671043ac12d6802328a635f53384,-1,unavailable,2,ordinary_transaction,true
sphincs,sphincs-lowrate-v1,sphincs-20-tps,136,26,3,63b35427f380642f8bcf059d92055a746f527222f692cab1931e8294f04071fa,19711,cbbc69b777550261632821d573b6d69d2f9fc215b19fbcb3cf44186ba903ed39,-1,unavailable,2,ordinary_transaction,true
sphincs,sphincs-lowrate-v1,sphincs-20-tps,136,27,3,d4066412021e76606405ebdbd0214612f1efa983383ebd8377ee5139aeb1d707,19710,ec5c3b6c469e17da1a20096e1dc0ede3fb27ab4cf5625a07cad84772fa611ea4,-1,unavailable,2,ordinary_transaction,true
sphincs,sphincs-lowrate-v1,sphincs-20-tps,136,28,3,18cea3285b641886ba2ec40728dabdf13695684422f70d1ba560986da239dc67,19711,29cd51461e1173d30921f13d59322daf12c5d70ce763e90210491de786357fda,-1,unavailable,2,ordinary_transaction,true
sphincs,sphincs-lowrate-v1,sphincs-20-tps,136,29,3,1f3538ca37d6792c3400fa5c99fdab5ea1707fe3e8e8a048044a38e00d0a956b,19710,40127d018461350545a31660cae49cea371d0d2b354556da065ee81090148cb2,-1,unavailable,2,ordinary_transaction,true
sphincs,sphincs-lowrate-v1,sphincs-20-tps,136,30,3,ac255a79ff114b996bd656b6080bc2cce79cec3bda3bac63ff96403f30310162,19711,d7bb6c8611698344101609dff4af2953d132b9006b9284f82eb49f023f9f69fb,-1,unavailable,2,ordinary_transaction,true
sphincs,sphincs-lowrate-v1,sphincs-20-tps,136,31,3,89c9bd46c648dc74621f8babc99a7ac71c63f68a41b6f1788760f7f34b1d6482,19712,9bd3ec45f8d77ef74528d2bba52dee5ab34159797108507243029ee3945121af,-1,unavailable,2,ordinary_transaction,true
sphincs,sphincs-lowrate-v1,sphincs-20-tps,136,32,3,341dc43a0cb546b7f320eecbaef81c514cb3258e401cec8007f488878fea8dd2,19711,259143b53af870f30eb796955ebe6f69923fb1e86ab73f068f0c93224c568a54,-1,unavailable,2,ordinary_transaction,true
sphincs,sphincs-lowrate-v1,sphincs-20-tps,136,33,3,772d8f9a0e3da2965e0284a7ebd0db7b702a01c6e8d1ea29a1a4fc7611162c46,19711,dfd2d83b8307152c8fda8fe3aad27a9639a39271994dcca82d2355affca66b32,-1,unavailable,2,ordinary_transaction,true
sphincs,sphincs-lowrate-v1,sphincs-20-tps,136,34,3,b349fd10d91ca89aa812efd38653eb0bf2df05060f3c1237d9b23f529eff9d30,19712,946d2b43c4de32c15764eaa1cf4212f79f2c7092800676f2e7e351d36b118f24,-1,unavailable,2,ordinary_transaction,true
sphincs,sphincs-lowrate-v1,sphincs-20-tps,136,35,3,008010d051034cee18fb47c467bac327563cfee0a7e90a7cf096c10975146e7d,19712,034d2d4b795b46f06170f32b21bad79a9f9038325ccf9eff98b20a0295afeb08,-1,unavailable,2,ordinary_transaction,true
sphincs,sphincs-lowrate-v1,sphincs-20-tps,136,36,3,c4fa125fb51d46334d28d1d607283c388a8dbdc572a19352d0d25fc21f3aeca1,19712,c607a387ae3325123fb64d1e8b01d0047fdf92dfc9a9745627baf36c07acf791,-1,unavailable,2,ordinary_transaction,true
sphincs,sphincs-lowrate-v1,sphincs-20-tps,136,37,3,02eb8dab686771c6f4ae02d0d9342bb67b60d0ac3f0104d5f5cc60dd94f9b7e3,19712,978f8dbc59ff60d6dee84b9dbd86352fdee6403a24b31125d2b08867bdec55cf,-1,unavailable,2,ordinary_transaction,true
sphincs,sphincs-lowrate-v1,sphincs-20-tps,136,38,3,dc11b9c107095af7d7fb5861d28e89a8d70ffbba43a9a7ac3b14cba4ba8be6a0,19711,58550fda2a8a4740416537e4a72a281dde94133208cb3a5e0dfd8722a4ce72dd,-1,unavailable,2,ordinary_transaction,true
sphincs,sphincs-lowrate-v1,sphincs-20-tps,136,39,3,b05e72ae1b88140a9afc66c7576b893bb31191c21599c4f6c59f566cf2c8c5e9,19712,ff8b64317988ef506fd377ee3bf4550538a7cd350fc48f6c3f009d2a33babf44,-1,unavailable,2,ordinary_transaction,true
sphincs,sphincs-lowrate-v1,sphincs-20-tps,136,40,3,a7d88d6d6643100f3634945c5e83f1547145a8870c2776ffdfe5a677b903dca3,19712,e91e26d8e0ecda25ca2392bc0d59eba1d6be29ecbf0fdf06b577169bebab639c,-1,unavailable,2,ordinary_transaction,true
sphincs,sphincs-lowrate-v1,sphincs-20-tps,136,41,3,40464fd2accfa8140986b4a030192c1409234cad95a2347851df9ba3da7f2f23,19711,b8a677f79e8a172eab9b812d0d99af524096cf68539fafc0c3162c382b8430bf,-1,unavailable,2,ordinary_transaction,true
sphincs,sphincs-lowrate-v1,sphincs-20-tps,136,42,3,b22caaa1c313d3181b5bf571de57f32dcf192fb095fd5b2bf961d8d4973ac43e,19711,6678b54a441ed5207c9535cfcae734aca712a5a39d502618662c27c56c142c03,-1,unavailable,2,ordinary_transaction,true
sphincs,sphincs-lowrate-v1,sphincs-20-tps,137,0,3,d61a6323b2e3f61216b89e4f9dc0ccdc7580267a6e3b269b9647d8ca5c39a3f7,19711,988691b47b38c665cc2b69339ea6d1cd8514f1a32537a29e7426b4893eb021c0,-1,unavailable,2,ordinary_transaction,true
sphincs,sphincs-lowrate-v1,sphincs-20-tps,137,1,3,a41aac9c94fc0f17bf625895dfac38103432e5372419de7305aa6479b1a25462,19712,3b585dacc29896b31f43d73a42865389a05b0557259fe46bd1f4f5ed1ca1a55b,-1,unavailable,2,ordinary_transaction,true
sphincs,sphincs-lowrate-v1,sphincs-20-tps,137,2,3,ca4d02188a11a66f9a523cef6afcff956e9f678c3f38d9cfc3e6d6bedd40a292,19711,94e61e5a156d0c58272446024467b42b958555b23472b4440362a90cd9fd1593,-1,unavailable,2,ordinary_transaction,true
sphincs,sphincs-lowrate-v1,sphincs-20-tps,137,3,3,383857318ba680ddf55993b90a49c3d4181f410c2e8bf6aa4ee3208d35eff1be,19711,8441cb38cbae1dee196ddcf68d981c177b26e7883e1f7a6599ecf6943c259750,-1,unavailable,2,ordinary_transaction,true
sphincs,sphincs-lowrate-v1,sphincs-20-tps,137,4,3,650fe046951a071da4ed33b726b5a805c6b25c1222cc9faba7eaeb2fae1d731b,19710,bd7e947a299b521465039b5f5101daa661b6eacdf1483c9668ffc6c4440472c6,-1,unavailable,2,ordinary_transaction,true
sphincs,sphincs-lowrate-v1,sphincs-20-tps,137,5,3,a76d2cd0010e30ab79c9f9b050ce2153cbcc3cfda1cc63b33982fabd455663f7,19710,93d7a05b351205c3e1a03c5c0871710cf8c63431129fb7c88eaf7b4870889087,-1,unavailable,2,ordinary_transaction,true
sphincs,sphincs-lowrate-v1,sphincs-20-tps,137,6,3,c5192deb97a1093d424e0ca181ebfcfe244f7810155f1e752e8fd7a41a7f2f6e,19711,f8d3a74fb734a6182502c41a819a814a9ab72a86e5ce1da19e585f7328bb9113,-1,unavailable,2,ordinary_transaction,true
sphincs,sphincs-lowrate-v1,sphincs-20-tps,137,7,3,cc5487a148c4ad02c1e398458afbced78c5f0720d23bbb0ac192edc00a519475,19711,83241c080aa2475dac68500e36a1fd0c0e0f11103d01fb3ea5c61bb78ab24ac0,-1,unavailable,2,ordinary_transaction,true
sphincs,sphincs-lowrate-v1,sphincs-20-tps,137,8,3,f7cf9439fec382045f80a6814ac17461704c193948b7d9d97a1fe1b0fee82c8f,19711,a966a569403222ebfd0fa44e858187d5aa7a8a3a961756a2aae12a595c5ed43d,-1,unavailable,2,ordinary_transaction,true
sphincs,sphincs-lowrate-v1,sphincs-20-tps,137,9,3,de88843d5a46959c217b2e83b878ba69a6c2ef677b0cabe629793bff6324d071,19712,3b6a0a5ffb71225b7af93e4187fb55fbadfe25ce542c13aab5a8ea9d2639402e,-1,unavailable,2,ordinary_transaction,true
sphincs,sphincs-lowrate-v1,sphincs-20-tps,137,10,3,6d08f99d3b46ce712f50209d6d73abf98655ccafbb86a2c438699652f246aab0,19712,eb68ddca08053c5d446ce254fca00af4c930d21ff539d0fac771a27553a50f32,-1,unavailable,2,ordinary_transaction,true
sphincs,sphincs-lowrate-v1,sphincs-20-tps,137,11,3,d0df69d0962e22470809f501da3154f80d9955ed8f0e22ce72a39f3a155ce5ed,19712,f96727b3a546aafee5ab8eafbee15514f8117bb4cec7e65360c4a66d6ec3add0,-1,unavailable,2,ordinary_transaction,true
sphincs,sphincs-lowrate-v1,sphincs-20-tps,137,12,3,1c3ea9c750fcf135d41abb51cccfb49bd02c5018d9144b573714caee00b30b84,19711,317a304370c3fca3b35f22c71f4bacdabc1f1edde43417d4d5b4afbfd17dface,-1,unavailable,2,ordinary_transaction,true
sphincs,sphincs-lowrate-v1,sphincs-20-tps,137,13,3,6910f82dbcae95aabe3793ac70e3791fc2680226bbb077667e9e2c664d1add0f,19712,d05f9cf7e24b596d18c9fac2a3a210d6150f449dfd4897903925059e137a97e5,-1,unavailable,2,ordinary_transaction,true
sphincs,sphincs-lowrate-v1,sphincs-20-tps,137,14,3,16b263a01b949f0dfcf74ea534ceb1a860cbc1e17d71af8f838544b194c813d7,19712,7d191d2c6cfe69f99c9c9f2a411d9bc28adc766b67c950dea06503117618ffdc,-1,unavailable,2,ordinary_transaction,true
sphincs,sphincs-lowrate-v1,sphincs-20-tps,137,15,3,03cd5f290a98367110b088f6200148d41af33b05a7ab5453667b1e3aa99ee1e3,19711,5ab109ae832f75629759341cadfb67c6b0acab0121591ceb231534ded5bc8a4c,-1,unavailable,2,ordinary_transaction,true
sphincs,sphincs-lowrate-v1,sphincs-20-tps,137,16,3,3803666971d5e5df393995a6dc004ed401dd9ffea64bee2dab7f060b809c46de,19712,a3425f1fbecd15b83e325e98d6f2b354d75ff79add0b267b51246c6382b86464,-1,unavailable,2,ordinary_transaction,true
sphincs,sphincs-lowrate-v1,sphincs-20-tps,137,17,3,cc0850056941d24f4cc138b08caf94d28e8582ab39935d8e2ae5bf1374242d42,19711,4b8b1c97a03d6cb84723ea248c24cacb3bfe35ae7ac4c21d131973136f18c01d,-1,unavailable,2,ordinary_transaction,true
sphincs,sphincs-lowrate-v1,sphincs-20-tps,137,18,3,d4b2db5a9627efcc387ea654ebe71cfcc6da6aedcb0c52056bcf6d97bc96ff75,19712,c2605b76ffa57a105b17cf9d70c62e7fc53d8b6847eceb25ab0721ab374bea00,-1,unavailable,2,ordinary_transaction,true
sphincs,sphincs-lowrate-v1,sphincs-20-tps,137,19,3,d84bc241e89a27305cf6f3771c62ad1aba34b250a6c059daa1d845c809eba7d9,19711,1c4c9438a6b2f651bef071a7ce523c4930686c5da485ce0d75db0b558bef09b7,-1,unavailable,2,ordinary_transaction,true
sphincs,sphincs-lowrate-v1,sphincs-20-tps,137,20,3,7d07788ff55689d436bee4b21b2b6747cc46b7a987ba5d19eb6eb81c5485ba70,19712,ba74578e408a0c56eb80bb871bdb8e9ac9dcf0653e7a42a6cf53dc93c0b0a7aa,-1,unavailable,2,ordinary_transaction,true
sphincs,sphincs-lowrate-v1,sphincs-20-tps,137,21,3,27f2f1778a24e9c1c7ca2a016ff3fccd50a4730c22dc6bac484e1169cfd4f569,19712,f2b53e4ec995c24a81c33c7ae97e2a095b3d696d591b29e3ef25136664eb0eda,-1,unavailable,2,ordinary_transaction,true
sphincs,sphincs-lowrate-v1,sphincs-20-tps,137,22,3,56ff37544eda4b3bd152476f756d3e482c4601214abc2c15905b0939f2155e56,19710,7dead1bbe0eca15876f5ec2d90a89c62ca79ddc4972a518cdc1b6fb423549f03,-1,unavailable,2,ordinary_transaction,true
sphincs,sphincs-lowrate-v1,sphincs-20-tps,137,23,3,2c49b56e626569e20bd9f8b2cd0f120ca9ded41f0f09b21e66a406251d3057ea,19711,495ed36f9e6e13925232d61ff0672e112ddd93e7b269fafc791817b779ca3c11,-1,unavailable,2,ordinary_transaction,true
sphincs,sphincs-lowrate-v1,sphincs-20-tps,137,24,3,da87078955fa5adfffc893a8319130838d66d0aeaef8444b283b4224df0ecc6b,19710,d55c1bf8d33288db08f4af3e8fa07b63a6a0a33a59768395a7c61a8dc58b6e83,-1,unavailable,2,ordinary_transaction,true
sphincs,sphincs-lowrate-v1,sphincs-20-tps,137,25,3,a2abd66ba76cb8bf3ad0660a2d8c840a0777f78cef6d538f235b6e2a086615b4,19711,220db8b7a364e2b6a97f77a0c3a590ef2fe26bd63b6bc0d647997633ae1b1e73,-1,unavailable,2,ordinary_transaction,true
sphincs,sphincs-lowrate-v1,sphincs-20-tps,137,26,3,ff435d3110c7b34c28b207d959164250dcbe735af1563a9a540c25846d1b83bd,19711,420629f6e24c2d87fbd81e16ea5f289ba9219eee8f83995aa95154dcf44f6223,-1,unavailable,2,ordinary_transaction,true
sphincs,sphincs-lowrate-v1,sphincs-20-tps,137,27,3,93207222c70de81a58db27e2ca6f992bd53546536e98cfc0f8939c3f4b6c9163,19712,9088bbef751f12fa8d3afcf63fd93348735e11db62963d7a09431c18c76041b9,-1,unavailable,2,ordinary_transaction,true
sphincs,sphincs-lowrate-v1,sphincs-20-tps,137,28,3,afbb393ff9d7d4b681aa5df025e9dbe0a9ec8a0240e60fc48177cd3a66fa473f,19712,2e584c4e33ae140aac8578fd2a797a32bc6aaceda8b0e3c78aaaee1bfcc2ce4a,-1,unavailable,2,ordinary_transaction,true
sphincs,sphincs-lowrate-v1,sphincs-20-tps,137,29,3,ac15a2e3d38aa68086437819fc1bbc05e26d9af54c7625f1473fdba4da27ab57,19711,f8c4f99e818520f2494939b5e938857a032584febbfb6f579b8c92c6ad21a788,-1,unavailable,2,ordinary_transaction,true
sphincs,sphincs-lowrate-v1,sphincs-20-tps,137,30,3,64373903821cbf88c2e09c49aff8d6666c0a0ee9954606ef86a9596686904e15,19712,29d6d2d0f43819fbd2554b6ed7218500fb1285eb9d3a42f139891a8bf56e662c,-1,unavailable,2,ordinary_transaction,true
sphincs,sphincs-lowrate-v1,sphincs-20-tps,137,31,3,ac7cff232d17a6ceb5aa94e63da815121350a29ffc5c9434e36c63a259c8b5cc,19711,4498307f6e3ba51d69cf58570f458239e2b9e53d120fa10f83d5c1f17faed7a7,-1,unavailable,2,ordinary_transaction,true
sphincs,sphincs-lowrate-v1,sphincs-20-tps,137,32,3,c8161fde8a89e5cd12c43534bd6c0fa56ccd5a7ca4fa355408421891e246a82b,19712,9db41842cf21df8e29ee8544b488036ca3d6a73a123e129beac691d1442bb6c8,-1,unavailable,2,ordinary_transaction,true
sphincs,sphincs-lowrate-v1,sphincs-20-tps,137,33,3,8801692a1e04357f9c4c6bd890e991804b4ebc3b80c2b1a18ef2e9cb9de25569,19711,fd0ca6f58356f4a99b8d6b85866ade38170929af438dd6b6523e00d29843349e,-1,unavailable,2,ordinary_transaction,true
sphincs,sphincs-lowrate-v1,sphincs-20-tps,137,34,3,c793a8dbe0d63df3fb3c804cd66d14da2ec20650ec79605e85ef347f2f97aa27,19712,271dfa38e1cacca8d703fde8e85ba2fd9df320171dee147d0af85bc5471dc368,-1,unavailable,2,ordinary_transaction,true
sphincs,sphincs-lowrate-v1,sphincs-20-tps,137,35,3,ac2c359c5ed635d8dd43190933fb11d2493c873721f7fb80729d91bb594a05a1,19711,57f81c2ad3620823c01699fb4f56d03717af8312ec348560a37d079fe0aa9dab,-1,unavailable,2,ordinary_transaction,true
sphincs,sphincs-lowrate-v1,sphincs-20-tps,138,0,3,5149b6ad8d647182924ce76ad95e87fd343e11b508fd247cef649f29fb28e9fe,19711,7399769441c2c1123e09f74ab141108e0b1ca4a5efe5ebab7bc5b0bfd7961c4f,-1,unavailable,2,ordinary_transaction,true
sphincs,sphincs-lowrate-v1,sphincs-20-tps,138,1,3,05054a11c9b765bbc32a16acaa62464d1ca6501a69dd58b2c86b0d7213e18770,19711,04000d7b9f7b0f07958b652e4be69259854795b9f0c028fe91ddcdaf54a7f1fb,-1,unavailable,2,ordinary_transaction,true
sphincs,sphincs-lowrate-v1,sphincs-20-tps,138,2,3,cf785c9cfb5a4fa81ae419ad41ad5ba9dc0e1c57e4163a8816c59e7a64c9a5df,19711,0594ff55c4faf53dc8c97f9547077f71e067371f842681669b8fd041235d6784,-1,unavailable,2,ordinary_transaction,true
sphincs,sphincs-lowrate-v1,sphincs-20-tps,138,3,3,92fd135b555406eef5e1ed7060c556019446d7543665b55d30d19c0260104ae3,19712,2ac0bd15bfcddfe9ca1c36243166493a569a268436bee56da8bba79b6ddd15c1,-1,unavailable,2,ordinary_transaction,true
sphincs,sphincs-lowrate-v1,sphincs-20-tps,138,4,3,12c1100e1ca028830038f9a2f654e21b18d66267a833964d28f648830371cbad,19712,761749c96ce02a03b0b9e5c249726c0d7858901201cd5cc2bd7dd69d2cdfc21e,-1,unavailable,2,ordinary_transaction,true
sphincs,sphincs-lowrate-v1,sphincs-20-tps,138,5,3,89d058541ea712fec0c81ff663f9f86e97e20be9ae3cee627d52654f5e2aaec3,19711,e5048566e2acd943fb02839c8bb1ee74ac32d32857a705fbfe6d0f9e5ced5153,-1,unavailable,2,ordinary_transaction,true
sphincs,sphincs-lowrate-v1,sphincs-20-tps,138,6,3,0f45a35e39f67665d6a5ca4b215a95cc58a78afe7198402cabc65c43f423d7fe,19711,29b7fcec57557a34da73e32526fc09e733feb53d1cca7bb52ea99d8bd9c967d7,-1,unavailable,2,ordinary_transaction,true
sphincs,sphincs-lowrate-v1,sphincs-20-tps,138,7,3,3a981dae74783d36509e31b86ac8a4b1c7e7588bfd004149f5d0d7ec73657240,19711,ee5ff386c167650e480024cccd049df8778de91d9a2f095594be05c4ab436aae,-1,unavailable,2,ordinary_transaction,true
sphincs,sphincs-lowrate-v1,sphincs-20-tps,138,8,3,5c21ad9323431edc2f44fe748b726fd2ae74d9549757a0fb07d39538465e9e37,19710,d879830dce2f42ff1636854bb9b8f630609877bce13b7a8d86fd2f518e1336dd,-1,unavailable,2,ordinary_transaction,true
sphincs,sphincs-lowrate-v1,sphincs-20-tps,138,9,3,7848e547c86376afe12606afb6e4ff0673ee0ca501cf001c0894fe6392b19064,19710,3c72bfdd31d6bc37422086cc242a76d69f23c456e434440688d0b1050eb8f52f,-1,unavailable,2,ordinary_transaction,true
sphincs,sphincs-lowrate-v1,sphincs-20-tps,138,10,3,9391ea8e366f87e388f55ed159bd2d44295ecb1dc877d2417da9c89ca431d3f3,19711,a2080a4715704a0dd35f2f808d15405f974fc685645531e0ff8f47591dc2817f,-1,unavailable,2,ordinary_transaction,true
sphincs,sphincs-lowrate-v1,sphincs-20-tps,138,11,3,e66042f6c5bfd8834b45afcaf09a1fc6cf5b974e45ba03cfd88c3aba499768d2,19711,5fd51685bb5b48f29620888f029747e4367b39d71952c434d7f667175975d704,-1,unavailable,2,ordinary_transaction,true
sphincs,sphincs-lowrate-v1,sphincs-20-tps,138,12,3,2abb3ef19b815591577d42d957be501f5fc1d2e3df39453bacec66786f77ae60,19711,e06fe820b4676d8988ab76cbc496bd545316c74bfd19fadec7388a51f14fd030,-1,unavailable,2,ordinary_transaction,true
sphincs,sphincs-lowrate-v1,sphincs-20-tps,138,13,3,f0362150c82f3c2d3c49fafa48dfbbd447f3d736ea5fbe70f49f61a86c830bc2,19711,7995d8c711377f634b51f07a6d8a310a0cbba9f7881f6a7592d87ed0dd3c93fd,-1,unavailable,2,ordinary_transaction,true
sphincs,sphincs-lowrate-v1,sphincs-20-tps,138,14,3,3bbdbca9987f887e8adf99eaa7906f833c8da7cbcbf0d14606fc1879bb587b11,19712,24ff665640d5bd0859e6dd34437242135da24d83e563d7e3bb2d2079a2ee78c3,-1,unavailable,2,ordinary_transaction,true
sphincs,sphincs-lowrate-v1,sphincs-20-tps,138,15,3,cc4eceedad96162d490d34f9968cc3b9a09f094845f0bb1e05e4a509d9f4f963,19711,3611abad7c464ae46a47cc2c4576e030756512615a5f759df2327d293dded0ed,-1,unavailable,2,ordinary_transaction,true
sphincs,sphincs-lowrate-v1,sphincs-20-tps,138,16,3,5dd2993650eb72efe7dcf3a8a10171de254bd6b7e51dd5c4a0e7cfc00b491456,19712,fe3fddd4a89903254e296067943677905d55faedf57309f3ebc069ec99609b78,-1,unavailable,2,ordinary_transaction,true
sphincs,sphincs-lowrate-v1,sphincs-20-tps,138,17,3,8340f7afc62a8f2c7add31c17b64fd193aa956f91fef91b8497d1c881ae91855,19712,d1b320b2397e067c7106130a0288f4d6876f1863cc1ee616524fdd327fb5c429,-1,unavailable,2,ordinary_transaction,true
sphincs,sphincs-lowrate-v1,sphincs-20-tps,138,18,3,35a2911e443cbe7d5fb3b124f5d1078debd7370e651d21eed67e978bb80c135b,19711,4e946cdcd5f6fd5e18d7a3f2382edbdf0a51f0a8ea2cec227ff8e654f1b68887,-1,unavailable,2,ordinary_transaction,true
sphincs,sphincs-lowrate-v1,sphincs-20-tps,138,19,3,677032ba02e11cc84e611dcc8a8d765515fffa8824161eafbc22038dba5810c3,19711,b03380a637ec3f7e4c772498c56d33723dd21dec184265fbdf5dba9c573982db,-1,unavailable,2,ordinary_transaction,true
sphincs,sphincs-lowrate-v1,sphincs-20-tps,138,20,3,a44c7c1c62aeb36aa9f357118b8b0796553148f0045eef58cc92cab30201c5f4,19712,214baebd39d0974024528a32f08951bec6b209ca7b7e07ef400b5007d96ced67,-1,unavailable,2,ordinary_transaction,true
sphincs,sphincs-lowrate-v1,sphincs-20-tps,138,21,3,66ad21989b655ff7fa0bd6daad1253e8464ffee8e8fc40a8c34a2e42101f1414,19712,a9d78bd80914af5aa67268c48ebd7ff53a15b95a317518d5c5e8e35c8a57bad4,-1,unavailable,2,ordinary_transaction,true
sphincs,sphincs-lowrate-v1,sphincs-20-tps,138,22,3,1ce7340306f0c9de89ed6980fd6b4614b5e693f72bbbcaefde52f610b620c42c,19712,a58e2909560b9b70b64fcbf4d27a472da8fbc4906efdc4ed9a79bf8b09d57497,-1,unavailable,2,ordinary_transaction,true
sphincs,sphincs-lowrate-v1,sphincs-20-tps,138,23,3,446526782c2e29bf12a0d36c33b9ebcae314192d388d2ddffd6707d483def12e,19711,b6a804f6de19d818f2c4804412cd89966f63ab2fe3420d70bb8a271282dfda5c,-1,unavailable,2,ordinary_transaction,true
sphincs,sphincs-lowrate-v1,sphincs-20-tps,138,24,3,5e07255b3142ec5141d9ad8da28fec5c44b71a242f548c58d94d48aeecc1bd8c,19712,d5d5e00c518a21a358c87222433def97bedd5ec7994573788625f9670b3bc602,-1,unavailable,2,ordinary_transaction,true
sphincs,sphincs-lowrate-v1,sphincs-20-tps,138,25,3,39bedff7a2d1b6486c9dce1075d92886a0392fda6cca61c75da1b0784ca52a26,19711,589cad3bf9bd7c454fc2e82636caadc19e2ed5009b5b2a59b39d0ffda7c0be25,-1,unavailable,2,ordinary_transaction,true
sphincs,sphincs-lowrate-v1,sphincs-20-tps,138,26,3,0a863f17408099ba1ea6b6a4d9ebef418a8a740e9065990a251cf137e64af97f,19711,5f25d7afc923ab13cbd88bc9580f8980d3886a82e823594070a2a2f12a9117c1,-1,unavailable,2,ordinary_transaction,true
sphincs,sphincs-lowrate-v1,sphincs-20-tps,138,27,3,9d62ba08be320c7d9acff90e64b1922bbacecedc61a8f53840db563834958790,19710,c9b079d2e051b860cfa653006ddc1b18aebbfddba1ecb776efe09d5b199046fd,-1,unavailable,2,ordinary_transaction,true
sphincs,sphincs-lowrate-v1,sphincs-20-tps,138,28,3,11415c73790860eddb7ec691a5d1e7807e4e509d6c104815519ba94845b7e849,19711,8b80cbdd645c9b234f017a47576f6bb2c04ce137eec291c06ec075b3c2c594e2,-1,unavailable,2,ordinary_transaction,true
sphincs,sphincs-lowrate-v1,sphincs-20-tps,138,29,3,f591ec2877dc7b7cc836aaa9588dbaea16b1cd9638ef83ad3e11e8cb6043571f,19710,636d1385ef48573e79ba38cc49a6af2629fc2e73854ea74ad79a45c8fcb22a15,-1,unavailable,2,ordinary_transaction,true
sphincs,sphincs-lowrate-v1,sphincs-20-tps,138,30,3,627f33a674e3ad6dec3bebce58bc889239c248e2bc388bc430e6b2158796c145,19711,7154c7acf47c4f33273893b55bdcf214317d9476cd1f3d65568420f9f5d5c371,-1,unavailable,2,ordinary_transaction,true
sphincs,sphincs-lowrate-v1,sphincs-20-tps,138,31,3,35ec919c4668a8564d147cc0d79102273fa279d6dce99aaf3371918288a7fc29,19711,5e9aacedd26a7d8bc38326260dd0a736cbbcaffd93b3cf709d60fb27a5d0849f,-1,unavailable,2,ordinary_transaction,true
sphincs,sphincs-lowrate-v1,sphincs-20-tps,138,32,3,ec726b6f0a78014826c4fe936f52b023f5da31c558945939c05d1d3023b744a6,19712,871d63a8f610c225c65784e046e2309355aef7b294880cfe28b7bd8e947a8e9c,-1,unavailable,2,ordinary_transaction,true
sphincs,sphincs-lowrate-v1,sphincs-20-tps,138,33,3,d381b091df06ed2051eb25a09f956f20c234ff543655e5f0c61838f3db21dbf9,19712,9dcf69c0f1d71a6dcc8690ea67865168cff792ccedeaa5a77d7fa0f53f397a80,-1,unavailable,2,ordinary_transaction,true
sphincs,sphincs-lowrate-v1,sphincs-20-tps,138,34,3,a0cf4723a15d06bddf9941bdff9be5e0392e7bca7bc539db50ba4d1c07a82d34,19712,394145071a7fbba547b7d2d9328bb9a515ea5ba96d5040fe4f3c813da23c2df7,-1,unavailable,2,ordinary_transaction,true
sphincs,sphincs-lowrate-v1,sphincs-20-tps,138,35,3,bfeae19761bc53fbbd68ef56af8d7b7d1c30674da66759bb999427220c2f02fa,19712,074d4b9e62c61a7857c87a31ce224e7a9979f08adf1f5c06d43ea8d97dd5824a,-1,unavailable,2,ordinary_transaction,true
sphincs,sphincs-lowrate-v1,sphincs-20-tps,138,36,3,45fcaff9cb6ecdb292aa3f1f92008c48efcecac602162d090e4081895fe39cb4,19711,9afb529dc0dbb9cd8a8bc46003ab4f8638ee15f755767f40ff348af15a8f89a7,-1,unavailable,2,ordinary_transaction,true
sphincs,sphincs-lowrate-v1,sphincs-20-tps,138,37,3,fe47e5af2f7d779751a17572660b8f442bb10c93df9bfea5328a6e25c0829737,19712,c39716710ff3f24004b8b41386c7f9ff9d30aa6d1cd5de660ba2189a0a8a14ef,-1,unavailable,2,ordinary_transaction,true
sphincs,sphincs-lowrate-v1,sphincs-20-tps,138,38,3,c804fc29163b9e57275d4f6be3da4c48e4c61e80b608287d5028d16b41b83c3a,19712,820c3af87de78deb62debde6ea1ccc766f517717b5d599d7c46a6054227317e0,-1,unavailable,2,ordinary_transaction,true
sphincs,sphincs-lowrate-v1,sphincs-20-tps,138,39,3,cae9b79e6372971dc9be814e4c463c697f6d0f93f43ace91fde0340fed571903,19711,0ec6d95b649812054152fa42433c2e86c79a64628da554cd10c16e0ea8adb872,-1,unavailable,2,ordinary_transaction,true
sphincs,sphincs-lowrate-v1,sphincs-20-tps,138,40,3,5a895afa925748e8e7ca75762e95094d44fc39c4fe76dd394c087e5710063c20,19712,db46e88c8bf4358a1bb0136003d979829cae26e809ac3c3f3bb7b887440cf42c,-1,unavailable,2,ordinary_transaction,true
sphincs,sphincs-lowrate-v1,sphincs-20-tps,138,41,3,192aaa693e51fbcf18443b952ae0b9fbe2a62c0f7f32a16a623c4e81982f2d29,19711,4ff9c445a704656df5efb85683cb77d3fbe605e44909276caf05edbb8f193e83,-1,unavailable,2,ordinary_transaction,true
sphincs,sphincs-lowrate-v1,sphincs-20-tps,138,42,3,0d1184371a3875d55f485e00d606752beff575e91b05f756874f1b1257337341,19712,21c2ebca4fd8a2ea5442489d7da8df89bcda6f4e64d267ef7987d83af547e492,-1,unavailable,2,ordinary_transaction,true
sphincs,sphincs-lowrate-v1,sphincs-20-tps,138,43,3,b93003a5b25dbc214914f61f638998838fd3a9fe9432824e186243591cd0d9cc,19711,7f9a498fdac1ea7d4991ce5372ae214dcde8d9d2292670bc64b45dd3aa207816,-1,unavailable,2,ordinary_transaction,true
sphincs,sphincs-lowrate-v1,sphincs-20-tps,138,44,3,5c6ae84e8889812a4b9c8eeae2ad9b0bc5d076fb20944841cdefa8e72cb3e6c6,19711,3080c8d12c8a0c3ad6fecc7227facfa6c36aa8f1a2403c5f3f882ff0e600e126,-1,unavailable,2,ordinary_transaction,true
sphincs,sphincs-lowrate-v1,sphincs-20-tps,139,0,3,90b8428e749550682ba72372284f0f65c3bc45a388e468d70e679d7a4b4939b1,19712,498d2580427f8b8d949804237c92da236947f356f9c6976f220c9765bafbf433,-1,unavailable,2,ordinary_transaction,true
sphincs,sphincs-lowrate-v1,sphincs-20-tps,139,1,3,3681f9c89bbf74546fb258c5aee5e6d2073270d30c8f060e392e17e4726e3f89,19711,a34040bac7ec8301aa03b6f66ed1e69b291d26e1401abc443d8b11c6ffbd821d,-1,unavailable,2,ordinary_transaction,true
sphincs,sphincs-lowrate-v1,sphincs-20-tps,139,2,3,277f1f0f9e7c25ce63f781bd8179acdf0213859b94ec3e316bfdb332f36c29cf,19711,932248b160ef0aea04451f2f813007d6a104df57a35532393abcd0abe011c271,-1,unavailable,2,ordinary_transaction,true
sphincs,sphincs-lowrate-v1,sphincs-20-tps,139,3,3,57d4e593b3dd2e7d2c6de8003ef8c19552d328249ab8798ee5bfcab6c2a83979,19710,119d2f22e4d071bda1a63e97df082b98d44a7d73034cb7406fce867c84d48692,-1,unavailable,2,ordinary_transaction,true
sphincs,sphincs-lowrate-v1,sphincs-20-tps,139,4,3,9448ca18eed71d569de507647a384b70fd2189c35855857962b8ec374c5ec446,19711,48b7866fd9be49f3d51dcb62a7341d36dde05d4300b6a1cc566aadb5b784220a,-1,unavailable,2,ordinary_transaction,true
sphincs,sphincs-lowrate-v1,sphincs-20-tps,139,5,3,2e4e30c3fcdaedbd33cb964dbaa38b8a8c5b540dd469a0ad542e2ac1f990722d,19711,e719b8d7035d0d5affcad7d9bd57a97db0f8ea493fab7f7100d6c746d68416a0,-1,unavailable,2,ordinary_transaction,true
sphincs,sphincs-lowrate-v1,sphincs-20-tps,139,6,3,641f2d97c6d410850752019d00ea7a0d52c80a9c527ca66bf42e7966c9496840,19712,7f10ec0401247746bb6acfa16edf5a9ab7e68653c6172c819603f773ca83333a,-1,unavailable,2,ordinary_transaction,true
sphincs,sphincs-lowrate-v1,sphincs-20-tps,139,7,3,315b8b53af19a1c12cbfac1cbe3135ddd55e5566fbe1b92ead1abdcdb8bf84d3,19710,a24e16a182e0ebd4ecba7a554069867c0dab5b8c70bfbac46551d7e05b6ac351,-1,unavailable,2,ordinary_transaction,true
sphincs,sphincs-lowrate-v1,sphincs-20-tps,139,8,3,63eadc2e7a7e5c6bc29b07879ce5caae942b43272c61c6a0f2e721be7c7faec1,19711,29ea8209d0c0c20f6d9fd13e19b96ab59ad7b1078e21a2fce8ad5bd6714fba37,-1,unavailable,2,ordinary_transaction,true
sphincs,sphincs-lowrate-v1,sphincs-20-tps,139,9,3,ab6d3f75756d4fcb67fa2f37705fe7cb127fb71c9fa2870b43824cce6d906808,19712,4ab323b170be76111c1f935bebb20cc05904a4c5b6fd572b49f3884508a60eb8,-1,unavailable,2,ordinary_transaction,true
sphincs,sphincs-lowrate-v1,sphincs-20-tps,139,10,3,6ba07edb93568641fe00377363d66423044094fb644325d52078383118485a22,19711,7aafd95ecf1daed7bed5c2fc0ee6168f90a1fd25c0f77d0d75e0e0a032d32654,-1,unavailable,2,ordinary_transaction,true
sphincs,sphincs-lowrate-v1,sphincs-20-tps,139,11,3,d1a62d1dd2965f05220458f557e89cc864de3db52c18b4b469663914182ee063,19711,a938e8939a94c7d6797af7016982cdd850dcf099edb69324e03c2401cffcb8f1,-1,unavailable,2,ordinary_transaction,true
sphincs,sphincs-lowrate-v1,sphincs-20-tps,139,12,3,e654ad327bf682ab6cebfe2610b268c9f535cfb90ec1ede78fe4029c584974a0,19712,279eddd278658cd4786b40a35c47e55b55ae3923074b1d9422bee428af57213d,-1,unavailable,2,ordinary_transaction,true
sphincs,sphincs-lowrate-v1,sphincs-20-tps,139,13,3,46b6de2d6cf469ea931915c8b52e088336c5476250d3417c80f85679c0c646a9,19711,fd9f7e9cb2c8f9a93d56b4af54112bab1f6c43706b520561f05c567209bcb142,-1,unavailable,2,ordinary_transaction,true
sphincs,sphincs-lowrate-v1,sphincs-20-tps,139,14,3,03c4a949361e793b94eb41c264035df6db7b03c7269ae7e8b3a8b3016ac7d631,19712,7875ee709c32f43523610acd872e7892b5eee6e353570882f98bc1c54dc1e302,-1,unavailable,2,ordinary_transaction,true
sphincs,sphincs-lowrate-v1,sphincs-20-tps,139,15,3,7f1dbfe3441a71775dee1fe70d9dc834f94bb16b2327959e8dda8ab905cd5cac,19712,e51d74b9c427b714c76ccc06606da11f8575133fe1e579dc0d7ed6bd6a6d6ec5,-1,unavailable,2,ordinary_transaction,true
sphincs,sphincs-lowrate-v1,sphincs-20-tps,139,16,3,2584b9e301fef7e824fd3a0b04e909bb711559f8f2ee64c202cf6edd097afbb2,19712,ddeb38b891c680e2edc6dd1eef7d11426cc33346911e14e844627dc79b70ef18,-1,unavailable,2,ordinary_transaction,true
sphincs,sphincs-lowrate-v1,sphincs-20-tps,139,17,3,5dfdc8b48611b2df9f377d70a328818b4f910592e96443868bdd9df15c18feba,19712,a37ebef1a8a5abe563662175778693ca7530ad2380feaa1618b3a46f5933ab49,-1,unavailable,2,ordinary_transaction,true
sphincs,sphincs-lowrate-v1,sphincs-20-tps,139,18,3,8b7c29528121ff386552016bb0879b5f9f49ba996cf448ca836d535e0a89ff8e,19711,b42e977d9bbd164a78180a44d9089c222517153883c5b0741b3893ff0561ca27,-1,unavailable,2,ordinary_transaction,true
sphincs,sphincs-lowrate-v1,sphincs-20-tps,139,19,3,be7a03f200a2174111227fd42d9bb14b967a24ad58a52b05f23c98341b005905,19712,dd8645a2ccd655b8567340d6f76c62be5ba455695c68ec8f3f41b99f1947ba13,-1,unavailable,2,ordinary_transaction,true
sphincs,sphincs-lowrate-v1,sphincs-20-tps,139,20,3,14fa4cd5cc53f6726b684ef101006cb808e006246d00df44210d55331c08cb4a,19711,5183efba25b05acd5d2ffada5adbb87d8b71c23e7a3b62bfd0914054d387fd38,-1,unavailable,2,ordinary_transaction,true
sphincs,sphincs-lowrate-v1,sphincs-20-tps,139,21,3,a63347699634194c22bfa4ebcb730f1678721816626b324c1499475aa003fcf0,19711,4c6b63a916239e58aaa1afea9c9803eca291d19136070c4eeba176cd227bbdfa,-1,unavailable,2,ordinary_transaction,true
sphincs,sphincs-lowrate-v1,sphincs-20-tps,139,22,3,1090555be0f885d260a6e8ac258d8ed6fd15ce1e1d2aa6e6f9c75314654157ef,19710,1810f4e81eefaa2efa20a461ab360e2d3b4f44b8b19f87770f15aa01cc96b7d3,-1,unavailable,2,ordinary_transaction,true
sphincs,sphincs-lowrate-v1,sphincs-20-tps,139,23,3,b9df9189f46fc475b3ea2eed1c98302f5f7ecca1affb5f85ba9de207a88837c3,19710,74a405c31286ff27f2636422190b46ab2c33218b875e382f0bb4956d268de142,-1,unavailable,2,ordinary_transaction,true
sphincs,sphincs-lowrate-v1,sphincs-20-tps,139,24,3,746e8ef87e52f286c4aac607cc380482c45e55aaf1ed6b306c1ee13b8f8517a9,19710,3d14e60004eab696b3f767616372671881e15ef8278b04814c55ae221de6b422,-1,unavailable,2,ordinary_transaction,true
sphincs,sphincs-lowrate-v1,sphincs-20-tps,139,25,3,9a07fbb77e47bbdb7c153be5b654902d27226e92142a2f88996def5308104f68,19710,d1492a3677db956d88be8ddc573741637b5f2022c1e44f71de37ec4b312bb4ba,-1,unavailable,2,ordinary_transaction,true
sphincs,sphincs-lowrate-v1,sphincs-20-tps,139,26,3,d4bcbdbd93db7ea5131e5506d5080d71b57228053531964b3831c1a3e73a00dc,19711,dbfc5f4f33c38858e64142715be939876a83be67eb94b21e4f372bca11ad4a2b,-1,unavailable,2,ordinary_transaction,true
sphincs,sphincs-lowrate-v1,sphincs-20-tps,139,27,3,a1b9fae9e5d8ddad6f80574a85eaaed3a933a9e27792e2c19393ab05a7750fe4,19711,a90160f6d2b27dc59af89da552ab5755a379b65a05f59fbe49a71d7a04f6b673,-1,unavailable,2,ordinary_transaction,true
sphincs,sphincs-lowrate-v1,sphincs-20-tps,139,28,3,0e2c5a639cfef7e05248ed1a9115ac05067c9ec2ec84db34113d757a9c335121,19711,4dda21cba57f912b1209f0cf43c87ec01762c6dc666605d6ee606952a943f91f,-1,unavailable,2,ordinary_transaction,true
sphincs,sphincs-lowrate-v1,sphincs-20-tps,139,29,3,9660f7e5c8aafd7ff5ec0244af5a0c37180e0d9d2e8c6c1ceb07d62438f944d3,19712,d41f530c0f5e850dd94fe74bf396f57774e85e9598e0d822a1221cdfd65cdb07,-1,unavailable,2,ordinary_transaction,true
sphincs,sphincs-lowrate-v1,sphincs-20-tps,139,30,3,825623fa4970dca6b4ef45529804bdeaa02c2152412353b3ab696a6ef2ee685c,19711,ea0f7105ba30bd5e0153bda34c912a48b18165bad3423aa93c883e925aba0610,-1,unavailable,2,ordinary_transaction,true
sphincs,sphincs-lowrate-v1,sphincs-20-tps,139,31,3,ad86cc4d0e84bfa94c668858953b81cb844611a5b92e5c4d2b8beeb16b526186,19712,cc9ad171fddbb7e0c56bb3043cfc5736159f56e5c65b6da18c3cfd0beff45032,-1,unavailable,2,ordinary_transaction,true
sphincs,sphincs-lowrate-v1,sphincs-20-tps,139,32,3,47a35a0cf6fca156bdf4a1ccd49bbd85e8248274d731cb33c4cf6f740cf9a087,19711,f756ce09be628d7d7ba5fb641174ce5c13a63274b5a0408a7b8f372a61066e32,-1,unavailable,2,ordinary_transaction,true
sphincs,sphincs-lowrate-v1,sphincs-20-tps,139,33,3,13c9cb632b6a63a7571a8843060a9fde46d35f2155aa60c29681b1a9ba6428e4,19712,1c8ca3774a15f25cef0e8999a1b5c72bd7a984ce34d3afeebf8945a8ca761a82,-1,unavailable,2,ordinary_transaction,true
sphincs,sphincs-lowrate-v1,sphincs-20-tps,139,34,3,5393e0b3dd38df6902a5cda3b91480a43a5d20bf0026158a289dd12ba2eeb3ba,19712,d6ac5698eaf033acbb64622cc6d69938b2be0ebc61f6226befaa9e9f4f125102,-1,unavailable,2,ordinary_transaction,true
sphincs,sphincs-lowrate-v1,sphincs-20-tps,139,35,3,4e1cb78c6fbcb365f38b3850bc14643ac05964c3ff656fcab6128d31dc6a1602,19711,ff7816159912d84d64e95bf61c933136b7630db0ab792ce44c1308489f0a1ca5,-1,unavailable,2,ordinary_transaction,true
sphincs,sphincs-lowrate-v1,sphincs-20-tps,139,36,3,22d3ee004339b41b5e9ef22697e8f9062f4b492ecfc836f3a766fa999159a5a9,19711,6bb75185c30520378d1a9746c62fd0c8c17a73ae685ed7299818528cf9d16dda,-1,unavailable,2,ordinary_transaction,true
sphincs,sphincs-lowrate-v1,sphincs-20-tps,139,37,3,a009884271a6b151eb9f5fa248f1f9775198b0b673ebdc9892534cb32d0c9e34,19712,7c65ef67d891ad6a1faeaff48af0179404bcb2af5b2fd7c53eb8bba287dbe3c8,-1,unavailable,2,ordinary_transaction,true
sphincs,sphincs-lowrate-v1,sphincs-20-tps,139,38,3,9e862262040dcb183bb265145b84ee607f85c51dcb2f98597b2231f5e1de1ab9,19711,77cb0a6fe56d5d521aaca56ab96610e5eada5475841fa773a488b8e688284c9d,-1,unavailable,2,ordinary_transaction,true
sphincs,sphincs-lowrate-v1,sphincs-20-tps,140,0,3,0367f6bfca688534b066c235d85c0fffec5ddaac35771c28179d4b5086ceb426,19712,08c728e31f28c7c802c70dca2e34d71b65820c363d4481433ec4ab850ece81a0,-1,unavailable,2,ordinary_transaction,true
sphincs,sphincs-lowrate-v1,sphincs-20-tps,140,1,3,53875d563b33a3efaa85b02034fff30a7ba7f70760e7bcf03f9a5de88aa3b9ad,19711,a37c9c7b594fc4b80b9f24349c31ca6dc532dc58b8d5c05e9a1188b44fe0af7e,-1,unavailable,2,ordinary_transaction,true
sphincs,sphincs-lowrate-v1,sphincs-20-tps,140,2,3,61b8678fe05153a9c6e1e91a395b4ed55bb16aa719452d7a98f6297f06e2a503,19711,2a44816cbaf9eabc36499091dfab9a7aff3fd3dc7b66c4ea97eb015e8e6fb8dd,-1,unavailable,2,ordinary_transaction,true
sphincs,sphincs-lowrate-v1,sphincs-20-tps,140,3,3,84306ad6620e79f5bf32bf9b93454932e81cfb14b9ff87ccf1cf4642b4dc3fa8,19710,0c7c130962e98ad1305a2dfb93774c6c2faf05a6e49eae96323c25eb62194081,-1,unavailable,2,ordinary_transaction,true
sphincs,sphincs-lowrate-v1,sphincs-20-tps,140,4,3,64ed165915eff86db2e8d1feef3a37cc3e8950f63b1b5a9242b2bf786636c6f6,19710,1a47486e81115b1b09cb000e564bc46e1382ccdc7d82c5bbfc1400919dce7bcb,-1,unavailable,2,ordinary_transaction,true
sphincs,sphincs-lowrate-v1,sphincs-20-tps,140,5,3,51fdbd3986ff69ab0d1a88eb05677394a281fec4509c1b1eac1d6d49883b0696,19711,64198412b576e6a321d025efb2f27f221af5f2b1fc2f25046a60eea84ab1e3a0,-1,unavailable,2,ordinary_transaction,true
sphincs,sphincs-lowrate-v1,sphincs-20-tps,140,6,3,ad19ed525520a61da49fd2f56ceb3d97c9d6e785fd315d37d307b5e7a2e86a0a,19711,e28e6d48ab262a603ae86dc7ba9cee8bd5b10935e57ecdf875f76164bccef52b,-1,unavailable,2,ordinary_transaction,true
sphincs,sphincs-lowrate-v1,sphincs-20-tps,140,7,3,5d54ef1fe52fc94561f3d08bc380a69bf520de2852d73d5630f0f8a703ff76e9,19712,96a133e1f55f7b51cf99e98619f26982b86ff784d74e8179ffb9755e94c94124,-1,unavailable,2,ordinary_transaction,true
sphincs,sphincs-lowrate-v1,sphincs-20-tps,140,8,3,d657a8e8becca7643e9c1f02f8095351cb6e31a7f8cd2c053a10c5b5d24e4ef6,19712,623ae357fc646403672b09a18daac5ca2f70c8e2f71e54ccef1e4dd600e8f84b,-1,unavailable,2,ordinary_transaction,true
sphincs,sphincs-lowrate-v1,sphincs-20-tps,140,9,3,938b1aff0219504d148c837cb9e4a3970930b6659bd31c70f9f3e3e6503d8258,19711,56e6450a8a7ce658ef08aba1f20467288f1daf8b03b13cded966244b19e27bc9,-1,unavailable,2,ordinary_transaction,true
sphincs,sphincs-lowrate-v1,sphincs-20-tps,140,10,3,0280905c5b308664f74f6eedffadee1456f56c7ab624b90b9f5e3df1225a1c16,19712,7f6abc1fdd94487a08c16905f1bd4f2f2efadbdb0ea392cdd06171efc4b42145,-1,unavailable,2,ordinary_transaction,true
sphincs,sphincs-lowrate-v1,sphincs-20-tps,140,11,3,a3dc30d18a5411a038e0ba00e9d4cb1fe162c647f7b4b0014f9fad72043284c7,19711,99b8a685d8442b9533b60bdf3cd3857a13f8f4739e82c4c4995e616d03a6451f,-1,unavailable,2,ordinary_transaction,true
sphincs,sphincs-lowrate-v1,sphincs-20-tps,140,12,3,211a2acddb503be09825c0c9b33af96412cbf8f29ed15d2a161f646fb51f64ce,19712,059937c0f3a39daa45fa5a0c667de979e1a45a2ba4f553153a0d3b528773e2d2,-1,unavailable,2,ordinary_transaction,true
sphincs,sphincs-lowrate-v1,sphincs-20-tps,140,13,3,b5e9b866adbe235d13b3761d3e6c0fe91b6ac82b23ec6d1fa9d5dc1cf1fe5d9c,19711,f342f5248098613c7991ec483f425e81117f52bcbe5d3108c42532121975c13b,-1,unavailable,2,ordinary_transaction,true
sphincs,sphincs-lowrate-v1,sphincs-20-tps,140,14,3,e383c1a62bc6ae5d00142a9a828b69730660e472e0073cad30e84a1bb5903cbd,19712,5c8d494897268c193790dc99f6395a4f46fbf09be498b7ba7f5c07514b111557,-1,unavailable,2,ordinary_transaction,true
sphincs,sphincs-lowrate-v1,sphincs-20-tps,140,15,3,10d06dc231644583823f802f75b0d432e1fc0743acbad785bec91e86671ebedb,19711,d88131f78a7e36a507f061d9733305a26ade2c4ba293751658ab5539b78ea115,-1,unavailable,2,ordinary_transaction,true
sphincs,sphincs-lowrate-v1,sphincs-20-tps,140,16,3,3866b4fd26b47113280f31a29d9ce0595ff52d16bc68aa2b29a670d93f8596a2,19711,9fc26ebdbc3c8a2aa679b576c1b6921390db307de5478a5ec8215229ec812f74,-1,unavailable,2,ordinary_transaction,true
sphincs,sphincs-lowrate-v1,sphincs-20-tps,140,17,3,2f279fbeb951d9a2f1a684b5fd178388690e69f7f33eb3820a2a610386d17d0c,19711,08246eb6e65c730892b50bbc446f328cfb0c7965aa18d6890ecab156df6a98b9,-1,unavailable,2,ordinary_transaction,true
sphincs,sphincs-lowrate-v1,sphincs-20-tps,140,18,3,9c794bc9fa29444b875425e7aae2464fd61d535fc6265f27aaba113499e4d567,19712,49bf417bea48496ae992f323e18ed020dd572ed629974bac062d77c05a4705f8,-1,unavailable,2,ordinary_transaction,true
sphincs,sphincs-lowrate-v1,sphincs-20-tps,140,19,3,7a04e910db1f3b4bee8e782af621157db6703eef0987eed14d2cc52a3fa39b6a,19711,22f000e8321bd0d5738eefc7b41d23218dd9ad70acf35775dc1f633e6a466157,-1,unavailable,2,ordinary_transaction,true
sphincs,sphincs-lowrate-v1,sphincs-20-tps,140,20,3,b1cd9791cdcddcae6dfc2e93b96dc4555a2dec5da9668fbc721492774bea0c3f,19711,04e45942b77234e6f6880b9387136f2942c72578c89947d55f47d53a16e5dc2a,-1,unavailable,2,ordinary_transaction,true
sphincs,sphincs-lowrate-v1,sphincs-20-tps,140,21,3,f6bd3112a2bfe1e217bce71707772add4300bcbf663fae29c471238130c38e44,19711,ea8b248a90aa37cd18334ba78003c61803c8c8519e83a3a36a3c21231ba7ee79,-1,unavailable,2,ordinary_transaction,true
sphincs,sphincs-lowrate-v1,sphincs-20-tps,140,22,3,3ba6f7c48baf8865240fab72afaded2e853882f1a363e7980970d9e3375b5cb7,19710,dac027284d8e6c4c41ec7ad2569499117e90473d3bf4e493d93f0f4d4c296ac7,-1,unavailable,2,ordinary_transaction,true
sphincs,sphincs-lowrate-v1,sphincs-20-tps,140,23,3,dd2e5969059d53fc71c7b856e3b43778510211f8e77c70b0b1a54305591f8bbd,19711,cc8ac7afa10bc0e952c34e97a3151f79653d6ca9b11318bce77e05e6e35b273d,-1,unavailable,2,ordinary_transaction,true
sphincs,sphincs-lowrate-v1,sphincs-20-tps,140,24,3,02ae8ab80101a8bcb1642d6a5d4b6b4e04218fe3c5d7b316abca4607a85c9e1e,19711,52986cc660f103b9f0eb0de6a033fb18707ffa2ab9f39cdcbda4b096399ca1e5,-1,unavailable,2,ordinary_transaction,true
sphincs,sphincs-lowrate-v1,sphincs-20-tps,140,25,3,3c1652ae333ba877a5f4ef556cc870247768ca970ec4f4c2cac22dad495b9681,19711,c91704fd35702db22b384884b224c008eac9988afdd5d70f768473464fdbce7f,-1,unavailable,2,ordinary_transaction,true
sphincs,sphincs-lowrate-v1,sphincs-20-tps,140,26,3,8f5b55fad7b50c2712ad6d4e9a0954e936c254e9bed836ccca7cf0ab19d4923c,19711,b0a3ce070a01d74c48c12fda5e4b5191f3ef34a341d6f43328e5cdedf82bc845,-1,unavailable,2,ordinary_transaction,true
sphincs,sphincs-lowrate-v1,sphincs-20-tps,140,27,3,f84af40f549159d5704f46d145460595adfa09b645948392b9ccba1bd1c47970,19712,883f0e504f1a24173a137e59a8b29acda11dba27ec9efd28d3d0eaaaa380ecde,-1,unavailable,2,ordinary_transaction,true
sphincs,sphincs-lowrate-v1,sphincs-20-tps,140,28,3,7ca5891195e7136183b65ed8018150056ff597b30bfb9c97959a1f401f1ac0bc,19712,d07187daeb21ca9f1202b4d18869b960459f688cbdf37f86d49c7aa04f7afdc3,-1,unavailable,2,ordinary_transaction,true
sphincs,sphincs-lowrate-v1,sphincs-20-tps,140,29,3,cac7b6ebc25e179610f4684f9037dd843ce6b88d5f52c37208cdb67a72471bd0,19712,9aefa38443732527d5250efc5f67d54171b67e4dcf90eea84bb9f090358106e2,-1,unavailable,2,ordinary_transaction,true
sphincs,sphincs-lowrate-v1,sphincs-20-tps,140,30,3,8defb58ec73cf5d64b34feb40c7cc3fef173d3dd9f89a24722a858d8f1468e37,19711,6c2cfde6100349f6cef29f254706f735fef5b48b25c992d41d73e5147d9f14d3,-1,unavailable,2,ordinary_transaction,true
sphincs,sphincs-lowrate-v1,sphincs-20-tps,140,31,3,07d81e6100036d053fde43538114b29e0b8bafad2dda2911eec03cabaf5a2695,19711,48c4c21b96f7b5e43481602fe1cac44a8eb23158f335e42fa173a6836385c71b,-1,unavailable,2,ordinary_transaction,true
sphincs,sphincs-lowrate-v1,sphincs-20-tps,140,32,3,94645973be303afe2bccb4068af62a98b0e094fa399d8f382c5c491a5961b119,19712,c3e0f4ab6bed29e1b9f33db5be760b65ecd47a60a09a0474f97b77c85d9dca7f,-1,unavailable,2,ordinary_transaction,true
sphincs,sphincs-lowrate-v1,sphincs-20-tps,140,33,3,98d584551b42e63b60aeb92518a21051fe714954471fef6aff59837e4ed4de0b,19711,cdb7dec01d192ad0aa9e79469848b76b648044c00de26662fad24372dbe82843,-1,unavailable,2,ordinary_transaction,true
sphincs,sphincs-lowrate-v1,sphincs-20-tps,140,34,3,4518e7f0f2e52a92f83a55a2881329f355c676bb0a3706251bbda7bdbe5c9d50,19711,0dd5e00353f6c8dbf6c9b8c9fa64eadcb364c1d41e3845413a26f8eb3f97edf0,-1,unavailable,2,ordinary_transaction,true
sphincs,sphincs-lowrate-v1,sphincs-20-tps,140,35,3,4e899b4bea68466e51c3c07be600a32b1b871f85cc7ad6363651e0e1ed548658,19711,42e796fe8e520733d398f1b24f2f2f3ebc6df70d0af93b8ec6c99c7e2467a805,-1,unavailable,2,ordinary_transaction,true
sphincs,sphincs-lowrate-v1,sphincs-20-tps,140,36,3,d2c3550ffdd85d5f63e469a1e21c495dc68a4f5c0be329f562014c2615bf50eb,19712,9303b3260b8785dac54a6dd142055775a8e0dcc781c42e804b41ec7b68d5e735,-1,unavailable,2,ordinary_transaction,true
sphincs,sphincs-lowrate-v1,sphincs-20-tps,140,37,3,52853b2cfde2b49c9bc3096880c68f8f95069022deb011f2c4053ab89923d18d,19712,4c497013a0cb5de06d8db49a9e6af4583edd49d943704ff84207ba21ee5e9bae,-1,unavailable,2,ordinary_transaction,true
sphincs,sphincs-lowrate-v1,sphincs-20-tps,140,38,3,4410f6aacec46bf239ea260501010fd1ab90bc2cadad1906efe071fca89868c1,19711,57d96244cb32476ea4ba8977ec9c35752138318acd87bfb510f543c9c199b8c0,-1,unavailable,2,ordinary_transaction,true
sphincs,sphincs-lowrate-v1,sphincs-20-tps,140,39,3,0b3db90f0d042858525876c686b9b3910555f32337868a59c71bd2295ea845d6,19711,3c56ae32e31409b4b58a2ad6854fefc0f42ea13b946431b9cc1755c20d0a876e,-1,unavailable,2,ordinary_transaction,true
sphincs,sphincs-lowrate-v1,sphincs-20-tps,140,40,3,8ebd3109fbc4fd4b2abeffa26462867e1d6c6df5bf308c540d32604250003531,19711,dd4367e87fe36538ff8d5061cd6b135da044d79ccb62e5d4eaec96cccc6cbead,-1,unavailable,2,ordinary_transaction,true
sphincs,sphincs-lowrate-v1,sphincs-20-tps,141,0,3,ac19bbc0f0bd51e63806283e8127e79a323409c4a217cc88fb16d3cae7dab969,19710,e401ca9fcf561bd33dffc927de46235e7b77025a7954991e7ae77a254bc1316b,-1,unavailable,2,ordinary_transaction,true
sphincs,sphincs-lowrate-v1,sphincs-20-tps,141,1,3,34d8d5acdcd2366de92c7a3f7992e7d598a4a548386f182b09edbdc545a4fb4e,19712,d11e1ad3486efba66b9953c1e255518a2e7265e629a6a81b1ceca3cb86a09e99,-1,unavailable,2,ordinary_transaction,true
sphincs,sphincs-lowrate-v1,sphincs-20-tps,141,2,3,d1133b46476a1965a5603d9955816d79ac5703656f26ea9bc994e500ececf996,19711,d88f764e02f9fef6525e54aa462ca8a6be4ae97a80d30cb37b5ff61aa471259f,-1,unavailable,2,ordinary_transaction,true
sphincs,sphincs-lowrate-v1,sphincs-20-tps,141,3,3,1565ad7136d89945b337680a63cd5a28761b294791ef1010e419ab50a39935ad,19711,c5ad3e769603ed8e5cee3cb8a627e6739457e10e334fe61a4855ebe80e070404,-1,unavailable,2,ordinary_transaction,true
sphincs,sphincs-lowrate-v1,sphincs-20-tps,141,4,3,d9375ac0705c9779a027c8a375be844921ab12358b740fe82d40ab519df27a48,19710,41d793a36393329e965c6d8817323b4b1e0e4d2b80ec37bbe958eb917dc52dd8,-1,unavailable,2,ordinary_transaction,true
sphincs,sphincs-lowrate-v1,sphincs-20-tps,141,5,3,99971a611b7e090a7e71ede6a4f8d0926849b8d35f4b54bdd607c5f071e33d86,19711,bf0e5ae37935264875ad6e25a3f055852e1fa07164cd66c1ae43aaaa4cc991a8,-1,unavailable,2,ordinary_transaction,true
sphincs,sphincs-lowrate-v1,sphincs-20-tps,141,6,3,6758d54d58937385849659f77f45d867639333af2e506b75ee7486239cdddc0b,19710,cfb5a3bf88904837ffd77a175b5812d07ef323f05c6e7b8b96e091dfb3d2bfe2,-1,unavailable,2,ordinary_transaction,true
sphincs,sphincs-lowrate-v1,sphincs-20-tps,141,7,3,8557dc4407e16a02f81ae7dd8059e935f9a89b5c61e27fc4f4793eaf227e4005,19711,ee8871b40f38f1b7d3187e4d0fb5959f4aa32dd0f66ba0080ee7d2a3529ca8a3,-1,unavailable,2,ordinary_transaction,true
sphincs,sphincs-lowrate-v1,sphincs-20-tps,141,8,3,eeba6d5c421205910c71dd19b497b876f0515e5f704d54b64150a09b95d45d73,19712,e2f30ab32a08500b6eada238c81658cfb61e73b094286db73f6e654aa69430a5,-1,unavailable,2,ordinary_transaction,true
sphincs,sphincs-lowrate-v1,sphincs-20-tps,141,9,3,7e0a5560b97b819e0ee2d51638f39429fb19289eca8bf6063055813169a16d9c,19712,11a523f1d8d0509539c69e36942fc280513879523fb38276d42afa5e6d8118ef,-1,unavailable,2,ordinary_transaction,true
sphincs,sphincs-lowrate-v1,sphincs-20-tps,141,10,3,de74e795b7cc3f8ead08827727d3676e64e9175d6aec4065e3f581b79729e0f0,19712,250b3365f92377ca415321d1212384f930c56107450badc79eccc87a8222a1ce,-1,unavailable,2,ordinary_transaction,true
sphincs,sphincs-lowrate-v1,sphincs-20-tps,141,11,3,a0e348e88433a778fd1168fa50fd6a9d6de227753cc3469efb9f3fc527f7b4b6,19711,52872757b54a605790e73cd4b7d0e39475d42e0226704ee59956c35c3fbe1ed5,-1,unavailable,2,ordinary_transaction,true
sphincs,sphincs-lowrate-v1,sphincs-20-tps,141,12,3,06dedc3262089409934e2a38048d982c16b142942f1b842bb555973e3fe1d7d1,19712,1c8dba2f71201045a64291c3a39845ef8ed7ce1128278e236688501c1ba1c345,-1,unavailable,2,ordinary_transaction,true
sphincs,sphincs-lowrate-v1,sphincs-20-tps,141,13,3,e6b47cd206464411c19430bc4474f5cf0064480ec61a5a8a74c9b434b73c7dd9,19712,569b0ef628b1dbbbfc01e02631681392abb1ce86db3201e7a9a94c35d22aa238,-1,unavailable,2,ordinary_transaction,true
sphincs,sphincs-lowrate-v1,sphincs-20-tps,141,14,3,0fad737632c4ac0c84d8c32a2a8880967572b295387db4b21485213aaf7585a9,19712,b6d1982d5bf9fcb81c21055425f544e120f8d2b3f53c7012986279c8abc134e4,-1,unavailable,2,ordinary_transaction,true
sphincs,sphincs-lowrate-v1,sphincs-20-tps,141,15,3,7b0d28987d18230cd3b56f9316e46fee052cad8b48d133c500a6c2ddfff0c0b3,19712,004634aab6a976c93a54966ab6b7aa80f47672f049792e788484a5ddb5b68cbf,-1,unavailable,2,ordinary_transaction,true
sphincs,sphincs-lowrate-v1,sphincs-20-tps,141,16,3,7b2966bdcc39df678f62d1963deddfe8d57ca2fe1e8e9f29b7d9ef29fe29d88c,19711,251943ec175dbcb58414e8576d9640c1243b953fdbfb615b79b780065090dfe9,-1,unavailable,2,ordinary_transaction,true
sphincs,sphincs-lowrate-v1,sphincs-20-tps,141,17,3,e0973a140da216aee59ed2042b2afa625c12e98b520e365d12bf50005d1b11e3,19711,7f247ec12e3f1a596a5e283af8ba38393ab10cf55de2ae013c681e78da038f55,-1,unavailable,2,ordinary_transaction,true
sphincs,sphincs-lowrate-v1,sphincs-20-tps,141,18,3,412715ea6ab0f48e8fea354948b00f4486dc18fcde9bf0d185a89540440be3c5,19712,f5f6502fedab0938ceb8030efb064c8fb4cacae5ecc8ca7ed5afd3b67f817ef3,-1,unavailable,2,ordinary_transaction,true
sphincs,sphincs-lowrate-v1,sphincs-20-tps,141,19,3,d05e73571d3da3728485c7bd22d8bda10cf70c75fa47d15a4a79d155e5d1f00b,19711,43774518ed67cdc853974f2f9cb3619fb6b88c1260a8ba36a2b5775923f9b65f,-1,unavailable,2,ordinary_transaction,true
sphincs,sphincs-lowrate-v1,sphincs-20-tps,141,20,3,dd5d74ae701f9dabb7056625b64d92b2b2e04474f047f0b5b3f18134ffd36793,19711,f618ac1d70e2a142a085c7ed6b461139f9e45f1bd2665bccd9dc32bdd384d748,-1,unavailable,2,ordinary_transaction,true
sphincs,sphincs-lowrate-v1,sphincs-20-tps,141,21,3,38b037e09419f9a1ec54732f854d84f800a4bf7e262deb64b9f82a161b774c5f,19711,fb7d806f573420601fb26aa38ce5809c3f6170a63276f8992385fcf1bcac37c9,-1,unavailable,2,ordinary_transaction,true
sphincs,sphincs-lowrate-v1,sphincs-20-tps,141,22,3,1adf205555ec5f3161978b369a4fc47e312a19717c2287125724020f7cc63ee5,19710,31b3623b16c8d93db3672d4f65d2ae922dbea27b398414276d5d1ab3b1dc14c1,-1,unavailable,2,ordinary_transaction,true
sphincs,sphincs-lowrate-v1,sphincs-20-tps,141,23,3,c630c0680c375986891e1b69e036448444c96313260ae0d3f79f1fcf4160d8d4,19710,93b96549d06189b55d9cb2fe7eb15f45169918b261ae60eb4efd80003e226816,-1,unavailable,2,ordinary_transaction,true
sphincs,sphincs-lowrate-v1,sphincs-20-tps,141,24,3,a40c9ce41a75da8519ba30148b8eb411195cf08b45e75094ee446e75ae6a0349,19710,fb92725d55665bd53127e0458638000b3405ae9cb981b9536f5880b75fc531e0,-1,unavailable,2,ordinary_transaction,true
sphincs,sphincs-lowrate-v1,sphincs-20-tps,141,25,3,03f2855fe8aadeace915ebc59728ac54f17031d203ce090c50891c956006b590,19711,2a7477e6b8af5579457b7719982dc3b3de423d5ac11f53201af097b43df26109,-1,unavailable,2,ordinary_transaction,true
sphincs,sphincs-lowrate-v1,sphincs-20-tps,141,26,3,12f7b1089f7579e459c4412658549a4dcb911b6804270b080e860426005c48d9,19711,71c8af3965b474626e5f3bd7bce53a244d975d42dc7633eab501d86968d9e27d,-1,unavailable,2,ordinary_transaction,true
sphincs,sphincs-lowrate-v1,sphincs-20-tps,141,27,3,3d6c65b4b42d31397325832470b4d59bac2b6eb7513a7faf1bcbfc7ab9ccfeba,19711,8a37c02dfc61c4cf6a1edb68f6c478118dd755381b14d54f65dce951051a9bc5,-1,unavailable,2,ordinary_transaction,true
sphincs,sphincs-lowrate-v1,sphincs-20-tps,141,28,3,905536c507001b9e5bf5045069a70977583904e7c7c180c7138b767a50e2e56f,19712,cd089d490404b9945a93f1cebc376e6e8ce0f09b3c28e152820a5ccce60b87b6,-1,unavailable,2,ordinary_transaction,true
sphincs,sphincs-lowrate-v1,sphincs-20-tps,141,29,3,5bda806b355ce02bf4591e4e0d2647bd2c2675c2862be63610318af40ab1e947,19711,0e3a18ebac30a61744fbd06b363f917ce231add822315e09e1173d322d63d889,-1,unavailable,2,ordinary_transaction,true
sphincs,sphincs-lowrate-v1,sphincs-20-tps,141,30,3,7441641d94ada988bfae1b4bb094d056cf0739ffc253fee13db7f90d7b94ac01,19712,a0fbffa0ac874eb4d95416778bb1649d68ca21cdb49e720e0cb3aa42fde37582,-1,unavailable,2,ordinary_transaction,true
sphincs,sphincs-lowrate-v1,sphincs-20-tps,141,31,3,2da97db3b2fbfd1f2c6ad2413a670adb4a9013a9c4880cc1ec321a4b54868381,19711,2f9b6201d0590b444ae7ad59c571851b5cb890c85b5c4487e3b22cd30fcc7a3f,-1,unavailable,2,ordinary_transaction,true
sphincs,sphincs-lowrate-v1,sphincs-20-tps,141,32,3,6eb093f01d9e8d3e2f60699cc41af18a8ed1bc4a81a1531da38da1ec8d476bc1,19711,dcc6df74a5594ef690383b8b3b442a8ca5b556ae976810480fa992afc022a45c,-1,unavailable,2,ordinary_transaction,true
sphincs,sphincs-lowrate-v1,sphincs-20-tps,141,33,3,bc602fe9c01eab2b13ef99d4d4edd7900f4259d11cdd7f07317620282fadccfb,19712,9664c5aeb6f4d14277a5f2e7aaced889f6efef4eba923f694434b49ebdba9296,-1,unavailable,2,ordinary_transaction,true
sphincs,sphincs-lowrate-v1,sphincs-20-tps,141,34,3,c392cc82dfbd14e2d8dff6deaec5aec915a14c97d26b8dd532ae1f2b5910a7b8,19711,94f44bb5b753591ce85b7bbb3ac9cf8e56ee4b5f4c3517039595a0b9b4e0fc9a,-1,unavailable,2,ordinary_transaction,true
sphincs,sphincs-lowrate-v1,sphincs-20-tps,141,35,3,3368bf365926eb3c91ecc47df8abc167a0516aa67d4079cca869f9a3aff5e8f0,19711,a17eeb9e6434e0f82a360e48764a6619216edde55e41cd47ac41a5825bdca51a,-1,unavailable,2,ordinary_transaction,true
sphincs,sphincs-lowrate-v1,sphincs-20-tps,141,36,3,1f6724542d2bfb51c71aa0607d6f74df9ecdebf0d436c7930997938ecee42fce,19711,019f822af971b92e22eeafad5d8ef5da0753212576a9a9d241fb2d57eec684ec,-1,unavailable,2,ordinary_transaction,true
sphincs,sphincs-lowrate-v1,sphincs-20-tps,141,37,3,3f3a501d2c0df4995ecedc5c99fea8e67f4fe76c1ad89eefe8c5cf471af8d284,19711,6767f935a5561d0ce1069a745392c8e39a7ca631217e8f707957572c91f4b5b3,-1,unavailable,2,ordinary_transaction,true
sphincs,sphincs-lowrate-v1,sphincs-20-tps,141,38,3,b2a4f1626582de207588a9941a9e0c1f0f329ee40328116da25bb688b903d504,19712,bd3d1b7b83ef19d7f8add643aa3121d126ad002b49cf31d5691bcf28f195d1a9,-1,unavailable,2,ordinary_transaction,true
sphincs,sphincs-lowrate-v1,sphincs-20-tps,141,39,3,fe53b9d5a53fd2fd584bc98629a7e214935e30fc9de04448b5c7b40807660e39,19712,b9acaa277d4dde4106997fe5b178d4369d55ce2380e22995da944d10503827a1,-1,unavailable,2,ordinary_transaction,true
sphincs,sphincs-lowrate-v1,sphincs-20-tps,142,0,3,2bab43423a45f677871ae907aaa36adb977ee42ea50f0ef54c945b8593321566,19712,45452780e881e541b50cb7fe37a72a3a3eb7d8dc69e4b24a46ac9ad88e48cf5e,-1,unavailable,2,ordinary_transaction,true
sphincs,sphincs-lowrate-v1,sphincs-20-tps,142,1,3,c4560ddd24315c17a29f277a692a248abf21029f1ce048d3768d73f59668ebda,19710,8101c1b6784b02ddd9f3091c9cfb7c2d5d762c2d36cfb487826bf6501de63b5f,-1,unavailable,2,ordinary_transaction,true
sphincs,sphincs-lowrate-v1,sphincs-20-tps,142,2,3,47d088e68f911bb2975f8c2f092bb91983dcd85ae4740afba847f79f1b232dd9,19710,f0e2c597a115d29acf50fd8b35a551b59dda213b46be1f1b84309c202ab53bca,-1,unavailable,2,ordinary_transaction,true
sphincs,sphincs-lowrate-v1,sphincs-20-tps,142,3,3,5dae7826fae83a8fc254244fa59c2fd7fdaa3f52789317eb8a7814acbf6b0b60,19711,937731de26989b3ffe69353ae7593bc0ed3d832ae43290f4488a1e155e00cf9e,-1,unavailable,2,ordinary_transaction,true
sphincs,sphincs-lowrate-v1,sphincs-20-tps,142,4,3,b50df94b28ad30822703df165979c937726226cd5de54fd50b7d5468a1691ec2,19711,7b2b1b2a2310beaafa638a98562a8618752712098017861f3e64425248d24325,-1,unavailable,2,ordinary_transaction,true
sphincs,sphincs-lowrate-v1,sphincs-20-tps,142,5,3,cc69b544d38cde4b37c1a41b53c8677b2d50884e23629484424ee83fbbeac8f5,19711,d3e0020dfde0ad7364e6fbc636fde6047d1131a9066db7aa30c9a1b96c3b0d15,-1,unavailable,2,ordinary_transaction,true
sphincs,sphincs-lowrate-v1,sphincs-20-tps,142,6,3,141187118d8460b1f42635b96d203d57f027317f4455bddfc124a8a6120da232,19711,512744f6735a590a93fc43f1b17b9ac79b0e07c5542380cc33ba9119ffa4c87e,-1,unavailable,2,ordinary_transaction,true
sphincs,sphincs-lowrate-v1,sphincs-20-tps,142,7,3,95dcfcb37e9a4ead4dc4767c074c0d97ff62823e6b61cfe22b738162fd432a7f,19712,ab065d38d4de66aabe995af00b9c9552441d61854bdaaed1625d887b5943a614,-1,unavailable,2,ordinary_transaction,true
sphincs,sphincs-lowrate-v1,sphincs-20-tps,142,8,3,b63d5fa19766b6098094f8cf3b18dc56c9497d46fda8bc50539587a6f5134546,19712,baa818f5ac07aca230fea39f9da2098d66f71e0d9e981c71baf7c52770786d1f,-1,unavailable,2,ordinary_transaction,true
sphincs,sphincs-lowrate-v1,sphincs-20-tps,142,9,3,b71fdcde8254300426df7aa76ebe6d167c68d13d3d57d44acdee43ea2ef822c9,19712,b50afca13f130a31cdf1f9db1878ec4314493717d93430e58df85bb5cb418472,-1,unavailable,2,ordinary_transaction,true
sphincs,sphincs-lowrate-v1,sphincs-20-tps,142,10,3,e6eae6a8812538097b502060226f694002c99bdc648f706e767644a1b78b0d5c,19712,c19a04b1aa2bcab7b1290f82a06e41c3fe9aa3af7a593c1789e9a04e9ca55be3,-1,unavailable,2,ordinary_transaction,true
sphincs,sphincs-lowrate-v1,sphincs-20-tps,142,11,3,7133074cb7d66c1650e68920f12613f5d1107362cf86379f4b81c4783bac5d41,19711,82bb27c655ba39f71045a0a5c8fae952cdc5007af10989d93e39dcd31cd022b5,-1,unavailable,2,ordinary_transaction,true
sphincs,sphincs-lowrate-v1,sphincs-20-tps,142,12,3,6e9e4dcbfb6405ca7a099580bd64b87435f7ad4d41d9e239fe40eea8bcc6d3fe,19712,ff87eec50b761e667cd9945dafa4595e721399f2e110be1185d7e6ee2aa448ee,-1,unavailable,2,ordinary_transaction,true
sphincs,sphincs-lowrate-v1,sphincs-20-tps,142,13,3,e7e52639539f9eeba2aa918bf27df127d6e4b133c6257b297389be630fda20a4,19711,65e486c8966a2f81dc40ea0bf253e19f3e6f91f83f50d4d6d916ff69925b4917,-1,unavailable,2,ordinary_transaction,true
sphincs,sphincs-lowrate-v1,sphincs-20-tps,142,14,3,f96edc97fafe343452219eec5672b341377d366bfa4fdc3a2128c4b4bf023f47,19712,68c4273433859993bba2330371e4098da5c0509ea09f5e03a1b2754c80c59f2e,-1,unavailable,2,ordinary_transaction,true
sphincs,sphincs-lowrate-v1,sphincs-20-tps,142,15,3,0981c1d7f322fa91592090e6b3b4f69b7315191cad8029fe0afc41ded9d42bbf,19712,29ef1b95543eeab7b2ad8884ba06440129b1c42abc4d18370ef0f33af64c5049,-1,unavailable,2,ordinary_transaction,true
sphincs,sphincs-lowrate-v1,sphincs-20-tps,142,16,3,531b6a1b071c27583e1fb7863e7f2785fa8ddc1eb7f2faf81f0a62227c072212,19712,afe4a5366365cd4dbb6e79c8a8c69c0dc50aee09f7103b9dabecf954b9d419a2,-1,unavailable,2,ordinary_transaction,true
sphincs,sphincs-lowrate-v1,sphincs-20-tps,142,17,3,30258b0a69878b716192985390a8c9a61e239f3f01d3709f22e4dfc558ff0d50,19712,391641e4612e0e301b5f8d06832be74809de7557b6caf5e33c1306497cb925db,-1,unavailable,2,ordinary_transaction,true
sphincs,sphincs-lowrate-v1,sphincs-20-tps,142,18,3,6abf32e85813d85a741487c0d945af5530bb1d1d13f47919b56ebd401f9915f0,19712,064bd4d9ea9b59a92f60422379a48edaa09ac9a6652718bd34154960ce1434ec,-1,unavailable,2,ordinary_transaction,true
sphincs,sphincs-lowrate-v1,sphincs-20-tps,142,19,3,13582c99e2b636529870a00bea2ebfaa1c11d8c7d73068f840c1404f70981068,19712,7f2afa3be7ccc36dd3d997463e309828d9fe14f809a87fc13d0be5b4a08d0a15,-1,unavailable,2,ordinary_transaction,true
sphincs,sphincs-lowrate-v1,sphincs-20-tps,142,20,3,bacac99ff187b817ab269099d822905fc024b245432ee8275d8fba5e42cdf262,19711,572a21abb1dbd4b925568dad3b76bbce3eb0cd470e1065f65d6b0e2a7e9113a7,-1,unavailable,2,ordinary_transaction,true
sphincs,sphincs-lowrate-v1,sphincs-20-tps,142,21,3,4462fa80731caf89509e8c27fe9a61e88c00f609303223e92dd72169f92e8e6d,19711,8b704b565bfafa3ee43470970d2b676e74a9114e34264d0fcc4d4aba017fb5cd,-1,unavailable,2,ordinary_transaction,true
sphincs,sphincs-lowrate-v1,sphincs-20-tps,142,22,3,ccbdcae36f7090d683ba1796a355563c00a5cf95ccdd4c5da2189c8a5e9b6e9b,19711,359db90e1be484a6f942ed1e294cdf0bb5a9b15ea3bc62f526560ac8e4a35702,-1,unavailable,2,ordinary_transaction,true
sphincs,sphincs-lowrate-v1,sphincs-20-tps,142,23,3,cfbf56c7f5ecd23bde1559d1dcbc8805c64670d4dfb88b5a98b4d1c1b5ddca4b,19710,8bf2f177cd852c2ff8bdb389f64522862084b5b8f937890112d59c95380046c6,-1,unavailable,2,ordinary_transaction,true
sphincs,sphincs-lowrate-v1,sphincs-20-tps,142,24,3,cd6a84961ddd4a44e8e0e12113166e6d7da23c172e21e3101729eec7b7004bb8,19710,5f017952476f0ea8a1313d105134aadf9743fa16692009c0475dc0e8543bd862,-1,unavailable,2,ordinary_transaction,true
sphincs,sphincs-lowrate-v1,sphincs-20-tps,142,25,3,d3dacb2669d20fc0f1614dc7e946d7d7c8a3391bc4b29842d953aaf7977959f8,19711,131fdf53fff8da48aba02ded1de69d643f4fd36d30962e834fd2848de643f67f,-1,unavailable,2,ordinary_transaction,true
sphincs,sphincs-lowrate-v1,sphincs-20-tps,142,26,3,879deeb8d26789fb63759553e5dd418377cf95b7b2af60b992a8f88beb8c4de2,19711,26d496a050928f2fc035b27919d3abc29c1cfb633586ebb0fa545fe501247eca,-1,unavailable,2,ordinary_transaction,true
sphincs,sphincs-lowrate-v1,sphincs-20-tps,142,27,3,bbcea506c88253ad6713d357d3beff9d83402a3a50cda4f460d7d9d9056767c5,19711,321e3c509accd983607c32b831a7573f35e9c6a61444d6fbaff11db5da5c9c21,-1,unavailable,2,ordinary_transaction,true
sphincs,sphincs-lowrate-v1,sphincs-20-tps,142,28,3,37c8d17e54e3bbec0a4cd5035da1cd8c064673f3f2724f75be1ed39a1332f82a,19712,11af5a19f0413cd65a57262818eba851f5d0fe1f78d8614a9fa7e13ef24523ff,-1,unavailable,2,ordinary_transaction,true
sphincs,sphincs-lowrate-v1,sphincs-20-tps,142,29,3,873f1abc7d187f0831c7f433262245dd5101bf83b068f4af87f19c45198a0876,19712,139f511a7d5be5b8f81552f618eaf3b4a378022fdb053f7538fed66cef15bea2,-1,unavailable,2,ordinary_transaction,true
sphincs,sphincs-lowrate-v1,sphincs-20-tps,142,30,3,6df04454183ea1b621c02ead02bd3d89ba3a1b3810bd2d49d5ae2273900553f0,19712,ff1b8d63050116de7fc89fdd96b4032410c2fc8e92b086ab441e3356b1902ae3,-1,unavailable,2,ordinary_transaction,true
sphincs,sphincs-lowrate-v1,sphincs-20-tps,142,31,3,e9d75ea243177ae5f23fbcc0d7d4c27d1f24d3c5f9ed8e7b0c5171d53170a0fe,19712,2a0807decc8fd3386927e9de981354a00f8729349def759191a672ea90ae906a,-1,unavailable,2,ordinary_transaction,true
sphincs,sphincs-lowrate-v1,sphincs-20-tps,142,32,3,1ce640b37dc6e5af4d428cf16d70582ecc993be60606847af78ae4a30b1f1069,19712,1fed2ca1fc8c8dfb7f982fb455a4da826715a8b1d6983987af573eab4d574735,-1,unavailable,2,ordinary_transaction,true
sphincs,sphincs-lowrate-v1,sphincs-20-tps,142,33,3,4d381d610215b9cc30a212f10c417c6854e1fc538e5d4282a6c7c33d125108e4,19711,98f53ef404bf6101fa202676f1baeb82e8390d97863d994e95e9f40d55df9bae,-1,unavailable,2,ordinary_transaction,true
sphincs,sphincs-lowrate-v1,sphincs-20-tps,142,34,3,3889669d740b777b947a31860a4c47ca3e6174b94f4bc611f34c45b1327e8c05,19711,d05f7b07306c54915023af369d30046538e7b900885c770b6f9c1b8d81ebb59d,-1,unavailable,2,ordinary_transaction,true
sphincs,sphincs-lowrate-v1,sphincs-20-tps,142,35,3,4e34ce7f5a10a5e306f04b91bd87ae35ec29bf0fac216489da2dde78777ad3c7,19711,1b71cda7e40aa910b98f2e2f758059750e2860de9cd8aa3073dbcf5823563923,-1,unavailable,2,ordinary_transaction,true
sphincs,sphincs-lowrate-v1,sphincs-20-tps,142,36,3,50b9cff0721f6ac256cf0e2707b8afe68fcc20ef4f4721afa2faae3c37a8a1f9,19711,0dad6817b3af279abe56d64911ec80acb20068a76e2971b00f725c35d2ef8f17,-1,unavailable,2,ordinary_transaction,true
sphincs,sphincs-lowrate-v1,sphincs-20-tps,142,37,3,f8891859908f12ab41026a85900c7fc3a23e802959a23304b88238d8ecacf044,19712,9af526a3827827a1661a70b14ada41db0f0b769200bb1233cd19d8bdbab0a90c,-1,unavailable,2,ordinary_transaction,true
sphincs,sphincs-lowrate-v1,sphincs-20-tps,142,38,3,6bc634748058a003584db6c64b0fcaa56700cbe265c3eb5e0229ecc578b89262,19712,d5e089d0632a0b39fb3ca492241ce6664368690d479a67416b18bdc8169a4ee0,-1,unavailable,2,ordinary_transaction,true
sphincs,sphincs-lowrate-v1,sphincs-20-tps,142,39,3,17b38489f258b80f7d86055ebe6132d998aa07c1643a95d7159855abd1219106,19712,9a0ab60e1c05bc7dfcf9d02ae792142fdaea8dc5fa04bd2a80483e0ead368801,-1,unavailable,2,ordinary_transaction,true
sphincs,sphincs-lowrate-v1,sphincs-20-tps,142,40,3,23f710cbd0e832b7f33d4231b16153f942a06b7b03f8998ea2ad9cd76bcfead5,19712,6a02d2122a02bacc4b99d1d01aab8def88b68865a37d555c7539a34cb47c8d28,-1,unavailable,2,ordinary_transaction,true
sphincs,sphincs-lowrate-v1,sphincs-20-tps,142,41,3,70e970f0af320a8c3822a0ff5e1dc8e39e7837445cb43fbf731ef542c4060daf,19710,52c1ee250ce191e60ca06229b2ff6b2761a2a87b7342c6cdcdcc2b03fcce12ba,-1,unavailable,2,ordinary_transaction,true
sphincs,sphincs-lowrate-v1,sphincs-20-tps,142,42,3,8c8b2fcbfc043e5f832ea3b21850ffd67f385c7ba82ca4f446e133aaf172dcbd,19711,a785808265aadcc75a564c2cc2898aa6c500b42efa678f7b0f23ceaa0f5a92be,-1,unavailable,2,ordinary_transaction,true
sphincs,sphincs-lowrate-v1,sphincs-20-tps,143,0,3,7b1c82906643262cefd1738ae0cf344d60beabff6fa293b791693311c698eb2d,19711,b24a65870a626731d37ef6f16a88f599ddb8d68ddbe02731d80051b4f230d97e,-1,unavailable,2,ordinary_transaction,true
sphincs,sphincs-lowrate-v1,sphincs-20-tps,143,1,3,5abf68edc8341440ebfdbac199c871780449c9cd9b16a00b12330ff433bb507b,19710,d3150f13d840e605b40b90fdded36aa9d4490299b33c6af2c78d449f26037a7c,-1,unavailable,2,ordinary_transaction,true
sphincs,sphincs-lowrate-v1,sphincs-20-tps,143,2,3,f9aa83cb2209d23930ec2753208940938ace1b03811c3e5cac68ae88be5ccb85,19710,b682af62c7305b4c2a688ba0e1b1286d2a85853fcf13966b239f5417b558b2a9,-1,unavailable,2,ordinary_transaction,true
sphincs,sphincs-lowrate-v1,sphincs-20-tps,143,3,3,326bccd0cb4ef45f2c0e401e733c99b5df0cca4121f538263eff4a4bab6fc658,19712,92d659dee7a6992ab320cda2e1b60dc002e9ddd4eb0190aee3757e76edc015dd,-1,unavailable,2,ordinary_transaction,true
sphincs,sphincs-lowrate-v1,sphincs-20-tps,143,4,3,c4ea0472e203e70617ccabb38d814c4290a73985b5dd591ce672f1883364b846,19711,710d6219fe700818914eb3a51eff4567451cbfa7accdc4f1ea0f7bb26e6403cd,-1,unavailable,2,ordinary_transaction,true
sphincs,sphincs-lowrate-v1,sphincs-20-tps,143,5,3,4cf0b7bd84aa10561644b3d9ca92787958709d1c602b08ce71498deca842fade,19711,07da1c39344910d1b213952e3728df74e85497e31dea60d6cc2e568efe21b3f7,-1,unavailable,2,ordinary_transaction,true
sphincs,sphincs-lowrate-v1,sphincs-20-tps,143,6,3,254f5121a39d7d1965baad4d1b36c1446d413a0ce2eecfa42462e580b3717af1,19712,96d95c86c0a57768542530e18134851f1f0960d5275d89aa9398210004331aa2,-1,unavailable,2,ordinary_transaction,true
sphincs,sphincs-lowrate-v1,sphincs-20-tps,143,7,3,dd7d15e6e15cbcb42266dccd97f9d7b10d70c45183221aee0b115d54d0a429fa,19711,abe83f1cba5015582b062aa523759a8f117ad8a49505ebc4d89bafab6ee1e8e8,-1,unavailable,2,ordinary_transaction,true
sphincs,sphincs-lowrate-v1,sphincs-20-tps,143,8,3,7c49637493a671f9296054e7763a62920b5a7d7e7003a6d92fbce6af29b200d9,19712,35a493d7a7b714d0edfc3588bb10717102668e2bf16a24a56687bc8b25256425,-1,unavailable,2,ordinary_transaction,true
sphincs,sphincs-lowrate-v1,sphincs-20-tps,143,9,3,887be3264933e37b7e17e7e16f3f7a2d5d48a739c1968e2c36ffe424c5ad97c2,19711,31d49921042c439b4f664a0b4648e5b5f07d8b8cd40bc514ec5de0c8b0f377f7,-1,unavailable,2,ordinary_transaction,true
sphincs,sphincs-lowrate-v1,sphincs-20-tps,143,10,3,4e752c03601c5bb06cd74b40b9df3740e8aef0e842313b6447babfac9a9c515a,19712,323570885b00c8d290b1078da6fd43c072adc470589828bda562238d738c9d0e,-1,unavailable,2,ordinary_transaction,true
sphincs,sphincs-lowrate-v1,sphincs-20-tps,143,11,3,4a7aee6619419ab8ac01dd732a80f914feaba89e7a175d5c80224b2a753b42ef,19711,1b149c441a183d70dba20c88f5f22a7eff58bf40620007f2eb882a7f3f13a0f2,-1,unavailable,2,ordinary_transaction,true
sphincs,sphincs-lowrate-v1,sphincs-20-tps,143,12,3,f57222636e7a542c2e2485aea24256e157a0aec03f3d3146c3d747f039b4fecd,19712,e8bd01561007cea91560b42ce1eafd14aa2b5fae9086abab425518fcf055defa,-1,unavailable,2,ordinary_transaction,true
sphincs,sphincs-lowrate-v1,sphincs-20-tps,143,13,3,22ae8661463f414e4eeaae9456ceae72fcb040e5600fae9398a9151dbe153161,19711,b33d9f7a8521ca497a3dedb436d828bb22b604cfae86481fbde7d2fc9f7c6e40,-1,unavailable,2,ordinary_transaction,true
sphincs,sphincs-lowrate-v1,sphincs-20-tps,143,14,3,66492cf7d65604d6a73e9d89c3ef1ea7282d28bfb7500b7ba538df448bf3689c,19711,4cfe502dc6514f0a8ba47673d8f93c43462bcaefaa89f1ab0092c7638c5bfa69,-1,unavailable,2,ordinary_transaction,true
sphincs,sphincs-lowrate-v1,sphincs-20-tps,143,15,3,b32951e703ece26df3a6ffbf31bc57a53863f0e502ced965add3c9ce30ffe7f1,19712,a72e8ea47aeb83db38d23d6f981de78976385cff29d81b110e6f1f5b17f22e86,-1,unavailable,2,ordinary_transaction,true
sphincs,sphincs-lowrate-v1,sphincs-20-tps,143,16,3,87ec789e54b604878e76d83681826519d3a7c069941f8615610b2a9c1b4ee136,19712,50791d81342346022c384bdbe3ba2530b1aabe4f658fe02c96e109a65743c403,-1,unavailable,2,ordinary_transaction,true
sphincs,sphincs-lowrate-v1,sphincs-20-tps,143,17,3,ef5bc0b134ca75457eec7443a0b7157f36e8f31a565e2236ffe055b383baa6c6,19712,fe3a2288af0b2b9cce0d68f7c46abe27d8fa7a9ee33f5fde41d42ed1936509ea,-1,unavailable,2,ordinary_transaction,true
sphincs,sphincs-lowrate-v1,sphincs-20-tps,143,18,3,98eecf6c5c76e0ae4ea7e0f7bcec459f9ae5818ed04b7451454a85794053e59b,19710,2233e315a66c64e9958df121e698c6236979a2508cc3962090021f57c952512a,-1,unavailable,2,ordinary_transaction,true
sphincs,sphincs-lowrate-v1,sphincs-20-tps,143,19,3,4237e7ac3cbba1d98debc55c9b49d11f06be01b754311998590617bf1da9a432,19710,121f4fcd146513f939fe052d0f0774fe8246da5442582505171c208e23f7afd9,-1,unavailable,2,ordinary_transaction,true
sphincs,sphincs-lowrate-v1,sphincs-20-tps,143,20,3,15ef12e4f0bca07bd54621be6fecc76ebfead94fdcad27a22d552e054f7e2df1,19711,9362609d03b376993371d689b9057ad4c60f38ca8532b328d7ab761f2ab52d9c,-1,unavailable,2,ordinary_transaction,true
sphincs,sphincs-lowrate-v1,sphincs-20-tps,143,21,3,a492d7c8d2ec21cfacd881f90dd285b809d4f49b64643d8a45303f21e3e759be,19711,c67e958ca2354aaf84fecdeb47e279416258ccf8864f045553ff9d6b648ef70c,-1,unavailable,2,ordinary_transaction,true
sphincs,sphincs-lowrate-v1,sphincs-20-tps,143,22,3,03738371598b5beee723e622fb660bf03690079f45fc21d818af6f906fa7b529,19710,e3d707737249b1677104be74f0e5112f503d6cebb108bbd027215d3705866609,-1,unavailable,2,ordinary_transaction,true
sphincs,sphincs-lowrate-v1,sphincs-20-tps,143,23,3,a88b94a52c13e04cf85f3fc30d174b6d1a35277df4f1b7e91d17476ef1127c8d,19711,8636b42d0e2df83200335dd84c0773283dfd0c638865042079a7eab259696350,-1,unavailable,2,ordinary_transaction,true
sphincs,sphincs-lowrate-v1,sphincs-20-tps,143,24,3,617ac18bb90393197fdbf0f55769ee01f584f84e825be36b46bf40eebc488779,19712,e4b22fbe79cf6629016239ac8c6a4b5ff5a15a8729da792ed3c3a962c9065fcb,-1,unavailable,2,ordinary_transaction,true
sphincs,sphincs-lowrate-v1,sphincs-20-tps,143,25,3,c671cbef2a8d8c1da6d341e3dad57ab693fa09e35c8d943fb225105d288bf0c8,19711,95a37ec621f613fd950b425ad46a91e6be142087cf506ed6fbb86a30033c6e77,-1,unavailable,2,ordinary_transaction,true
sphincs,sphincs-lowrate-v1,sphincs-20-tps,143,26,3,3409eceef75181c0285e8fd518cbeaea895977858b4ce05f88c5ee64d3ec7d4c,19712,4369e84b4720ec5de4ddb09dee57283252100fce335c2c83b87219a93d825bba,-1,unavailable,2,ordinary_transaction,true
sphincs,sphincs-lowrate-v1,sphincs-20-tps,143,27,3,97e9db0458a15f31680194779b6eb19e27715114eb85333e55762859d24b6008,19711,7e65f997c0233bb58e1a4f3b08f91c5e9d896e375d56b5192c035682b743669b,-1,unavailable,2,ordinary_transaction,true
sphincs,sphincs-lowrate-v1,sphincs-20-tps,143,28,3,8a4bb6a3e872e651f2c4958663d80b8e88e23855e08457b758d77bfdc9e7f00b,19711,3103ce17e8cc4a3b356cd7700d97a43bfa6ccd021a639ee282e9e3b6106efc67,-1,unavailable,2,ordinary_transaction,true
sphincs,sphincs-lowrate-v1,sphincs-20-tps,143,29,3,b5184580bb04f1298fa2ad30e8adf2da59e39f8310d56d5678340ffdec4b2dd4,19712,72f3bc2f06924f1cb8307cb3c1b86f5c596b0a85c30db48d350426e63ce54aa6,-1,unavailable,2,ordinary_transaction,true
sphincs,sphincs-lowrate-v1,sphincs-20-tps,143,30,3,ac3be8c0021742f55e69b80021a0e1ab0e46430c1f4a020f56698d21780173ad,19711,a62b9ec7b4439a614bc261aa220fc7ec75faaee6e499f77f40f8bf68ac00575a,-1,unavailable,2,ordinary_transaction,true
sphincs,sphincs-lowrate-v1,sphincs-20-tps,143,31,3,261e3e89001e4832d76a977b77101b3ca8bd6bb18417b093fbc80170b7e95561,19711,de30342bb2235596add8230168f6c2f8688bd7e015c605bbe8e4783cdbd2a783,-1,unavailable,2,ordinary_transaction,true
sphincs,sphincs-lowrate-v1,sphincs-20-tps,143,32,3,c0d22c25200e46fb9e00674065e3ccf05677b06c29833e4ecbd35f0777fc928d,19711,e112c153774e363a0668249d063839fe57a4d214fa872dc711d8add8b06c60cc,-1,unavailable,2,ordinary_transaction,true
sphincs,sphincs-lowrate-v1,sphincs-20-tps,143,33,3,748ec688007e4c3d5ad6ba33ec26dcddedf23cdf327ab8b199944979dee48acb,19712,d9bdcee12c128ba4c403540fc7307aad09d54983607a7262445eb15594fd4b41,-1,unavailable,2,ordinary_transaction,true
sphincs,sphincs-lowrate-v1,sphincs-20-tps,143,34,3,da4e593386d935fe9c758791961190a00167a86fa0c0bd35128f5e4a0c2569fb,19711,cfe0e274ee6610b3ccec32cf52f8b7041c297c82fdbe7b42dcb4463311d80dd7,-1,unavailable,2,ordinary_transaction,true
sphincs,sphincs-lowrate-v1,sphincs-20-tps,143,35,3,ee52c19503881372b21be71621794a2ba8728739c932f62af5fc84f653e6d7b2,19712,85a5d1874afdaed4a690332c34d1318bee4bcd9a70df3f82d58aea7d3c0f565e,-1,unavailable,2,ordinary_transaction,true
sphincs,sphincs-lowrate-v1,sphincs-20-tps,143,36,3,694a693bb65f3f82ba2697a79177ad593cc42c890a3a3682e68d483ef3fb8d6b,19711,3d819fa415b43e40f526dee8804faef46af8dd9ed349393c594fec6eee501466,-1,unavailable,2,ordinary_transaction,true
sphincs,sphincs-lowrate-v1,sphincs-20-tps,143,37,3,90713fbfd631ffee9bf8955369c6f38620a95f4a5f00ca16e3d6dac405ca4dec,19712,13fb16e908260c75ea1e5b5c72d121e8c856f06aeab9b189ecac5bbb5728c42c,-1,unavailable,2,ordinary_transaction,true
sphincs,sphincs-lowrate-v1,sphincs-20-tps,143,38,3,125288a76aac0a8cea979522f200a675c259ea937707cad08a38851773eda70c,19711,ffe8f2bbfeb905539afba4a0eb55bba33c7cbd7641b790161f0b9ba6285a4d84,-1,unavailable,2,ordinary_transaction,true
sphincs,sphincs-lowrate-v1,sphincs-20-tps,143,39,3,8cc9b5868a621465070c3360979251d321d8c9c07f6cbc3a7e38906cc8097475,19710,844180ec8dfab3a7534647e3c29c31345d0253e084e924e3526c6c46cd90aff1,-1,unavailable,2,ordinary_transaction,true
sphincs,sphincs-lowrate-v1,sphincs-20-tps,143,40,3,37b47b8e26914e120ef0dc67123284fde30daa0234fdf57e2dda104d44253feb,19711,25b66da7d3ba68d51a49ecf64fc56d48ebb508b6bf6569d30e5c793e864c6908,-1,unavailable,2,ordinary_transaction,true
sphincs,sphincs-lowrate-v1,sphincs-20-tps,143,41,3,1b3eb979d8ad031cabe4edd36055c9d4ece902392743be894a8372be863b8387,19711,f523c05755d89bbdb7dc79425219ef39fa8e2a6866f0cab40d23997fe3e1cef6,-1,unavailable,2,ordinary_transaction,true
sphincs,sphincs-lowrate-v1,sphincs-20-tps,144,0,3,28a79c56d05a33fac6f9612c2b2d7f39b5fe7c4bef496c14c3015862103c92bf,19711,20c1da1eb07dc337a88f41654b4f0b63b567a69fa644283822eec0b1ffffb551,-1,unavailable,2,ordinary_transaction,true
sphincs,sphincs-lowrate-v1,sphincs-20-tps,144,1,3,5d88a25b2fbad2c12752c977cf1c1fa97450d263d36a2dee35191dc85d9d9bd2,19711,b3cef9022d0930556c492c575b266ab06f475761c299b23b951df468da8071ce,-1,unavailable,2,ordinary_transaction,true
sphincs,sphincs-lowrate-v1,sphincs-20-tps,144,2,3,10bb3d7db9dbb6954a1e0695443085ab68dd3c1fdc6fe74c6fb47e197a07eb91,19711,dcab692ddb95c1cdf5b37ea8997641114ffb2550d08b750fa97df329526fbfcb,-1,unavailable,2,ordinary_transaction,true
sphincs,sphincs-lowrate-v1,sphincs-20-tps,144,3,3,9b1f4f5ecf0c2e6b1a65e5c576ad5f8403f739f442cdb7e40fcf7be1661ecc7f,19712,19881e5eb30647af1469dad7720bb2bdcb3f006b76cbf620ad146d19d494e6fe,-1,unavailable,2,ordinary_transaction,true
sphincs,sphincs-lowrate-v1,sphincs-20-tps,144,4,3,2a64f994ebd4eb36ef897cafbf9352b4f05bee5903f1616370e14ba1629c8bda,19712,2a0cd1f2c16fa9c6b3b0cee4ca289fb857f5924788a6140b5647d4cf7c36c275,-1,unavailable,2,ordinary_transaction,true
sphincs,sphincs-lowrate-v1,sphincs-20-tps,144,5,3,c25fe5f3faca3d1a1c147107d0ea738fa2b9d30e4b7201d0dc53cea57c8867b0,19712,fee6ccdd58bde55aad8c71d6b946d6220ccb5be10aa2606bb90ff67a3f101850,-1,unavailable,2,ordinary_transaction,true
sphincs,sphincs-lowrate-v1,sphincs-20-tps,144,6,3,d560ee0c71dc3d2e98256f1ecd24530bb1d5a4f4979eeed9e81974fae62040d8,19711,75c18e47f8aed20433be4662abfa4dd39122c3cedbe4bada87bd50124a703575,-1,unavailable,2,ordinary_transaction,true
sphincs,sphincs-lowrate-v1,sphincs-20-tps,144,7,3,805692a44a68115bef0a94ce8cc11f7d2fece0483684392ba334c9ec86817150,19712,ae7f4d5cd201757ceeffa03820dc92a6f78a34d2308dea923898ce2ff5277529,-1,unavailable,2,ordinary_transaction,true
sphincs,sphincs-lowrate-v1,sphincs-20-tps,144,8,3,d48a68b0a372e9a188bf731891c8cbb299cf16361ea1e374ab0161fb3a792089,19712,88578181ff93abd36615b572a3f99c58659b92cbd2d7815954bf9b94e441fa9f,-1,unavailable,2,ordinary_transaction,true
sphincs,sphincs-lowrate-v1,sphincs-20-tps,144,9,3,c0e13359cea43554ec42508b4624675438e003a22e666f99562ef34dc1a702fa,19712,f0131ecad7dffbfd0f11142d4790a8ef03f63da7273190a6993fb397b2f2f51a,-1,unavailable,2,ordinary_transaction,true
sphincs,sphincs-lowrate-v1,sphincs-20-tps,144,10,3,78cbe27c2316fd09177d62aa188e3b8c5e29f514af15294183e7387b349a70df,19711,47fcea5d764c50ea1775abf1bf91e3a9eb3d52a1a2fd5fb228ae2153e31dac33,-1,unavailable,2,ordinary_transaction,true
sphincs,sphincs-lowrate-v1,sphincs-20-tps,144,11,3,31ae8129ef80214e79d25d190698dcbc0d58ba69e6c74a0a503fc1211278d683,19711,5f89c4becfaf7eb5be1f6dd0e694c74af8bb47aa93a1205939b7bfd249ab5cbc,-1,unavailable,2,ordinary_transaction,true
sphincs,sphincs-lowrate-v1,sphincs-20-tps,144,12,3,54fdb3582e981413670fccb055c9c0d56967bf4d912196151d4a13a5ddcfc360,19712,ec4f34c05abf4bf7ec9fa22dc229f4fa78d81b37c96d841e5eb2cffcdeaadc18,-1,unavailable,2,ordinary_transaction,true
sphincs,sphincs-lowrate-v1,sphincs-20-tps,144,13,3,7e5491394809eaa4fecc6b4dc038c58161430395e0c3f1f536395034e0bda7eb,19711,3af5216edb2ba8869a112e7de5c779b1d72fb31e353480481c7eebaa1482a84b,-1,unavailable,2,ordinary_transaction,true
sphincs,sphincs-lowrate-v1,sphincs-20-tps,144,14,3,e9131087076e49072050ea7938ac047c25e618a7cd44ca21042dc64e74e60f94,19712,781b8f7eecae462197c7dbfef43d22fae3b0f085bf368db673a2074becb9572e,-1,unavailable,2,ordinary_transaction,true
sphincs,sphincs-lowrate-v1,sphincs-20-tps,144,15,3,f89432fb6a19d2be391737e5b78a1281f3dda99655ebdde995467e71e48c6c9c,19711,8aced101d27bf23dea8a6df28c9acc7b8eeddcf22454315482991d9a8757969b,-1,unavailable,2,ordinary_transaction,true
sphincs,sphincs-lowrate-v1,sphincs-20-tps,144,16,3,7f24777a7df7ce735312ea587f3895222228e66e5b4c94e306df0416b8b3a77b,19712,5fec1cf8d06635976572f9ac11df8ac0d4978a2217b300bcbc317c5e8afa5535,-1,unavailable,2,ordinary_transaction,true
sphincs,sphincs-lowrate-v1,sphincs-20-tps,144,17,3,7a63967eb0abf3aa527d8a7acbf6ed5990887d94905fd2b4f2338e92c43d013f,19710,c490841333e5c2387ac9652e442d21fa2d847af00fef99795280457cc3d16fb3,-1,unavailable,2,ordinary_transaction,true
sphincs,sphincs-lowrate-v1,sphincs-20-tps,144,18,3,ce4472404ae0ea3470c848a088197a204c7cafc0f33e1cbada07313ef099cf48,19711,6185d8d81175f82c3e8576c69b44e6491453392c6669158bd9c097d6b5ff8dac,-1,unavailable,2,ordinary_transaction,true
sphincs,sphincs-lowrate-v1,sphincs-20-tps,144,19,3,6c635e8bfab20c4cbef8e004d8a2876f8d32ce9009d35af48067c7a6e1c56554,19711,1ded1b94dfbbdb1e43ac2f24cd122d3d9b2c4af526d1309cbc27b46c4aa13a86,-1,unavailable,2,ordinary_transaction,true
sphincs,sphincs-lowrate-v1,sphincs-20-tps,144,20,3,bb17a1cf4de32ed40ac85dc47ced5fe04d046cae4d461b613fae77bdea67a664,19711,1e9c4415dd9588459b31b1c727455a0cb53fa8dc9edab3fb3bdcbccb0f81493e,-1,unavailable,2,ordinary_transaction,true
sphincs,sphincs-lowrate-v1,sphincs-20-tps,144,21,3,21be163ce7a3264f8845c8b63534e22308b373bfdc9bf6a74ceae0192bcdf036,19712,11aa7ed308dad68a9a67adff5d1c5541ae770c383e5767425c74fcdc4dd6be5e,-1,unavailable,2,ordinary_transaction,true
sphincs,sphincs-lowrate-v1,sphincs-20-tps,144,22,3,3fc75c236b1ee901bc89c4d1c14433710af1f4c9faa83cc943edca299ef99233,19711,c14396ca1e4c1a8ec1421133819a6d256456c18fb399ed758db922ba69a35edc,-1,unavailable,2,ordinary_transaction,true
sphincs,sphincs-lowrate-v1,sphincs-20-tps,144,23,3,e1aaaf8672fa6cdfca10b36bfee1b03eea73b0a9ad4556440ecfb9c253a9657c,19712,43eb02b1b272df3e780938ce37ac856ffd009af77541814bcb8514355369e321,-1,unavailable,2,ordinary_transaction,true
sphincs,sphincs-lowrate-v1,sphincs-20-tps,144,24,3,4eeca63794ce3d3f6c418e3dcd1acd0a9484d8aef40be9054a34ad2743ed481e,19711,09ad0dfefe27a48f514feaf01420429eee792ad27f144794ca6fc6279bd0de1b,-1,unavailable,2,ordinary_transaction,true
sphincs,sphincs-lowrate-v1,sphincs-20-tps,144,25,3,6d192b4c8064c685b232570ad16b9810ee84a28fd1dad55580cb07f4a0acbfaa,19712,8148ebe814e01545d525c43d2776374cdfe7264469e3b05d1a889e3538134dfc,-1,unavailable,2,ordinary_transaction,true
sphincs,sphincs-lowrate-v1,sphincs-20-tps,144,26,3,2a04bf124a1f44cbca2028d7d2ce87f799b626ff93a33b74dbbf64cbbeb4c1a4,19711,1c578556ff3efb99966f7fb9ac059377bc1f424905a9bfccf01d037bd6f78fdb,-1,unavailable,2,ordinary_transaction,true
sphincs,sphincs-lowrate-v1,sphincs-20-tps,144,27,3,00a40ceeecf2adf17a8d03ae3f5ab9c360d570978af0dc20cd88069338fcabf9,19712,c5045fb2ba5ea28a8c7e804c94ec5dc06468c3e97dc2c04436c814a578097c62,-1,unavailable,2,ordinary_transaction,true
sphincs,sphincs-lowrate-v1,sphincs-20-tps,144,28,3,ccd566b5bb85837f479ec159e201d19772a539aaf369d1dccfaf02153d57de68,19712,6ebcaaf77e097ff13898d92f3aaa64fad3f52aeea24d1b21a55fa904443e1ec2,-1,unavailable,2,ordinary_transaction,true
sphincs,sphincs-lowrate-v1,sphincs-20-tps,144,29,3,b3e4ac51b43be7d4545e1ecfe0b67e1b25839052ab2692bba362668cec7d0490,19712,5f6b9f44bb8ae6a08dbc44b91a71538e13844189bb8773d9c14398f0121d3fdc,-1,unavailable,2,ordinary_transaction,true
sphincs,sphincs-lowrate-v1,sphincs-20-tps,144,30,3,a2fed04a6485f89623063f40146020488ffa64f1589e16fc3b9e4306efd50184,19712,fd0926dd32779437b13af68761c1a76b6f8dbd5a62033581ca76b4d51f1bb206,-1,unavailable,2,ordinary_transaction,true
sphincs,sphincs-lowrate-v1,sphincs-20-tps,144,31,3,b091d6cc6cdd816e737fc56dd4f4f8485ade3ca96fa64510734e62cad9c13ba1,19712,290b05d909c9afaf2dbb97f193239c82553e49440231d23dd99ca9a80cbc7f66,-1,unavailable,2,ordinary_transaction,true
sphincs,sphincs-lowrate-v1,sphincs-20-tps,144,32,3,88be198d4537886c3daf47db09240d7b12c12bc2cbfe06eb42e93f4d5493ce9d,19712,439ce0eb1bb85c6386108a77c5f5ce37ce2d3f97c11dce37a7a6018fcd016d69,-1,unavailable,2,ordinary_transaction,true
sphincs,sphincs-lowrate-v1,sphincs-20-tps,144,33,3,c85475332c617a4fbbf627cf70b3a7f37bacb72068f027593141ab139975374e,19711,6eb541656d0c361ba777054b3fe6e4252daa20fc132af840a60a6cd4a0276400,-1,unavailable,2,ordinary_transaction,true
sphincs,sphincs-lowrate-v1,sphincs-20-tps,144,34,3,0cb8b5b7702e87fe44c42ea245deca7079aada725dccd0a1bfb5acab3e8d5e9d,19712,ca7420b21cb2e23ff13c208762732be62cd618d503a44fb747d5e8c2671b03f0,-1,unavailable,2,ordinary_transaction,true
sphincs,sphincs-lowrate-v1,sphincs-20-tps,144,35,3,e12e9f60eb13928a5c08e94a5b1b6909aa19b837709af38ef76c36ea228f554b,19711,b44e533050fe930a945303dcc9e37caa4170b18ab629c1107588b028554ed9bc,-1,unavailable,2,ordinary_transaction,true
sphincs,sphincs-lowrate-v1,sphincs-20-tps,144,36,3,5b0095210aa1ee6d87fe8c72078c6ce892f0376847865ea471d2ca8a1d3555be,19710,124645571f9f07ca16f79fcc1909c067a645cc47ce15d9cb2de028ed17558cff,-1,unavailable,2,ordinary_transaction,true
sphincs,sphincs-lowrate-v1,sphincs-20-tps,144,37,3,c9931b8226656918366f6378426ae0dbd0747b028f011d1d9ca235f098e862e8,19711,0874901711baf6abc8d40bb397d7c40db6c3471eb3e525de959255603a1d8c98,-1,unavailable,2,ordinary_transaction,true
sphincs,sphincs-lowrate-v1,sphincs-20-tps,144,38,3,cff996de2698f747dd2d62573769e87828f4929c30400125228583139e1cec1f,19711,786145da64876aff9037068726f86ce1f1086c5364e82329fee7d56dda188a3f,-1,unavailable,2,ordinary_transaction,true
sphincs,sphincs-lowrate-v1,sphincs-20-tps,144,39,3,264769e4799b81d5f77ab6bffeb5ce33427e42acffc76f21dcc4e1d09fc7bd1a,19711,9a70b14b10acd6f9dd4af3661e33950c468eaf325f94e4a0154ce0e8c0ed079e,-1,unavailable,2,ordinary_transaction,true
sphincs,sphincs-lowrate-v1,sphincs-20-tps,144,40,3,79105dc8f35e6a28e817ec8ccd3919dd30db8dbecd57e75c4b053f0c29c04844,19711,5becf71d5ec3f63a4238eee5783d75050191879228e188d4d8aad985fc3b60fb,-1,unavailable,2,ordinary_transaction,true
sphincs,sphincs-lowrate-v1,sphincs-20-tps,145,0,3,6800612fbbd0eb2ef4dd23512553ae477ea7a148b5057efa63371182a7837dbe,19712,7c9cc846aa2b204b0b89fdec883dc14799ccc7c9cffa488fe5705c9c4d0177da,-1,unavailable,2,ordinary_transaction,true
sphincs,sphincs-lowrate-v1,sphincs-20-tps,145,1,3,3472cec4ae35be0d05da3f35e61ff2f9aa3d0852298f7af1a1ba5b55b4f2c5c7,19712,55fd378ddebcb75c5cbed0364582c40f502e09604fe65c4d18bcddec9793093e,-1,unavailable,2,ordinary_transaction,true
sphincs,sphincs-lowrate-v1,sphincs-20-tps,145,2,3,680d383d5ed5837a10b0daac0287625759a0b25d73ab70dec7f7012d38b9d4db,19711,cec1f2af5b816ba0d6882038d99de7c72bc5acbe9d40b4d58d246f94cff0a6f1,-1,unavailable,2,ordinary_transaction,true
sphincs,sphincs-lowrate-v1,sphincs-20-tps,145,3,3,59cb145e4a9b22db415695292d5b7f76083f740963842e13751d3969b645aa52,19712,bc2cd1c90b23542676bd1352d855b35413a9a269df5108b111df20b724ce646c,-1,unavailable,2,ordinary_transaction,true
sphincs,sphincs-lowrate-v1,sphincs-20-tps,145,4,3,ba1719bf864c2148ead8593d8263262f4d7876c43f5d190e4ec2d68d5713a6fa,19711,7b785b95538ba02e042f71794b58eaf620dc871ebb8adb12e7a76cd288fdccd3,-1,unavailable,2,ordinary_transaction,true
sphincs,sphincs-lowrate-v1,sphincs-20-tps,145,5,3,d86af95a964e3f171b5653f0256c9cf25a4e994b1889711e40444786d935e807,19712,95e5a7395438c06cf40c3c5da3d15affb60f14260f5580985ca16826356e6e5e,-1,unavailable,2,ordinary_transaction,true
sphincs,sphincs-lowrate-v1,sphincs-20-tps,145,6,3,3bad14caac6fd37ef508888f3b29d91e2f613668de199369dab18ab9aeeb6fc6,19712,5e91f69a994a7fa2387e3098c66ce26fa0cc6e09248d5db0dbe828f074cddab6,-1,unavailable,2,ordinary_transaction,true
sphincs,sphincs-lowrate-v1,sphincs-20-tps,145,7,3,e1e6a06e3040ed8b831a18b5e5fc6430620c1297a20dc34259035556e2afae2c,19712,5244ea9106773e22898762b86cb1b4ab22dd9cf5e1cd10b89b3638c2840917c5,-1,unavailable,2,ordinary_transaction,true
sphincs,sphincs-lowrate-v1,sphincs-20-tps,145,8,3,3f49d54766160eabb7d39f0fdcfd8991f6e88050e1e151844095292e942abc68,19711,5f0dac66b52105c4499d0a8a15cda5118d8c25f45bfeae371ee60f7152253e3f,-1,unavailable,2,ordinary_transaction,true
sphincs,sphincs-lowrate-v1,sphincs-20-tps,145,9,3,f1a89b9a4fa326ae63c557c969102c9ea58a2b3a79fd632a32926b1cca3ac0c1,19712,1b1fea52acd00533714678363f7f50cc64a5c3436fef4f928386d5c2b5fcf6fe,-1,unavailable,2,ordinary_transaction,true
sphincs,sphincs-lowrate-v1,sphincs-20-tps,145,10,3,8652793fa973e774990e3e7fcf87ff5b76d5fb6999f1bd0ced988acdc530273f,19711,1839bf72ddc31e940486cd7b11ae5479acd6f0668fb9e34a864897083669cdaf,-1,unavailable,2,ordinary_transaction,true
sphincs,sphincs-lowrate-v1,sphincs-20-tps,145,11,3,051334d603214dbd2a3e4f5c3709e7f2b99d4b4081282b0c0631319be0743f15,19712,bfd8b641900882d3c161bafdad6fabd2ca5e990aeee8f77c3af4fd09e868db9e,-1,unavailable,2,ordinary_transaction,true
sphincs,sphincs-lowrate-v1,sphincs-20-tps,145,12,3,db1e5aae4c8476d3c8afb2796faf3894d74289e20360686af6c0d5eff9042827,19712,443e68afd9fd5a7fb8c25e0b873078d35513da5b9beab29c9665e3700a0353a2,-1,unavailable,2,ordinary_transaction,true
sphincs,sphincs-lowrate-v1,sphincs-20-tps,145,13,3,0307b41ab48b858a397cafa649f49dd055d769aafcb8a17c1ccd831a31c0a199,19715,f3b0eeac8dd3cd22052d50b6e21960c24f77d2edb54c9a8598471d7d564b14e5,-1,unavailable,2,ordinary_transaction,true
sphincs,sphincs-lowrate-v1,sphincs-20-tps,145,14,3,62b5d686683a3c5d980797c17638ff2637d6c2563459761791403b382bbefb04,19716,4e68a6ee2c03aefd2d925a628745c5d73e86b6f2720784553c6be3e9ccdf94ad,-1,unavailable,2,ordinary_transaction,true
sphincs,sphincs-lowrate-v1,sphincs-20-tps,145,15,3,6a2ca771a31ae1c3e5da497409f7f95c3279cc8d137028e2ff0bb6665d0143fd,19714,ffa9a192379b313c007c0023bbf6835032af8575cbd712a4af7e1e4073df4b70,-1,unavailable,2,ordinary_transaction,true
sphincs,sphincs-lowrate-v1,sphincs-20-tps,145,16,3,ffe6d162e0a059cd6f7ad3abc3247424ae2e4bc38181439794cbf72f8d778e6e,19715,8161b3501fd2d2e8bfaa009a7b53f69362f247ef88f05ea540ed17ef5585409c,-1,unavailable,2,ordinary_transaction,true
sphincs,sphincs-lowrate-v1,sphincs-20-tps,145,17,3,8757ef53d5c56fffd1115ef01399564833d85f73b78d1c2b07550405e6c3fa42,19714,b3aeb0ca59dd02f438cb8da4caf999475aeaed28c58a74068b40ed56b3190843,-1,unavailable,2,ordinary_transaction,true
sphincs,sphincs-lowrate-v1,sphincs-20-tps,145,18,3,07d4c2edb9877b5e63f791e69dded17907ae859740f2422b43170dec9fd2c0e6,19715,39d592ba9dc47fa3aa5a4586dc2394635fd2af01e4abbb5377941d6b6d13349a,-1,unavailable,2,ordinary_transaction,true
sphincs,sphincs-lowrate-v1,sphincs-20-tps,145,19,3,5ee12118285b064bca5ea8847384aa7d67c0cbf62632c6f20f023e077a724918,19715,00325bdb3f270f76abaa7ea3715616438a5424ef5979fa7f9af5cd4d69c68abc,-1,unavailable,2,ordinary_transaction,true
sphincs,sphincs-lowrate-v1,sphincs-20-tps,145,20,3,0b5d5a84745d3dfd213a2e274b81d20376e158399b05f67b21a77c2c2552684b,19715,3c2d880d8a85b3eea5be7946a72512d1e6393429af070db3a9e87334a7b6bc03,-1,unavailable,2,ordinary_transaction,true
sphincs,sphincs-lowrate-v1,sphincs-20-tps,145,21,3,832ada63119e37ca53a6d7e072f5d3ad6b30b936ef0ad68ddd463de30eb63c95,19715,ceffe384cdfd67bb2002ddacfdad642d8bccc8310adae9b56318a81e46bc66a9,-1,unavailable,2,ordinary_transaction,true
sphincs,sphincs-lowrate-v1,sphincs-20-tps,145,22,3,cde3fcc7cef79c30823fbba76935692e24768e416a18a8a20a5514b2e6baab7c,19716,9244f9ced8b3fc1843552686c0c572663db00e71d458b8c08ad8079151f358b7,-1,unavailable,2,ordinary_transaction,true
sphincs,sphincs-lowrate-v1,sphincs-20-tps,145,23,3,b7cc89d214b761e748a21a3e65d4ac3834d9696aed573d2beda53cea737f88d8,19715,8c580645a307469f987064169420d77c5adeade5c8ae859e215ea9eecbe97f84,-1,unavailable,2,ordinary_transaction,true
sphincs,sphincs-lowrate-v1,sphincs-20-tps,145,24,3,06b2280996aa1c31b25b9637983faf5ecbfc120823a033b5fad3c60c933fd174,19715,de196591428856c18472e44df8977b155117208a4cc8052b88ca46d20f32bf92,-1,unavailable,2,ordinary_transaction,true
sphincs,sphincs-lowrate-v1,sphincs-20-tps,145,25,3,83e9235abbdb2fb4d131292e641b83c14f3dc500b91dc4a225f908c3abf9e9da,19715,90d24c9aa361482ac20a563263671cbf10010a48e4774b736e41a5d34ac763e9,-1,unavailable,2,ordinary_transaction,true
sphincs,sphincs-lowrate-v1,sphincs-20-tps,145,26,3,802d37290c57e825bb7d3b87d93c79300e51afacc927268fbf80ff6a514b6277,19716,597be72112c30aedf87637a0b19da4ef0db8f8d5bab76ca37040134af505486b,-1,unavailable,2,ordinary_transaction,true
sphincs,sphincs-lowrate-v1,sphincs-20-tps,145,27,3,38b6b32a3aa7789ee199af4fdb0f9115b7bb1bb1e9a9292e5bf6bd8749ef008a,19716,d98cb70f73e77cb5036983b8c15037ee7821f7957e5a80771b1211d6e3d0d3ff,-1,unavailable,2,ordinary_transaction,true
sphincs,sphincs-lowrate-v1,sphincs-20-tps,145,28,3,b39a7ca65bc2f425cf805ac15b709b917060687a4a9060c31f1fab12ea0428f8,19716,e9ecd0d5e32a05d1ef822930db8b013b480cb523102cc9cf2d83c0132c5c46c3,-1,unavailable,2,ordinary_transaction,true
sphincs,sphincs-lowrate-v1,sphincs-20-tps,145,29,3,a729e596dae3b83d29a88464baad83f3c9eb2e1449d2d80c2034b6a8a99bf768,19716,a8f99dbb43b8ab2b7a90e26863cfc646d354f5636b86b6f4209b4b3a6b862af8,-1,unavailable,2,ordinary_transaction,true
sphincs,sphincs-lowrate-v1,sphincs-20-tps,145,30,3,c843086cd98761de637803aa5970232371e346bdcd802ab49f4fecacc73d7cd6,19715,697fe07a6347946c634eba26ff8cbaf71ff3076ecca56f11d4bc2e4c8da9fcb9,-1,unavailable,2,ordinary_transaction,true
sphincs,sphincs-lowrate-v1,sphincs-20-tps,145,31,3,2e932161607848d6f10b47d1ba4d47dbedc1156b3ee1d1eb08e8f693b921966c,19716,dcf71c21649d2328180cf180ea3d820f9269dda4d75644dc0e657dd624c81eb6,-1,unavailable,2,ordinary_transaction,true
sphincs,sphincs-lowrate-v1,sphincs-20-tps,145,32,3,10ef71bfdca3c7989db8c63114c2cc7172f006606762ba0b34a5200a2ae90ef7,19716,faf8f3337eb704494f2cc4baad37e2b71f82bb49440bdc69324955ab6636dd19,-1,unavailable,2,ordinary_transaction,true
sphincs,sphincs-lowrate-v1,sphincs-20-tps,145,33,3,a891cc3bfa93c12aa3fed8ceea5d02ae7cbb02c0a5b9bf7aef6f63a8f000ff3e,19716,e6fa8f1cfc2696d92fe14b0ac802a58ae9500924dd97ce90f6fe697193195226,-1,unavailable,2,ordinary_transaction,true
sphincs,sphincs-lowrate-v1,sphincs-20-tps,145,34,3,e193f688d0ef3a4aa0705c7390bb6b0412bd988815e0da218cf337d271caa151,19716,0f3d98206b42ad13267b9565add1fe1d9a8521a159e8934c0e6ccde5806a7228,-1,unavailable,2,ordinary_transaction,true
sphincs,sphincs-lowrate-v1,sphincs-20-tps,145,35,3,1a9ffa8e6a49e6815c60812c1290d6d533c1c49a0df9d890ac767b5a3798100e,19714,b09228e63b6558c735903f2025ffb2125677778ceee8649c5b944309cd026691,-1,unavailable,2,ordinary_transaction,true
sphincs,sphincs-lowrate-v1,sphincs-20-tps,145,36,3,ce594441d947dd66a176b9b58839741e96d6f40e5ad7b81069f60d0d45729344,19714,c0cbba6b0a2df272a8c571f10fe26fedf600932d491f8d77f7d3370edc2510a8,-1,unavailable,2,ordinary_transaction,true
sphincs,sphincs-lowrate-v1,sphincs-20-tps,145,37,3,c59ec15ce56496183037e9b72c7fff4720f20621f4ffd1c472cc0155049af451,19715,9bbf306f1e6cc7ab7a5d820b3a7cd752c6370ede21de5139dd1625a78538980d,-1,unavailable,2,ordinary_transaction,true
sphincs,sphincs-lowrate-v1,sphincs-20-tps,145,38,3,c89ea4063181d2f1b04b00222c3dd40c1e4bd4e0cce5ddb7026659bb08a08528,19715,78e2235be91004182866b70b18ae8971545b38fa5a063c4e23755be0f55fb592,-1,unavailable,2,ordinary_transaction,true
sphincs,sphincs-lowrate-v1,sphincs-20-tps,146,0,3,3193c7ecf64fcfbdf090a8625edbe5b149d0b59b2655d6d6b7b7c74fa9ed72ee,19714,ba77248252e5a77ab8bb535dc2fae6eb99cdcd46091bb008a8422d73ea99ee7e,-1,unavailable,2,ordinary_transaction,true
sphincs,sphincs-lowrate-v1,sphincs-20-tps,146,1,3,beccdf3a1ad6560f68992f1f320821513b693b175369c63f5271065783687d31,19715,2e714ce9a8f03f537747d9ee1553d9c4eb122017af1d8f9c8c2db3c5675b9c23,-1,unavailable,2,ordinary_transaction,true
sphincs,sphincs-lowrate-v1,sphincs-20-tps,146,2,3,7f48611867b92be52dfc835fdef0b235f025210d1c723e7a6bbf596a9a814a1f,19715,760b13d175d99fa84ace0799212485a29e5fd0bb3bb3779d5cd694bd8b830fe4,-1,unavailable,2,ordinary_transaction,true
sphincs,sphincs-lowrate-v1,sphincs-20-tps,146,3,3,045211b5cb33d7d7347473b6b4c43f76eaa4e43e551b484dc60516f919b99349,19716,53ac408d6ef9ef7b08a4cf26be1bf84b135c6df1dc7795bd9d7ed5327f652df2,-1,unavailable,2,ordinary_transaction,true
sphincs,sphincs-lowrate-v1,sphincs-20-tps,146,4,3,95872999d7c8046ca7577ef18f283c23234241a04d1c373f88febc03f3c70493,19715,66b68e9e372a80cb67bc5a48c93a60f55245f24817e8fb2d9e7b1058791be711,-1,unavailable,2,ordinary_transaction,true
sphincs,sphincs-lowrate-v1,sphincs-20-tps,146,5,3,ee6a828706e90c9dc3036c9af576d25d139dc547d2c89822110d222f3a68b3fd,19715,aa1baac8cd85f058e75d7bd9fedeccc788ac7d320842a4b53eeef40cddfd53a3,-1,unavailable,2,ordinary_transaction,true
sphincs,sphincs-lowrate-v1,sphincs-20-tps,146,6,3,357a018a08ffc3b7912ed994da876a3b24ce974cb2be37a78e73b942c1e023b9,19715,75ecaff3b36200f2d4693ee83710e922a6bf4972effc12409d9199eba44fd1fc,-1,unavailable,2,ordinary_transaction,true
sphincs,sphincs-lowrate-v1,sphincs-20-tps,146,7,3,c92b75bc4de57a173b2966b11c3e85b633590eb98d830b8be71dafa9431e3626,19715,55f1255dd47ef51f77543ac9f75a690032ddcaa948c4c7b3f305838f8cb15514,-1,unavailable,2,ordinary_transaction,true
sphincs,sphincs-lowrate-v1,sphincs-20-tps,146,8,3,4bc40ea2174a4fcae84625159c32b07ee6a325d1a8920d190ca74de84627c12b,19715,347a10fe878622503484f1daf74243106f2a6e0c1a6dbbe6f50d3452ba065d16,-1,unavailable,2,ordinary_transaction,true
sphincs,sphincs-lowrate-v1,sphincs-20-tps,146,9,3,0ac88813c454c692dc9e42290dfed6ab00e87a07ceb8ce368900a45e96f893a4,19715,af588ffe592154786145895b73fa226cd01ef86059182c4c797d30bd47e758b0,-1,unavailable,2,ordinary_transaction,true
sphincs,sphincs-lowrate-v1,sphincs-20-tps,146,10,3,94c136fd99e00b8d79d55ccbb2890d90a11fe529657044b6cc717ee01032d26f,19715,878d76ca411bdff0087eb5db932894887b926566de0033633cf20978aa7ad63c,-1,unavailable,2,ordinary_transaction,true
sphincs,sphincs-lowrate-v1,sphincs-20-tps,146,11,3,3ff6f310fa0c9e05889d26482296d87fdfc1e0b28162dda8511db7c3c3543df6,19716,751db93c62e6133674d431e35afde3df187de8729f30223dd36d77ec1596ad2e,-1,unavailable,2,ordinary_transaction,true
sphincs,sphincs-lowrate-v1,sphincs-20-tps,146,12,3,85a911030ab6c922cb24d5a5f4e06332c0b5db5aecb238cc7d311851b4217732,19716,fa181f962cb5c26d400881d596823eab259e36e4d897824d355fd864f7c4ac00,-1,unavailable,2,ordinary_transaction,true
sphincs,sphincs-lowrate-v1,sphincs-20-tps,146,13,3,13a978ca865784acaecfc711f5f8a6eaa80f9fd243fc6f95ec083147823b7f30,19715,57ac280244ee56e700bc9df303819050dd7e4a89c64bc8b9c2d61bf5910df122,-1,unavailable,2,ordinary_transaction,true
sphincs,sphincs-lowrate-v1,sphincs-20-tps,146,14,3,1baa3bdd75fdb0f99fd7f547841d96d9ed8f2dbbaef2d290a8c20446859be922,19716,e83c0f017176c10fac3e00fb7c5ea62c156df973ea7817a0b83d157bb279d683,-1,unavailable,2,ordinary_transaction,true
sphincs,sphincs-lowrate-v1,sphincs-20-tps,146,15,3,ff3fa0b267395000a82176b4a9bd783717fdd9532dc0ba05ee55cc30aaa249b5,19714,f1e9b95ce4f37ada5412d70cc81eecc64858e11f4af33f189fa921b4140e099d,-1,unavailable,2,ordinary_transaction,true
sphincs,sphincs-lowrate-v1,sphincs-20-tps,146,16,3,290f47960940ece2ba721850d175be5e77425a06401d390d5b7d3fec83493766,19716,347023eb403e68ed11087ba5650411724d805b19d96332be077ef2a25cd0460a,-1,unavailable,2,ordinary_transaction,true
sphincs,sphincs-lowrate-v1,sphincs-20-tps,146,17,3,fce00347cc4ffce72df9b1f0722b201d2a59239d43fb75ecfd91e5458df00d6a,19714,e4bd672d33d90d7fe3a0985e1c50ea5b46e959e78b9709b2979529bdbb22f3c0,-1,unavailable,2,ordinary_transaction,true
sphincs,sphincs-lowrate-v1,sphincs-20-tps,146,18,3,5c671b525b71e961db69ef765639a81e95a9a5863719fe3fd25e304f80c60747,19714,f0ef412db07d7859997acb9089eee1ae6fcd481fcc69b2ef816a5fd6dcad19ae,-1,unavailable,2,ordinary_transaction,true
sphincs,sphincs-lowrate-v1,sphincs-20-tps,146,19,3,98fbd5b1a9b52519fb14e2258bc178baa3ba8b6ca576f664694b3cd6cfc5a450,19715,760e7395a56706452f7a2ec3d0943a620cbb4c51d6b6d3936c1b3c68b7a2353b,-1,unavailable,2,ordinary_transaction,true
sphincs,sphincs-lowrate-v1,sphincs-20-tps,146,20,3,c9cb952fc3d2d8ba2019eb53c1f8fc54713e84fa6a017cb803c842e4f7233c11,19715,f580fb957f9683cf630d09caafcb9dabeb7a7bc18f7123524827361cd3de94c4,-1,unavailable,2,ordinary_transaction,true
sphincs,sphincs-lowrate-v1,sphincs-20-tps,146,21,3,d121f879956981bf91ca648d9db99744000e024e314883f1a3556f3afb1ac284,19715,ba7b947ccb524045538daa7df3681612149141c3b319f09e11701720ab2fb1fa,-1,unavailable,2,ordinary_transaction,true
sphincs,sphincs-lowrate-v1,sphincs-20-tps,146,22,3,7bf334bb19ec86e0d302c738ad22fd040435f1781e4682ed0604886f124cd498,19716,fdc4e0b27b3ce7f5eef73433befc7cfdd10b736b732677a8810f88425c1380bc,-1,unavailable,2,ordinary_transaction,true
sphincs,sphincs-lowrate-v1,sphincs-20-tps,146,23,3,02a9220bc5605b0978615ee89ca2906a6b726eac32e34e427829053bdfde513f,19715,9d889e93ebfda3e49aec0a4356fccc927b95c94f1ffc41213fbca8f618bbb253,-1,unavailable,2,ordinary_transaction,true
sphincs,sphincs-lowrate-v1,sphincs-20-tps,146,24,3,0bb8fb27e720bca8aa5da1da75a8583590e0dd157a69d4f493f79af41f4aee97,19715,3169eef6a312f7ba3ea50d8bf9fb24b77c68ca6d210a3570425651397d74ca64,-1,unavailable,2,ordinary_transaction,true
sphincs,sphincs-lowrate-v1,sphincs-20-tps,146,25,3,b0b960273e9b7acb60a322e02803728b007593728558d273196107e7d0cca7b6,19715,743753efe73a2c40edf0e82ebb6e111d5bfc72e6344c18e671a0d9d2ecfcc547,-1,unavailable,2,ordinary_transaction,true
sphincs,sphincs-lowrate-v1,sphincs-20-tps,146,26,3,9b8922c1c819abf5f01f7a27dd88fedbe0a55e5a0c3eb5629033e1f75df7aab0,19716,51101667a9b738805c4bf29437e8c17d8af7307063c34124f845d32726db3211,-1,unavailable,2,ordinary_transaction,true
sphincs,sphincs-lowrate-v1,sphincs-20-tps,146,27,3,9f461f3aa1c8f3bf2f847812fe3c6c27888bb4f65545d1521394bdacd317c71b,19715,0c2fb4207f5f2035c27d8e84ec9d5f1f41ae91cfd630e4fe4f41108c4236bac7,-1,unavailable,2,ordinary_transaction,true
sphincs,sphincs-lowrate-v1,sphincs-20-tps,146,28,3,ee47ecabd5b30cec88b22b670e0391be64ef6313368c6723404d850200d99413,19716,035e87762deca0bca14abb52492f0f7a286669f6f7956512f5cfb5aee8729a3b,-1,unavailable,2,ordinary_transaction,true
sphincs,sphincs-lowrate-v1,sphincs-20-tps,146,29,3,3866858c4626d83b72968ade4aaa781daad7908f7a53a279bcb4039e137c17f6,19716,0df33ec57f774c808203c87a0e2c573cb4ff77badb5942dc46c87650d962a5f9,-1,unavailable,2,ordinary_transaction,true
sphincs,sphincs-lowrate-v1,sphincs-20-tps,146,30,3,72923835fee1bafe362154df24a61df7319d2c3f07356d7d1afc9ffa28576fa2,19715,e1b75f6a87be6232a27ff096ac6003ab6c7a3bab793e0b316061ba8313fcaa3e,-1,unavailable,2,ordinary_transaction,true
sphincs,sphincs-lowrate-v1,sphincs-20-tps,146,31,3,f04f2b336fa6fc4be81a3b11dbb08e160a3f8f5d4884b13328cd189193abdfaa,19715,55000f6dabaf877e218c3e77dff992998df56fd932f016e07d34ce81d78ed241,-1,unavailable,2,ordinary_transaction,true
sphincs,sphincs-lowrate-v1,sphincs-20-tps,146,32,3,bf2cbac64b165b66be2b3affb12897abb72f063635679131e90d93a4a9994e02,19715,137824590b213f8c49e5f151a7d3c16aa9f26f85bcbd6e08d43fc87f8792076b,-1,unavailable,2,ordinary_transaction,true
sphincs,sphincs-lowrate-v1,sphincs-20-tps,146,33,3,30a6af72903277e63ada964ca8fd4b2d1c31861677634b18d72a6f177e436e48,19716,6eed9d13ee3ed5d3178a713a9547101d4321c599686fde97fc5c6ea1781f7cec,-1,unavailable,2,ordinary_transaction,true
sphincs,sphincs-lowrate-v1,sphincs-20-tps,146,34,3,39df00d639fe99d4436abee4529865c7d10615df4209dd5dec0d5e7f1c6ff22c,19715,d29cca0368a8905d73e40fffb332ac4d4fa3f5631c5a271cab26b3659bba0c86,-1,unavailable,2,ordinary_transaction,true
sphincs,sphincs-lowrate-v1,sphincs-20-tps,146,35,3,2133e9ef4c3ed59e3667abc020e7f3717ff6de3d5f3cd064d2ebab9d16476251,19716,4a84d539423a4ab7e57e8f8c41299a02919d5c6257e1b6e9facc0ad97646c485,-1,unavailable,2,ordinary_transaction,true
sphincs,sphincs-lowrate-v1,sphincs-20-tps,146,36,3,40e480a4bb4b3eaff47de3a4e3b8464e7b501385c1c563bdc431f07ca236ab56,19715,b1a07ccda81d917211d2c86faf01b8653840342028f62bb5a9a949dec8caabfe,-1,unavailable,2,ordinary_transaction,true
sphincs,sphincs-lowrate-v1,sphincs-20-tps,146,37,3,1603bc204429398f10db8ff0fd12c95895127f7c8de0b9ea8aa5a812b518480f,19715,f5711ee6f34fe437ff24130f94133d61520754181d7441f9ffde100c801bcc9a,-1,unavailable,2,ordinary_transaction,true
sphincs,sphincs-lowrate-v1,sphincs-20-tps,146,38,3,e6b95e34cacd64e73bae5e964063e92d139f8dc0d782b69a98acaf5cd29660d4,19714,ba2d6a983ab10756dc4f3eb8f180f0a6c0aa1db2a329846af07e79889229b679,-1,unavailable,2,ordinary_transaction,true
sphincs,sphincs-lowrate-v1,sphincs-20-tps,146,39,3,aa0fe2021b0b5b665cfce2cbd11bff8712a09e4623793b2cf15e6302bbcd7244,19714,430c63b9b2df30d1e0822dcd01f1f160a5a121d4225d431cd7000579b21dd1f0,-1,unavailable,2,ordinary_transaction,true
sphincs,sphincs-lowrate-v1,sphincs-20-tps,146,40,3,69c9244d072d366cc8dd6d0e1e6156bd3f1e3bbbbd1d1b971bae3c2f215f184c,19714,26614fdb9a5e9361fca9e690d0498d2f42fb7008931f1e28a56b44a2890b1484,-1,unavailable,2,ordinary_transaction,true
sphincs,sphincs-lowrate-v1,sphincs-20-tps,146,41,3,70e59801b3e358e488fb7b767fe931b559a495336ee763862646b63a251c9cbd,19716,2f9b687121c902df52d67eeae8cd07034125fa2eabf230d16ad57998528d7d36,-1,unavailable,2,ordinary_transaction,true
sphincs,sphincs-lowrate-v1,sphincs-20-tps,146,42,3,2eba7d1dd3fe124a70868968e5add6f6b80269d9c8cd171fc17ae882d5b230d7,19715,5b82819f5877d412433eba5f739442eda3477b2aa1a6bbbfe51f961c03ba892b,-1,unavailable,2,ordinary_transaction,true
sphincs,sphincs-lowrate-v1,sphincs-20-tps,146,43,3,860444126cc5c4adebb3e042a113acacd9f32f8bd46661734a433c0fc9922b1b,19716,1f247180d6b84e69ea75cc0a3b05cb1cc48a3f99ddd94e522690ace3fc701075,-1,unavailable,2,ordinary_transaction,true
sphincs,sphincs-lowrate-v1,sphincs-20-tps,147,0,3,de54b5d92a7ea81fe44a93f9a9d50650cbbc8583d3339d40456ca28dc38e4333,19716,7f6ace48adc284a6937a690509e096aca2a7774242cc7d5531c08b0dab5157cd,-1,unavailable,2,ordinary_transaction,true
sphincs,sphincs-lowrate-v1,sphincs-20-tps,147,1,3,1866951736a67a2d65923759c794cbbeb5b6febfd32b92ee3f4532b05eba8a20,19716,f8873e1d1950cda1950d5b40c372afff1fee3395cc0ad61d54acfd0b5c5bb7a6,-1,unavailable,2,ordinary_transaction,true
sphincs,sphincs-lowrate-v1,sphincs-20-tps,147,2,3,4b16ec247f954cf31cdcbafeafa995b6f01364ca03445ab0e82dd15790966b07,19715,8fac153a40cb2614e0fa510e904dc2af4f4379cfdfea0b44b13d32918c18ca1e,-1,unavailable,2,ordinary_transaction,true
sphincs,sphincs-lowrate-v1,sphincs-20-tps,147,3,3,fdab9aa6373da581447501afe6367583a3b7274f5343fd61c27fd5ea55884bbf,19716,d8a5b16d325589df2a3de851a6910e71d97f244168efbe080dedc43abfc8729e,-1,unavailable,2,ordinary_transaction,true
sphincs,sphincs-lowrate-v1,sphincs-20-tps,147,4,3,eafdcfb80c1a10864a46fd838262759ac2c29b247f9e4e1515400ae7ce91885c,19716,d84bc29a4d22a5726a6de12e8b030cc91e902da1561fed36a8a2a409b2d667c5,-1,unavailable,2,ordinary_transaction,true
sphincs,sphincs-lowrate-v1,sphincs-20-tps,147,5,3,5c7318de78f523afaff625cfc01021d131560befade5cde0db8f1ed78b03af01,19715,bded14c463f8afa09c20bced2f50cc98fa0ee71928e74e3686b43ca935afcbc9,-1,unavailable,2,ordinary_transaction,true
sphincs,sphincs-lowrate-v1,sphincs-20-tps,147,6,3,3852bcb3ed1a886769ed1910887e6c115bfa2f566ef7df67ed3e70d48cafe345,19716,179cbd825c0b2d48590b6ed46cdfd6fb6b8500bb29a844081dee97a5fe1efe53,-1,unavailable,2,ordinary_transaction,true
sphincs,sphincs-lowrate-v1,sphincs-20-tps,147,7,3,6a39ba53dc20c619ff71cc747146a70e72dd1b935a251717fc41a4a2f41111b2,19715,32fc7840f4ea95eaf4b3298f6716eab724320695c67b6c26443b6e1e8c8ede4a,-1,unavailable,2,ordinary_transaction,true
sphincs,sphincs-lowrate-v1,sphincs-20-tps,147,8,3,738c110fd996a03f3cd4bb16e60eb532a3ee2c7b6fe489e53ec5d3d036ac0d91,19716,df944156ae8d07eac668c6d426e20e6a904423bae6c9543eeee3e58d8819b882,-1,unavailable,2,ordinary_transaction,true
sphincs,sphincs-lowrate-v1,sphincs-20-tps,147,9,3,64392a0287bee4b158dd38de3b6fef5a6ce4b878770fc138f3392bf8d06e7b6c,19716,258a75f12a9271fdcf50b44d51cbca6fa0a8433f05c64ad9f1305894966f4bc4,-1,unavailable,2,ordinary_transaction,true
sphincs,sphincs-lowrate-v1,sphincs-20-tps,147,10,3,fb9f3adbd1a879b816c89a05303c0d3211c76def9d10a60882bea87b0a4304fa,19715,2e42cc7616976e6e0ee05dab5ad33b7cda6bb0ee77bb908f60d7e4780361ac6c,-1,unavailable,2,ordinary_transaction,true
sphincs,sphincs-lowrate-v1,sphincs-20-tps,147,11,3,d55b3aa90b547a3723624591e9a034b6d60020257c7eb9dca5e8ed2190469d63,19715,e6409d02acb30ada9a8c1c547b08f87794f3c06c79be27c8c175de298cb09e8f,-1,unavailable,2,ordinary_transaction,true
sphincs,sphincs-lowrate-v1,sphincs-20-tps,147,12,3,8a7c8cbf5cba2f2d3e1f5b6232e0043f92e86edf5c35eb7e2c0744c60a0aa56e,19715,a3822a736b725359f743d3a4c0f00962d4506faae09cccc9dd7a35cc0771c6dc,-1,unavailable,2,ordinary_transaction,true
sphincs,sphincs-lowrate-v1,sphincs-20-tps,147,13,3,e8e145d0396af977d46bb776be588dab6f7b01bb76b3e4b389c0060fa23e9f35,19715,6224141bc818f5e3b1aee80f45317269d63f9eea7978ca69dbd62b4b2e46e929,-1,unavailable,2,ordinary_transaction,true
sphincs,sphincs-lowrate-v1,sphincs-20-tps,147,14,3,36e16cbb81895f4f0a920af824603ba232981888a0361afd9548c2f946787d67,19715,aabeefb2909c51fe3d7e6515ecc74b6af27e42f0c24ffeebfc5483983fdd8798,-1,unavailable,2,ordinary_transaction,true
sphincs,sphincs-lowrate-v1,sphincs-20-tps,147,15,3,76f893222be0b7f597863be23b371a532d1dbf19cadda3bee8804b7c341f7c1b,19714,ebd49ba20720d642db74be655a4e29201478f1d9d4de3bb33a7b0abef79c9060,-1,unavailable,2,ordinary_transaction,true
sphincs,sphincs-lowrate-v1,sphincs-20-tps,147,16,3,5eaaf2bab7cfdf9ddd352c3552c8aa92d337830a453e27bb99f66e24d2e7f5e0,19714,097574ca3c80a496bd4ebbeb562a69e0e48f509ba1f9d490f28fda37a619eba0,-1,unavailable,2,ordinary_transaction,true
sphincs,sphincs-lowrate-v1,sphincs-20-tps,147,17,3,bdedf49b540e48a0731929eff5ee7a7fb59ec3edf1bbfd4e156b245fa6cbb0c7,19715,3e7ff3bf3b21295cc2cd9435a732b6255a0484a62178a483ac55008f1fd5bc04,-1,unavailable,2,ordinary_transaction,true
sphincs,sphincs-lowrate-v1,sphincs-20-tps,147,18,3,f7a0f88a2f8f8781030b75a1b3ca120e418316c8489312c79f9ce06ae275cc1d,19716,b28a39b4d5e70aacc2c6a8a3f85debeeb1452f4ac11e7b1b3885496d0a2456a7,-1,unavailable,2,ordinary_transaction,true
sphincs,sphincs-lowrate-v1,sphincs-20-tps,147,19,3,e3d290cdfef8a6e84d05edc0bd0614dd56b7b865701f12e5a5e2ee4a6fc770d5,19715,62dabce25e8d2bd7464e27a6e77c7c7388ecbc4d68ef0b7c8374a6c6a06824dd,-1,unavailable,2,ordinary_transaction,true
sphincs,sphincs-lowrate-v1,sphincs-20-tps,147,20,3,e0bf69bd2e62d911ceb1514a28c4f7980eb44cfe914f65d79ef14e9c4def0370,19715,2ffc0481aa65a3b73e8c879a4c3907d87493d2bf13612f8f4966aa18b979a4ad,-1,unavailable,2,ordinary_transaction,true
sphincs,sphincs-lowrate-v1,sphincs-20-tps,147,21,3,a6346c796265cb5edbd1c7dfe820c444c8ad1ec8ef2e65332940f6621fb03397,19716,7c181ca513eedfdd7f30a12416428ff08ea57e6ffad687281f6ddf4982a43827,-1,unavailable,2,ordinary_transaction,true
sphincs,sphincs-lowrate-v1,sphincs-20-tps,147,22,3,bb7d5d42073958f3e74b100169a4a56222836bb12d9524f6cfa389c29097fe71,19716,b3bb73e3ba53d1cb7a004b19324667f7e8141a55738486dc5ede4fe2a9835405,-1,unavailable,2,ordinary_transaction,true
sphincs,sphincs-lowrate-v1,sphincs-20-tps,147,23,3,3df315c194d98dd4dc3e4f60042c5f75803dcc705d953f50fbd691c9460e8cd8,19716,d222c1daacfae29645964ac2af930fefb30279e706e4dfbca787f399a933a729,-1,unavailable,2,ordinary_transaction,true
sphincs,sphincs-lowrate-v1,sphincs-20-tps,147,24,3,d699fb2da8cb5e519accb983804d1645ce23054b2a20438c076df92237a5a72a,19715,7b268f31d4b85a2977d893170e4b36d1a0c4e7844c2e3ef67356e9fcc3acbe1a,-1,unavailable,2,ordinary_transaction,true
sphincs,sphincs-lowrate-v1,sphincs-20-tps,147,25,3,c0c5a0639e323af5da99864b6f604c97e3ce6e87dac70fee7f0e7c9878a48034,19716,a0d0a5ae6dd2cfda5ca322c233ed4b15643472487f736ad7230aaf729fad81d8,-1,unavailable,2,ordinary_transaction,true
sphincs,sphincs-lowrate-v1,sphincs-20-tps,147,26,3,71f4465b47c616e31dd792c9636cf99fdc493a9e6aa81faa931212abc4805680,19716,36424d6a1d6337da2d94738898d7932ab39b87f6fefe30dccc4c54fedd740df7,-1,unavailable,2,ordinary_transaction,true
sphincs,sphincs-lowrate-v1,sphincs-20-tps,147,27,3,d015be092faa22d25217945a394bbff8e19a9d5eb32a72fe6d8ca026144f94f1,19715,599994523c9ba44a1812c85547792ac430446c0d24be7b983ebebed3fefd88e6,-1,unavailable,2,ordinary_transaction,true
sphincs,sphincs-lowrate-v1,sphincs-20-tps,147,28,3,9cbd989788fd439b2aab65983be23513fddcb8a7300a505c719aca323814ded0,19716,14e045db1575b7c9bad09e0ee8989adc33dd396681cbc20a2a2a389c62353485,-1,unavailable,2,ordinary_transaction,true
sphincs,sphincs-lowrate-v1,sphincs-20-tps,147,29,3,bfe4bc2175de6d7b6feee30528de57a37386de274154e579b1cba72da3f66066,19716,3ccd64577fff43ccb2ddb5b1e94906b3f49a2c416b2b01b184a38c411e030d69,-1,unavailable,2,ordinary_transaction,true
sphincs,sphincs-lowrate-v1,sphincs-20-tps,147,30,3,8e17a30af73ecc47c4063455efec3e5f36689cf960d0b915be3ec2bf4431e46d,19716,2b1352f540a605ef336b3f8b93025ce5ccf68574b1e3df1e28ae95f797c9bb06,-1,unavailable,2,ordinary_transaction,true
sphincs,sphincs-lowrate-v1,sphincs-20-tps,147,31,3,ccf89e01a0d51c01dd8a5da985a19d3adde1477a5f5704dffb9f61ef2cb09a9d,19715,496647f4c0ae95ddd3c662294e680cbfc874e7c0a9450e54d4814430bf36dbf7,-1,unavailable,2,ordinary_transaction,true
sphincs,sphincs-lowrate-v1,sphincs-20-tps,147,32,3,04f625624921ab7f2494624ec6874e7713eda41af4b990a6c6fe4201a7b8724a,19714,baca87668b604829e62df37788a92b2810a8f3f2dfb2a626030b2f49793b90bb,-1,unavailable,2,ordinary_transaction,true
sphincs,sphincs-lowrate-v1,sphincs-20-tps,147,33,3,baa5ebe7f7ecbdc2a65359ff9bcc72aa73f67a757660249c4585617012113da0,19715,49f5a4ed0b0ee2f6f18c72588d1ed7b11a82fc04c48ae1d8539b4688132ce618,-1,unavailable,2,ordinary_transaction,true
sphincs,sphincs-lowrate-v1,sphincs-20-tps,147,34,3,5cdcc576557996a2ade105b35ac24a1a36d76fa2c5ae30e3ae46a0b781962b4b,19715,79198a9d65e5459ca7238703e10b3793d8c0b23864ce5ce693db5d9297c9ffaa,-1,unavailable,2,ordinary_transaction,true
sphincs,sphincs-lowrate-v1,sphincs-20-tps,147,35,3,a4862bc38dd4fed0b22939f3658e1d5e3684d2c0890f3bb4fdc0d1ffdaa6d666,19715,d9e1d5176e7023c2d348be50567233c9eeed5d53c2960e50a92b12a6a8ce0875,-1,unavailable,2,ordinary_transaction,true
sphincs,sphincs-lowrate-v1,sphincs-20-tps,147,36,3,a1ca100454fc4439e9b225faec5c61810421cd32135a0bb2c0a61d2d69819beb,19715,f62a3130b32299ba10b99bc12507733f61579c8450ec35d2c35ef4ea25ef419c,-1,unavailable,2,ordinary_transaction,true
sphincs,sphincs-lowrate-v1,sphincs-20-tps,147,37,3,b9cef98cdf780a1c7e4205438137ae53b0b7ba25bdf9c95c6c3e7d10f38f2e30,19715,74ead269e1e343dbc929256845be43e6eab866124e8f152ad17d2210b183d52f,-1,unavailable,2,ordinary_transaction,true
sphincs,sphincs-lowrate-v1,sphincs-20-tps,147,38,3,a73166ca5ec2b547569213354d4d18e5e06d778cdd631737432835b2ad1a4c30,19716,ff66427483a177580d1350c060f152e33880c3d0833b43dd60de4391eb8ecfee,-1,unavailable,2,ordinary_transaction,true
sphincs,sphincs-lowrate-v1,sphincs-20-tps,147,39,3,84d9b020bc26c2aaed5d653e823f258e767d585d34fc870743e06714099472f0,19716,040696f5d8eaed6bc934de07d8b8f313351f9e6c461830b08a42db32011476b5,-1,unavailable,2,ordinary_transaction,true
sphincs,sphincs-lowrate-v1,sphincs-20-tps,147,40,3,07b791679088c7770c5b5b116c938f47aad2c3b598cedd7e484dc75fa7f5e960,19715,bc2a074fd65ec85c945eded17762aeca306f6449af34b37fbd3cc69c34d55382,-1,unavailable,2,ordinary_transaction,true
sphincs,sphincs-lowrate-v1,sphincs-20-tps,147,41,3,00ca8621f7fc17afa4a0686ac1f246430805eb8903db4c81ca7b0d0ccd81e0b5,19715,8a39ff8b1e74690b3289395e73d1425816df2ba9c8b1082b5212d0b3417bda42,-1,unavailable,2,ordinary_transaction,true
sphincs,sphincs-lowrate-v1,sphincs-20-tps,148,0,3,60324bb33941f3cd5c26f81b1bcc9dcdfeb20f7766cd0bd21852c5cc6995b689,19716,d862ca41bf38a9b36a7f589baa42f4e4920b554d8393f05c3399dfd0d14d4246,-1,unavailable,2,ordinary_transaction,true
sphincs,sphincs-lowrate-v1,sphincs-20-tps,148,1,3,1e997d7c257eadfd211e9d3d33f75611bb5197bd4dea55891c56b1d568f61ccb,19715,0f9961d9d4970d55e1f84fb744a8ff55efba111d87a8de0b292daea90357a284,-1,unavailable,2,ordinary_transaction,true
sphincs,sphincs-lowrate-v1,sphincs-20-tps,148,2,3,b1dde49f0f6866758018d494c3b121c3e8cdac87ef1a95dc5eb2a5f98291e679,19716,e2ea1d75d57ec59c295c4a2147f1bbfc8e27a07301df6675a0a523cfd58c991c,-1,unavailable,2,ordinary_transaction,true
sphincs,sphincs-lowrate-v1,sphincs-20-tps,148,3,3,71e244173481f7142739e315b4667687a7da98f98f7e40cee38521313e2b36fd,19715,3d916076823bb1eb4f901cbd20261dace1a3aa9912efb3d2706149056fa705d4,-1,unavailable,2,ordinary_transaction,true
sphincs,sphincs-lowrate-v1,sphincs-20-tps,148,4,3,cf5edbcc84a2787530121944ddb5f18cebf355f5ad1c73e2edd5c040e7e0d7ab,19715,02f20776b36728b9819968d21065f242b8ce3456108133a828a3650f6a6661fb,-1,unavailable,2,ordinary_transaction,true
sphincs,sphincs-lowrate-v1,sphincs-20-tps,148,5,3,e258a743f3392a73a3689c56d4e3a7cb32297c15768f92f58facd2a1cbab2115,19715,7745db28c815db1b44371c817b11ac2b203377b45bbde16ac6e5499bacec3137,-1,unavailable,2,ordinary_transaction,true
sphincs,sphincs-lowrate-v1,sphincs-20-tps,148,6,3,546aa541f6c4ab86ec575a94c4ff494b78907f65d50bd5c63896de966a508cd1,19715,5768c11e30758e4d01f5a52c81bebee702c2c34d07a1b00741a7e5963f79d641,-1,unavailable,2,ordinary_transaction,true
sphincs,sphincs-lowrate-v1,sphincs-20-tps,148,7,3,3a0386f49fdb704241c7c0f71a0a9e92097ca65888c2e7bf1463c46c1cc9978c,19716,6feb023c95db0cd37f29e0609e1cc41f4d850bdeade7f3960a6a0a22d6e50d6b,-1,unavailable,2,ordinary_transaction,true
sphincs,sphincs-lowrate-v1,sphincs-20-tps,148,8,3,8073515ec4661579f23771f6951bb53948f05adac4664e52d3caa165a0f4bd5b,19715,72abac17277e4d3e240644a4370a47b9add10cc03e761c110e60fd9fd1d25527,-1,unavailable,2,ordinary_transaction,true
sphincs,sphincs-lowrate-v1,sphincs-20-tps,148,9,3,c1f793f1f98986d99d4e8ab621aedb5e8758194b6b6643682018880cfe123a0a,19715,f9671c7952f940544cd975413dc239a1a876f2f22eb12d1e946927a790af4c16,-1,unavailable,2,ordinary_transaction,true
sphincs,sphincs-lowrate-v1,sphincs-20-tps,148,10,3,05ab6437dce71eb587d8c8c56576c7f3b5b6b18d98efd93fcd65cb5b970cca21,19715,f73ddd3e8a8fae6c266719c138599cadaab2bec411018fb2c5dddc1b7f0d9ba2,-1,unavailable,2,ordinary_transaction,true
sphincs,sphincs-lowrate-v1,sphincs-20-tps,148,11,3,f604993c0ac1b852c68c281eefe139e102618edc84a91dfa7b34122e908f3c96,19714,e27ce1a8401d91f742ee340a3bb48d2bb670d91358b3b02d7f825e9c4f05c010,-1,unavailable,2,ordinary_transaction,true
sphincs,sphincs-lowrate-v1,sphincs-20-tps,148,12,3,d208e136d3b036a631b00f45ac9c9d31ba65d599252ad260f145ca2812ccbea3,19714,f409dd298d218eba9b506e86e1f5b245cde561a62825afeccf7b56d2e087d1c0,-1,unavailable,2,ordinary_transaction,true
sphincs,sphincs-lowrate-v1,sphincs-20-tps,148,13,3,31dae786ce54cefeca4b12623bb00c5142cde891bc49ec42c3be9e78e83f65f9,19714,091111d1b8422a147b5ac56c3089d6353879c51fa9f7ead72bcaa4d7cffa99b6,-1,unavailable,2,ordinary_transaction,true
sphincs,sphincs-lowrate-v1,sphincs-20-tps,148,14,3,556971e0034b7d65618b26ef63cdc0bb2536a514fc55867987dd1944cae6efd0,19716,5f65e2cc2db99813d6f0bd74b5a666b14ccd5550ec37943f27f07ad635372586,-1,unavailable,2,ordinary_transaction,true
sphincs,sphincs-lowrate-v1,sphincs-20-tps,148,15,3,87a1170991c96477f61e09c84a45a69cfb457266a211f09292cb1688b2be6c8a,19715,a6f8acf7ba8d5614c3a39d621802ce5fd4a4565062011400c9413d8a9bbd56ce,-1,unavailable,2,ordinary_transaction,true
sphincs,sphincs-lowrate-v1,sphincs-20-tps,148,16,3,27bee3c921d63254d53f3cee28395a790a36af374511908c6c0844f3c23fca12,19716,e2a2958ee31427813416d24db30c391e517ec0272050f5d6f5006dff21552f30,-1,unavailable,2,ordinary_transaction,true
sphincs,sphincs-lowrate-v1,sphincs-20-tps,148,17,3,9a1f0ad9ba4655726ccebabdc5f34c7c823bef7a09bd8a003e94ee359f276439,19715,5d89ba90c07c01e900db3bc54524831e9760144dab510e864b873147834bd7a7,-1,unavailable,2,ordinary_transaction,true
sphincs,sphincs-lowrate-v1,sphincs-20-tps,148,18,3,355949671798ad5e0bbb4cdf007eb76dcf26a5afe4ce1b62387b70f3cee9a2b7,19716,31ea715d54690ff1af718cdac6e96b27d9c79253d320728fc5c5efec2d7b6d9a,-1,unavailable,2,ordinary_transaction,true
sphincs,sphincs-lowrate-v1,sphincs-20-tps,148,19,3,3885017534cbb84a9d43cebce32376cd31f8bb3afb2212bde4ef6fcfdb5da201,19715,96d41c822a7d4e5b2d88c29d6cb0d9fe1d30e92b020c8eb70c19b30680f2b834,-1,unavailable,2,ordinary_transaction,true
sphincs,sphincs-lowrate-v1,sphincs-20-tps,148,20,3,8c0556f1f8cb320a4101e8b27c55fba676f888a005144c1f370ae41cf2c798f1,19715,6d8d0ad80291494b96a780ef522bd86a0e6eb7aef7f0b7790622f2967ce92fe7,-1,unavailable,2,ordinary_transaction,true
sphincs,sphincs-lowrate-v1,sphincs-20-tps,148,21,3,bca6d9d63572ccbba89fc1a3b2cb98339085219ffb6cd59f01d43a17e1dcd3ea,19716,d37980f55148403f0f0c298f1a691069df512535851d229f2b88a46184b29d36,-1,unavailable,2,ordinary_transaction,true
sphincs,sphincs-lowrate-v1,sphincs-20-tps,148,22,3,4434e781e12f9a6c8581b4ed83f5fd8c7a5665dd0987da1efa773e5e82cd70f6,19716,a266f7249e17a5676bd7a95fb374afbad3d06b0ec0add0c995a595813dc6ae0a,-1,unavailable,2,ordinary_transaction,true
sphincs,sphincs-lowrate-v1,sphincs-20-tps,148,23,3,75da8fd2fb2b660f3221bf9281394605204069d5b43f1c306522998daa1b938d,19715,5398303d62437800a7b37bb62833fbdb8b76ad81b9a649a0132aca2dc1ca6915,-1,unavailable,2,ordinary_transaction,true
sphincs,sphincs-lowrate-v1,sphincs-20-tps,148,24,3,1a9df4a0a83a66596c8ad4a88b484ae3ab894afac056f3c30689dd5b57ce1339,19715,3dfcd2178c2dc27d1062aff0625f36c85e3288f0664e41762686781b7244b2ea,-1,unavailable,2,ordinary_transaction,true
sphincs,sphincs-lowrate-v1,sphincs-20-tps,148,25,3,ea0c612c72eea8504592f707e2f991b02b0b3d46b9394bd6f5048ca57d36789c,19716,05985d185cd30e27384d0d59b9b0426771affa8045a31990c17a990afd9b0025,-1,unavailable,2,ordinary_transaction,true
sphincs,sphincs-lowrate-v1,sphincs-20-tps,148,26,3,f03d349cf6c7dd70d7c9273f70d3ab94c6abf572fb3d663f97b51fb4122b2bbc,19716,0f18685bf247df80eef73ce8866c2d2f6e38616be77e6a8514a1f8551be894d4,-1,unavailable,2,ordinary_transaction,true
sphincs,sphincs-lowrate-v1,sphincs-20-tps,148,27,3,0e9eb68228f7a9319cb9778232736ac6433947231eee19322d2270b8f3c1bc9e,19716,60f1ea07d83b75b03546bc93fb554a3594544218c9f10d402414ca9c8d608634,-1,unavailable,2,ordinary_transaction,true
sphincs,sphincs-lowrate-v1,sphincs-20-tps,148,28,3,edf65c819aae804802fca08159266345f3abfe526b8a0622bbdee33a6fc3b5f5,19715,a18ee660cf893117f9e12f35178f01319007c6dee196aa513e236b24d8033d2c,-1,unavailable,2,ordinary_transaction,true
sphincs,sphincs-lowrate-v1,sphincs-20-tps,148,29,3,94def0e38695b089bee80d87dd1735382667e305b7af56a3f8bc050c2b140425,19715,067164ce47281042ca4fc2e23b162df6e9f503d1b287bb3524d867ed5e236931,-1,unavailable,2,ordinary_transaction,true
sphincs,sphincs-lowrate-v1,sphincs-20-tps,148,30,3,85eb942c7aea120c5007d215075841555d322179bef58df2d6ab0d27b5737f4c,19715,7b6686552c75de88ffdefb7472f45cdb4f8062ae9ec8172232725a98cd62c098,-1,unavailable,2,ordinary_transaction,true
sphincs,sphincs-lowrate-v1,sphincs-20-tps,148,31,3,7d939edf5d796737d92a8706ab2923cc169833d9bdd11b0c5eeafbf1955db060,19714,4844725b41b7041f271be113f5d7a56a15e694178dcbc3f1158b7f6d53537774,-1,unavailable,2,ordinary_transaction,true
sphincs,sphincs-lowrate-v1,sphincs-20-tps,148,32,3,4b9b153e7fb48d80f8534e4982cb964150210a19f94b4e82cbe890a2e3534ba3,19715,84ca9626dc615a4cf9435ed86d1cbea59f387ec02226368a1a6c75354913203b,-1,unavailable,2,ordinary_transaction,true
sphincs,sphincs-lowrate-v1,sphincs-20-tps,148,33,3,44175f05f03b7117a86e724246e59a5e1c51c480a68a891210f6ba6023b8d8e0,19714,a0a40b7e15d6acceb4d2eef74329ade0bd33f6bd78527d90ff4e18da8d78e7f9,-1,unavailable,2,ordinary_transaction,true
sphincs,sphincs-lowrate-v1,sphincs-20-tps,148,34,3,c4e0900aa8bee1cf2639ab934deb470ef2b14349dd0bfda33ed2e8ca3dc44d49,19715,933eb9bd4b6badf7e7627304ed898aa988e68056489230ff573f2efa5165ab6e,-1,unavailable,2,ordinary_transaction,true
sphincs,sphincs-lowrate-v1,sphincs-20-tps,148,35,3,2c203cd45f8ef67eca1eec2e35fc2032a5140cf20eb466bdd7271a20c39aaeb3,19715,3fae2749091c44c6fc54d0a10723594289f73cb65f90b812a7923814b7d741ff,-1,unavailable,2,ordinary_transaction,true
sphincs,sphincs-lowrate-v1,sphincs-20-tps,148,36,3,2ac9c2de05bd01933e1b5bf24000bfe2fc0adc31c20e4e7e17846c717438f7d4,19716,6851fb7a550559a76619593ce2fe6db552c2b636469327cd8b38fe2d45a95aff,-1,unavailable,2,ordinary_transaction,true
sphincs,sphincs-lowrate-v1,sphincs-20-tps,148,37,3,2cc56ae4a3e62d4abdf79d07425b4770ae61459140c1fbaf7a7a2aa551878e9d,19715,c171e3f41e32ec853a2d8701e4da34bf686445292cc3fb0a47317b459d6c8053,-1,unavailable,2,ordinary_transaction,true
sphincs,sphincs-lowrate-v1,sphincs-20-tps,149,0,3,581aab3015b6a1fb02214ee0b0aec37efe40fc8a67ed33fcabe256016b2c502b,19715,61d3001d410f4c7a43db6e43bc13d33664cdd7a7d39405d87824316f6ae6cda2,-1,unavailable,2,ordinary_transaction,true
sphincs,sphincs-lowrate-v1,sphincs-20-tps,149,1,3,e2e6b9b767811db593dbbbb2695ad3664860160bf5006273684a84dcac88116d,19715,7313961b731386ff13639f084e500375788e4376361db97dfa20abd651a3ff82,-1,unavailable,2,ordinary_transaction,true
sphincs,sphincs-lowrate-v1,sphincs-20-tps,149,2,3,fcfefa7d0e44ac3cba4cab79d94928b39b8b17d53b01dad00f34a02fe3202106,19716,19b506e3f5e7b0ddc56bd983f448d7e91cac30d8907e41c94198370524e0fd32,-1,unavailable,2,ordinary_transaction,true
sphincs,sphincs-lowrate-v1,sphincs-20-tps,149,3,3,f4a50ca3908911a51c88bdde83625c525ba456d4d64b641dcf61ada9cde8ca29,19715,1b7211c933f0851b3e064c8e625625726aec0d6b8b4ec6cf588064ee8cdde533,-1,unavailable,2,ordinary_transaction,true
sphincs,sphincs-lowrate-v1,sphincs-20-tps,149,4,3,ba810fcfd609df1242b34865723459b84c6392cb01600f310425e80ef2e34fbf,19715,2e6e6302bbfc4c66eb0571e1f0a567473553dbae40c5e1cd39cfa80658bcfeda,-1,unavailable,2,ordinary_transaction,true
sphincs,sphincs-lowrate-v1,sphincs-20-tps,149,5,3,76e08d21a5f6ea5f865a105e07b276488af0b85631bf9d7c6c08e3ff3a2ecb9c,19715,afa7180b4eb5e408d91b9e04e5aa1a066cb1311d878ee8435c5e87cecd99f77f,-1,unavailable,2,ordinary_transaction,true
sphincs,sphincs-lowrate-v1,sphincs-20-tps,149,6,3,e442b57cc60aa96bbc2b184a24fa1d2209088a0da9d6fa687eba1900044c4381,19716,0062fac19267310685d02e5d5dd007e9fcb779a76fd3c7d9737bb17315c36230,-1,unavailable,2,ordinary_transaction,true
sphincs,sphincs-lowrate-v1,sphincs-20-tps,149,7,3,89e8e2028aff49e51cc7588cbeb01853bd01530964a2d976f049bd5951cedfae,19715,564986bd8e7136f01a81f724181a406c6760e523183fab3df1807dd946c5f375,-1,unavailable,2,ordinary_transaction,true
sphincs,sphincs-lowrate-v1,sphincs-20-tps,149,8,3,e5f1d8f7c39a5129822749451e2cae29855a729dd1c12bcc67aa3ce2ff01beed,19715,2fd59f1a5db31cb6a4a11904c6d80e227f185cb711f193ee300f1b590c2b3805,-1,unavailable,2,ordinary_transaction,true
sphincs,sphincs-lowrate-v1,sphincs-20-tps,149,9,3,33fb6600b5954147817681ecd80c276569808beb57b1d2f4d623f0528dd85ff7,19716,ae76a479caeb8e5b75760680ef7b44fc603a927cc292c1c7a70900879fdf05b2,-1,unavailable,2,ordinary_transaction,true
sphincs,sphincs-lowrate-v1,sphincs-20-tps,149,10,3,f465463b2390a125d11edbead59a5de97aca772c12e1addc41ea96ad74ac7bf5,19716,0aa23747d7f5ace96558dbea6372a122a130d223967108af541fd6d0b4830d60,-1,unavailable,2,ordinary_transaction,true
sphincs,sphincs-lowrate-v1,sphincs-20-tps,149,11,3,eaa085a61a95fda96beaedb88c4f5d52293d8dc780f826c80cda5945364c2e29,19716,e870f76d17771f30d3a9346a03c8842fe6ea64bcdd6a16f454ba7d3af4b4f753,-1,unavailable,2,ordinary_transaction,true
sphincs,sphincs-lowrate-v1,sphincs-20-tps,149,12,3,da5dc881525df3b872677c89f7f2ba792c211d9ea67cafa09f067da4743f9d79,19714,3b6587b8a186e4c490519642c3569e891e4a26bc8e968930271b49f6ab40ba6b,-1,unavailable,2,ordinary_transaction,true
sphincs,sphincs-lowrate-v1,sphincs-20-tps,149,13,3,39f7295a313d3a830aeda8cf1549365c3cce5c6fb10e04656f617d16840901b1,19714,68dcea6f430307cc0bd62b35f859c02aab8ed02e4eb4c41d942a926c513c7600,-1,unavailable,2,ordinary_transaction,true
sphincs,sphincs-lowrate-v1,sphincs-20-tps,149,14,3,4a0e3e94cbc8b1e42b5b8b47dc22e3fb5fa3291d56aab24d3f12fe159e9e7a0c,19714,8da9f22dccc84b3a398a9dd26049db5ab9f2a2a470d523726e34fcf46602a65e,-1,unavailable,2,ordinary_transaction,true
sphincs,sphincs-lowrate-v1,sphincs-20-tps,149,15,3,a8059b1758ea8866504059ce97f337340e1d02e512fd34efd31b614ae429ea79,19714,7199cf895a5268ce8b02967fc48cddbb45de0eb517b5f12ca8df5fc53b4166c1,-1,unavailable,2,ordinary_transaction,true
sphincs,sphincs-lowrate-v1,sphincs-20-tps,149,16,3,03d45cff30038b0a7ff1a504493637e06ed50d3a5088e64cdf4474be10ea0548,19715,8b4fd38a9ac2b0aa5deb3b31d1f73c973a689bc818c2de0e464451baf6164252,-1,unavailable,2,ordinary_transaction,true
sphincs,sphincs-lowrate-v1,sphincs-20-tps,149,17,3,a2488901257dab126c27801a5277cea89e3f76c2a754f051d3f55fff629122d5,19715,50f67833ea752d729bc1aa35f663e6138fc802abc069f1c9d146d228cdae18fe,-1,unavailable,2,ordinary_transaction,true
sphincs,sphincs-lowrate-v1,sphincs-20-tps,149,18,3,d9c99a293399916aac6f25e7e582d2545141a5d90472ec177611cf9857700ef9,19715,a3cc29b5188829ef5c4e4ddd10c8be356f841d3253aa9d7744eaf7be69dab304,-1,unavailable,2,ordinary_transaction,true
sphincs,sphincs-lowrate-v1,sphincs-20-tps,149,19,3,a86c89690ee73b3ec0e295d3485ed4bc608f31231c68cfb7b23ff60f64113b11,19715,78724c08c6bcac7ddfcfbc4dd79018f8cd2a1b1959607c907028db8a6a5181b7,-1,unavailable,2,ordinary_transaction,true
sphincs,sphincs-lowrate-v1,sphincs-20-tps,149,20,3,76522b7132ebcd608280d46577de887879a8390e25cd2388c912b6031b057073,19715,d0d771c183eb6250f7a7d2c23c0cee30c46b04561980b2137ef6d405cf6f53c5,-1,unavailable,2,ordinary_transaction,true
sphincs,sphincs-lowrate-v1,sphincs-20-tps,149,21,3,df27ac9a81698337e9a2caee0711a0df2c48c3ebd421f97b8a8feca6221009bb,19715,a3809268bad53c237f177c9934d93fe4e0f526e62763fd874379e1d77b619db8,-1,unavailable,2,ordinary_transaction,true
sphincs,sphincs-lowrate-v1,sphincs-20-tps,149,22,3,51d2fef0ca790de71ba701de6a35207cf8123d865cc825451faecf6557b12c3f,19715,bc4bf692a434d1dfb76c89bf2ba54cb42ef74f25465e4e1f1d1d26019ade89b6,-1,unavailable,2,ordinary_transaction,true
sphincs,sphincs-lowrate-v1,sphincs-20-tps,149,23,3,bfe4db8c1c5639e2339b0894e2a1214198d0d9ead7e8487b5bc4991ab9c75d21,19715,1dfb2b1835efe7d72d402eba783c75a1f2e1a480b3065c7115dd4e02a6872d06,-1,unavailable,2,ordinary_transaction,true
sphincs,sphincs-lowrate-v1,sphincs-20-tps,149,24,3,789bffc8e92edf1b97a3d303c0aeff1e8e530ed6214411be1b1e75e4915255fd,19715,98f894e788e4500b1d5f3dfb80722ee64bea842d8dc2764bebb1116832b36988,-1,unavailable,2,ordinary_transaction,true
sphincs,sphincs-lowrate-v1,sphincs-20-tps,149,25,3,2caa807c2c925f21a7804b42d5825b5a629680a69c58f5e4eda3f19605a95d91,19715,45465de6cb2e4e6b3947ebef00d665bbb862e9ffbb11c1570967336be24585c7,-1,unavailable,2,ordinary_transaction,true
sphincs,sphincs-lowrate-v1,sphincs-20-tps,149,26,3,9108233602569040777789a50aa6adddf6ab6f914b4ceb29c180e2d80b8ee216,19716,77aced20811616ae4fa107e64f302b1d20a0f3bd9a616d349aeefc7e4842c50b,-1,unavailable,2,ordinary_transaction,true
sphincs,sphincs-lowrate-v1,sphincs-20-tps,149,27,3,d9a959e7e7cb443c6611f4e421c4eed1736df13ff949c2aaafb0132c09b0236a,19716,8fc31930c5d2e5a3ed4ebe3b9d8b4713aa6100a9ef68df331cc92450224ddc64,-1,unavailable,2,ordinary_transaction,true
sphincs,sphincs-lowrate-v1,sphincs-20-tps,149,28,3,fb8f2cd3ef21c46c7d1d26c32fc9f4b8711c814311b2a2755ffa7f5a5396bc21,19715,274e9126b6d0bdc4adf212b23d99285a330bd9d446b798c5b0bf2f822ea2241e,-1,unavailable,2,ordinary_transaction,true
sphincs,sphincs-lowrate-v1,sphincs-20-tps,149,29,3,f0b69c0b4dfac30657085705981bc01b98b0f3cefb6e2de6f3d729b50c041008,19715,1a414902ec5aec4a057169cc050ae752776e0e0ee8780ed157e6f0507d7b3648,-1,unavailable,2,ordinary_transaction,true
sphincs,sphincs-lowrate-v1,sphincs-20-tps,149,30,3,70031fb5e497bcad122505db512c2a6c1b4d7668556f88a872209888aa4806e3,19716,be9ed40a5b4b331405ec57ac7f4c11dc1110409175d26aede89f6f5635119672,-1,unavailable,2,ordinary_transaction,true
sphincs,sphincs-lowrate-v1,sphincs-20-tps,149,31,3,855497217dc77061eee4556068b9c99f2433eef536e59b44be12e0e167e1178d,19715,75cc41e9c7b48fe8e3818fb0f3f6ef99adf878d411ca8d85e92c6c7c4c1a5c12,-1,unavailable,2,ordinary_transaction,true
sphincs,sphincs-lowrate-v1,sphincs-20-tps,149,32,3,b2750d1cd4527908732adc8036aa5631dee8112f06ab85aaa4ee4ab891c59bd6,19715,2ae445232b85c85242b80021535adfb2c0a79ccc72a8a845b6d0c7fb2d9f7f9b,-1,unavailable,2,ordinary_transaction,true
sphincs,sphincs-lowrate-v1,sphincs-20-tps,149,33,3,f8d1576dae8edafcfb4a0f7406ce7585857fc0c98fd3fc2be79b01696cd44279,19715,18628a72c77d1509fbb54bcce5e99f123509849f31b77f7de7598aa1321fcee7,-1,unavailable,2,ordinary_transaction,true
sphincs,sphincs-lowrate-v1,sphincs-20-tps,149,34,3,75b9a6b9154c101a971bb957e6ed401de7f35fffd7c982fb79f16fb3e6ab85fe,19714,de1b680c2029b7d673a4f3ef85ee30a924b8f416ae708213992638775adb70b1,-1,unavailable,2,ordinary_transaction,true
sphincs,sphincs-lowrate-v1,sphincs-20-tps,149,35,3,96ba0f91826a73641314f6cc7f6aa1ec6c6bb3db22a3a64b43ddf612f05c7035,19715,4b00c65ad969f7c3d6646983a5fd959755996766aae82e505172bcba23581153,-1,unavailable,2,ordinary_transaction,true
sphincs,sphincs-lowrate-v1,sphincs-20-tps,149,36,3,4b85db42b001f73e1d64c2fd13373b5c5fad21c7540b71ab4352fa5a02e6748f,19714,42c588f0c2ad2b1a77e2d9908831c72e8e414e59d7dd436d73dcdb5185ed44a7,-1,unavailable,2,ordinary_transaction,true
sphincs,sphincs-lowrate-v1,sphincs-20-tps,149,37,3,3f9ff03d35938b022b19a4771976e1a528390547e354efc140e1af2c61e702af,19716,fd7946831d5c4c921d24e9ddc891261985bc4bdc7c9c9ea5edefd5375704b7ca,-1,unavailable,2,ordinary_transaction,true
sphincs,sphincs-lowrate-v1,sphincs-20-tps,149,38,3,b1f68f682c1361e0ce3706c26eab17272c7e4d02289d99030fce8b72d3fb047f,19716,a64cd88d97d44d234da714216c634231923dd67cbe0fefe5c278c2aeb56c7d2c,-1,unavailable,2,ordinary_transaction,true
sphincs,sphincs-lowrate-v1,sphincs-20-tps,149,39,3,48725a0a8a99736849edcb4bce5eaff2998d1e6fe4cd7db0a50af0b9e72e5532,19716,9befe4f5c1c8c25942149c5967a48330d6edc5392e5122b9dcd37c95bf696e04,-1,unavailable,2,ordinary_transaction,true
sphincs,sphincs-lowrate-v1,sphincs-20-tps,149,40,3,c3448e9558dc47c7c55337eb305c4cabaa2ed771c9e6538b6df3602ab7b1e3a3,19716,3f90495432d07a2ae3dc4dc6cf2e7a3d95677edec1223a89daadadac4dd85212,-1,unavailable,2,ordinary_transaction,true
sphincs,sphincs-lowrate-v1,sphincs-20-tps,149,41,3,dee39291143b7a52877a0cc9601bf0f5e06c1eaee0d2cf99b84c9475f3e4e847,19716,54a55084cb69198c2ab1aab62f30ea369641ba1630e14b64a64b95c4466797f7,-1,unavailable,2,ordinary_transaction,true
sphincs,sphincs-lowrate-v1,sphincs-20-tps,149,42,3,25fa7366961f88efc1caa216d4e94f3102119197de6d32167ff0af919c4ff67b,19716,738a3369f4a6c49d4f37fc642970f88c103ef180be41287e852da0c445728017,-1,unavailable,2,ordinary_transaction,true
sphincs,sphincs-lowrate-v1,sphincs-20-tps,149,43,3,c339d52d1b330304b3e4a7cca4ec43365b953ddfddb6a49eb9b55a14ad84c406,19715,0555c545dfc93e269531d7156989b9ab72c1afc3e684813164a954e20a94606b,-1,unavailable,2,ordinary_transaction,true
sphincs,sphincs-lowrate-v1,sphincs-20-tps,149,44,3,5f7fb23abc63d64bc4d9a65592ff9cfe7feac4c88e0551bace79d169dd27243c,19715,fab8e4c17d6c7b0928b5d9cdffcda5abefba33908fcbcad86fcf46c9c9fb397e,-1,unavailable,2,ordinary_transaction,true
sphincs,sphincs-lowrate-v1,sphincs-20-tps,150,0,3,8b453929b543f8399b0dc2bb6138ac5313a8d893b57f75754bbf7f34b33f8152,19716,602c34d5f01092d8c6b1fccee183e23aea951927641aa76d2caca1c53754c4b8,-1,unavailable,2,ordinary_transaction,true
sphincs,sphincs-lowrate-v1,sphincs-20-tps,150,1,3,e46ac2e431f4d1207008e6fc59b37e4b263d00ed63feeb59951a67e13a590619,19716,b4817ba1e2a2a54e3350bced8a48d53df4cd38b1ea38a239ea958610ace4a060,-1,unavailable,2,ordinary_transaction,true
sphincs,sphincs-lowrate-v1,sphincs-20-tps,150,2,3,75f6d67e54b5498e481dc2166c99e0d548700a83b370eeacc122c66841683e8a,19716,1db97aaaf966b051e34de97d53336930b0e2d5a688e84ae164881428e9a95bee,-1,unavailable,2,ordinary_transaction,true
sphincs,sphincs-lowrate-v1,sphincs-20-tps,150,3,3,283dc223ab703652697e282f81870c5cdf20f89b7778727187988be22c54b1cb,19716,c81994fcd9111fef03ee92b1dbc30f9d48dcfead867b1b5816fe7da76e5f5bf4,-1,unavailable,2,ordinary_transaction,true
sphincs,sphincs-lowrate-v1,sphincs-20-tps,150,4,3,63611448ca2ef95bc810ccebcad039b7081c90e07989c2bbf30b34dffc9115c2,19716,0f2c5daada9a677ab35b3589b11b74635ec320256904d1d151b17fd88346f959,-1,unavailable,2,ordinary_transaction,true
sphincs,sphincs-lowrate-v1,sphincs-20-tps,150,5,3,32f37e74b9c14e09073693cc5c3c166ee1183ef5a9a3c35f4357e2af836a4d02,19716,6e407c12db0c11d1263174c784281e8c15fef07e18a55a16000ad9672ebbee7f,-1,unavailable,2,ordinary_transaction,true
