start_offset_ms,latency_ms,status,tx_id
0.000000,2493.547484,success,4436e3baf85f5f223ac88c6668391b3bd0331ee30144e34df5e23d5e0e89b574
43.330661,2450.428757,success,aeda4072904ef6c65996a4acecb2ff51f954e3076fbb0571a323efc85476028e
89.797862,2404.225420,success,e4af22bc328de0dc745c172046e5356955f8100bd6f123d5c75ab450520d3cbb
134.346819,2359.878449,success,3dc1de91552c465fafbbb5c0a90ff05ea6b0a5004cd0fb574fc092967f63f6c3
179.569213,2314.854143,success,c941189fb745569beaf5a04c4f6c9439b312e54f3ff1a93f69c7c2d245dce855
225.655406,2268.960338,success,89783be647522927de2083b71474770f2ee76f9f9630ace81962498b3ccfbf51
270.398093,2224.429145,success,dc8f84e3b12ddcfbdd9934406f792b70cb1a0555978fe9904e13d42b6985263d
316.562877,2178.689292,success,f405957fd187070298be44b274e7484500778cb9030d01675d183d398ce5e2e6
362.168422,2132.884327,success,928121197b4a45cc8fa6eae511ab0245f5680fedbc400038f97124fa1c1ab242
408.233315,2087.456420,success,ba070499e9478dd62bc4271304a5a223ad13d9e7225e3a50df5ffa4a97be4948
452.392407,2043.052480,success,1dc0db6de7c138c2f4c3df3f5dd70ce44ed8f2860cd72ed51f20bd91be97874d
499.660298,1996.659500,success,0497e5b506009f8c30e060ab2747890fed97941aa41d0a4161d18067cabc2bcd
543.219314,1952.714197,success,b6b73cae37333b7e4e4a54f8b6a98ca1d668f2c366dfffb413a228ca72c96372
589.685604,1906.440545,success,35adbc83aadc5a2c2a0bcd73327016f8deccba373f34eae1aa59c32ab5867237
635.043486,1861.471084,success,541b9587c46c1df658022d46c3e224a5665de385970c6f95d4f94216fa719b15
679.960025,1816.755710,success,17c3e9536a300a691b1a0ada0819966cd83bd3689f13f06e7c58def862e11c29
727.161349,1770.130416,success,9a59e34d3351cecf847a7d6f5c7bdfac92eeeb4edc1ec70804f51f52ea81b2bd
770.150897,1726.759930,success,d5924afacb66134b12b4fb1934eae2700233872c2b83a6d15270ce1b60438d82
816.841455,1680.257882,success,fd8d8b3f3180e04f20e657a17ca46dd1de03bb2973c62ca1c98a8e752cc9f07a
862.308825,1635.171149,success,e4b00e8e3454c296844a42a7d1b341e74e512ec07e9000873027f3b681a17e72
907.413021,1590.450846,success,d01bfa71a79f77cd05777aec4b32ba38070d665df92ecb143614df855dcd0eb1
952.805818,1544.858007,success,22a73a460a95dbaae661f6e2f4b36b26db27ee80620bf44903cb87f851de06c7
998.905075,1499.157261,success,e094a635dc4078b8317bc19f200568001078322886671ce2989d79f6fa6dfb7f
1044.248738,1454.194746,success,375e26dd87547d6dbda31c5c83693b7f804216156786778b52a625fb822b8455
1088.579246,1409.673214,success,962ad209f3f7b7abfe6ed4e347e53acc852bbcc3b992b0b92fb991efdc1a6b23
1134.540509,1364.289854,success,463aa7d26c93699447759eddd3a2c5fc449481af1c7ab7a5f4b37637d19e156f
1179.701143,1318.929970,success,57cf9d6ab0767b41e2e7ad9670d4df8263c64c803a0874e6ccd664b89d4a83f8
1225.564900,1273.638045,success,8b900e775e875f4b3c283cd1f0788c7005f5a87e9db7a2d8cc0ea090fe569d16
1270.330399,1228.687212,success,4b28dc6e13fe6c76b24ddf981964a16e2466eaf753d608aefaaff5aa2e44d544
1316.466075,1182.926031,success,7167bb21a7b126d02d86cdbc1528f57fce637d02398e928d3f57ab5e407e4e2d
1361.641226,1137.937737,success,65a6e0a7412fc279cacbce6ebf0b137e2ee46b0ecd6d4e9ba6bf3c7aa11fb164
1407.182607,1092.595987,success,9c34591175187e85b1900941b128335c3d205fca05a53536db93771c9b25cba2
1453.112721,1046.850776,success,8581709afd18e3fde9696c9ae0bb873bab2a4dd82f72c586a90e11aa8246815e
1499.836029,1000.516802,success,cd490cd80848f4ee14a13644099b9aa21f68cc85321d1e89078cf20df1c8e5f7
1544.199480,955.959210,success,ae51c1f3097a8ded0cb0343b0e236c5e45f261e0363b7e3b4710bcd1a5377548
1589.228402,911.318089,success,36405c6f7ba0a92cc235b3189f172d0e685b54d60b7b58e606389300a8cea908
1634.925921,865.817206,success,85db8c2b268b0ada2c312ac88c893a5d20febc04271f495656511254c904178c
1680.507800,812.795627,success,c6d4deda6c70f647aa2762fe85ed60f2729b1dacd520fdae3fb2195421112b9f
1731.769085,2796.753524,success,5bf726107c1fb48f98ab16dfb5e638a89649e688495bc375b1a21f556b2d930e
1771.216728,2757.102312,success,bf6dd0a26076c12bfb428bb3a01e08eeeb1706f75f6beb0e95acc470a108ec97
1816.421275,2712.760192,success,5eeb13d60cd16d030a2e599a074b9423197813e1a969a2e7207970ec83bda622
1861.226178,2667.510500,success,edeb922bb3d123b4a7902e7d2dc392b36818fd6a8058a73e59b08a90f12122d6
1907.857569,2621.527136,success,b6bdc410f29d2c0847c71d1db513f3aba8542e65e472b59f034df4219e3357b7
1952.172576,2577.419465,success,3b072015957f339dc0c260004b2de76d0c847a76475a0aa0f560219e00594675
1998.344720,2530.624642,success,792aab658fbd3f87ae8fb432287dad69558c6bd6ade08782f7cf4d696a50fb86
2043.977293,2485.824539,success,4451e33ff42fb22440c01a2cc7ec4a596121b1d9270bea9217d15b5c76968eb0
2091.787786,2438.207235,success,ba0213801cd58a147801b230367771211da8d136aa9eba5a59901c08a1389fb0
2136.067936,2394.693008,success,78c87a1c861427e259670e3a9f06a0be63b1dbbcb3b361d2b036c76b5d23af52
2180.501420,2349.874509,success,78b82429338ea8510b23784a7742a7f71b27e0ae500ee8e45e3f40792d0c9ea7
2225.345697,2304.839978,success,c713aa5224d90ae71f7181a990913fd32f4d80318464d3a10c4484c5935403d3
2275.717973,2254.845844,success,d5b8ecaab3eb221e508aa9af7b72224f51f743eba8944a72f19900abf2a9935f
2317.009796,2213.966229,success,a35e38cc87ed7acb052b53df93fd4fd125349d30be2c594bbb89791861b7360e
2362.549091,2168.618059,success,0cf0d6f567b6567a91ff7c03d69e755b6f956bc3239f4cbc86442211d7aa45d8
2407.944782,2123.622311,success,c0d97351b0c258ed6cd4f00e985c580c4e67388bcd3da194f6a823a3bd8530ef
2452.538220,2079.231621,success,7141423db3f19c8792ce988e1f56c85e5d42d7a897dbbb95ac84e4ed6aa4c91b
2501.354544,2030.027977,success,bb0c829cb66d83ed5dd40140fcea6138371ac857798e996154fce7d9ae943c1c
2544.074445,1987.909545,success,76c2068e4486a666f89413b67199ddbbbc6a702e4f2b62ec9b5371112cee4359
2589.843559,1942.343549,success,bef141619e8bc8b347fd04e4b29d65e09df5776eb0175ff99f3ba43a3a81c372
2634.219442,1898.170313,success,fb582693ca257e7ea1bee69c7920dc0e2fbbf49d5992c26ead93a20d1fa7e2d4
2679.887323,1853.477564,success,a9f2997a82f1cbc885dd2383329f415050fc68e56200976fb2b80d654d82a955
2726.324292,1806.267498,success,1793c0f2f3ee4d3f02c2d14f3ed083e0d85dec3d4f7ec561d3cc604b2fcce423
2770.429709,1762.373505,success,e621735f88e2a8dd3330eab8a79f2fd949e53dd9ea961efee77efa77e2ad07da
2816.206327,1716.975791,success,e26f6c3480be84221f70f0514836b5c440256638655e1f3bf714ee92f7e1a0dc
2861.752404,1671.796915,success,e32d28899886f7bdd70b380d9417dcbde8c734a1c50fde24d6731ca38149ad6a
2907.491950,1625.504213,success,a90ed9e6a1f79ebfbf526b44e5bfaca852e4c24e7223b3ab7ad065fc61e6db8e
2953.090406,1581.404479,success,d63f9decc2d57ece6a9e6e3a81a2bb6ba858425d44872cdad9f2bea0e522e35e
2999.282496,1534.838224,success,097e016ecefb6df5e20c117ec0d0c4a34887b710e1ebc3edef272db4619722e1
3043.827049,1490.099410,success,b1aaf6e0529efb001130088c3b283e01e516ab33e1abbfed3488941383081252
3089.126745,1444.616374,success,b38529333ece055587292e44d6a84113e909434451544d22f1aa43d9c65c868f
3135.829440,1399.230735,success,8c847dd8cf1eaa3baebc2e252bd2a7e60d1b726ca18ea86ddac0162c390946d8
3179.148523,1355.160687,success,3ae68f4830d89156db3c28a956238bef48b7967ddc2f75423b2718f41214f83f
3226.835819,1308.041025,success,69184e392627c2e4cf339b2748b8ce6057851aaea5d6a1073fdc8681df359df2
3270.945241,1263.729517,success,469399ba888f3c69d0ace36057ef40104455c727a31ef2942ddd0f49d00f32c5
3317.334197,1218.467373,success,16e158d36e26af4166e9a60aa46e59dfadd224d985f724620aa17010222e666f
3362.042033,1173.199077,success,fcecbe54db665f91c15e36b01d8af2485d20608bba7b6a7732f08fc9aa503d0e
3408.194767,1127.227339,success,f56742a9d5811819575c673efad63134729dff2b221bca58b97385dd12d0346d
3453.032671,3078.810645,success,429b708984f9d9b9ba47ffb70e99532030dd01fea1a1c5cad2bff47c4f314d81
3499.175447,1036.431562,success,d3fed1ef353a42a510d51a9cbae1df5ec405bc05063b7833c4e6ae79d637d238
3544.265072,2988.357923,success,a44ab783c2e1e07d3d50ba5bf9cac304fe0142de8c2cdd697f4260c81925fd00
3588.167429,2943.468661,success,a2a869aea1db79006d5e939751102db8e8f6da11bf0f3b8ff24f16d92c14805d
3636.089012,2896.143858,success,4bbb1a88fd358fc75b09f1dc197898c72c8a7c14eff5f964b5de8cf094235bb4
3680.825872,847.237370,success,8d0c119b39e6561b5d1328278506c2dbabeb627db80c5d752912d3d42ba59cb5
3726.744019,2805.292957,success,018305df461195b40e6536defcffa104ef8a2358dc2484aa521fea780f6b041a
3770.167101,2761.270620,success,d39dc1819e88f3ae170a409def08d77e33ed5390698a2d3f1e0fc36faf7b1a2d
3816.754205,2715.665351,success,42b2ef62daa141975de0f3ec21896b89b641f6179609be2591324b20824951c9
3861.223805,2672.388850,success,d4b887e09ea1baee958282a86c9764ec585be57c6bf8de9c53e5697f5e5b4f6c
3908.000309,2627.510120,success,147bc81bc859211b3a3ed75234d0d850c4fda160c89be3a5cc62ee2a1f418d83
3953.272801,2585.810231,success,63fd4fc336ae7ab260c1b1facb27d72914afef282305cfa686580d2664d74f57
3998.800540,2534.413945,success,0c92afba078f47436bfe796f25bd5ea1f7f0d9d0226ea9072746ae3020f35680
4043.249299,2489.773700,success,b04e2688e00cd28214fc0000ba260f3e25405985a57a1c4603e3784b2ec24858
4089.112539,2444.703144,success,f296fd0ceccd98087fc6515f64ede238ad601adb86a81915cf748e9edf7a333c
4137.801466,2398.818031,success,56113b23510a96e9a4bf0cd576886f389205c07abed1678eff33d2f8a3c29de7
4179.283749,2357.977183,success,b5a7983121d8740f0fe243f265653276abc2ccaa1b4aedcf30844c1e09313cb8
4225.800166,2308.782541,success,a663bc8e9154c1de8db0bfce3096879454a874bdb0e5c7a482df6aa12c6bcb2e
4271.483743,2262.726664,success,6ac8541b98c5bbfa02cdaf7d577d887b6e985b99e87d6546f0c73e6df4e1fa89
4316.850325,2220.028868,success,f6b21b31bd2c5e4405ed47e844629459eae1adf7c351c548fdb3bb322ebdd028
4361.146903,2173.992648,success,e958813dfa31fba18b98e9bceee0f1bf8c3350ec19e41c785aa482226d4688cf
4407.490881,2127.356221,success,87b317f94ed464f1272ef7b5cebc48f00a8a9e6d8b611950448235f979537d51
4452.833988,2083.241340,success,0b28012a02325ac3c24f92f9808ef9d0014d4c9620b399a683817903531e6706
4502.220607,2031.190653,success,f80cb0bc9a80a747183206a08d6fe2ed3bdf0846257c9531cf14a2ba93225167
4543.536032,1992.739929,success,1962086424d04133bbace08e5d87ed977062ec77381375776ed48ec0da4a0b54
4588.866244,1946.088895,success,81c3c3115ddf8b8f072b8a7f3b563864110a0bb11d5652721c4642120ee07dde
4635.172590,1897.649595,success,fcb2c2b80b750f4cf52f176d95ef53ff0ce2ec5d98d9ec67d53e3f8c28f9c892
4681.155669,1852.865396,success,3611cf00ff81a0ccb1bc3e1c502bc8e73a228a51b254a119bb5264ad17b8c770
4725.367966,1810.524493,success,b2325ce595d69bda9f17b33a9e4acbb52b6058d9c0ed8d2c6d7ce1de2fc9ba4e
4771.089055,1765.992294,success,dba7496d2ab6fb3ae9ebd475ad9edbf887073434757ef9c597b14cf7a1325cd6
4816.187635,1719.514380,success,faf947704b7331c3e188c73a9ba23fe8c0f36bd84b9eee93d22c7b2a3efb6bf2
4861.229284,1674.094549,success,725ed42baec1e7713fbae425bc8449dcd7865d22cb82b051578389334e6d456b
4907.260494,1627.136479,success,ae89a924a8f0259161ae93c01e9dca4507441c2ce89560a40efc4634c4975b7f
4952.761069,1586.142420,success,08a03e75578bc58511de35c7b161905e524d22cc5f66a524b81bf47cddfe2431
4998.440166,1539.309459,success,40fe915d7bbb037b8289e675491bf3ed80ac1f8d0f63e5295ec046bf8802cbc5
5043.206680,1494.363513,success,629d71de6d134a59bf72314b2f4fc8bb53ed8a7ac4126fab66106fece7442678
5088.296771,1449.070003,success,2ca80d5e6e96d35cbf42bbff620181a2d6ae919a2a5754cf0beda9871dd16dc3
5134.379168,1404.137342,success,8a862512c034a3e2eccfafbc3cfe6c29acd368ff312ae59f14197fcfda630b98
5179.204104,1357.231752,success,9a4e5f50e21f416c073fd18f5f75bbe999f44d510f634b121a651f2e73677dd6
5225.783930,1312.352334,success,556658db71889371e0f2c28ca6f0cf53ec236f5a79e51498c21acb7ca0c54fe9
5271.761827,3390.858412,success,4ae6644d2081749ef788115124aed00ff886e21467f065e8d30b59f03a164971
5316.650765,1221.299393,success,0bfa90150fa5da9c0f6f09dc9de0699a1b082c87342f893de22e3519e3446664
5361.768309,1176.936100,success,2e98c7f13933f5b6c6c1c3422665baadd19179049f6b9300650dfd29eb606e65
5407.127164,1124.021776,success,8a92e38f66d6dd79449349b96f77eb6f19d0c2947b9e77d5d93e9847d9f8c32e
5453.799498,1084.534453,success,1cb94645b71d1e9cb5f35f1d25a94cc6d146b3e695a559ba2395ee4eecfea4c3
5498.207657,3165.157094,success,5f31419f3997fc107d54bcc1b56e2af8470e8949608a7e7a6cc1f8d1c363a0c5
5543.301225,3120.444473,success,d17687047d64c0039380e3a294c7738cc7713e9cdd3b4d4928953a32da7c04d9
5588.740674,3074.265272,success,c4343b758aa286e83274ac9eb3eb8636dfc1089d91e30e4a0ab1b5f10312f373
5634.234878,3028.585904,success,d5ba7b5c7399e8167c20af48d15b37eb9febdec1e672dc2320fd1b0f036e46c2
5680.001772,2984.281433,success,34b649eb40da1fd00b340697174420de7052309f0dd9524fda3684050658eb45
5727.137390,2936.787771,success,408e637f218b8a18e864f39e8179efd69780db730e156d31528d4afe6760cb6d
5771.689475,2893.014393,success,54dd86f53268f74aefe9021544c065e5d8e35cef445886dfa13f3be4f0b56d6e
5816.267528,2849.396353,success,06ddad545783b9d168ef9af048470861a43c1bd09fa268351cd15989c2c74bcd
5861.231127,2801.954632,success,f9f94ef2c8365fa4eedbccf3bca95657758f92f11bea2b8467d7fa7884e80310
5907.855087,2757.430262,success,c33159d8463df3a95367296a0d4bac00cfd8958f80a288bb294cae12ee768989
5953.505326,2710.036613,success,5cfe8d5c5d8ffb6ab0f454f02b653e03ff882f5b868df2cff5267e8d3164a492
5998.754700,2665.708248,success,595e25aedcf5e8414a3c482af36c08cd99d4aeb7a32ac523b87293dfe6648a5a
6043.808902,2620.295942,success,ea2b69dfed4b7ec42dbd9a9b9f4e8969545e341c07c7e045e714b9ff14ad032f
6088.144130,2576.951406,success,b489c70a0aa62276133cd1135717a830558090f6f243c0f9dddc9250546cbdb3
6134.164657,2532.309181,success,e85a5a711b9122a4c03deb41c120d09414b83e7b672a72597f7dffd7adc02114
6180.627679,2484.849987,success,4039f16c0d7ae5891f398c732292f8d488df543c1ec0b112d2548c5873245060
6225.145165,2439.754166,success,8439641629c7260708534d408fe21c17de220f4ec85efdbfcfcd94e897dff54f
6271.723397,2396.958367,success,c186866d41a3defdbaa2de6812b0189a19b6458b56688446a6cf916a937ecd03
6316.724407,2349.142502,success,5cee19f040fd44e9bdd863368cfedbe24372611c7a2133ac9483ebb8517458f6
6361.143185,2301.235413,success,41d9e8c97d1a68586c68f2eac49d2d81e425e81a7ee008aef4b04e6737dab10b
6408.221762,2261.193774,success,7b09659b474eb7e9108a70b522d4cdc08eb69e028aa9abeb53aa2ceb89e4638e
6452.600043,2214.366486,success,78b52349083d50cd322186fa4c20b40abeada112575143dd4a7069bb7fb3d832
6498.807376,2168.712941,success,34e9a36fa74ba3bb92546ff99fe1723b56da95dced447840cfefe4431c0d27d4
6544.734234,2123.390076,success,0f39c5be483d2c2337697ecfa3b40101badf2e60d14107e1d5d98c3fd2b53d12
6588.747788,2077.314875,success,59c1331029ba44c8493e0c40c1cfee8e4f2d9c16db7645eefcfeb31db4f02b2a
6634.181104,2035.596513,success,331cbc7f6c4003ac47a20b934eb1caae3a4f3fb6088c4c8a33f3b0d3641878bd
6679.186311,1987.097705,success,19fadee0fcf1407df742d3a4d8fdc6bab9c5090402be2b998d39e41b6a9823fd
6725.899341,1942.972056,success,fcb27b3f60d97a65f0edf9ab7ec2457cfe4f9dcfbe2551682e1a76bd60a06d56
6771.526947,1898.452716,success,d71552967a44b898b1690b5371cdcba7de6619ffafebb537ae41c0686489e483
6816.174362,1850.476434,success,dfcd26b3c343b2972f5fa772c49f494541469217de408739023d080b813cf123
6861.826223,1806.480595,success,9adaa7696fee199536a830a629920b3e9eb0c131dae323e7b8926c90fb79c9e8
6908.800930,1760.250300,success,6058aa27602aabc6602cbff0274eab543543ed2afd516268bdacd9cea65d8ff2
6952.773404,1714.380523,success,040532f50f65ad88761fe0f5198c10dae7d0891e677aaf03b29dbf0e870da7dd
6999.501851,1667.832360,success,89193936afa9547cce44f95772042f0d66b3bf0af37e8c5414bcd0f3aff3269c
7043.867446,1625.722944,success,91abd2bc6034df87331d0342639b0e73314e02203b5ea0bc7db9d36a62227e31
7088.493728,1579.232943,success,01b77c9385cba8c1a58bd2fcf08732c0991c8532724622f14fdc0a4b35fb5938
7134.193871,1535.048564,success,82a829271b9d69838f6049032ff2357a9b74fa27ebce4dbb1aefccb10ef6a6b3
7179.216711,1489.286763,success,810788b80b42d7464a624394051de3fa07ce3f9a8a6912c0d1492d1c84911eb2
7225.570532,1442.355129,success,b3b86638e6efb4579500e8137a5e4c157cf7986e8aceda0b1b5e97e799673278
7271.019305,1400.059657,success,33d613a2cab6bbf875f4d7fe027af3c598a352c70ee7d0aabcb8bf93aa533489
7317.275350,1352.887924,success,d747e2cb52e814c577dbc062f519a11ebcbd6287c9e40c5a1c50a71c9ff31b79
7361.197368,3252.562253,success,c095e1b9b1632b6762d52c4b155f932e0e5658f65a1759b92d803da30a6a4e39
7408.015736,1262.515771,success,74468dcd7ad7dc231316bb4367e3c39146e509edc5ec014c505d957356baf6fc
7453.148566,1217.565870,success,2e20386d15ded22fa92bf6c10179b37a8ad76b1a1fe5a436e7426cd4bd597d8b
7499.715594,3114.378155,success,cb5dc4a603a41484706ecab39a0fd62747e043b151bcdcc37319567897977b4c
7543.738404,1126.618830,success,c7eff21df25b38a0655e6c1af93d71cd5334d7355f6d106a60e4296717af0752
7588.125640,1082.765784,success,52e3dcdef487e2bc698bd52d50d8f235dce496e872fcfc9a54c7b2a0372af958
7635.591505,2977.806766,success,8783ece3e414d3b7a7353c9809a8b4e0f21d83c6d62c34f651ff9390a21c8a1e
7679.143987,2934.431693,success,09bae6a6a90ac7b422d52baeee34db6c8f5da2551e5478359240964915efcf8e
7726.727096,2888.397221,success,515b6230f8b33b2481be72ee7abfb2047e34d9deb3bbaea8aea2848920ab33d1
7770.506351,2843.753064,success,1cc280d952edd2fd70f27415c65d9b8d7e20b756e5e093b8a7b6a96ab982c65f
7816.747217,2797.179262,success,67f20c002e58f1f589b728079f00e7f722d9c7f9a705f0fb9260f58cec8142d6
7861.912477,2752.509699,success,9928c8e6a2ea710e98578a7f555997862715f89150a5aaaee2e44877ddd6beb5
7908.612528,2706.843252,success,95f48d0dc0115a822c36550b8871d0dd4ac91b373d4bc02f5bfde34fbe134c36
7952.221887,2664.533865,success,7e564b7731f6f9e9bbd48b2ead24607287c0e3fc45c46de9043af092114dca89
7998.868595,2615.712615,success,9a506eaac82077270fb950ce709cc0c9c18daeb2ee8da0a7069ef7cd537209f5
8046.012784,2568.928353,success,921688582581bcbd80f073b6026ef2302fae8086afb234bf35999f228358599c
8089.226848,2529.433842,success,ad214f87cd82e26ef598b6b5ea8275153c1cdecfda0df90d8b634aa5743c434b
8134.541253,2483.004107,success,ef720a8b6a041a28b4871051580e6c5d40c6fe05ea227c22f06be566a9f80158
8179.140021,2438.571787,success,a9483c460156a00489343574ee0896232c0f9609857b6025f5214f2f16e243a9
8227.849108,2386.924930,success,fefd9d9c25882dae2dfc628094f85cf5d6a77e6fc1108a5bf3fc93377dd20527
8272.508412,2344.724100,success,b3300653bdca997b1e8f3456f47ff8a3e90c62e62b4639c07cbcee5a58b89022
8316.209496,2301.179686,success,1c9aee6d1acc9b87f5d6382d563042cd7db250eafaba5ec93e64f0f33f61707a
8361.205462,2255.379825,success,1ab68e34c331f7af6eb9865d3c25f93f9f776a259dbe0c330888fbacb491d9aa
8407.229973,2209.038749,success,8f2d7596f3955a67da24f4614d9f5d5e9491231a3d18bf84a17a270112e1f04b
8453.324157,2163.592743,success,516df80b1aff71d0b2c075b03b9b8a5d0b73e4a0a7c8c5b7fceba17076e47517
8498.455482,2120.376395,success,b8cad32c419f77d46709365805db8a4025f3793b36280dc012c0f2c0626e8d45
8544.043830,2071.747801,success,a8257b53ab13341dd94100a8f2983aa84ead572143df9100a639aa123b287970
8589.408410,2029.090000,success,cfa969eb656e40a148be0ec8f820c11aaae03589bf58ff1cfacd48a37d6c385d
8634.585683,1984.897087,success,835ae34b40b9185b7a4b0253f1f5bd5ad06ce6116bed9cd16ee3e6c9a2c23d25
8679.238063,4208.166628,success,12915a6612a2b44779ff582e05522001b93fe714be84fe6c008f73bd0cb04100
8725.717863,1889.898002,success,6f6f7977fc5403afa249c221cc09c1cf76842dbc6ddebe88a11fdbc4890331df
8771.318635,1845.755675,success,91f8b03f3ae2d09eca84264f065226d7559660cd139c27d77ebff7035ae611a9
8816.195224,1801.676048,success,74f66e0440437d5ad8b1ee185d2f3f388069ea0dcedefd3689343b0d3f54ff7e
8861.123379,1755.301141,success,2c633bfb6c90c9a7b469780697275b4117f660c930e378a31b6e4f584e77afad
8908.158588,1707.135012,success,9d4403eb6a1224c7612dd52ebff95952f374ebfeb820c5ef6af8aa0af6ed5fd5
8952.199500,1663.753279,success,f177d4823cdc9fdc090aa6dbe5167ccf2fa7fd67660fbf9778a1955cc00293cf
8998.903656,1620.293779,success,3f751a84f7d869221d0c22c13ccd65ecab8cc4211d37a7f9022a5871d7a28ca3
9045.261812,1574.034391,success,84319852817dd427f8036c9eb47ad1a641b6699f8738f7a4a4b2bdf9ca9ee255
9088.303365,1527.809940,success,8d992bcd1bcfb20b403008fd0cded3a4503a040510b931f72cb2f809ee1d0d89
9134.484202,1484.501649,success,daab3b0e6319379fbf86e1f7b4e9e9bca70cda93921fd195570ee0a7969c2580
9179.263473,3709.507607,success,181c05c5bcd2e00c2039f8afaee12c4de1e20ece26a4c9f14952bce9ed587328
9226.087639,3664.132287,success,32f58bf9fb265effc4a28cc90246ebf9e4afebe11ce279a4b3e2e0396deb8f74
9270.994263,1342.180721,success,45e0b3c4989eca0efa34f0db3cbabe1c5cbb9ac4cce502719bb053d0b054c619
9316.375844,1301.807394,success,08c9cc42fc0cb9815f3fd7f3818341153e5ea8e84263dff699c4af3ca2139700
9361.317014,3528.562432,success,b2f4ce43823782ad484f2e4430da2365b5fe312f9a98aa3bafe9d6c915e18f4d
9407.220623,1211.119695,success,16bb9cf62165299b37fe304bf19c4f70441a81e4039f4b41a124c61cab0398e3
9452.850879,3436.657439,success,ff77ed95a71c6e4e4d8d290443acd5d3d1285f206602afe16a260c8cfad261b4
9498.558783,3389.015372,success,cff5b3c93db6eb1985c399d277ec84aa3f98343e4ec8a1d8555e986649821f3e
9543.725313,3345.254616,success,dcf338d59f7a784b51e369a5364ebcbf33b3933e8d889ce758584c263a1dc2a3
9588.115542,1029.932919,success,edc114560a48b5b9ca28555922370412ea91ef5edaf3bdae6a884bc646295aa2
9635.227527,3254.096338,success,b7469aae5ad913ca1c412d64dd8bc14bb1bcb6dac4c1dfdd0fb761bcd6181486
9679.973995,3210.914248,success,2fb00d0e43bbf03c4f8455c004e3e69f90be31a7ea195559c91aa944084f1f7b
9726.064811,3165.727628,success,a01685807569ce5b2076d1157041ad8bceb03d2d8295663cdc91bc1eef85ba87
9771.903154,3119.542523,success,d39f05987b418d08d16a94c9f494ee5199c23dd265dd9e1797be10523ce6713c
9817.937251,3072.604340,success,600e15c7e9d0bb5bda477feeb4f9b65116fef86341e6e7ef98c85723257f1de7
9863.005002,3026.678801,success,062b4a4bb54f3d4ffb3e83699432bdd3af97cf0926e65385bba4a9286821dbd1
9907.880164,2983.200276,success,128057f01a90f24add27aa1f554721e6d89d7437cb593b64a5345451852dcefa
9953.977420,2933.111278,success,4217f9a8b655aa8af7af54977a2b501d147f8bcac86a2465667be7619a1ccfef
10001.370851,2889.893119,success,6ec817c8ba80a00e98ebed840785329042117eb635f95646e4665b414fa9f737
10043.822486,2848.127213,success,99f0bb7f4955d8300a22ecd10d30f4c240f00839df0c60f5c1660dc7740abef2
10088.994795,2802.613863,success,50a30d71bfe66ef7af1a8377d2fec89df821518153a826606d6691037547b34e
10135.785185,2748.921324,success,acdae8a5723f498c35a4140df2b97f857b42ce5014652ade94490907c9da7047
10179.889485,2705.140151,success,27a5b26cdf95bcda4dc4b9ddadca0caa3dd1465547f5c5387409e3e7ca9151ff
10226.251196,2658.937043,success,d7582f9299b6359e3aefd619d60f72a1c3c9ec23faa43d3c3f0d91e53a09aad9
10271.015617,2614.811061,success,786d08ab1eaf31730a7807570178c9b0ebbc8801afabea03891ca4bc5e49802e
10317.131238,2567.000243,success,b301d9db179dfd68339edae973ac14b1566b50bca1d8447a5fd013bac6695bf9
10362.422865,2522.449020,success,de83cf10620258cc6e4bd1732830884980fa8d7b7694206d906bc1b664402205
10407.988917,2477.994260,success,c96d732bb2592ad3eddd9d92fe3b60c4bbbc57f0f90b1542fa6802f65f5a5d00
10453.222023,2435.934242,success,745b4d906c22283bf25c20e61f7a05e2d3aab49e05d9b59d78b7b8b8ea2c4496
10499.263873,2385.270026,success,e42784ce54429dc595accd8d27c6725ffeca327d98317ff8dd1774d5475493fa
10543.707221,2341.635723,success,7856abbada2faf93b9b31c49cec8c93b2087611bd0462b5d8f2e0bc27285a3cf
10589.428669,2296.979489,success,cb57eabe9de9b6312bbb24a303e25afe87a231780b2523d44d9cc630fd3adcb2
10635.136622,2250.361008,success,5be2528c9ce22b7b4d96f2f8d77bf2d6ce274aa471304ae582d74539dbd0853b
10679.213930,2207.709071,success,268c4de46598c508a874c771bfa4d4d171010e1ac06efd82008e6d511948f078
10725.326756,2160.330879,success,34f1c6177f0175bc420729fec3e06ba9247845b8ccb0ac1738df67784dd53c25
10770.191438,2116.401483,success,80a1922e63684726154e4acace7b545b6c00a5e4c0d73b4d558ea12f9e0800c1
10818.765364,2068.480243,success,43b9b469055c34c962e6f7fc67a4aa03f3606ab38fe59b9f9be3b8045162d639
10861.431286,2024.724550,success,4553ac30c7ed15a8326bbe2350329f449e83eafc50cfbf2fb4ef4d4482cdc50b
10907.169855,3865.453212,success,bb3712d1f1fd6439815defc988c77b7197cffb8a98d029fae600b9e6b6d46973
10953.106413,3820.842165,success,2b9a8f49b9f3b90bc56835133d9e9f5bea7a2db51aec896f2ceb863c20100be3
10999.394241,1890.983998,success,ef5c6af6835f899d0b4cea4a9b9059bfe757ddc0d35fc2eacb9b623b1d4ca684
11043.562151,1840.801904,success,f89f4d654686567c3809f6759d15a38789d262a5e942a123a64c36c0aa596e69
11088.136356,1804.156318,success,63cc1b8c897be1688c74b9a0a2381969578dc7fe2d6454ba57bb5c7609ba8a73
11135.207220,3638.381681,success,58082565f92cc88aeadff5b6ce465798e3d93e404d5edd37425feb5f91dd85a1
11182.270779,3590.185028,success,3cc8aaa7ef0855a3aee2dcf85bbe23fd453db72b24af07a4a813f4af57a61d36
11225.167552,3552.471172,success,8371f2f86d0e3241793d36cbc4dd8172e452176bd7dcbbefb3c516840fc05aae
11271.678255,3501.301373,success,a03f493f782b3439634318a6cffd8d99cb3d7b61d9b2e8adacca0bcae9cb326f
11316.194611,1570.567393,success,9756961439273f9820e64981b1a909d58669b5da3ff1e85469545796dae3e6e8
11361.928170,3411.488472,success,e6e27589c3a784eeef20008bf5de2c84c34630f432f68c1e267c3507dbb2c9bc
11408.178787,3364.623372,success,98d56515d3541e9704c636486b04bbb18dd06b9325ff13cdf766a773dd5039f1
11453.906326,3319.868069,success,0120fa3d1ec31503071b76bb4872af1ab3896a98d225c06f113936220d8e334c
11500.454982,1389.600581,success,9e383ab873457902d70d55fc8e6d317f239391291ccccdbca5b91bb0a9e6f315
11543.432719,3234.203680,success,1a02433bfa65318d74e493599f5b65c1f87f3660813e75b909cd2239384ee268
11588.416046,1295.417606,success,d86f8e210584773c14f356b3c1589c9b85a6f516b3166de3afa94d722b4914e7
11635.014126,3137.260485,success,b4d3d2344359c5da2b4a0f30c67c23f2bfb39d1a848e3ac6ebd9633d0a663f05
11680.666381,1210.050394,success,4c35cc836387dbc3e2c6ac2b82e7ee9cd334d4ac8900e423af33cd169f820ab7
11725.151777,1166.972205,success,ceaf2be8608ab69668452c20e42817f4f9a691d183ecb6ed8dd4fb11a078b0ec
11771.739788,3005.894167,success,cc0fc2a3138b213823027314520307454e729ef5b1ec52eb56d0ce4b361d14ad
11816.514307,2961.136149,success,3a78d8e29bae411ba03e0d5f0513a6601089db896dc7e12ed63832637e3c2976
11861.202088,2916.446074,success,4c72edfb5f40f4925b0d338561573371bc1fadc53fdd01c3b6c5dfa5bbdff038
11909.550830,2863.683804,success,5e5cb20b7d006d5a04a8aaf04eb2ea4f1c3d89fe8b34953e67e034c33f767f57
11952.202332,2825.441602,success,a182a3f7d0b6a76ed70d5cddf357a892a146073725b1307ae3b594aec73e7b36
11998.759623,2778.900512,success,d6414602b4e0e3aede2b6975e5a65db91cff783ea59fc4dbe48f51599f9119a0
12043.684407,2733.596463,success,de8006c0c3ed83baf63e0f223a96904e7bb9579773de09d9ad20781ee3325b28
12088.164190,2689.466528,success,0f7974ed33b9f573295da722a1093f948d9ede4d809f75d4e52855d68a14d337
12136.053525,2638.078082,success,ad89ddd788a9a1f9280903e72a9f1e4d2fc87975e639aba228866f15136aa4d1
12180.657005,2597.001346,success,b62b13a9da7fe93fed773f040be676bbb9a2f149591c7db6540e0e96c15e46e6
12225.196673,2552.470054,success,17ffa79a5d0442f4995e696067f7bfcd4e5afbff8018accd6c45fee0e29215d6
12270.795413,2503.511299,success,2ba7d8ff3f2c3c645817a4707136a7dc1692c2c31fbda045dea1fccb8f7385fb
12316.345911,2461.295859,success,a676bd7cb3b01d23eed2b6bdb37071d9e6d18a7daed68b0c69b0ae9bc46912b3
12361.982213,2415.686618,success,1f1850ddb79dfd73c564c7780c4f6d2e43ebc163975decdb959a2272e1ad3285
12408.834758,2368.817932,success,037cf9d7650192d9989e88715f7036a6492c959403e21242db27313cbbe1dd0e
12452.390828,2325.274056,success,c025475ff9391abe955cbd396b3c94e04df960fb7ceb0550306a8481135cec66
12498.192406,2279.469843,success,6b7ca7d834b37c8da2a576750ba5a41302c1de29c3c8620f54287ca219252d18
12543.608137,2234.047429,success,062530b29cc243dae313ed4d189a177e6d82e8bda303191eb3d4e3fced242ba7
12588.478456,2189.210664,success,d4fe5dc293bff94d3fe6b808bd5580a5d9689e802669fe425812d051394f40b6
12634.716748,2142.984906,success,861f72d5334da9a44bb8ecdbedf4bd056d33b419d35419279e7961bbf2a60d14
12679.809913,2097.871843,success,06a12b816525d0b170b924ae3beb04c78c0e98f926f8da4e20c05933ffc4e269
12725.797576,2051.873570,success,7c3641472e3d54fdf76da6d56f3628120e0ae2c1c6071ba07f51c53d3391fc3b
12771.171246,2006.536039,success,5854a7af9de1dcf93c75cc5592ac0914157100c1bb62f8b4d8aafe5ea1afb6d8
12817.027508,1960.671461,success,720ea9a459ca7bfa7675887e2e91c4e375a984671edefe30faf212a5613eddf7
12862.911823,1914.772478,success,80a69e0b3b874832b79d38f2c075a89ea43a06a477cca14fe478708edc2e108b
12908.379672,1869.297205,success,8a130dc0a468aecb710544a4d7522248820d5edef38a03ec27c27265f9550fb4
12952.215704,1825.470891,success,e72c8dd7d65628a0742480d4fa5cd899766bc426c6352a7cc42b8fcad36c4f18
12998.181915,1779.464253,success,ee6e517bed1b493f118d6e77b0dd20a7e968847fb185ff0060c4c678d1cdd633
13044.331776,1733.347625,success,62566c15565190e6d5e61f470ef79d7c6e217586e42773841afcab7d39764542
13090.846734,3824.512781,success,3a63892cd3c7d2355873e5f601c25677fde847c4126019d3470cd5d3c4268ba2
13134.142815,1643.531467,success,cc554a7bfcd67e3628ed60100dc954804909f8c5bb3c8bc9cd7f8b478059b2ca
13180.826936,3733.608004,success,655a096e6169de671f01eb0a7d6754745ba7a21edfe7863780a7bf976fe31a9d
13225.705009,3688.887392,success,bd3b2dc25f20698745b8e5eed0170dd377287e51e0394ab57e799bfc31e628fe
13270.641333,3643.625306,success,86c5683e8ea528ca4c66f6d0bccb36cca289d524c0e67592402f6c5a76c487d3
13316.149749,1454.035673,success,49f3313a66636195e37b95085476e0de3af85057622f4b49c702472f588ad54c
13362.402977,1415.301272,success,cf21807295794b2ce81290b73ff665f01b9e9e7a5ee552dd352b3465bbc3e5cd
13407.163936,3507.592358,success,7f92ceff42ef421285d32be99b9c3f6ce71be37bcfa85d8156eddcb820616206
13453.605624,1324.106820,success,1b0e0a903396470f59aa291e777a6fe9ee819be672cf0c71e45978b44c649cd5
13498.192110,1279.517699,success,d202041b88975362ac826395e243b30c9a39aed1de8d8f33b4e680044d0f6ed1
13543.170744,3373.094180,success,c10e893a55e0f5ab256d59b1941b5659b7f5a4fe9ea9b3cf75a3af99ea4f1aed
13589.798768,3325.859127,success,c02b5ca8d5fefdebc9cbf1fc696952977ef1a95d4891bae48141ea9a8c0fffa7
13638.997671,3276.973763,success,7f5f177a8a605135c33b90d363298da2e5aad7b39ea1823adcf02f05c6dee187
13680.180578,3236.232649,success,aefe6f4a8333e7117cc0830488d339d01a087bb52e970b21713bdb74a04a4157
13726.386226,3190.789056,success,cad0150ce2d36d85a4ad12c5bfe33c0160b817dc922c97d23591b8716355de57
13770.191780,3147.414966,success,1358c86119d4460b95d0935814a90580c102a27d285f71278bed4f39d1e7832f
13816.156377,3101.752466,success,21137265bb8ab7b67ee8b445acbea5232d96382aab84b3e77453d607b8876bd3
13862.736528,3054.581777,success,16a1adbc5d14b45dc42d4765215bfdcbc6fbde250af4d0041b9176857095ac18
13907.267166,3007.798578,success,324e4d137242544cc93b9175e71fb97999425060150f293e4d5ef13313a751fe
13952.134937,2966.974258,success,48db48fc388bcbe38831ea26f3f8a5696199ebbdd12aa4d3aac5875b35500cd9
13999.135651,2916.077946,success,5e6cc1628f47860dc1079c0d3bc1010422a4abef97240a60f072b199e4f2dc4b
14044.968635,2869.944358,success,414c3934a977cf31537d35c07ecc3d926875c6ebb1368b6a1ecd6a37ae846fb8
14089.885560,2825.621116,success,21172592b752cee39d5e3fca6a256d8e5b76dff3f03194e75916936a6b8e501c
14134.827733,2783.989685,success,1134708559e7664a60da1be2eda98101758e31db0de1b500a81e35877bd6ed51
14179.667490,2739.730556,success,49809b7f2a54e3bb7ebc5d2532c0a4da5abff1d5e878facf45665b9313c89779
14231.118752,2686.644523,success,c52e6513b4b4bf2becd9c068759f5cfdf713555fbd92b082d6e06d92ed06d77f
14271.346674,2644.471978,success,66a3dd4cf3f261a5edff8d18b84117803648453bbbe5e487d27268a33c0c5296
14316.174168,2600.857290,success,59715ec652c7bdaa24becfe4b06fd27c613bca8c43649612dfb7e99324dc0c55
14362.841455,2553.735164,success,53a301bacf10fd83083b62b91e16509e453808b3603071521f4035244e454ddb
14407.635956,2510.708789,success,dc6a980135d8435557194cd566827d07d75fe840c1ebef7300aeec4dea4dce73
14452.310759,2465.888098,success,ce3f97308271ee9ba8c1d364f90de3d75bc8170f86af52b433f7f6c82ea04b72
14501.251376,2417.240069,success,6250da7a79a06a431b12c60d684da687340d863369e4a01225653cd2bff64efd
14545.091806,2371.025626,success,8c9c7e12ad6d913cc06722a9c3ee5877978a57c166cef051cb691525049ba049
14590.350393,2329.191628,success,65c8c6ca69eddacd86084576ea652412e03efd30c5adb5aee68d80cb7d9e466d
14634.648637,2282.084301,success,f7bc38846f724f18fc3650d23d9d2a3c470a8bf89ddbb60cb5a1b625ff09f36e
14679.283192,2239.375783,success,bafe21d31ae224c7f1f25cfefebf72fd5a19ee405bb189cec376bad9ee8bbc20
14725.264109,2188.793501,success,255c1325c1346c219da7160908fd04c5f60e2a282419629aefeb3db1e86e1aae
14770.698792,2146.184884,success,e8e1ad0a1fe2c32f446ee7cc1b9bcf181f146e714f7e4e2e9527380a34998074
14816.752348,3997.690617,success,3881f746775cba3721fe1430b337871a99e9a3bd44f1ca561fadab7cdb1fd513
14861.109372,2056.354551,success,5d16f0a8dfeb22ba21c972dca42229b3043642d2893236fe794c7b2f61b6ada2
14908.651969,2009.403143,success,f0d26b0abf9bff9f70e18c9559fee94d96576f079a7ba104c01d1202748985e3
14952.156545,3862.304665,success,ee969e7ba2df74f98ed8ad6d34e5702a0768868a4a6183d51e8c14ecd02d2959
15002.878382,3811.570284,success,1514a0a12cdcf86a20d3a96fb9fed8ab775381a15bece905125fd084c8e9a2d4
15044.179111,1875.506905,success,04b11c5f734d88c326c9f72e7c272a17def17bfaea315150a20abc58dcd88886
15088.169094,1831.674623,success,b9fdd2a3e6d2947891a8611df5319341760a2161327ae074dbf23e36e944ca29
15134.361563,3680.101952,success,279726c0ea579dace3ea7008486cb3bdb6a18c18595481511c07582419807452
15179.169418,1740.819035,success,60dda201e2f470d84ba0b2a75fcc5994875c2d0afea51fbc12d95fa2538d98c7
15226.761569,1692.491210,success,1abac05484208ba43d7bae5ab626a23cd84a610355b9e3a9305e3a8a23747307
15270.187425,3544.266111,success,1ec4d1cccd5a6cfae475dbe39b2f265d62317ee8c36c3019b48fa2354674c7e3
15316.848268,3497.591080,success,b1b4ea857ac529c9b219133473f4e53b91e6a2ceee2de65ed8f4a2c3a3ae8798
15361.122804,1557.841364,success,8fb663750a54a5f8f795b51cf34e02c4ad1f5b6398e1003db4c97038a0e4b7ff
15408.524392,3405.961616,success,b0642ae546377915686964d91003402c81ca31ff642951538da2e0867073dd38
15452.142735,3358.745213,success,06780b3fdd692a4c3c45d4c572d6bb9ee20da5c65bee18c404d9e33a9c6cafa0
15498.182813,3316.310689,success,15e186651f6905710c0a6d34c9beaed96cadecdc4158419c51ff38d6ae964746
15544.024322,3270.441757,success,3ce9d08aafb6b3d005d39d3f652bf4b7ba84b90e573f72ffacf1b9e7a751a158
15589.126218,3225.381641,success,1758f3b42ac285769c8fbca283d52ddef9f1b9ca6c37d2ae32a7bf4c64abccf4
15635.235848,3179.242174,success,3c6a64a2944afb44ab744b118f6edf736d4576fc00e0bd7e77e793f1ab2b6edd
15679.995341,3134.475628,success,8272bca318eb7d4d77e3682fae23542bbdfae79c86fc0ff08da910d1ae537ad0
15726.565300,3090.751031,success,cc7aca12540ce109e452c22beb43fe4994a52ebbb9b10e3be073f8ed860c98ae
15773.535103,3040.983557,success,f31e78d7559ed2ed4b2260e68325599dd2b6897587137b160bfa98086b6604c9
15816.491824,2997.983824,success,14b6de30e2a8a0c525ab5fe28e56bb746c6e1bd99af16ef9b5ab239299d493d3
15862.146684,2952.366606,success,f38dde8ee2134a5e86e8cf67173a6db58cb6f0f3f8406d8dd861444aa8e95da7
15908.177803,2906.268188,success,b7b641229f1f2497f474c77907fad076815c1f58e93724deb226b4bf7787f38b
15953.958083,2860.530379,success,dbec9963f3e243bf8a1667fde2a22a32f8a97d3dd105aa9d68280820d93284fa
15999.488115,2815.010266,success,2f6aa2e7d2f52c8e6a002f29b403d8feed4954bc3b9d8f7af4d037a19c68e9b8
16044.029159,2770.427122,success,9c0666078959d8d7cbcc393d2866382091c12dad8cfb9441e44fe1c20c92f10d
16092.391629,2722.099568,success,3327f29a2eff6cd66c699937c9fee06a8cae272107564a6deac32cf5d1563e80
16135.085666,2679.424347,success,0b4cd18203b15ae6113523dcbf27675d87301263255a05c3c1e7ad1bafe996f1
16180.733703,2636.531160,success,33f5fb6ff14b0e038fc43a9ee7f3f491852aa67ad9c4a0ae8605146e1186d15b
16225.324322,2591.253399,success,c349fffc107542365d931610950561cd7b092966de5718ed4ebbb60212321c23
16270.951309,2543.551551,success,285b5c0355029aa80bd4b29cae370c0981cccd91061cf38afb3db85898abf0f3
16321.121631,2493.393863,success,e39edd93b65c2c31502df12c878a2741a4248a4a928d978ceee87c359604b2be
16362.165757,2455.147128,success,7dba92e3fce7f334e6bf1281a96a8fc0ddb36da861e6ec50d141b2723477acfd
16408.098599,2406.369625,success,fe81b08cc35fcf497deed643717d94cb2f2182fe60ff8bc3e306ed2c59c3fe48
16453.151439,2357.478727,success,783a363183647909b73dcbac47642421f1b2294d2e5d984ba828cf24ebff2a9e
16499.841386,2317.477089,success,3ff617ce59c2dbc742c8854da80ee95f5a35d515a5c564a5a51f5f994b4f82c5
16543.839293,2270.633780,success,a21ca2f6dc2f6ab41e6d20c7de0ebc858d3c410e692dccfe99c86d5fd032f93b
16588.267852,2228.492959,success,88a55bae7a1adbeb1e61e74a7c35fd5e84fda2c6c9cb4a34626da9183c54e4f8
16634.570048,2179.881113,success,dfb1e1c4c46cbad350cda6cd7f16e4280f84abe33afc4a222df2cbe446f49c77
16679.550681,2134.954724,success,499ec9d243026dd77fef86deeae675b33ff645f32c89ae7ecc6f649ec005ee7e
16725.285234,2089.173481,success,6eb242a36f221d7d261981f122bcfbcba62f567a7e058de8436f009e67e9009b
16770.252541,2044.796471,success,026a9263c11b57fef6dcf677c26574f3b9a82708e81dac3a28d663ddbd1068ec
16816.231370,3990.139517,success,9e6de2c6da04c9ce28333efeb080d878030e1b7fc745ad8c58d8682b7f2b84e0
16862.531611,1951.591383,success,25d6adcc3cf3bbc85d4c0ce05cf875e2a882eaf03c426a306303088dc306ea99
16907.409817,3899.257767,success,3bc990749654544b3c6a8ba8051d0f242ec3cdc4081569604e2b3add576b24ee
16952.287331,3854.828258,success,58f6ff89539ee762810544cf28dd4cab6e0876fcfec1b89d0219fd8f12977081
16998.141711,1816.338556,success,a7afee922c7e74f748937d8bf3e43e065ae285d822e0212092c9386080a79fd4
17044.642475,1769.840407,success,b3adf00722d1a0239333b1288b61034b9483b89964de178ba04267fb0fe2d812
17088.612426,3718.358848,success,3f6ee15164b57a6829af5b197d1becb59d92ed52fc6036fb82ff6123e84e4a8d
17134.843585,3675.479428,success,db74edbebb093e1108b5dbc96b486cf84fbb7ecc3998c72485bbcbe31d02d790
17179.162904,3627.356116,success,e185f6f4403c6d2884309f1f48204dd5ceb57e95c98fbe83acd29d7b467908c3
17226.126331,3586.593918,success,3ea83b4072eae21d65cb7a8e979650fbe85b1242982bcbb365c61c91884b2d46
17271.159893,3536.687994,success,3e2a6d39542fafe5dbe3a3770fe8589458ef1683cf5b31188c33e168ca1bfb13
17318.662960,3488.595953,success,209425cee95b590497b59a02519374319d8474d012c2cbbee08dfb9e0a87c2b5
17361.150602,3447.271381,success,f0499123cbe94dbb872aa1ebcfa4edf2f5af545313830589b662906d3553feec
17408.834394,3398.714011,success,76c4125373127863acf199421bd7e110842f83fa5348c7410f0ea943ed366ddf
17452.422326,3357.731153,success,5a78aae07408001cb4cd8255e0553dcfca478979555ffc134e7bd1970c776f5a
17498.959559,3307.256022,success,abae030958e93fa19f36f7ed454445cbc746d652d72db5e6c8f619f5a4947070
17544.813749,3262.589670,success,ff438f1d02513f0523dd305ea85761c764dcaa1e803ab18cd4be9c9b89e5fb40
17590.327407,3217.371906,success,70189da709d2882846e1913571aabde3478abe7181643e3199e6c99ac0891287
17635.066598,3178.176720,success,3fc0175330f0a61edf7014ffdf7aaaefaaf51a2d28871dfd843df224539f6fd8
17680.386978,3126.438407,success,380b5e0cf49bd49973845e749dd17f0e8486b04077d5a52118555eda3871a8de
17730.949687,3077.040772,success,291ae80899e9c027da55a13a5f726772f9720c714c2a7bb0dad81c360a93e73a
17771.169568,3041.545782,success,e58c2fea32da0315c3721249f8a1547450b7e26b86fea4e179e8eb4f5acf979c
17817.160569,2993.995624,success,05687c2c9005689063988f46cbba327d5de46840e45cb4bb0e05a5fd5f212546
17861.115450,2947.157008,success,29658185a9ec7d08fd03c438dd6e5daf0d0843b30cf38a20a37e8180c148844e
17908.771418,2903.800648,success,060b79a802b4639d9fec8319d0ec06470316f74e329dca32cb11825bace78655
17952.299784,2858.343931,success,0ea25867968c43d9c153f7998551dc95fb52d3072919a2ddb3dbc378e0fbbed9
17998.978236,2813.739629,success,4f2702768804929ef13c27aa6b1aa153baa1c39ae69f43f68fdba889f2014afe
18044.206167,2768.522559,success,d4098f20636f6f55002cb9a0b3327af6f4398acc2bf92fe0daf6d614021c9b5f
18088.872166,2723.841090,success,c6306fcd5837d0e5044a858c68d39d52d78cf26b8e745de10d4956d1296b6b6d
18135.667721,2677.065153,success,8115e5f6ca6d20798f2e52f973290605dca8b00c7b53620a32d5ebf9b3a07b32
18179.119341,2633.611529,success,ecbe2d6556d537ea6aff7c6fac3176b3c45736451fbb9244bfe85168e502ab97
18226.111571,2586.902309,success,7dbc42b46a65975dc247d3b84fb4dc4086aef029f0ee2264874dbe7701c9d08e
18271.106548,2539.891053,success,44cf48f1d9cb4d4e1a87082e47b5afebc25bd3042a4d9b7f9e7a708aadc7f4ef
18317.870692,2490.260596,success,5550c25275c964dd00d7e13b6b7cc6f8e9917380f7079ca6486d17d00622d4f7
18362.086732,2448.397729,success,48c51f11e6f5e499aef97d80c0d6fb1824058b39ab005e4ac3b0e8890ff2993a
18408.117637,2403.192931,success,7a6ab90d09a7f73fde32e1f1520c57ac6e7935ffd0fba9286f123dd08852d471
18453.675158,4485.638835,success,6f691ea709094d4115cee2386b616440c16aef7a9eec157b4cb7e741a78325dd
18498.122188,4442.706406,success,f2e71d530261e473c12f34170b8c25af71b0e8c4e38d8929a8d2138bd2aaffdd
18544.136011,4396.387681,success,0803a77c0238a98678ba534b8cca5a3670573c2a0f9e999eb89a4abc7095c140
18589.118053,4350.970328,success,e4a6f99a422e44689271a4382c8c68bfbc37323de5799957ddafb5bddfae54d3
18635.783269,4304.885871,success,55b435bc5e1aa9f65dfe9ad3218dea2c18b7f603418268080e9b67d039e08877
18680.094109,2132.628445,success,7a805b658161b0748b0b2021a36ec536e281da1a233110e7ab145036f228fba3
18726.511843,4213.719571,success,b00bfae34471100292740ef2576f115a45eb870c83e9ea8f42dae92ad103fbc0
18770.363777,2042.360831,success,07176cac711b393e1ef6327e235c3cbff04981d181e71ed76cbfee4d02e7515e
18817.786058,1994.924713,success,130057f9711f8ac2d55edbe8aceece0b49ac8806dec35c3c9c3481d8f91fe91e
18862.195526,4077.594486,success,400ae5b2a13dfc9c8886400f8c8379052fd418f339fa3edbdff658d53772708a
18907.131007,1905.595524,success,a2a98902eaf176e34ad2096063528176970e8057b118c6c6630400e195e28c45
18953.634903,1859.100235,success,4ebcbbb268f1b9de8e4ec0b37c296270816680b465393d4ef7e7eb9421035b7d
18998.532412,3941.408147,success,2a51aadc95cd0889309814255fdcb2e62c22d1f856c1ec14e32cd47cfe96676a
19043.718853,1767.119103,success,0be9f8fb2b55bf3088f01c6f519a94829a58c53ff556141cb0fac4481a26461c
19088.222640,3851.248623,success,28c2b8875aed9b44a599496762c1d5ac02f056333a994d601a60f72afa12ea3a
19134.856043,3806.119853,success,9d70f0f35d3c94df8e5e71dc50e65ce1b8b1adad5ea525eebc256f89662ad30a
19179.837022,3760.539850,success,1f47ff1facbcfe9216095f0f365b84d67d0165612bcb2c4e1dc19b4eef66046a
19225.446600,3715.815853,success,8ff191dfb568af1a66132a78c5a1a5f688ba65e2801fb4c075ebe506ee4ab7b0
19270.162342,3673.125407,success,d0948b9a0be63fe8b074399ea0ffa859c7ac0811e3f57165f7295b2191888d2a
19316.841653,1489.176822,success,b7b7c9fd5cc95da8729d5c619e6a2284e13db06a3913a4dd4db7486ade7f2c6e
19361.492712,3580.768317,success,d967b195860fce4860711b80efafcf37b9278bf6920c8eadd74bc1b1c016e928
19407.428713,3532.195352,success,4ef10690bd395b83ad96ea511f1398e863c39eb8234d4c05fc48ac5efc7ea2d6
19452.103497,3489.562236,success,600cb823625541fcdacf767bc374c6e110e65fd4f55fbfdbfae18542a45c4427
19499.532008,3443.016039,success,c35c1162ba7923bec75368ee3128f2b1fc5e16072e086639cbdf6d96745fa47a
19543.182577,3400.271279,success,1427a0f279e71a144313e305dabd73859201cfbcd8114769b845237100fc1213
19588.365310,3352.754280,success,d0c5f8df68fa45d826d26e515295f6f0465e56b2567f170fc45adebc2edc7dac
19634.978816,3306.993963,success,43e01e9e69d0b227e50fa2e007fd1135c43231f6a943d79ddae6ecc94296b97e
19681.269855,3260.245611,success,9564117c4a1ecac8a0043f5b0d0f965b47bc00de4e7c25adeea763fdda690194
19725.119293,3217.734087,success,1e69c7902d1cf5a36fa53cc78ae7027b32cc784d43f30cbb94513c2aaf96251e
19771.706368,3171.292630,success,c0bc59368e5f9d4f367cbcaa7921f32a99aa9de817cb3313347f33d344baf71a
19816.312130,3127.863935,success,b1be9b2651407ba9493a0b43c349930b520d2f2a4e7fd8eaf0cfac026251a661
19861.153531,3082.745255,success,366236fce6ce2d16ebbe872022dd915b2b2412bd3bccb88382340735a5aaf89a
19908.227954,3036.090262,success,f1beee1bc9494c76b320617dcc5ab320b53d8d90f1d562f17c51a8b31495ef59
19952.955657,2990.797681,success,71d8d6be9bf376f223df88c0daef585661e7483c8bae66199ba277b4aa26ca7e
19999.234672,2943.455667,success,92578d91527eadf3f0d9029edb9418bc8d0a3fe4d25039e578347356652e0963
20044.745711,2894.381425,success,67986d1bcf8fdfc02e4e17fe1b9835b8c614f2ff85f884378312e7b2d3a59f78
20088.658779,2853.167400,success,d7acdb9ce9ba5fc38774ac90ee42a30baee18ac741cc8b20db0e25351d91bc29
20134.098521,2810.655347,success,8de4f9e377bd0a93b0d1d73906e6aec1db4be715027ec4473f20e5c2d7708f8a
20180.089556,2763.947183,success,924fb6e9fd19869174639211a09b5dc63960a3682c151ce48ce2863fd363bc49
20226.811887,2716.332528,success,440337c51651fce902c32ebb35c3853b43f9f8942f6ba28820c8923dfee6e753
20270.131201,2675.202053,success,7b498904bdbede09f0f8a1fff259c45d793dd1164fc9603b9b859933b35dad47
20317.085545,2625.031048,success,3d4f6708f25ac08ea4955320e85def28264ec71164f63b9be48a0a7a856217d3
20364.153346,2580.743174,success,3be943bb39a81226387958ca4d1fb04bfddf4a41cfeb89cd12c87faed738ddde
20408.836294,2535.624825,success,c674ce79c55f3991b22ec0e21fca817601fa06e88ee977cf048b8200df569701
20452.171879,2491.425391,success,40bbbc7a9f2b3b2abfc57ac2ff5871bfd14fd95215a08a09ee6babc5200bb9b7
20498.072512,4514.903012,success,d2770ab12015f03d1d1f763d8e84cedeba2ae11d758441701fda6c4fda386b44
20544.401381,2400.791315,success,1817429457bf4f25d4aa749c92ec15d6b73209a05cb9a2150cb9139b27228b17
20588.147771,2357.340278,success,4574fa1e411049698cc3a3c86874a44be7f389df9a4daced8fc27e6edf7adf07
20641.084727,4371.427592,success,430cb76e1fd520f83bd7e48a6ff65bf7e16f1ec9f1a1ca8d5ecc22515495becb
20680.739826,4332.720383,success,53aeaf7ff18d0c0a026c487df9a703af0455b20fe634e1c66a083efa5e59c364
20725.341859,2219.260660,success,4ca4c5e36adfd40df972c11557f30d3f8de72ac7f14a0155c76b0769b6d3e899
20771.431993,2170.970606,success,1d1453db62da2f1bad306a750c99ef17cfa21014af04c683d5cc899159d9ed08
20816.228056,4199.646181,success,9164601aad548969ef6262e7a46176d0ce7147aa4d9a6119e3752c3fda552ac7
20861.709688,4151.107924,success,8c9059489ded57a2b64953d799964fdd9f07945a69aec8937a3c76678acda881
20907.308362,4106.004025,success,a5c73dc7e8d828e7f24ccc2d6a46da635f6bf3d58db8e27842909b1521dc623a
20952.116597,4061.940582,success,3513b671592b3608c58b538462f69bcbf1be6a4df3ccfda46ba5564dc7f40432
20999.154399,4016.123430,success,1ba6a7b46256bd5f84da4b806004a1832923edd4d8b7da5eef552f71f93dd039
21043.638295,3971.489557,success,46e68f1dc2e6c02e472ee32457ac1ef4f297ea9a0076db80b35da8faeefe179b
21088.663614,1856.388273,success,98fbe25588c17a1369677ff458c41af66953721dbb3a6a9ea6ca9b526ff34a2d
21134.480104,3878.174808,success,5f32b6438cbe52a16a9590ad442b93ea75549c3560342e29d8da5b358e3bc7fa
21179.146568,3835.485508,success,8ceebce3b7e56c59121def4ccc35747433957ef3de6a5ff9fe7f232c96dd757f
21226.821537,1718.806740,success,af42ff665774e5d953f796c825a86329b66b7f5ff8dc74cd243db2e778403bff
21270.116883,3742.245570,success,31e2050c754e41c81d2e246bbd79d9872a077dc5700cade119e7b6e2b5a8078b
21317.607269,3695.544701,success,a403423f7aee4a63c8ab2ee8b0e231124c2c7cc1e47065a4af1de1cbf4c1822d
21361.127034,3653.077746,success,d93fb16e8412ba95ea9ebd8fe3776b01c68c0dfe080028257d36d13d1d07eae4
21408.117465,3605.797061,success,f24b88c0487bf173343fc3b2568d0b84e968126f394187caefbedf4475f0a74a
21453.179906,3562.245304,success,6017da3644c93c111a8830dfee23d76fdfa52a439ecd3a9b4dc6e206f7221338
21498.118650,3515.482227,success,198e6fee0ac0e796b6457741d76a06f639756244149c94fa362f033355391848
21544.835198,3469.703750,success,1e1068702f8e3e545836baf0f41477fd7a9dc9d3ce97cbe7d7282dbae459a655
21588.177976,3428.272311,success,5338c8426bfab2a246815e38ac9aa4ec8d1f9cfbf3c152e48057316458022df2
21635.528234,3380.043255,success,6e05aa7cbf4bca8af740651436c2e618dbd242ebf579e2f8b34ae0dc5148ca18
21679.350737,3334.994992,success,d4f354a1bc4050996ca06bb89e5f1c49913976197d3b804196a872c71a672714
21725.173489,3293.086603,success,77ed92851ed8d9d4b6127bc2ad58d2d39375f1a7b0f79c72fa00d2a0fcbb72fa
21771.779396,3246.196804,success,5da1c02c37a7b3bf152e226f4aae2f076ee9c2a323d233e9b271245a278b0336
21816.136640,3199.589665,success,f60aa0aee89c6e3130fae9ce6f97af9bff2ffd326256aceda78f92f1f0ba30b6
21862.780138,3155.780948,success,c8ba0ad32a25454dcb1a51b2ee809ff0416e42712724bbb2959192e058e05667
21907.375094,3107.415244,success,5c53df8d90a17b91708978b846da77889c07b971952e93d96d6e4a851242b228
21953.041195,3063.572574,success,c88bca35346adca8215deb78ad50d2f03f8c0bf2c4628f68402bd83d67a4e7f8
21999.768422,3019.285064,success,2a6e6d59349b1a31a59c9e5473ddec320d91d578750c9f03996a5c81dd484ba3
22043.562219,2972.743903,success,e98deff1c05860f103c7d6c380de05d2acfb618c3c38c366400e263cc5252eec
22088.142407,2924.062906,success,b1c9d4163cd38ef0fffde232c9f05c158960b8aa74e6db2fcc4171c5871fd459
22135.172532,2881.601904,success,b5b172a0286459467fce5b6e24fba63c42702ee153380df5df4f1b6d96f34eaf
22180.898527,2835.264902,success,4c9c0b9f9a5e7aefe6e3ad4d0292d9f083a8121827f266f726feaa77bc75c948
22226.775551,2791.626672,success,24383cccb4ba80433d65f12d54ee74bcec08364c080adf6d4b5b46c61b6ada90
22270.103739,2747.164309,success,2a7284e336c739a415a00a01498f99240d8355b7e323bfd459df09c8dab75ca0
22317.151367,2696.615908,success,1eb33bd6e5f2a6a4013304d1b8b4dd50b2cdb31098d68f1eaec7be11ef4a39e0
22362.848538,2653.170636,success,808872921c20708e86c8915cee9ff41d093efeaef5ecfd12590b0112accab65c
22407.163108,2604.774544,success,ee6fbfdfd8eecfc36a4384104181f0f3c70c0b15291a1a29e1d23865cf66871a
22455.168265,2563.597512,success,c9068bae45f9ddc2b3aa245ee53eb08ceaee1a389d6b83a08d672f43b0211006
22499.848795,2517.826781,success,b6489ffdabb559c60243133a53cbed494e17f493a689f6ef3658b810fdb3ac53
22543.102951,2471.926954,success,f32a44b9681abcd4cc3910807ee36410e95ef3d17ea48c735896cb0fcd6df137
22589.161131,4379.681589,success,3157e51d23025e0b592004000390fe385488ee1171be0255e475ebdcd052b75d
22634.156161,2383.677978,success,2265c658e434861d4b04fd1a7c0b6d541c48c60c1f73e806adbc0308e3dda7b8
22680.443548,4283.923729,success,ebd193049d377a7252ccd2bcd05560c4b018b77f7db0b003fdec426eee4553e1
22726.297057,4242.382742,success,6b55ac9343c7bccd09204035e1e76b389e28d7b8b3380503012593ea9127de69
22770.277029,4198.987637,success,6b535ddd960b6bbf4d4aab23326cfc95de8e2ea785c496930cc6ec4d4c09d65d
22816.397497,2201.022962,success,473a2efd141c78447e803ca60d7e4f64f98aaebc9b33fb19c6bae1b4b45bee9c
22861.968295,4106.136406,success,6cf2d8bfa9274deaed7f07005b06350655e181d537ee5740665a7b71428c178c
22908.650825,4060.772864,success,bee764f12eddd0d46c8f6b9f32c1cb4054b081de32de61cf6574b85bf50df51c
22952.225472,4014.997316,success,403421c9f41bbb75b919d18fbdb54cd7fed223dc14496a8e32168123b32834e5
22998.234275,2018.693223,success,8cafc12855a2479467fad6f5db82c2dace4dd1cdbe30eb49ca9649bdf4d85f2e
23045.685593,3918.837542,success,521d73a15e5c25c2a1c6e3ab832cac413076e4fd09e7c51c4995459cb58ed9ed
23088.115454,3881.013974,success,5c95c89d231149eaea21201564a961f6725675792b25eae43b5f578f78fb1dc1
23135.255697,3832.708937,success,e36371517fd26447439a33b5743fd841d1436522cce331573f68fe7fdceeeeab
23181.914211,3782.751305,success,0979b82dbce865545122361dd313c1386de729dba63b329b4dca39738af0df4b
23226.374478,1792.822973,success,b611352ef10957770ac85548f5aef659e7ddab323f7d40b2a6646d7dfb499d06
23270.214592,3693.990105,success,beab3e3de37480a686eaea95ac53363ca64722767fcc32b23a825054dc47d271
23316.170915,3652.084003,success,ac5e2a9307d5a0f0855eef0f6c312e96be57c05f35931d3fc034df5485558da2
23362.176923,3605.488780,success,21137473b0f89d8ed295308970fdee1ac7e140188b3154c1748b8c53c42eee23
23407.900182,1610.216706,success,41c76257039df20857dcda08218af6080ff538d38c109ead45d21f295b1c99f1
23453.154425,1565.755978,success,35ffdb2948f729accd78ff35f983c97ddbaa1546e672f01a57fa48266fce2a42
23499.251377,1517.857537,success,d842e4ef03cc74688ec4045f52572b91e6affc36df489712c0a21d3d2f2db41f
23545.524926,3421.988767,success,1968b289f0e95e2f488177ad2a2a7daef2fe6f59a0706c8c3a730f561eacf757
23588.166441,3376.808727,success,cf5209eb18a08f9bef0081532e1109f27e88ac8921778e4272b364374ebdd7fb
23636.565918,3331.290770,success,c37303a506fd3f5c55e4739d7d24f8664fcf8b65f19263dea585f12ec711f04b
23679.141398,3289.251464,success,bfcf01e6dbced10ae49fdfb9a2e6c9762897d060c1cf3ecd7b1e5edd39b023e6
23726.791474,3238.642169,success,c5e95e30068b5c72ab259787741c8c4d300a79f9257e5a3d89c009b0940f635d
23770.146111,3196.588936,success,259112f5a88e44d19e6c4b9d04f2cabf0b817a793a690aabd6514a18eb1097b3
23822.049187,3143.076909,success,26024f119afe5fc926647fff216c9f48d5f6976a7ba4daca57ac6650ecc448c8
23862.777969,3103.808023,success,20ac6e9ce48a158e0f84ee6ac17dae17da56133176dd2156fc785a9321565068
23907.617168,3059.462407,success,74a471d34234428ee4a250be3c2ed288755dda1d79e14d65592478f80c90823e
23953.351166,3015.192093,success,bcfddf9aacb5537b87b3028066aa1960da7db3aa144070528688e25aeed2ea82
23998.724725,2967.008930,success,e7b41df75672a0d7390cc8854914c08b6606b76f8c9310f4847875fc11b6a004
24043.294469,2923.004546,success,a6694920082a2ece77fe0fc8d7a0cac4e08710e82d71aad338b7d69c9f3d1191
24088.456354,5356.740616,success,5af66a956ed1dd0722c7311e5975245b59f7f58ee5fae659d843af3634f7ecdd
24134.332232,2834.648462,success,8d06b223f78736cd459d801f6e12480fa74dc6e8f3fa748a36d9c37609fec269
24179.826382,2787.550220,success,a04da3fe9eb99cd326498a77aa3e50cb608e1e2252dfe8c978ab6c1cd286f54f
24225.176847,2740.115736,success,5936fd2ad856c8f6b6ecc9938bd05b77957e97d35a94c28e9c8cf3d16006041f
24271.134400,2694.739904,success,d24ccc5ac1ddf2d2abc98adf474a406f06657c68ae7e649b83afe1462fc1c134
24317.152289,2652.422549,success,2c196102d0e4dbad1cb524ec646dc40f5d754f0e2538b67b3de9fb74aed5cc3d
24362.119322,2602.699277,success,7636bd8eb85d6d067f0efe842c2bee37178e889b897c1cda9b86a5d1eab52e75
24408.114408,2558.322500,success,9ac1dbdb27ae91c46b5778ad8736174162ef4d4ff51d44f873d416c3dd058c4a
24453.314706,4985.160733,success,e67dfd15181fa63c535646898307835a73d12a86afa1163a84a680483f3eb866
24498.651064,4945.792888,success,7d9730b35b1676dbf0b028b6371dd2f5c06aca3facc72cbce583ebc353e921fa
24543.730211,4901.036157,success,af63edcab6eee9b0274c207c835b0845fa269d27bb5b66bd1f194ef71dfce4dd
24588.162463,4856.427578,success,b3db001ab0f3c34874b7a478c463c515d2ea5c0ad79fff9810fb2d9612658050
24635.233313,4808.899836,success,6c1778c308d3f950e263df89ff7116371c851018588746a451546cedf858f629
24679.893510,4766.119487,success,e5b3c6765160d6d012f4c3a6b3200cc63376bee56bbbd24f7de6cb9c43c5497f
24726.880249,4717.414428,success,6667b44930e04f31cc65f2415129ce39f75f4b6aeaf02f1de1a123ee83d940ae
24772.246293,4672.810309,success,16effe88d631d6973e1b8cb36cde2842de472a8355913eebbd91e46c2886a8a3
24816.344007,2149.243039,success,7e54438bb8b0c529bfde5f133a6bbb3b52eb1ee727b5e25d6ceb47236d59fbca
24861.066923,4582.837099,success,2816e6ed00b03a219a645b03dbcd691f868640feb3c7b6d638a7251374e30f2a
24908.327563,4540.156962,success,efd28ff43423366b6df15a0512f17b82cfcfbe13bda972477b01a0531b554519
24952.877237,2013.284726,success,b1f008cf69ea89a6e38b99478c894b86e0c5672028bb3401aecd02c94b588846
24999.843645,4446.586619,success,c43b288ebf3a1309009e940906e2409b6a92300f829c8e36a2a0a5a0f891bef5
25043.379554,4404.968430,success,2fc331b2de9bd39b29bba6d56ae76374b62d2cefac80786af9ef70ca8169aa67
25088.083564,4357.254505,success,b97d25c97316f39dc42b09054f84cb0d5cd8222a3a81f9fb408df6c7d89074e3
25135.140945,4309.775449,success,5d4b992e8c2742b11ae4722cabc08b1f83d74cb0db1a74975c4c3a881aac4fba
25180.109409,4265.506821,success,570f7d21bf93a977512c42c4322a26527515ab237b38237b277ce50314aa6468
25226.748943,1740.126933,success,0c2d9a33fb08df963dea240d0f876a57d72b386b08372bebe648b15e5ef07be4
25270.560860,4175.309625,success,1b19671eba8c1a868cf0368347af45a581b9cae3ae30b4f990a44e3bb0feb80a
25316.175988,4129.302960,success,e564ba1c09fc0a7a368759863d6fe0630e205f78430caf4a23f74490c6931d1e
25362.730780,4083.838539,success,24e0ece76b890d2f84d6381dfb80dd50468cfccd86e0a6129e286ea3d8933148
25407.143754,4040.583576,success,5cf878d5fdc652d14c4b2cacee0c912e0548ab79fa756c9cee2f9ca3bda96da9
25453.138998,1512.885953,success,e353002768d9debe4ea94c2c4264b0a84ada368000de253dd4a196caa34727a8
25499.755127,3948.449855,success,9add75aba88b1c7d3996649c57b8c9c6ca43f8e9c0f8f924f2db58dd354a0e7d
25543.256601,1420.767100,success,8e1840faac494917771ed1465e8d41f0cc9d53d226a48695bb8e30702704020b
25588.814330,3860.584861,success,b1c0c0f433ae4979e455d8fda35d3c4812909aaff7f431861226f81424477ade
25634.301955,3813.603645,success,ddc2a023016e0cc886b0e7bc303ec65dfbdc8b0cb8a2b7fa7c5106dc1c4d50d2
25679.196498,3767.095612,success,e8e547bd10ef57434f95218a7aefcc192e71e3651fe6ec4031c1bd1172a1a834
25725.810413,3724.647038,success,0b0d1253a91307e021ee30560773e69d4b9af84990c0a540f3c657d60a9673a7
25770.138945,3668.173193,success,7a4f11f2146fcd00c5aed6a5fd45120a8b9d733e25b2c804777b0116a6a5de6e
25817.256993,3632.416171,success,e9059388dd2373820949a7f788eff93c117ff6e201bcddb9be1929dcc024139c
25865.015221,3585.289148,success,fe37cdb5a91a61c3e5c38dbda58ffdffa414d40dfd248d8c031cca433a142909
25908.269030,3530.418875,success,36936d0208abe6731bde7aed19fb1470f6fea92423f0059b68ca553952c58c8e
25952.136771,3496.958149,success,9eab54f1c0f83f0f540607dff8211492e1f9b69270194a6cd835f64cc945470d
25999.125921,3451.805425,success,9a4a47b172e4fac327cfade9ccda72cda0df53b50676a7ceb3eb6b852fe552cc
26044.709016,3405.438884,success,254b0eb84a2c47613c663dbde82363066ae29d39bf444c19fee66d130d1edf4d
26088.234033,3361.595059,success,5078ed47c373149b0e3d2bb513d1de0e44d283a1e664356dd9197c3d062b9cd2
26134.118825,3316.652445,success,171fbf2903f46129b2b511c58e24f88211d7db8cd7134be9a46ca5ffa78d3969
26180.638919,3267.982537,success,5b2f4020ee2c939934827e4f48b9c8b6a8991e3c4d5904a3c9e99fddf7fd090f
26225.254548,3224.735611,success,9c52fa18754f02b27135c9e987604dd5d26f51dccbe840e8378460229552669c
26270.146334,3177.913641,success,7f10747c9ccb6809b59ff702b3ac01186723093d9772b173e58a006c080ca489
26317.103131,3129.048341,success,260ae24a6eee4eaa4cadbd7b5446ed0f36f4fbdccabbec05025d7462f51ee47c
26362.105388,3089.667825,success,b90f62c53b2ed4f0549e1e13710feaeed23ef0ce06fe596964cd8b37578a1aae
26408.684535,3040.853431,success,02335f244fde3166b36bae162bb3701d572712ef867bbd4bf8674b2b9dcb0df5
26458.071001,2991.181280,success,a2426b5971b9f34720be9bdc191850dcb1868469c74c4f1bbe535dfe3c122f94
26499.251883,5013.534058,success,cea1e8a52e746237e44aba088cec2f1822facdc0189e86dfc49722196f5357fd
26543.179078,2908.765011,success,f5843415415d587eb163fec79fdda7cba0905279326421a12c85a4e4baeb64c4
26589.116570,4921.941864,success,e3aeb4d8f8a544fd13e12ec16b9edfe69527a50fa2ebc3798c135f879ec7b899
26635.097855,4874.957545,success,d844256b0ac9a17e941d175b9f0d88563b13461510f920728e83b83234530c66
26680.753600,4830.538430,success,544cab7b7f80a84d4f8e1e4e9551ba3bfd35dfd1032331119dcb5e8c045e2ae3
26725.260641,2726.861297,success,fea98f7721a2b3ea676d4041bec7b40b9c6ef7848d0478e6f9d6a22d66eedf63
26770.883533,4741.398026,success,64e3692684c01a88221b4e52e2ddfc73b9ad5e42e3b30ad9b78582a64db61fee
26817.988133,4692.620553,success,846945788f64405c34615dbedd28a2bb81aa30e610c4e7ac9debff260119e438
26862.265555,2588.344818,success,bef378d48b4e5e344f601380447aa46bea75f20ec196f5fc018b27e39f317bbe
26907.429909,4599.348035,success,7bafa84861f1157f30e31b0d2c808b65189adb4c18d3252e31d2bbd213f2ba6f
26952.350839,4559.207048,success,60e4e753898311625562b0f6fbd11ba755a1fcaeb3d9a1422241227164c85bf1
26998.925826,2452.192286,success,2e8eaf6e6fbb3dfad6f854d5aa8dfb274e4acc169feb4a631b9cc176f308a85a
27044.179912,4465.236227,success,b01b2f8e31f40fadef7555480a9200cdea045552b6107189805d5114a003d846
27088.892875,4421.578318,success,cdc91e9ce6654786763ae3438ee55558da7e334d4321632bedb4774981f32428
27135.506265,4376.303042,success,6fa2649d3123738c16111c7c02d2b505a7a2c4dcf167feb430e476672c49e107
27179.563747,4329.391463,success,73f537bebf34e51ba7281bf485a08669f0a8ca9e583bca7c3a87ee17fbf62cef
27227.999636,4278.577314,success,8606459a5064f921d8ffb54e6ec025d18b08ff3314d491300fe2345bdd0580dd
27271.190153,4239.971157,success,525d80580d8a529c3538857534897d7d50f26ea3c5d2beb44e8b15b402f30d25
27316.532026,2134.740651,success,7f2adf4351d5c83e7cf2425d33fce67a44da287d5c9863b85371540fb9d1e76d
27361.388874,4147.856109,success,76bbdef749f1163a82462710591cd8b872c75eba242eccbdad748e3265cc9324
27407.063372,4105.304912,success,9145e3761dfe3ad21117ec1e4577149edf899e269e35b907adeb06fd6d7673dd
27453.155658,4054.356958,success,79f7f211056f153618a7c524d6758fb34f86474f3da6e56dcfee44800666f6df
27499.135258,4012.524043,success,638dda12147d0733f792145adca4fbc1e5d93cb5856b7d3a13f4a2d86045a709
27544.328548,3967.129409,success,ba679024da25823e578c3130e03d6e261e5541f763cc4f8b1b709db5d1c85a5d
27588.124601,3918.805142,success,bcbb30ed496f2cc2e645a53ae2caf713aa829e4cc9cd1a01a4cc66b07a7d5380
27635.078170,3874.692436,success,4e7ef00d83c0d17228f73d9924cf4f19e122c4f145f4dbb4afeb175ff400fff5
27680.659922,1770.924470,success,959c0a064c7a071ae8f791c87fce8de17a1fae85a06841c4d601d49b47792762
27729.438195,3781.325046,success,395952712997d8d494a8affe36a82586e5b526c36d66b496585c7bbb3bc22763
27771.511389,3740.442624,success,89053588d9f3d62638720aae692b71f757b1d033a64818f43b9bad25daab2a4d
27816.623764,3691.762560,success,c9fb9441aa45313df07c4e335e09f1d75b4c077bbcac149109c0e117385e20ae
27861.189444,1590.236907,success,c307881846353a2b2b60bef31ef9dab9614ce6686e7b9fb39acbff33e866e424
27908.110380,3600.415320,success,8a74676a1f40f66bbbf3af399842a27043cd23b1122e594e2773a920f49e3e6c
27953.095611,1485.016405,success,7724a6dcec06e74a5600f5a2bfdd0ef5531281aa4687d89db0dec1d06f94a39f
27999.380503,3512.740960,success,b9a3b27eb1b5f3d1b409f13eb1d4187de9d1f288db55497cda007c0bea6c54b1
28043.477728,3467.464935,success,3f8e92153b56350ff60d1ff0a5f4bc64cadca6032a68eab1e478df97edc2a5b3
28090.241825,3418.860786,success,fe560839af34cced3865feb8bf53480e52c77385c31024726f8dcf972094167b
28134.083102,3372.998070,success,4170dad0693e1f10aafa9a7babbf5c7f0a8258271d3fc72ecc6001834ec532da
28180.540884,3329.372735,success,f7fbe6fc19e9a90f1c60c0f21d7ef7bafaf4fb213629cfa368c0510c4efa7dd5
28225.104139,3285.089304,success,ac96996b4ac974798b3288a7992e30639f01a6dbeafd08daf215566b8212efeb
28271.102103,3239.233521,success,825b496e5a9b54f04c10d0b18b0866f9d7e73d51bad29824c38f1ca513ca98ba
28317.447660,3190.363796,success,9668bbf9b5914762f9a290fde9678ea198d5e185ae757f1cead77086ef1f9571
28361.512735,5140.203301,success,615df413d0d7271d716ac13cfe759bebaa5deef11143361b88a75d97a066c422
28407.153387,3104.201844,success,c3e370ddb35b364cafad1cac8950f3b60a15442c62e271283978844a0b6fb598
28453.812623,5047.731344,success,ca1bc151c358d427151fa572ee71f8a18aabff4aab41fbc0156446ff41f9043c
28498.122214,3011.481273,success,34a5a992e4aebf914f14110635a391f7b9c9dc92dc1f0478e9e522717a3c35cb
28544.091473,4957.778266,success,503b9a86e637e1623fe97f4ed76e2e30f7202ac1f1c53069016fa5a922b4ac23
28589.150124,4913.427937,success,3c4d32ea289092438d8be6b752f6dc603e181ce103d46473866b194fc5c27f1f
28635.611483,2872.482242,success,9c22ce5416e1f314583144689ebf70afa897af77c6b0500035d6364582ac0a97
28679.476145,2828.765112,success,083f1d10297a57f6b8fa41eb4d70676c71f244a494da505cc57c19a88fc956a2
28725.167233,4776.845229,success,291ef10efb2e7b62bc227ebb5ced4d22880b182ce478b5907a460ede22fc6249
28772.318979,4734.741568,success,e70ad4ef0832bfdc551b45082669d008ae607187c8ee3c94552debb746f9ba09
28816.100171,4691.556724,success,b46c604b0b869412e4b78fd4b70574bf04c262b28e3cc1c8f462f6090a0a7a0c
28862.668202,2644.704036,success,dcfed66d66adaa1eeea5bb02753a30e29de4eafbb73843376d2054339e301594
28907.482685,4594.681116,success,796d1a027bed5ddee03c05df54b889c65f72ce0be17d7909d4af3c984691f22e
28952.675080,4550.350175,success,2ccc63c6800ed04dbfcc020feaf1d51203bb3683f275e11aa95529e5cbec66ab
29000.842002,2506.386752,success,e880aa1b1d7627b974fb0d5f64bdf1163f1daaf433ccf3515e3c6a00d8f755ac
29043.938737,4458.501631,success,1697c0d066d86c0ebbf53eea9eeb49a1443c61926433dc2ac96f19bda0b89b3b
29089.535363,2419.126577,success,d9fd3df7a78586e3df0859990e1a4114159097bc8e48b036040a2bccfadab84b
29135.151877,2372.800558,success,279407179755c0ee6386915701ea7940512231de15164b88c8c649d701d48e60
29180.028128,4322.698336,success,5ec03e9c4ea1c151b4cc55e76f574db9d104347920d6b1187c499170fcfcf540
29226.134247,4277.027488,success,7290a6b5fd72d481eda5d5105a45401decfb74645f22a6f28bb72e900604001b
29271.772162,4230.531255,success,f3aad80d2f88a0448ac45b993d13fb3473a6a808a57578425e268ab6142dc737
29317.008730,4188.281017,success,adca5667b6fe702ba29e7653b3f8cf117099ae00cd60f433ea060b190c3a7615
29362.539861,4147.148181,success,efea0059d8d1b6aad86cbf795e172ca562bae7d586391b086ff1bd533727c5c9
29407.836395,2104.788349,success,2c5c1f54d0ca951d91aa1bcebe8fbde6058bc50df36130dc0756b115cfb6cd9c
29460.035123,2047.620867,success,8fe99040fd89b55b5f5562921cfd9d9b1207e4db2d5e4bb1dd43bc72498a8a1b
29499.232304,4004.063517,success,70012be0537ddf0f7e389bafe658a9be3142e1ffd6ba7cbecd38bb05ed4c7042
29543.719462,1965.097935,success,05242bb073de5c2f91ede397ec0f7f7fb3793c01d17d76002b1c2fbe4a5e8eee
29589.689962,3920.026795,success,d859ff8ba9eca0d1631181477802d2d2303cf6c529361fa2eae52e1c261c0e6d
29634.448558,3875.275593,success,a2ee8b287e6a356e4aab042b6a93789024c86f7d18318a3a11e13384b60a4a5a
29679.132843,3830.550801,success,ac72b8347771dda85b3dc4a7d402a7230e03fd18d1fd21e22aa69e3e9381dc56
29726.927295,3782.557900,success,1dc0d4bf85ca6403c5d1cb95b90d35ee5f532d58af23b609e1b200df858bcc70
29771.534793,3735.675289,success,3cadbfe47144c967864c4516e74227bc1ff4ec882b0e5a4be53296d987277c93
29816.026930,3690.873201,success,72e9b18d6100c827fdb930d429eda8a57e5846351ff6ff9b7f820e693c6e8040
29862.164538,3647.542490,success,d747660fe6e27b2c4285eb6d7369ad00c640a65477b6af3790f398ea65098cab
29908.562011,3601.174023,success,a0f632da18dbdb59ae7a1326eabb197ce2540410407101ffb83e283e0339a2e7
29952.402012,3551.163965,success,68474252e6182f558e6bfad94dfd73dcbec02aa2be3831025cff2d2a1051cf8c
29998.801970,3510.912593,success,725f7ac6124ba42dfe6e2c4f1bf4d5e557f42ca7894716849cd06ae58e8f154e
30043.899271,5457.949891,success,530025952737b4e4f7c185b26b08e6597e535363e15e2535a48a184c028a88bf
30089.614392,3420.075984,success,b02f1a6c77e7b78789a2dd9dcc20eff860f1b8492b4af72e71575cbaa75b4146
30136.487663,3373.198265,success,1ad7ae0d19a5772228ba63cf6f23e57f97dfd7d70383ab313722573127e74366
30179.121001,3328.237715,success,18c5acf68fa315ec0eec6253de0cd8ed2f94eb51e04d6965dc33dce936ba2a2e
30226.132316,3277.298002,success,026fdd70baac0d3e400538c5ef2f02abec34611b5cc532c78b5715b87abfd611
30271.126000,3238.586158,success,5e1f27dd20058b160a5dad9bd0fa51b52527a76d4977093a0f27a4096e59bf13
30317.124331,5184.291233,success,38ef143952df7e518d20c27e51d52824c0541cd0146335a8c1f5a45a5c58564e
30363.352330,3146.376339,success,028ee085ff39f93fd25eb7c9d44fa896f8a1f7c170f7abdbba63d999fb7c7883
30407.113391,3102.566445,success,1430149e351ec20e8f683aef0d539a7010f63086ef18728f13bfaaeaf586bc22
30453.082316,3056.626866,success,6979ef59f175a0f5a7690f6ce969fb95982bb4c7ec6a59c7da8511c106b3a944
30499.982659,3009.718658,success,4cec59430846c8e94f0875fb461cc853831729c6a9f039c7afe7d119b026886c
30544.254985,2958.623239,success,b3e25b1e50c4721052955ef1e3dd460af14ba55f677a7ef8996a0a6e733ba615
30588.441729,2912.911424,success,140a2ab4f95b034bbc533c14ad92186ae6b2091ab61a194e1d9dbeb38cc8e7d7
30635.064291,2872.444030,success,22dd86e934475f3a7ea8fdcc2d1dff49d0d6edd3b0e2596681fa90308fe5d4d2
30680.415818,2829.288786,success,92e62204e5f15823835f5593a83118829dbd970a3bda53a9eb43f622de0622dc
30725.203658,4777.175285,success,8e85490d729b580ecc49c9575e86b591977639269d8d645d7b1c8e896d1b1a3a
30770.157165,4731.828938,success,aff78d8c37574b478f1052a7c5180929eda7c802282b30207163b5249e2f4866
30817.157188,4684.960606,success,3065b970517cb7bf5b075f1059e031a1802f59fa309be8d98f40bf367e5333fa
30862.171290,4644.274425,success,d8facebf6795984f7f42169718516eb5e25af82de8a5fce59ede933c9a405798
30908.786356,2600.932565,success,75e1f5e5af73515e1032e2ecb6f1321b562b5ac7fd8f8c6d5d7aa00be609a4d1
30953.408749,2553.315346,success,d31f33ed6ba7dc2827deb89995d4fcd601fa4283bd229ea22a41c67b5a2743a5
30998.295687,4503.412506,success,287e1a207271fe51fe248fb3e1877815f957eb45ace035c66ee670750f30a38e
31043.996489,2465.737120,success,468cbeed3d3be4591af725d5c39a157628dbc2ee3ddda6d22a24b17d4aea71b2
31089.436302,4413.078200,success,15eab88ca0170e5dabbf0e0706eafcb6eb24e9b74ebae70c88afd54859d554ce
31134.941560,2374.789564,success,83fec9ddc4e4e6f2e68571f38a7d6003091e3042367e167913c61c59c1195a45
31180.270532,4323.730487,success,6398ff62a014f37d50fb97ab680fc85fd192a13a7c308f4404990c553d5e92eb
31225.456581,4277.587862,success,61bfcb90181f89f1ab7b4fe69761ba33b40ae441cdea297f5d2049e5e521addf
31270.157865,4232.757832,success,146eb2100dba37da18f8f165ebecca396cbb89ca011d3d7bb70ff8a1e75d7694
31317.120845,4187.150710,success,e7f462bd0d48f7549f242ebd56aca49d59ed0ceb794b6f7ea4f44398e15f9b2c
31363.339395,4142.541502,success,3d3d1d122d15b3f4826741f2a0bf8756d7e7139c497263937a9e2389a599fbe2
31407.485579,2102.235797,success,1d076635d3036b44edde7f4468e2c89ef29974187414fa56dbc791f0d874bc12
31452.126387,4051.056681,success,abf86d0240bed0680e2556a6655abc3363979495f5701cb02e54c4d7c89f9634
31499.561519,4003.889580,success,3739a401e3f8c274e79b455f7e40434bb9eba98250b25b3fa6d84c5133844deb
31543.771726,3961.572276,success,106a7c2b84206c38b72969837d27762016f8069ce0f1ac89df4d33a5eca200cb
31588.123422,3917.627767,success,392bd1d2fccd7b1e8783c7085a523574b6072ad43bcd12fd116544156578ecc8
31635.183398,3869.355808,success,74733c052f193db1343af842c6539df8db8fb73a5ac38f5ae9a61ffc0bc85b02
31679.872107,3824.536149,success,562e4a1718570fc4bd2986a591833b3a6ae67fb5b2baa8304dfdc9871e3f7213
31725.447570,3778.685861,success,6615c04974dee927d8f2ec43d78d41dd6233161114cd3b7f1963cfe6025ef99d
31770.155045,3736.562388,success,c0ecf7248adf6fc1ebae85cc50430227c637d7bf0b9b3116de0e648cc03ef459
31817.876093,1691.850132,success,54c7858aa1da64b23267485d2254a87aeab93780b7dcca7069cec3d94bc485bd
31862.545695,3641.184166,success,666e7313a2cc59aa5ba2991f1fb23c50d2e3679c59b68d93bd0b4c66894ad85c
31907.722214,5756.697668,success,654b0957e9570b77ea4980afd10e0da9a3276791e5df9e3bbedf14fd46278946
31952.185872,3550.601390,success,e38b57d89d83c7c9e8429b27325a3c29948dd2ab8ba23a2fe4e8c4d121f2c076
32002.354350,3499.206531,success,2f25a3fac4c3cf8a40c329b8dbc1b79acfefd19e7bd71b3eba76d5cdde0f94e3
32043.167951,5621.391357,success,d40e48708c823ee8408bbcab435e31a602130b4045c406d0a9dae38b328853c1
32089.522809,3416.085938,success,3e7de158b6cab8fe66d91799023efac67c9abc430597fee7fa20b04a10955742
32134.156432,3373.084681,success,cd86624d919ad2f9775e5e7a26c722d0071258c0cb7c53bbc3320b5f736ae78a
32180.965587,3321.282616,success,318d244395ca0e9247f3e6ca66a2a20c3639c5a4e13f0f3562555eabf4e7772c
32226.253930,3277.064967,success,da1fc41c514b459ab8d26aa42eea8a3255021ae3d5b754b477f051d77436fb88
32270.387648,3234.429188,success,2119b233a7898c7ea60f27b73dea0bb9bc611be299cc346b5cf3b215df314515
32316.165335,5348.536345,success,6c48c126b220854a16741153230254e81c2de4b8cf19395d7ba64544c2088ce7
32362.161949,3144.136264,success,02bc137499a53f460ef796980dbd036f25290dfdc045dddc72a6ff8dad18e500
32408.898556,3094.687541,success,68ac4f4ebdfb36aa694df94ef8b8bc2d0d14dce56980be18e034ea57f240afd8
32454.017555,3050.932595,success,78816a18c8345f3ed7a8d84058438b78b96c16f82de1d973c7486142555e2ae2
32499.096257,3005.572877,success,f30342751935806cff69069974d70c1d1bde32fa0e2819b444ad0c7ff8301db9
32544.180390,5121.605980,success,64e7cfa81fd8d792912dbb9c67a5b69951573d376696c3451c4001b32e02ac5c
32588.871923,2917.704742,success,a7e69dfea973bdab423cfec851325c04d9098470e4a26bd96d2dfaa444b87c77
32634.435361,2866.803235,success,34f5c47a1a34de4119709eecd8c34be591254c18304ac4b6661d63dab418dc03
32679.149047,4985.123474,success,103cf3ffff97401e1776226034c5feeaa16fa26a21e8a5c5410d00b2ebc8a980
32727.164414,2778.851280,success,ada385e4bf88e41a9e2b26b24c0d4645e1a215b779686667ec22244ce37d002b
32770.573199,2732.069257,success,1deb88e6a4b334602dd3f05e454f245d10c8d620cc8fc49ab911078d6b3f6690
32816.497355,2688.716849,success,f84bcdb6316a353c0b3c2c9ed08ee9b4735abd0abc6a7a9d55da5dd0b438b207
32861.499270,4804.419643,success,007cd133c9a9e92b694b7db722ade71a93c2fd45f716c7afd139e15f154fdbb1
32907.132920,2596.733392,success,a6c775bc9bbad6b44df01a4bb0f0bd0e2132e0eb6136565b8a4f2f1a99302e79
32953.716953,4711.661268,success,898e95f966f492928fbb37de5b894cba04e17cde9ae58eb34195071968ce7d24
32998.551197,2506.927111,success,7354494c3c5ebc5e52b5d80cc471202638429aa1d0988723b7a62910693b9789
33043.164840,2461.919406,success,18ade6ffb262cb0af7d9e0f5d388caf14dcabfd12e95cdaada0cb45b341d37bc
33088.122390,4577.520256,success,049f64ea3553909b4364255d2b91d2d8cfeb9cc378a889b3d999d24121c07792
33135.532210,4530.645788,success,a28ac9a231f151cd257b2376f9cd926a3fc9e46fad3cda3bb5aa037b7c2bc808
33179.890505,4488.592101,success,04bdbb342962534833e0ddd627549fcecdc826b69254b4c8e6c547aedf82f655
33227.156491,4438.891428,success,5ab7443f6826439c7e887fa57993a5f538fabafe9f374f7ed9ca9d55b2f39210
33270.334914,4394.505671,success,4783b16e912476a56ac7b1d0d55a20e21b98c64cb9c901a221bedaefb4517385
33316.274909,4350.033668,success,f2d994b59990197f5356d2735bba3023e325a811110a5a94bdf86dcb7d3ae13c
33362.045240,2145.068319,success,51a81fc21048732b99d873522e0642bb803091774caf744556bfaf9ad96a58ca
33410.282689,2095.891006,success,ad3b01498330bb6b358890a82e4461753e99131d8eaa4012605eb1b176da0d73
33452.163666,4212.812037,success,f1b27e48983da162921f02a3eda3258a40a59f32ad2f0bff9877ee970730def1
33499.345882,4169.413071,success,6de112b717a54f39bad0bdd7201b0a31ba78641dbcc457f31dbfca4a1acc2f5b
33543.333410,4123.105506,success,45c70106f87e1752cb05444934361f889887994f91c2fe98d02813f5065a5a7e
33589.061280,4076.048609,success,84781a4180c2f4333200d40ead0dafc2867e3a858f3639df6253019df8a2da44
33635.193251,4031.551869,success,189c6cbaa2e8f2b127c629e1c7cc4fa37a460bb7e08c97252bd4495633f33da2
33680.514364,3987.025863,success,cc8a256347a610e3a7a294a0d6d5b501aa2d87b23a5faf8cc5df114cf360ca97
33725.138166,3943.214131,success,2b08044a864a8caa54d30e8abf1bcec28003a58f90dbe3619c2953ede36324fc
33771.771875,3897.511950,success,9ff04e3b73a6fd4f13aee8a829f173932ad112d80c22ca953f7058c9efaa5754
33817.798445,1689.057332,success,7bf3a092546ba68183bf2a3d2b49758f02fcc2e8a153e8a68b1f7d6204bcff32
33861.969842,3803.274864,success,be63cc205f8aaf16b222b5a8b5bfa87ab4d59e85e23578480a3c548a68f2b1e8
33908.968195,3760.758986,success,4fcaa58cb7532ddf7d309196e7a645bccca367ff9b8db046b92024cfa49773ea
33953.507174,3715.514952,success,f888bac51f5b62f9529effa8697f167d47a1206a17ebf4c9008a5f9ef7e37bd4
33998.085337,3666.004565,success,d7939cc8daebab2ba72e73e6ad99ec28226f548f2f1f10f647723888c1efefdb
34044.294814,3623.789742,success,1b4e525ad465fea659dca7f4112812ffede73f43bf635a45902b446c873f30a8
34088.898376,5712.478428,success,b4252722502ae30659577ef273ada5a90cb8382742431b67fbd60b597601b527
34134.470166,3535.405378,success,007ef61d2fa41e20ea9f9153916fc8f670c954e9513e456f4cdc69f61b3eac1a
34179.043431,1327.941393,success,4089f2f437ec5723d71780cecc178181de6e4d4073e3a749541acf21f405bc22
34226.251784,3440.336416,success,23329ac76566bab266620f14df09d52028e6c411225d80b184a5bfdfe76bc9be
34270.788489,3397.032384,success,9e58ba9c04de2bc594707532adddfe5940f9de02365803de325c2407acff1b6b
34316.219099,3352.671846,success,612259c9ad76969eb504a91067d3ba0b6911e85a801c7ea86aced588204535ef
34361.311464,3308.252295,success,3230778041ca3033512f3bfff2b0622c1f57244a880183affabf89ba59cb65cb
34415.269330,3250.238829,success,aedb7f6c0fcaf518d2447646bb2e4f0b08df77e5e4fd32dce315a332f3deb1fa
34453.805662,3213.457527,success,57e9d4a76938b9e1a2174b21bc7aa3753fe593d9c64dd3913781f6ef718c2426
34498.172282,3170.046761,success,7ffacfa52b4c517edefd51a01306103208f51f51eafc02de6e0e8371f013e5f7
34544.100192,3123.573370,success,e19ac122a653e3326b7971038b89a86a3574e70bbf900c9453f42d27f899d84c
34589.140888,5215.104761,success,e155b28cc5032a935e23f171843e3c7fdc0d544f97e2d6736c212b7c03837d1b
34635.131067,3034.284199,success,ccb4e8818eb1637ccb6e2b1679d842ce460a745d9be8907716e48425fbf3353a
34680.110967,5122.370606,success,3af17f979fe83c2eb1b62ba26de4b24adac3db11a0b23942a38fe922dc2a7ae0
34726.094102,2940.796586,success,ac39e84a8520965553524284a7956a447ba6ede509e406a66f6a465ea5ca8084
34771.134337,2899.023586,success,cfa2f4b60f4b4297ce9224ca72650a747400274dff02083aa708b92f39ae4d3a
34817.200090,4984.883153,success,6d6e7abc3acac97c0c838d9f95c01771b84f38326334eddeb32c52e103cc41a1
34864.541437,4937.402630,success,69e162390f386e944d8461537480691c041eacad770290d615175bad8f8968b2
34907.131394,2759.901495,success,9010e4d36b03c4be631246b956732ec33fa8332d618b86ccad8486f5f212b4c9
34953.816266,4847.988044,success,f3ef732ebb9cf635c9e260ebfb8eb3b3403e380a6fe981d74cd0c2f2c283453f
34998.344323,4803.174072,success,cdcec3ac1fe0642f5981db2cb86bf26630d43c01c318ba7678dc8951c915865d
35043.958692,4759.335882,success,41d38071a139847b840f7e872f9d7c5fdddc8ccaafcb6763d115611c3a71cc76
35089.530681,2579.621032,success,18e21e51229bb56117d54a29d23ae58e805ff15c46be46280f0dbe658057112d
35134.110486,4668.106412,success,0c660c81ebbf51cfac3b87bf2b7b392ef9082411f50726c3cf1b35079713dbb1
35181.790528,4619.441931,success,5ecf460ba42dcb03e21066b139272a5caafaff783616398c1c55e4054585a52f
35225.163189,4578.951581,success,7f881aa8d9df9cc046ada0695dc78a354e73563b8bd4fccf75378591ca0207bd
35272.105012,4532.274342,success,5be40ac08bfba87033dfc9a287a980b3d1fc655587f08ce0bd476f64d43acc03
35316.552204,4486.467195,success,895402f2d8ffd4b52c31012258777c8d6d931cbadb74adfea0e919d5b05ef0b5
35361.605513,4441.280882,success,78df0bc05b1cf48fa1030d1fedced044425f96e2868bad3320624740140eefd6
35407.248637,2260.155801,success,867580df2b3dac2296f6c91eae7c3e2c463e8a727e88c7373833d0cf08e12ba5
35452.363263,4349.985005,success,399c8541d635d74e25f7ba4d42872694468bea153c0a9a2776ed963987ebf57e
35499.774632,4303.933331,success,ef5e54fe1e9e8c823deec0eccc698ea87b0c9d28530d7bfb2ff1c84ed3d2a436
35543.862388,2124.090918,success,f094113e990ab48ce3823535c04a4664cbb17667443165ec8b82658bd78acc7b
35588.577922,4216.345320,success,998ece7025bd227e1f69de5aae092cdf1be0d793034d4f6326a65154a3255f18
35634.093303,4167.562093,success,7f41e0f950d4b3577b465c541e0b34b40643bd859cf1133dc926869101c3a52b
35680.129127,4123.847539,success,25471fa18af9216842ee3b0b46c332ece0a09182ea4a0122a4a1e83c7ae5c050
35726.145484,4079.465741,success,e5f5e109b7517bc7a92aae41835e92c291932ce9d99c946f3690abc62a019876
35771.650304,4031.783025,success,25ccf79e0cf8328ef78a7c75f1aca25b5808c6d59f46700b83fa2e1614d1dfa0
35817.108946,3988.223046,success,9510e62ea04d1a1b4cf6a42afd0efbe5cb3c3db554fbeed2acd6bb11ee5afa66
35862.431829,3940.180453,success,dafcd4ffbdf02465edc48a5b7b47055aefd75710bb2a4de01a1b287f87ebfc22
35907.976113,1762.040641,success,528c00e9df2e8d4c23cfbfda171a88011d1749fb88df0f533cd25274b5389cb4
35954.007747,3850.784115,success,6f1ac7556d9d15ebe345b3b2e39458ef9fd022f793ef62f5b61b05eb98cc5b78
35999.102112,3806.362253,success,327ae5bde513c18eea17c2618a6d79a545b6fb710ddc9c32dd32c047beec12b3
36044.182781,3762.244061,success,765201264035e3be230102ed57068df8684ea34b4f298e760c92155db386a8cd
36088.150476,1580.464052,success,3aad4c8003e95581fa7c78e5b1b2bf5ba56fef19ef32c2949e81213a30c66d39
36135.112286,3667.641496,success,0ba6073bdbc5b9372fec994bfbb37d16a4bf727c345d5b6146b9f1a8bd735275
36180.070942,3626.907653,success,f276af2c36b89cfc925acf9416b3bee8b20a3ae59b3bb8b5177cc38cd870f95a
36226.097246,6097.519004,success,7821ba71b33ff9a9280de858bc5379d704df9a4f1afe3792a6101d787ea77aec
36272.007749,3532.503888,success,a4e3c6e90215d598ce4b7d4f394c05279fe0774de40679719d288555226b893b
36319.091672,3485.551907,success,e511ca6cfc7dbeda36046d18e41bebff961162a3b12b7c0b45d13593e9b21ea9
36362.341627,3442.860488,success,159453f253af880905abc0e8697591fa595c7b8906787663de0a084fe0a0fbc9
36407.958840,3397.806590,success,499512ec96e21f5788e33dce54581893af794ec471c43e6fafac4a549991eb35
36453.765936,3349.801679,success,d521d9dee926f5762ecd3bb85f760ae3e1d3143871c54a25cecdc9342a75bd61
36498.132532,3307.908734,success,9953eb423944ff031d30ca06950dbcf69788ca59b4b0f2297dd6c160dc17f5d0
36544.344591,5548.832444,success,a8e77decd04a1745b7e8a1c60ab338ed43f6a33ecad09c5096e79934596bfaf9
36588.848930,5733.782932,success,2087fd9084ffd1de9cbd071ca76109d5a5ec32af268ab0018515f89c0fc571dd
36634.481743,5688.736938,success,67cad12d0a2d4422b1de6b3a55d748a041d8c871370df07bf656104f6d905da8
36679.191475,5644.159569,success,e3a06aec75532615f235137338b8c3b13a0ae703aefbb4a9b37edf754a07ba68
36726.114580,5596.682617,success,77425e1cc83054c07fd1fbc31056382638be3a1d29c7a65b12509caba1c5ebc7
36771.097713,5551.985610,success,0ba4c0eacecbd652f27893831d398eed7f698dfcfab641c447bec482ceb06e0e
36817.082368,5505.258128,success,c23b20403038c60b091c4b62d23137ad2990b5a831ab3fa4709ded2fe162561d
36862.244632,2944.863210,success,b4bf0284c60e91e6a70f090bba532fa0dcfc2ef124bc16a9416a37ae33335cc8
36909.474411,2897.080024,success,e7670125bc817ca5bee5474a6e048ba39505ceef240601786b09676cf1a5d09d
36952.662146,5140.519628,success,9fd8d7950828e9c8b70911b822e71cdab49b741c146e390e2b964da0a208a95d
36998.118210,5090.314431,success,b358ec2677e347124d6042113bce9c07cb14106a462d1dc6e3f0e2a39c997d3d
37044.838947,2758.320830,success,105dffef1bd51a35210ac7dc5a2f3c0202768a632f1242bfc34e8a7383df17d8
37088.130009,5001.096296,success,401891d0314b692175e3f8af67e44e02b9dad378e404c33c06dc457172f6e43a
37135.675831,2665.383167,success,0a65df3c2cdfc7e605485ee3b619a37b6f2771c0b27b3c21011df3d3bdc8a0bb
37180.444373,4909.714803,success,424d7d6ead6c0dcba96be66c59a66176a9cff3d74c1c339615d30e495145ff97
37225.213256,5126.725753,success,b2afa901c9c0611a0a59f2d8a87152e847f563fa9e92b0de10b1320bb331605e
37270.528932,2533.313478,success,6d182f1b2bc83594bbb07fab8cfcd09a3441aeabb63ba03b04003ca21dbc17db
37316.169037,5007.870090,success,de9dda001f344cd4897bf2614bc0aa9297b821a888a0661d962abd24aac24950
37362.561919,4960.385094,success,0250a94d5b667af62f34b6f788bd26fef45e62b62ed4d47747f351e32288cbad
37407.606428,2398.562041,success,ffc0d33e7586dc4ffc39bf61864fbef3c9dd8062e3e5d2f64809b6e1cc590668
37452.393735,6636.739498,success,be2ca1924e90c3ed802de8055a701ef8198b9fe3b932fafbaaafb3faeacb7aaa
37499.088573,2306.823426,success,dd945926e38145879117dd5ff31efddd62c7f59f7c6715783ccce7e8cd53f655
37544.311903,6546.775118,success,b67b314d5b0a651e7c70160fdb6f8c330a09cd1e1ffcebf9aaa20e1eaa32e245
37588.247295,4763.880535,success,4657794289fd5ac001ce6fc4eca3509e565e437e2eb947dbc7c1421d01f01462
37634.202822,4455.647384,success,bc02e324a19c89fac6a2c7c7fb7ac02217a3a44aefbbdae4cd1fe4b646585440
37679.687861,2125.381751,success,4382e9e46f8485078a38a8ffa815161cc33aa06c2ef0efd77a255efc97da51dc
37726.071425,4364.227838,success,726e74ef211979ec1c6b2b4ce4dabb07bae839b925ab93aef20901a93fc0c769
37771.653490,2034.645899,success,a9283a459fb25d895f61e2654378fbe9b3b250f0c1fc89344966caa4aad1347c
37816.786868,1989.896423,success,4945846336f96b9eea68b0d0afe77935e26d03dea6bef0aa3e68c15fba440690
37861.782933,4227.142889,success,96b63f677bc3c06305db789e46eae413e1da90ebdf4ec61df346ab9011f89121
37907.305753,1899.524238,success,b2184df9ffea546c6016ace06dacd49b3c13fb407832dd741705a22672e405ff
37952.854502,6136.932599,success,a2de39f447b34850f41ee5ee4276dc3acb8bbf596ab8dc209c33ccba4b47d9ea
37998.086046,4325.398313,success,696ac6f3d77aa4b6ff22ab8e887883b51f63de16d30fdc3377d4b68c2ee8733a
38044.109631,4321.797454,success,6fa506821c1214788baf97cc64000a1aad54072484725d1e8f7e6607e28d3fce
38089.957190,3998.164327,success,216c1d5604843a4ed97596d202759bad32d6214e2f819849c310b263915b12c5
38135.091749,1672.144047,success,75b40b8049f534324cb346e33328b403cabfca1c76f65db1871c3c9807fdd2a3
38180.795845,4143.376106,success,3b99750c415b324125d83d5cc80fe0c3d9025643f2d70877a4d91a7bfe4d5f21
38225.257679,3863.321822,success,fad234bdf1cf88a7f82dd36008a97e0ea37a4adaadd00df9d52c4517e8abfbf1
38270.150838,3777.730567,success,a936d2009e53e34356c6855fb0c618295255daff1fae688d1619e28a09313e92
38317.103486,3772.604228,success,ad69874dba158baa054d4e3acd7446a7d36f8650aa14fdfb253085bc4c27c80a
38362.092327,3723.891240,success,41bd801b303129da80db1440c693b6de1769f0b85a3adc3d79ddef15d7d7801d
38409.528778,5680.396086,success,ca75f95642903ded6e9da471174703b91f7db393aafc3e11f9b44d7865dcb68f
38452.167754,3637.220601,success,3b9674a073028139f28c27753617d30a5b4071abd4a56597996362bfeb2d1836
38499.300146,3589.779239,success,410f6439be752d65c5d3b06b1351e33cced1a2431de7b1ae6d96afa1a14aa7c4
38543.853886,3546.579844,success,a27980932d5dd240f1b5365e3e9be57bc01697be14108ceb2991f6a35ab08868
38588.924813,3734.978695,success,56e953eb8f5e2858b89d6545cf6fe578b37402b394c86922bfd54734fe5d1fe2
38635.520671,5454.535473,success,71619922e2a82ef41eaed7aa552a438108f924c60232c61ff85bd515e707b1a1
38679.150227,3407.022100,success,360ee84b7571275714d87305c2501a404cd9d731641e99aea6ccc272a38da0f4
38726.157580,3596.337591,success,2cc053ebdf6938b4dc3cc2210a0c4a961d1788808dd02001093d5a0d49677168
38771.078481,3316.858163,success,9ecd06794e292722e61cb35400048b5125baec2fbd36bd69ea314409d5e69165
38817.092278,5278.807287,success,701ebdb4809a719ac345f60eb32d5b94a7beccd8341ba620c233bbd24cd5cd00
38862.638881,3195.011307,success,620fee017773163390d82546d3ce4a066b5f7fbaeb2b916953dc8eadc96cf45a
38907.081117,3416.683046,success,3e610726734d591ea9bf2587f636bf2e60a082ed895582c49d663f8324de596a
38953.588233,5137.366275,success,643adb4a8c9b92fee0625037051f5b7c800d36f9f7ad7cd6bef7a09ba4b42819
39002.726702,5089.537636,success,f31e2f6843a58854a7fd7ad386b7170fc10121e58e6c5d456ee804b02493e2ff
39043.810207,7004.251901,success,ecb0e03db3fdda61871129dd36d3aa6210fa91c9a0afe7caadcc8296363830e1
39088.139207,5003.334923,success,5bf7ed0b2d478fb8c995ca2e3fee26163a9d882c63dbeba5543536a4540fbd2d
39134.146289,4956.137560,success,2cd26a911be4c60cd30b00b460d9dd0a678ac8d3fcd383616d58cad4dc647f49
39180.150897,4914.833532,success,e1f53cf31c021a956f0cc5a4cb87c74e12d016c4a62fe716491b87391fd655ac
39226.154843,2863.837184,success,7c9ef730b3dc84b5f415e89fc0f22ae0b50a432de07e3a19fabe6e1da4fff7ca
39271.723568,2817.830483,success,94e37a24ad728bff4ba6b0bff0b6af6d92213301584b4479ab03e028796d1729
39316.283849,4775.061124,success,2876935a4cdada19136939f6ce4863ad56f8236211fc20b164399c8e398ce720
39361.885838,2726.396035,success,a96c2c12855385bae0d348bcbaec3ef49193a1a4fdbb841eeb25f90d11debb9b
39407.254422,4683.425793,success,2fb48614dfa079c66b66f88555ce93a7245accb520cc23b3c5d51d42b806fb45
39452.578380,4642.128880,success,b69c394ac30176c2b1a5ba4c9ca738e2bb50aaf464a4772a1cbff8119b960355
39498.505911,6549.562709,success,ba921d851a1f0602980ff7c1967a0301acac9410586d0f7893bb3f6e8af328e7
39543.499950,2545.267099,success,76a4db8672579d0399001fd37cd9badd5f59aad53bc643eb09211493669bf288
39589.050440,6459.009123,success,668c548095e1ee3731de25a208035da53c0df45bb52ebf6447ac9abe60601d45
39635.274837,4460.231848,success,f209110ee60ff228bb86055caace866824c8721fa0e999a3bdd61fa516f82b93
39681.055607,4414.062697,success,b55506e11df291d16d34d522a299c299a3e8c08eda6eea1438993c27a7720189
39726.207588,4370.072413,success,2ce420aa6f703447973b57af917e3feaa4a04e39bf0a0045a29f3728be8389ae
39770.263807,4325.507954,success,d93c6bf825cad31d5ab86da41af74e81d298570bd1173c46b1c2179abf49fb7c
39816.801782,4274.415498,success,1b614bbf79249398b54f54abdb265f194fd92da649ad5f18b2ceb5d5dbe06ef0
39861.524532,6186.539580,success,486c23250152899f3de4fd6c3a71a2c30456d82944ea2fdbe60a35bc464195cc
39907.238653,4183.310762,success,684a6716e1f17424a45c14818fd11e16898cd0a1cc62098a406a12e1fccf5063
39952.137268,6095.933797,success,b6e3360adc69a7618250291907a4ebef60d39b21adbe9d5afceb2b1c888f5fd9
39999.196527,6048.860411,success,5af8fe602d054afd2f20f73accc0d704650610c80fb9afa6b73c34001da17077
40043.279255,4047.543312,success,7e38b22d2817b18de8733a58f333417e068d1dfafe4b7a1bcf1ac8c54d509619
40088.131692,4006.717228,success,aed0d82567c03c1dd527815f928f9c5df7f7e0045eb7275000d08343808bb9b3
40136.639635,5911.069028,success,1e8623e506bbf66a9221c4a0c5fe4e18d447c5ac8863556496d1d08d3ba2df95
40179.661929,3912.213457,success,bc3f6ce053236410c9435c84e9e3dbb6189c70e2c0000ad51d2467c5f425ae7c
40225.189995,3866.412750,success,6ddd8d3dcddd197a1d80310c42e8362b1d0f3c9cbb744220ec33c5dcf2b8305d
40270.864451,3823.703503,success,d8c4719f710a98558cf26599a13db4c1ba17e493845a3718a5d34077fb4df48b
40317.189308,3777.114652,success,df687378eca4e59aa7d652a4d069eeeb139c1622a4876725cd6a9106326d452e
40362.155812,5685.929500,success,f08c85e9e7a25a5617a2a96de581fcdb09c8ca084d3be91d4e90827afe2e6f07
40409.683515,3685.948820,success,0c2a81b588662b546f5e6f8d20390585d2de9fe4293f7cf94f4ee7427fc70147
40453.035728,3641.136310,success,4f88a909d709299473fe5284a5ac5c6e9348640ce5523a65ae7f736421efb5f6
40500.000116,3596.150869,success,1f04844a221064bd9c335687d19d146856588837d3a0701f7986f2431c506d0a
40544.127138,3545.290347,success,e673b751d7aec64b564012bb898d0e4c466a268e5a38f9397d750d40a2aa3898
40589.509857,5458.563883,success,45510c67d2a70a4d6eabb14386df153078d99114f72f30ed8fb8a3c950530a6e
40634.152343,3457.981716,success,c86822f75fb92e4534953e056ab00f98e160f78c59f2d83a3f0eb2dbfc5968d7
40680.104990,5367.973980,success,ddedfdb9ce9353eff7715657f87e66d5210dcee7ce489d0134bf302a7f399673
40726.663733,5321.448040,success,5fe47bbb52dc1ed96cb3733dafced16e26e7cfac0f8ac4bf8fd34b5cd68073f1
40770.770076,3318.781325,success,84b8d56220e8fa5cc694b93be5b5b238cc8e500ae86b78564a34a8368b1d4de6
40817.571873,5230.504452,success,a486283ed3b023eea2d4a3a5687f2086f56d8d3617abd7e2a4ebb122c2f3f99f
40861.069614,3232.966184,success,0cc8a92496a9e24103dae4fcab1d6175b02f6ab619e0eec2a20f875c4c2a1964
40908.482816,3180.795634,success,0b4ff6d3b4120f379a8c153fbc2bb73cf6f7dcbc60a3653e38c77c8884d3ef01
40952.120112,3143.902668,success,f71997a1e0d437954eafb110fecd3045928b7709d86ef870a755b4541a623287
40999.108022,3091.311355,success,05bc493ee631d3bb5d524637aff9ff0cea34ed7c2c4802fb2e4c4945f98c9501
41044.539923,3047.464619,success,c8ec7fdb9614d875170782f16eddf3b0abe2ab85be24f88eb805e3da9d9a990c
41088.113047,3006.325370,success,d566abc6ca42f885ea58c5be20414c96ffb30e0c4542ce941c9713159dd1e53d
41136.064226,2959.315276,success,84f13f486a1b11278e0688ea206a954fcfcfe47345a98ba396c5b99ff9e202dd
41180.152733,4867.949431,success,4c1797d7bee5e6fe939c33d22c063dd584d30d344c2c16387bf7a8d85c1f851b
41225.790998,2865.952777,success,dcc23e9808182b2b24214e89c213425133ddacc55f786be970647fa5e1df7fdb
41270.253179,4777.844567,success,0ae7cdbdfc0e9d8378b2ebe134a5c2cdd44ffea69658d612286e9d3e6424472f
41316.769980,2778.477400,success,36b02042d14b7b77156631c55b4d1c126e03728b9c82606b4ffc6831ce14bb94
41361.172747,4686.946470,success,3757cfae09fba810187279683c7d1eb101137be84a4289a6c752407200efec01
41408.159936,4639.928021,success,ba04ce6ad04f896f2647389168640baee58905de450f8f5a17cdbc44e1a7fc9b
41453.133833,4594.983099,success,d77d766c22d571797f97e05940e1b4b946964742cd44e5e14e40fe2905ce76b3
41500.362463,4547.703993,success,83fa83d8ba76579ca25766763155fa35a53e60071bce35399e6654755d114976
41543.107687,4504.992223,success,9508912ec71f2ee15ee1c2dd6763694b00615ab63ae38ca7d958e60e5042700f
41589.685294,2504.208834,success,8aba6f3c4b9ddcfb11bcabc43756724ded8f49092423cb09424925f88cb4a855
41635.240461,2453.711406,success,8d911b68f10e728f1f1a5f8412edd357f778c4f16ad1f6f9a96fb462618aa916
41679.464627,4368.625975,success,1ded3c5cc83f168fb581c3cbbbdca5ee04eb94329ba50df2283b24f8a78b09d2
41725.248530,4322.877620,success,11e1941929a7a793aef638a7cbe48c59300b8161f5db77045f309cb6f04089f0
41773.020606,4275.072140,success,518884455b8a0b13b82c32cee28651a3911668f2c902d415b4c665f4f80183d4
41818.039369,6459.940980,success,5c5f13b4702480ef938c2cfa0955887c28970dfa523d33f351bdc24691e18dce
41862.790109,6413.751114,success,2242fe0f04d7bbee2b03196c2918843e2b4ba3b826e13097c781a4cbc9ad93e3
41907.218714,4137.567743,success,5fa443d2a3b4c85aeaeebefc82f59b68afd790ffeb60acfa59d1b99cda3ff6f3
41952.401788,4095.738078,success,ec1afa1a4c49bbb66bf555cccb3f09f3141470a6775aaa1297208b79e0f406a3
41998.947062,4049.148359,success,897b2e309f5aa6900c11528be6dd4a0f8490ac57e43bc5356dc2d0e168ede70d
42045.960860,4002.162986,success,ce45dfe353f067da3981c167b14c61f46b5ad56b792579732adbaf7bd59bde53
42095.065499,6180.511013,success,d8339cd0dc12f5ff0094755191e4da08dcd90d8ec4f01b346ee411999771119f
42135.186052,6143.352371,success,8031c789fa3688f5d06dc6232a67aa3c927cae3b3627e209d554c700ff60ac9c
42179.793077,6095.186075,success,1bd03b5cde22aa2135dd6cc506a79de703bed66d3f8048378452e01e3b97de25
42225.064751,6051.137124,success,73d4bff5ee2c868cab63a18854bfb4316336bbc670a9a4f4d832f231a767ca58
42270.187520,3777.941455,success,2fd1e39974b32fd884485beb4ba87794447813d09badbbbe3d0e9e3620c4e60b
42316.071953,5960.016255,success,9efb2c5d7758fcde8bdd3ea8d8e4425abc43699f84dd9939d35eb3a327e7d54f
42362.187186,5914.607751,success,240ed9144e7b49238076f75b3f438a7293b512c8aa2705831a6942f26509e10c
42407.209013,5868.251037,success,595cdc997b5c58cce3c5cb370043f4b2f997a1cf6fc8bc842f8d8cc19bcd6690
42452.140187,5822.960367,success,278a063df1e4429a286680daffbd77d5e16235bc7ee5fa54de7735d2c7dfcb45
42499.782274,3548.359496,success,f4764dd4583d5284a414ba4c03c36a619269f4e6b9b5da2eb434d05b4a4de820
42543.285242,5732.570473,success,e547f62fc134d74dc6842e4d2a766bf0fc284032be52e4248cbbc7834fc94a4f
42588.111556,3460.003042,success,95bf546d881921b08ec3f6fe953fc7788e9e5654832d057cd96b39b915fe7e3e
42635.721632,3412.411832,success,d717c5b833ec9ca14817ffb5b9c4bd715756b0fe5c0837e8d8f3350e1bd595eb
42681.781840,5594.872649,success,fde242cbf6bba580502b342dc67712a0deaec779cefbe37cc4dda2b01dbc6568
42725.136566,5552.268315,success,6706a77632ad94a7e3fe517fb26c9c33661bd3f52e140c432e31c417dc3ca9b3
42771.774376,5503.449102,success,a2a255e649e35777081e7e87149ebfb4afa3188a35630e0a1ca14d118254ba34
42816.658290,5461.050350,success,a569c435d841b2307b6fec35dd09a77ee9beb0bb9b17766d80e78431ee273613
42861.074670,3187.007696,success,90d038b2ddf06243ddb25e189989092a0b3d082a7d0bfb8f3f911fe6e2ed094c
42908.637585,5370.753666,success,7551ede6370734573fd9e43129829f236addde4be1af045114bba1e19be8a41c
42952.461564,3095.643305,success,02cf0e82c8ab85ccd384fedb0c43b826ba122d643b07dec89562bd11f20305bb
42998.464050,5277.251377,success,cea2d92c2c2a461ec24dcbb1dce429aa8c75d8b0804279ee6570746b08548247
43043.298969,5231.536900,success,c37a67ea021981981a65dbe14e6f3e28d510c09da0ab69a27703649ddc1e533c
43088.841968,2959.279383,success,86a2a2971e966356ff3ed1ab4aa706c334c5e53f0e59958bef74df08231aac04
43134.180738,5143.666056,success,d3a90e172ca5f61152380f2df2b01adaf12c28c059321a1c5f7682071753aa2d
43180.079597,2868.030172,success,c1193e2de5d46bd31204cf1de12b428bd3f9f49d4fd2a254d64a8a48403e40aa
43226.572108,5052.477571,success,ed7e2b8d527c128c5ddee262172e20e7611b767497f1faa451ea3bcee3541045
43270.532949,5007.692016,success,4744faf9a0c947676360133d6c556b091924c61468fc61d726e9f1629c7c63ea
43316.268526,2731.862894,success,1e12972e23077a51c375f9be974cd49efc46dee6149912c1519d17b31af49333
43361.083827,4917.020698,success,92ac99898db6bd0f518e5f9da200000f61c4bac27eac08e6e28fc9bf4b1d3d64
43408.619930,4863.369177,success,d57fcad89d06e0eaaf80a0c436bf76e4767c475c13d5c22518110e1572983a29
43452.155739,4825.015756,success,69dcfbbf1e1c258d625de62b577b40a67db2c5f020571788618ec51143f5d738
43499.618563,4780.529191,success,2692f8e41cca69b2344516ce30d0a26f61e7eda705271dd9e803db6368b1b9da
43543.106741,4736.167707,success,07a922044d3ab38c1a4175d8c65c45680ae3ea4ed522c922b99855a11a132913
43591.568521,4683.773513,success,058f98bdecf9d9b8c67fa2aabd8f993051f98802ecba839bf522f1e28b6582d7
43634.465421,4637.663963,success,673e0366b2c2e9e8d2c3599cd22ca0f7b79cdedfc373781d6ce9565926175093
43694.625224,4584.055531,success,163ef333c93e9e7f7d7084e21267adcd89d9bda2d363aa092d68f30d54f4f722
43725.882642,6200.445406,success,da3db15f983ee8a6eb6c27b2b27ad08d915182eb953936945317ea6ef2642cb6
43770.919075,4509.564931,success,1144ade3582344e3b6e47a43cdfd2ef99ea7113ca3184ae9e353aaf97ece421b
43817.906401,2230.228816,success,c4b1da42717dfaacdae20d636e15b97b2049a26fd788cf78ab3fd85b7c3cf553
43862.166742,4414.149551,success,59f1d356e2392683dff9d2bbb571b1875033c837d76b0f8a58b7a2ad7409b59e
43912.898701,2135.208954,success,50fbd59cd4917d29f6a0468e71fbf60a6c2e6551b2a0c040ff48516b32d99ba8
43952.159581,4324.268626,success,7cee645ed1d1fe2760430e0f4997682b5784a2616dd092dffa9203455a6f392d
43999.111919,5927.831643,success,373c0c7dff8bc99388919d7ffab8aa45269bb03564c45b17f302c10f87c18179
44045.015344,4234.520944,success,73b77f2216e6a804596f0852e1cf7346326843bb69fcfafbc45b779a6aed6210
44092.647890,4186.514113,success,26426afdc09597ed1c40857c7fb464adc0269583c1b942598d57dceda0a0199c
44134.114860,4144.820260,success,bb2a3533cc960a15556505825acd492ff678f01719d96843b2a9d56a50173ba6
44180.138485,4096.860631,success,31a651f5f8360fa8ad2170f2fc1bc08fd3b3c755d271ebce735e8db2fb0f4023
44226.995119,4054.051611,success,ad9f6d68b1b95f37f1c85d8269b19eade6b539520d6254617dd45d2dfd28e12b
44271.128006,4004.843750,success,ab82205c770b4a17755b0144af767896222de414f15371beade210a12206dd09
44317.685280,3961.130873,success,148a8a44edabb32a715d9138a1ba732e6e41e8500a73330b1b36bd2ee6464f0e
44361.111048,5566.492975,success,030591ce2d476ced280d23ba4a8f80a985b0fb675079d628b370a167bf18b6b2
44408.324132,3870.066089,success,0875e0a61bafa4a1b57cca654ce7d7487eecf3f07cc6f5fbe0b49c046144980a
44452.100149,3829.075477,success,ee6ce146e41b11c9413268b425cd128ab384c3a64e2dbb86699fe7c195acc7a6
44499.067484,3780.726996,success,4dff100212d89daca7be26a10767f2e3ffc8227180829b0330a9f49d9a6c299c
44544.099978,1504.037494,success,36bc91404c4d1baf05464d0ca67e32ac3530409611a87227a073189381ca5a9a
44589.118806,3690.535226,success,a94cd3a05ba412dff528c93d64e46ef583bf8dfe5fd0775d89f5d532219608f5
44636.303316,3644.068536,success,d08b878f292da84b7c2360a3bd2eeb4c30d799c707a2c15cc558588f90dc21ba
44679.810910,5247.000310,success,e57c61e46301a7257bb4d809c0fdf8908abeae790c155c0531ead1ca39e09749
44725.544101,3555.752004,success,621563f427a4f05e8b60416180d0e4cafebe1e80cffe30838ea3d721bcdfd5e0
44770.537981,5156.937907,success,f2cfe74ab7d6e36b5ec860bb2f757bc5c40a5ddcdf03e2d466368ac55dd64581
44816.830560,3460.721421,success,5378809e19873ce482adfc4ba6eee0acbee9d4ebc22286c6e03c735feea3b518
44861.817135,3419.084378,success,66b08f1856d18370337fb59270a44aa38e42a384c4902456fc259fbc309f12af
44907.711461,3372.324640,success,a77ff13ece78b87a7b27a6e0423c3ba124301733944c4da13cdcc75c0d408050
44952.179146,4974.287126,success,cf4722a6b1f17eab69fb8cc44145f7632ceb00ca658330fb34c72ed4dc70a530
44999.704474,3272.080483,success,f45ae5e014a29a41c1d8c6b359b0262e2e9570cbe0a963c5c374768c7997c3e3
45043.742319,3237.013065,success,a8ae58771ebf9917f0a84119374ea424a3b93acf94818559313ff9bafbde0419
45092.561717,3187.697440,success,020a151f97c4046f0d490f2382ac41c2a8a20f8d052a8fee48473e479a38d105
45134.431043,4793.566891,success,537d8a19a7148e1e8d7d8b2a72bf812bb297fde905106e3cc5811244227200fc
45179.149275,4749.754287,success,6578bdec98711d42ca050d74366ce5d055140808af8cbd85a9a4aba605addb65
45226.079278,4700.519727,success,487ea9275addf1a023110b81729db4b6727606ea95fb2e14ee32d57cf1043d2f
45271.059090,4656.273014,success,a26aa64bf5704b288370ec00b688c4b2705cc5cd81ddf91f5d2baf22828effba
45317.052696,2963.570485,success,11eccb7dbfe1006bfd940735c15f934b69de208794c3dc38638bc213ec23f99b
45362.792899,4565.977980,success,ac9d97582a82e8acdaddc85c5dce0b2163e72a2598662753aa645c59ced2fdee
45407.618626,4521.661104,success,d48db153ee409623357250658e012f0ab083a148e86b05fb99ed6d293f00d334
45452.132228,4478.574024,success,08a7bafd0965efee7eaf821f0bdff04bbbfa4ea31d751bcb1ce96646379c22f4
45499.724304,4429.308415,success,6034c9718c929a9b1b0f8089171795dd93368f90d7b7f3bfa513ad04f5414ffd
45543.198934,4384.538744,success,eed832fc0c0b660a2e605d1b21a4136a7676da6ed992c9cb45a61cc0a7b0b559
45588.145101,4342.170115,success,8614db09098fd0ebf41c361717c3371d8673d9b89125087fc45d24a8240ce847
45635.325592,4293.060573,success,98f569bb2aed3672f7b9fa6ee1287b06b03253c041947bc919fce7c483ff9478
45679.510487,4249.892939,success,ed3adae9b2909017ef5eaaf29fffba61b12001bc71e715583a195cdc0ed3d25d
45725.529561,4202.715876,success,85310dbfc3dcc86ba029e53d5e7310d8bfa0f5a1e67c0a1985e343d52d13339f
45770.296867,2509.625668,success,bb1c639fa48fbf409ac021db91fc4f383fc049897701a5427a00e405af2cae94
45816.114077,6749.120978,success,8126876823d77c1da00d98821465900af6b74a4b4b5ece85c49bb3672eee2451
45862.641040,4064.562839,success,60edff8383b3a14e0c251d2b83271f2cd7eac6049f4570231747d87c90541dc4
45907.169569,4022.639802,success,7d3d3225d55298442e2fd15e293ee68b1944e6fb8b813cbc56d5d7816f459f33
45953.775371,3976.290369,success,eae5e6ff2025d9a4274013d27d3099329974baada4d53cc7919eaaa8e90f1ebc
45998.356841,3931.834448,success,fe9ad62d40ec9a060313b895888372e8dc34a98ca56c43a554f117de6274886a
46043.354314,6522.786249,success,1c4c923372a94f643aff487709bc6f48bb2828e9c71dab593006e0bb749f2fb2
46088.805484,3840.719925,success,1637f10f93bfb5949a016fd5501be601488989aa25cca201a1946d9b6035c4bb
46134.109653,3794.011957,success,1e9a233fbd048716ce2b58a8cb14873877873e53a7bef0a7ddf281333bd64c98
46180.704154,6384.160134,success,d743d65130a70a67300d9ccd45d501b18c04ab489e03623d3dedad05603b414d
46225.293398,6340.074671,success,5414813c6eb913728398ddd2d80cf15bba8b325110acfa4a114bea5d929a6d02
46270.551830,6292.546969,success,c0e32131bf99c7ce0e44d5c8b9b947a6f0b0ba2fee31c0c9de6bad53e1a149ca
46316.349861,3614.209691,success,35192b24bf99ec09fb8540db3e7c5d397c43e7c5f402e5badfc356ec0ded6a18
46370.099746,6193.991637,success,87fc84dbc0a6c6e9ac6b9a555400391b7280332ea905790fb8baba9b80c539fd
46408.506794,6156.229209,success,b501277e6a35aa9bff4b4655904b4da1114634b98886ba617cb4b27e38691437
46453.206168,6111.782347,success,93adb7146fa0403d83f00044032dc6c1a87c17572532cf5981f2b7f06abbe5f5
46499.040759,6064.195994,success,a811314ba2dc699112ed8f9e76cd9065703ad74909b19456ce67fdd49b0d6fa5
46544.161769,3386.684530,success,bc68b450611159547cddd2ea2c1141df835c31cced4c7ae2f3438b8b3c2f8117
46588.401747,3338.673467,success,d4f3ccfe9a2356831ae91832d7ef783073feac0eb250aeb76d8a91ca23b6537d
46634.674093,3293.960296,success,269b68dff5547761c561c381f3e484a467b198098eb7f6dee291dd33296c7536
46679.181832,5886.571452,success,9da1a5b93aa5cec50184425e117f33babedc1269ad0a3b6bc92938464369fd1b
46726.107195,5837.386518,success,ab240404606fffda7e32e4d7642502297e8bda09fdb104bd68c9fe0cb328a27b
46771.220760,5793.889557,success,1c3b1ba9b4603e50e388c251cd5036b311fee875dd4d2828844647c2889d9fb9
46816.201331,3109.811075,success,f1766fe85de74a23e6fceacc818711b1319aebaedba14f8157cc19f9869a0c09
46862.021483,5704.245972,success,f4dfc261f14c296a0bd39085f4bfed58b85f27818e99aea9d3dedc9e6f27533f
46909.268828,3016.915867,success,42f1bd997ee5d2e34c856929956f0fffcb5343b5159271fbf1821fee6c071cdc
46952.135915,2976.374687,success,f559de70adb57f03d4a83d74db9c2e056c93efc368b5577dc9b13cd27e24da8a
46999.767493,5563.598406,success,bfe177c9e2a3660f835e9f07065f39e5e24238166d5b458832e2e92e3a60b4f1
47043.336680,5522.281436,success,577e76f605a5252927697516053b509ac19a225e830f050f596f8c758629455d
47088.945318,5477.064085,success,914dc8b41c5a9891f0cc77f3847b99b59b53763fab910d63f09fcd45a9345787
47135.467569,5428.293524,success,f9ae0334c0fe2bb5ec9e3115bb529b7a35275daecc2a4761197a07045fc7998d
47179.953856,5384.269780,success,d84ca29989ed379b43a03818b35ee1d9dd09cb923d92bf0533f8159d1c4e5905
47226.446461,5340.362587,success,bb50b61769150f5d197d94ddca7d4fcb45301010a5d680111660c6c21da628f8
47270.248031,5297.523363,success,6e471cbc66600c6e0b649f1003d876e1315b256faf8598215114ecdfb8436e68
47316.156180,2611.713930,success,8b20245af045518a88109585dd084cb49044ab5f11ae2b944fe3eebb2ba64b28
47362.677570,5201.924918,success,134d01704467212174537142ee7813950cb6a4d695c951ddf3d572d2ae0c91a0
47407.135453,5156.755297,success,1108a2f9a7e5a74dcab6cbe3015881239fadf53753792b1513a80a477e55cab6
47453.680257,5112.714030,success,05f784200c51f30bf6d34982216c85717c32e9ead984e73328de38c7cd128ac5
47498.127509,2431.810687,success,e4e88aa87949d6cb0e7db2c3cc16986f9edf9824a6801a5c9efdf71e65055a7f
47544.472923,5022.881255,success,f2929b2839323c78f8b1661ddf607d00ad9458ad8777bfdb034e0192e5e51cf8
47588.982845,4979.684058,success,0504788329297ca7f58e8be6dd56c45883bdc4490832389bd9d82c1947807f55
47635.938062,4933.359033,success,6a661737125a0a60ea20e0c3db28e4f1c706211a91bcccc8ec0b2269b75c04c2
47682.164108,4885.992411,success,2e87e773d2dc80624d2851ceb1d7ceac371b48fc443412cd5e7f126b52f4e18a
47725.459753,4838.892197,success,2a16a49db7b025383c7b0424ae464c8885f4325a109daf56614930edfc077f32
47770.398393,2159.249930,success,503547c972d0744022221e897fbabc0fd73906a40233b65eb5107b7365de8b46
47816.476677,4750.189068,success,7331cdf9592e071f2b58b576050a2f9ba6012cf9dcef9ca9dd66801aad180315
47861.230403,2069.206765,success,ffc8b07617305bf9f1ceb4f952a47be865fe224109d6caef90cc6b0d25752e3b
47907.993312,4657.884970,success,39ed73e84c863f95654c09f833f776f4aba562204bc405628ecce0f880d5e947
47953.610324,4614.020793,success,0dd405fe0e7e2115fc10e8115b75372389303e227458e618578a9d4963f621be
47998.082091,1931.074574,success,56293a40aeed1e20707ccd0dbeeed84315c8a7801ad67918ef1d7bae6a05e8ff
48044.407806,4523.996306,success,c692221b824287a3c132ba5fb8b0ae469b28ddf070a419e26ff76416e9ad6862
48089.272423,4479.009025,success,d104696f329a3ee1b67e9743e177579bdc1957252016d9b9c7fc9a8bd173db61
48134.041597,7279.259406,success,405754083c99da7a1457ec2378dbd8e328952770891066fc498dbe72b6c11b65
48180.540563,4389.122451,success,fdb927dde1f87f90bbc07c2bb8305c9888030bb19116b758d654b76e9ec112ca
48225.061233,4342.048860,success,aa53340be0cc6c6d88d7e5f2c06de3c86cf6e37e3250e1f51155243b80edf4c7
48286.879209,4282.662393,success,dc472c744c195028d51b3c1012cb0ee9daccdabeef549b33dc1f3b1d18cbd33a
48317.342125,4251.834551,success,8e676d653970fd81e755deef0ca33961eeaa5682cee61c08a56a49247093d122
48361.099760,4203.378692,success,21908d51290b668a51e573536286c1d625653273a0bac495bdb8ce3c2149a4ae
48408.287269,4157.206730,success,12b69778ad5f236e7e947a27778692ed85c770b8cc0887a91110cbda1d4df153
48452.139143,4114.820372,success,1b1f4336d5a0fc212f3e3fcf3fc9096b4f9bd77ad46c65aa54609840d6d6afd1
48499.677782,4066.858837,success,38c12d0eb70e6502c97c80efd2ac4d5a18e2a315b6fe2953621c95b709740f84
48543.383828,6869.914711,success,ed990ac92c02e8f20530f5f96fe53005bb54673673d9cc1856370924490d2d97
48588.784859,3979.243676,success,b88dd5383c76094693bdf73de0730fad0dd7e37c98b2e5b4aba9f3ebd7ce99f4
48634.358308,6778.925082,success,7efc6053c45bb2f895252214c40bfee5debd985db633112fe2c6f260b941df4b
48679.959721,3887.941080,success,1ee800d31e4a545a18f9f74dc8f72d36cbd9c634afc0dda7b3abe6cef1a6421b
48726.442355,3842.611106,success,6509afb8cdbf8b7467a0e8a393be7e57ebe1174bf7f86ac6de34b8c03ce3f695
48770.949950,3798.470491,success,750c1100bcb629acf571e6c26afab9e8eab27024f7ddb567eaa8bc64626e92be
48818.541160,3745.077141,success,1e7bc85662a9aa967c2032554beee9d22192037e029a8f28ec195245f6025127
48861.624627,3701.307364,success,84227b4f5dc48fce5d2f92eb1c8d611fb527ba985dd5fee0fb555063c86f6ab6
48907.091371,6506.204583,success,63a049db8fbabdb4f44d4440df9d5ff36ba38bca7676f3e1bce13f1017e6a19e
48953.605693,6459.697575,success,20ae22a28acffac1b4120adc64ebcf2b9a5d8fd4e3e2e95723e93f4b5f296054
48998.012715,3569.482883,success,6b812be04f73a1ce38051029225dff8ca7bbe898fed2317e84f19d9505d7de26
49044.728683,6368.607948,success,3e2303eadd6bdec943332407abfabc7a8fbd54a83a4ae390b1298f5dd595f494
49090.494077,6322.824660,success,632a111739b35f0ae62b9e7977a68194d4b962bea664fbbcba71b3e9d03f3e39
49134.189892,6279.144375,success,3183a74c8313f51275bff67e24c234b8103b3234e704fe393b2b0134bfded8f4
49182.103805,6231.171339,success,7aea97eeea24c822f7433337783b612135d6e0935a71a8edd87d9123c7f38fa0
49226.225563,6187.080290,success,429d02b12e721f8880bb20f5a3f1477f4f9dd2759a9f574ec30fbc9623d23748
49270.086292,3298.458027,success,04c26f6158675e6f3d6aac06fbbde7df906370654fa7c4c5f045c7697a6249d3
49317.115418,6096.162191,success,86dfefa3bd60fe7ad860caefa486596fb6778145ff4fbe2a0d8e9e7015cfa353
49362.705186,6050.624252,success,7cc69990215f24dc1980b4be14102998c50848e93d4850eaa69d5c9a1b1d91eb
49407.088733,6006.273347,success,bcc902348c591ec50bffb3ac67cd2385b445cfccd08853ff5d77b153b5633479
49453.816704,5959.507313,success,1b710b58f0c248cb1136cde3e33cfbfbe8be2d57c31a6eb09d9da21118c86f10
49498.278621,5915.089480,success,229be8acd3401818d2eb07e43fc3b45970cdd97f974394c5bbbc4132992afd8d
49543.746296,5869.547283,success,d86053a40b72ca9d7c0137a9ad5aca881574ee1068027fd661c725432dd4097c
49588.158378,5825.184986,success,48b8fa73c2e49fd8621649ae06a0a3048eb517839dae55420d0a4969f14e3d3b
49635.422181,5777.919250,success,5c40e4d2b6539c5c4f60c336d5ef947a9d4507435643e397df771431652be212
49679.044556,5734.266196,success,029b52ca35ba2b095deec64a6c8ea26691873a317b3e4a8a30546b660aface68
49726.673756,5686.692061,success,8479cdb3b56f1404de053b2cff03399a445d5d76e02086769a2cb42cc5a481a0
49770.500360,2798.430356,success,e02f06a0f311a7a43d4081d2a41d57b45a7ab6f2656cd163548d35370ddf9560
49816.384831,5596.985334,success,e6b8e1cb0385a6ff3266eba7079a1d3baf81fa3b72407bad72ef0d990cfea9da
49861.407998,5551.923954,success,71849a5b9efb25a9270c088d5ec8c64ced2414e2b87485a44914516c222158b0
49907.281707,5506.066266,success,fd5e582ac64168b81d22228e302681351580a4cb7d5036d307a0b15b66812f8c
49952.471461,5460.844531,success,7a94a5f8b6588fde1a1db18139e79469dfac88ddd455b0f31b868b681169d035
49998.524953,5414.814113,success,5c733ab4525c0c7c16fa12784a2f87e71a06f4c9318dd4056c0db7faf1ccdf07
50044.094411,5369.269933,success,29306d22867f0ff3e62ac01f95ca83f6d32c97e264cca2b954b5834721aa54cd
50089.909979,2478.896791,success,0a8df7f83ce3f37a5c972b09a76d7983c3cb58eca475b1c260b4f49db0d4aa63
50135.533661,5277.811988,success,6b285bdce3fe7d517fef05472cc1b19874648e3f24264e308562793089281422
50179.019283,5234.331345,success,07b9cc31cecd37fa2777645dbaf87192c48fd4de701ee86a478007c484407c19
50226.573097,5186.740130,success,7f82a576353a053e60a02b5b9b7e5755841ce755ec1e9657f33c191549322ef6
50270.103074,5143.223739,success,02d23e554cbeaa94a43aa4d4e0a600ec774dbd96601024f661601271a0005789
50318.428020,5094.924482,success,8695630d540b4eb885556d3f9ead218c97a0a9b5b3b2724d669ef421100ed72d
50361.456811,5051.920819,success,787b960c07c5979ce0719ba7ae78c361f51c9802f3311e7371455dec489320fb
50408.240135,5005.114902,success,457aec00cc957c3ffed80dde828636cea6578a95ad514b15a5c1b12b4fbc1295
50456.010643,4957.258920,success,6ff8d9dab343fe8355557aa7c9965a25d63cf241d07077716e5e95fd7f1cd3d3
50499.304520,4914.055706,success,aa3510e70b6bf26b332f5048c91213003f95e1e881946bed89fc255a5ddd60e9
50544.028875,6167.838023,success,70150e5f4910218ed6fa3975ad35517517b8e2f1c9071cece98cfb79d230321d
50589.601149,6122.912523,success,c83c1c309b5e700aa5be7655c0be27d78702375bae9187ef6ad5d4daa440a235
50637.278930,4776.078621,success,a8e031f559c67abb423abb01e64c5601b0af346b35c36576f79e2f32e45f3bd4
50680.000885,4733.374240,success,3ba729e9cd418b8d798ac45c8f1a96c464e6e94e4e28e4d61a33adba01d533e9
50726.141784,4687.238090,success,cdeaaff1bea1bafc8af29efc67ad88134773c714d9ef1643b94819bd427acc0f
50771.129302,4642.253237,success,1c123b4d2ebfbbf487befae8a1bf57d55ffc3671b4ea66ef2c7494c8a0aeb4fb
50817.132498,4596.158516,success,7cd327e2670b363e4a4bdb1899505edc1e8fe0cb8565bdcd5fb9565245b6b3b3
50862.977310,5849.159543,success,b13561199f43dfdf498c2e9ae520d22045f351b7d4b9d4e2f2b99d7f15113547
50908.131905,4505.153649,success,2f4e52217243bd752743d6c7827ac0b1742def014e946a6b3a686eb9084ae836
50953.475150,5759.429107,success,08854bd5110efdb4d6b4fd95bfae4f23f0a48ef20a9e948b83fb5a9ab4c53421
50998.964314,5715.775906,success,9f55c73c446eec51eac35f5a596c477a3e6e8bb541e6a0c7590794790f15da25
51044.142714,5669.004867,success,1747d75e53323d9f2239f653695fed0f9784c27b262352eef421a887a10f02ac
51089.102778,5624.286524,success,d9f34eefd33de6730133637f2e0d0dd373c92bfa4d6c61f9e79e843a2ad44867
51135.114078,5578.524139,success,a67b85de6901cc6ce65a55bca83be4e8bede2ac34bcfb2e25d24aac78d52f153
51180.078360,5536.263736,success,4b6a8166805c4c35454ceb45f86d45262fe90f04d358b565ff1a1708a642133b
51227.428274,4185.860165,success,5131504883ebdd914bbebe4dad96fa2f609c09582b25f3128ed80d873fa2ee93
51270.107606,4143.172808,success,4f7dbd6b9af4e97d2b7e863f5a7dbac1271f69fd89044aa9e3e9a469d6b94e59
51317.227671,4096.157834,success,8a8a00d050d31dfb1f12e1e161e0fd06ab4bbbf16bc825370c78fd7a53d95ae6
51363.676586,4049.631471,success,e8b8b3a17e5a7c6d608a1a6cbc39159fdeb5387bb484db4e824f84de8cffd984
51407.242560,4006.079023,success,1fbec3706347264166529bb1b79b3531ee5e2adffc8e69972eb3d07f54285cc6
51452.111861,5258.972995,success,48a302e92f9191b99acae6055bfc06196dfe735f4695f04c9760701d16c13ab1
51499.497953,5212.890891,success,373998168d0d6f6073045ac031d91defb23be9dc1a3d57f262ba1bb5ab04aadc
51543.091871,5170.923826,success,606691bd8265239fcf8d04d9f20346a9c980fb434329ce904fc5d4941ec56c00
51589.701863,5124.656869,success,6f37f669d65ace7531d38d61be1d2f661932e8c3e147b5cf9e6f4035d5c59e24
51634.219903,7113.479673,success,d1ae98d27cc75f0d50a5f8d69e3c61c26defdee1e7ceeafff239bb196c9bd2e9
51679.119251,5037.477972,success,a921a662f7a8e17ecd8542ee5d833c22a2426bc09c232c9c9a636b3c2c27d90e
51726.082397,4988.522344,success,8b004af4bf3f48126c3caae2deb4181fe3022d7469ac0d01309f9a3a9223e966
51771.101453,4942.411014,success,592f4a064640ad7f113264b9d10e54d2df6f9d3f167d80ab9d3290272a1df6c6
51817.133202,4899.979524,success,09ddb0a11b75f0c11c6d28ba1c75234867a515b0edd31dc18df4a3871f58a631
51862.579563,4852.886752,success,6ef6375e3a2c701cd0f30e7897b5a1575efc7b8480b9886353bb7bc4dc37d052
51907.374370,4808.489554,success,a59465f66ca5948eedd9c05020ed22f9e3f85f5976b0cd9fd9067b203ed5b2c2
51953.060868,4763.042162,success,074f836c533323e60448d1a4bebd67998e36efe571c5c00169a0aea624e8ef6e
51999.754007,4713.025091,success,badba273d0274f01d0d8bb4601866dca002eb1eac8049672871bb42360fe8954
52044.016789,4672.708548,success,704f891111361666c4c4cc7bb07c61062877659382ef57c99b58fb46e5fae670
52090.189625,4621.816208,success,cfd8c50aad20bdf7649cf9f9eb553aa6bdf8e46aca11fe1e0ec40eb388877fd0
52135.973028,4577.921388,success,1fed29920e3a528e6934a677ab0edf6511207c8503456a2001f7e20d430d4150
52180.354617,4533.414400,success,d7ba2685de08a28c4554e59ebe0a7f21c90b119aa19ef4752ff40988136bc0c5
52225.271506,4490.951523,success,0e40ca8f50cab82d5333cf0f295696bc4c3a1767700f2c48768f0cdbc2bd6966
52270.979716,6477.087642,success,2cf0771f5b0e220f1fdb5c9c55eb2c7f5b1725365d93114fb22fab834018856f
52317.106034,3096.266786,success,b31343e192bf7d7ab6fc9ff0665509b8cc491a864c2fe725a80f8d5cd186b502
52363.447882,4347.434738,success,e4ce6ce97f91de161ed5169a1993d105bc18a6f924d25f5e2be1608657ae40c0
52407.174732,4309.806183,success,4f4e8eb66190e83586e6457a229ee4b47617f770e6ea88b91756ba426dab5623
52453.813597,6294.374051,success,e4890120362bad67375cb8458ad9eb331d3eadb425fbd04a561cb6729db7f959
52498.129099,6240.918261,success,a8cddbe6c7e4c2ffce67630c4c2ea8a89005423dc1773375c6bfd5c346fa1be9
52544.160886,4168.101787,success,3375084a45d8ab3cd3d3e00aee49929ac540510e1d2eaadc10a82c3812869f95
52589.551871,6151.516054,success,0d53ca81c2fecad6c7ed1013433661eabc5a07b86ff8c0b921b86645d8afbb0a
52634.106930,6107.245177,success,75186ea86c622502bf89018505e7ca213b4576d3c71efa55b9f9b27589cdf7d2
52680.993228,6066.831677,success,ee2c3f5319645ec78b2c137752821997f40eb0dbaa50b02807dff30a6ef5e89e
52726.103056,6015.805402,success,fd10b58607d6fb3cf049edb2b3cd74b4aa47445a7e252162cc871b1a2c6e514b
52771.266616,5967.520508,success,bc8311ca9e7871ca6f0af69c8ccb1cd5783dfa30222510135ff4d36580798698
52816.150343,3900.328303,success,2fb55deee30084bf61978e768a47a86c5840beced164513e10998dc99c5da775
52862.943812,5877.784996,success,99e8ea9f48c0c7415afb978752dd0fa857e4adb5e53e19f9ee445f3699d173af
52908.651830,3806.936297,success,6196e77212f400a636def5ffe9d9dec5d7f0b95b52b066af9ef6599cab09946c
52952.113261,3763.623560,success,050b3eba51b8e5912c4ee13150429b42863e4768c5a9f718a117f3cca1340263
52999.646992,5748.298113,success,6517265e98d45575036f64246bf9c3833b8f5b890548920572d5b6571ed8d6a6
53043.467078,3672.517215,success,a80dfbc6c4ef1dcc0dfcfef9bf2dc3c218ebe685ce930fe1536126492b3806c1
53090.094419,5648.300086,success,4b6ab6c1ca040209315949cdc445925f9ebb3b5ced881b42ac128f2aed94797d
53135.178767,3579.931238,success,6771769c780b410c5a2132fd1d922bf495f5805daeabca9d80821aad0407ec4b
53180.113199,3535.116825,success,2b93289167dd07d8e9d2ac0a9c2975b25f6e18d21857968b7f2871bd150f6ef3
53226.587328,3486.682607,success,0155b219113e6f770776e1d4eaba5f0d7a4446720c5d684b925d06a6ed4d4f6b
53270.196080,3444.793506,success,59ea8287341404ce53f90ef13ca0a291b1af8bd2ae62be58b010fb2be76e7b4f
53316.640283,3396.001644,success,223ce15574151bbe617b4eb993aa97afadfca13059c770d8e42288bf53d176d0
53361.108956,3354.239043,success,540aefd7a51156b5afc7eae5005666eee2fdc0573f0bc1d960d083229563fea2
53408.605255,5333.836240,success,d0a64d41db5298d4fd5ae8bf7e87646fa141ecb72fa0eacaa3ddf8299fe84a0f
53452.490836,5289.142718,success,8dd0de99637cb63cdac7c28c0bc84d2aeb4989b10046a38093353faed7b6c21d
53498.120184,5249.451428,success,03a99f3ccf84eedf4e7947430c45a18e4292a93aa34091111f641ec8f039fdaf
53544.301795,5197.741771,success,034b3a20799c9ae53d1e1d1104b9f040edad9466a5afad9b8bfb3676fd570a35
53588.123153,5151.050598,success,9aa66eccd646564bcf3110d8cbde2ae439be427fbe335b13f3c9649441bfbc7c
53635.485657,5102.780733,success,345c6d5082bb1b7f8201aa5e5356955011253ea25c69d4c0364f24732eefdc63
53679.267800,5067.666426,success,746659583ead3583d69fbe56f23078519d39a9d949d49956a0fc5a81a0076452
53725.792857,5016.382460,success,1737c2cacc050d2cb00a516e9c4982965e32c322737660778c88697316d00910
53770.490447,4975.067353,success,e9760e9663344b94768b084d31a2085c948275eb4ce06a58d7f317664d453d31
53817.377734,4930.932798,success,3a4695771735b7ccb676f789516a07d732db400f242f6aa9db5be44a0bd3bd3c
53861.144437,2853.336618,success,2de7c36043489872a5ec5ed461d3df3aeadb17bc045793ef8c1bc0fca020a179
53908.173944,4837.123760,success,08e3b7767f45d4f123b67a0848b4f6d2a329e95c32673d5ca1b461b1985f30e5
53952.147811,4790.157164,success,047bedc1f90e94b92b577c6a716c9a679c762142737a99473559f0035848ad1d
53999.148925,2715.717826,success,cf7002ab8845aa88a21093ecbcae4f3f6c901c2a2b92fefb335b75f8b56803a8
54044.338922,2668.686246,success,d75b5afe5577da94e091fd0e676bbdb20647800a50f6ae85b44f57523b0afdfd
54088.123148,4650.797060,success,eec7826f5f4107faee5574460b1a89343c824578352d4da55266c788a7942c47
54135.362966,4602.773687,success,821335e0273fd1d9b02ff988916751d17877452f86ec21de4ea6b450f1a74c19
54179.452054,4561.758964,success,92c3dcb4c65d2d99858f2fb15217ba7c9793b802b8e701643496012033d212f3
54225.671044,4511.507260,success,3af4c59d2cfb1bac33b610a44956e89b23f44243e236a5b9e78edb0e8a16235c
54270.409641,4475.277897,success,35656a2687c0475e2feeb09aca72401210c9666aac6dddf28ddb81c200d545a3
54316.204052,2398.028429,success,65d2a7fee9dcde51d6deba26ac5baf3b0cd1ba15fb8ff1ad1377b1f51df8ec9f
54361.860950,4385.586626,success,88774766f15a7e5b4e31992e7222f8306d1c3e6413b4a33e9e751e292c0dbd41
54407.345219,6572.942726,success,3b86171fed10839b9143538c16bd42640097b1547950a2c66c1e07a69f757ca8
54452.608106,6523.501789,success,364563ae00be8e345839d3169c815554847a88dcd2122ec2b78b5746898c6724
54498.207615,6480.228968,success,da9f84626cdfec74ac3073720f31cf21140236487afdf5d233c6cadb4c442204
54543.844766,6432.604917,success,1a6f7c361c37e6aab33ed07f971547b3e5d2e4f18e84f64b7d143f100cfcd52f
54588.337483,4154.234371,success,59ae39112634d5699e21f9038071764eed08b64e8b7d3837d6ffe9cf81092a73
54634.945125,6341.276333,success,1fa8043e331aa4025d713a9510133fa14e57601d429e0ea6d0933f3c22644e5d
54680.549604,6299.746026,success,7208eb4929f47862aed439c7ed3d9a00e8919937e1710dcf181030ffcc97e51b
54725.053713,6251.287834,success,e27611ce36f96099428cf333023ee01cc79b55d79dc77d2ce18bb0dbdd83491b
54771.604066,3975.590838,success,cf8b5eaac54e002dda58bebe371f84d1f6234c8cf670e56abd7131652d5243af
54816.115559,3929.049522,success,9964386b86605d506d26c67eb0ed301f31d7c2becc50773f98701ab3d5e65da7
54862.630964,6115.694988,success,44e462725f5e2d6065b90d03899f92100fc79422c485023677d369252e69b765
54907.059628,3837.827343,success,161234c9a6b382589bea0dfd35b69bbb4e13a977dd9ff11029c20157ab215c9b
54953.505650,3791.207018,success,e1b47261aef02ee1049839129024ac46f6c2ccf96a8d2b09f462e993f0aa1806
54998.088408,5982.183336,success,7431bd318a4e97cde27e00a14066e7ece445a82ea8f41d73a6b5c1affa7253fb
55044.407317,5931.582429,success,0a296ad0f1e9a34c259bc26e41c5710b0830eab54f40fadd4f677152fe40c2ff
55088.133501,5889.163529,success,1d93c2980d7b8bf2ca06633bdd3d938583e2f8a37f342b2439cf47675921fc09
55135.743093,3602.126370,success,14b37455647603169a131955b6f7a8c6591ddb099b6b6c1b31ee796821ddd555
55179.281969,3567.786213,success,cc817e12047141a02153ccdfe5a02ac097ca16bd371b87e8d697924c889f511b
55226.040557,3519.390341,success,41b18fdaa6fa67660320cae151087301cda0cded0809c8f86505b4e9eb0e3b5d
55271.895041,1444.967237,success,66d5d8a740f88017656cec6004c5744d939e3204eab2733a5c05dc8654d72dbe
55317.508154,3421.014215,success,81318514acd3d515d22e8a4b97281cd1be60dc909fe750d1539a32591b09c51f
55361.082628,3387.353063,success,4c0a1d526f2595175d287589360262c4b7757fcc5f93e2ef31a1d96dc35c066f
55408.723771,3328.270843,success,92af57e44626743fa4d3972ac97194a86a8536ac21e1db809581ff0d6d3e2bc4
55452.096019,3292.934786,success,93b8912a62e2509646df73d057a1bcfebd4d6bf578cc59fc9bd76b93cfbb001b
55501.957177,3236.693607,success,821e1c82b899546593e773443a37688d7422d7a526869d32d6bfa4e9b09f2cee
55555.999752,5422.218325,success,2b52a37d7a00678ed308b7005678b4d2a04f113d55075e48ca3621bef8ec194d
55589.518892,5387.653109,success,3f70304edbcf7b5d9ea3fbfae0027489c35d48f37fe13b5ef466b773eb6b3c87
55634.120235,5343.523576,success,701c4f574bcadc8ae47f5d40ea8f352724b1dc340497372124d3ae5d0bb30e07
55680.094978,5297.435337,success,2d265a81e28771776fbdc2f6b4cabe211c2309d2c0fda758cac95c2ccb50fb5b
55726.700074,5251.297582,success,cff69b9896a13e23d4198f71a95005d1165c06d5f0d40acff4c18a3999c28875
55770.135101,2971.362564,success,777349b4d83e4ac110e7df31490cab6100316888c9783488ca3a4f3fdfe28d45
55817.645334,5162.644645,success,484bd38772960830b930a2e057940f277ab4213a47d3095150a1d846b3598de5
55861.122722,2886.201959,success,4152db007952a20df76af3febbadeaa3635bb6dfc4bc42adf2e7ffa2a13d59f4
55908.132267,5072.151190,success,60ad28eaa4a2b80d7a6385bdb4b679fef7fd7d68da9f090a66baa52037cd7875
55954.314936,5025.987587,success,8deb18a3695cbe1af97b8842b4029149c96c42c0a7b09c85f6e8e55c9210328d
55998.178990,4982.112943,success,668d8f201af7bb0bdb7fa06bad3f715f6421c809ca247fea9c6d5b9b9d0b3ddf
56044.237471,4933.530617,success,a40a9776d29b1db5eb4486ed7c7c6de91acbdac999b631e1dcb3e7563c875762
56088.771284,4891.503155,success,74433552e6e458c40edd1743ff97fb6351dc1ef1bf236e4fb1a37d12b25f1772
56134.200655,6534.546580,success,2030d305ded8748f924a0ca07e472dd47a9894e210e1fee1cffea35441e8c30a
56179.204845,4798.210681,success,1e7bdd5d1422000d760ff2064173ea6bd821830cf0139beff5e49f97eb1a31f3
56226.211766,2515.564340,success,f92c997e112067c4067bba3c5736b938ea5c57a6955be18903e8e3b99f73bb90
56270.436779,4709.839504,success,196dec16951188ab9e6cd1ee6b013a3119ab83b11029fc905c02d45a856a11a6
56317.258466,6353.898436,success,dd1e26be1cbfa951a1cf75551f55da9a026c900465989220bae29fdb282065c2
56361.342410,6305.891398,success,eabbf3da8808eb171692cf57b997416e4541cdc4df6b50bcefc2a099e09ee5f5
56407.059280,4573.246429,success,276fdc991ac9a90224f8df4764c522226a4fba74ef07a52fdee26906e8cd3657
56453.656419,4526.629112,success,45bbf528354e2d439f99da061ce7fec7e4cb5af1f26c780ca8958c443c0f75eb
56498.213576,6168.592206,success,15f5ea6b9f29928f6c2541c863d4fe6c8153f7f33de94d10610343103b11148d
56543.179162,4437.114364,success,937b32ace4dccad4b36b7fdb5c898d54e223482a0a4ed3b8c43f0c7aefbb68c6
56589.190163,2148.814909,success,7ec6a300eb2dd8077fbefb63b4014d031cc96b66887730b4b37c4535a3bdc7aa
56634.942290,4345.361776,success,cd8a262917dbd6a45ce48642c659a9d1b9c0a5213ac98e6963684706bdb2473c
56680.555481,5986.750775,success,0874fb0e6ef0717fe154eef5762a3d7cea5975cedd4c61576d5d4ed62ec34781
56725.611420,5941.405725,success,0eb56c0b5d0c525ce929bc8a3ead96121ed7a14c262187a2b8a4c6635ebe6c10
56770.109404,4210.171668,success,d5766980c32e0bc6ae21e3bacf9fd26ac8f08d068b3e7fba6fd4a5e3031ecf57
56817.576533,5850.233324,success,d36360f5dd129291a472db23ab17b678d06bff90d1448ae27ea97b237543cfb3
56861.473940,4118.804617,success,94a806b0a1cc339fd7d3ae236b1517809ff7d0d0656eb86ee8462466bc03e473
56907.157464,4073.150018,success,457496da4a7d273077962c91368feb7863c89395c39e5c2e007861aa851697b6
56953.115462,5715.256066,success,169535e5bc7f96b3af301f0598166edede19a3917ddebb4534dabd90a3909418
56999.071066,3979.036720,success,d8b51b10e3c1ebe4177b0fa0edf3e45d353cbdd476167f84cf476ec7abcbf33e
57044.127073,1696.779745,success,aafc5d05c0026c28be3fcb330bb7a2109001cab33bfa7924e983fe6e205771dd
57089.776191,3886.885857,success,428ff3a1c1f08b286928830d9836ed68bb78c9a88d58303100cd621404161745
57134.546233,3843.336023,success,79ea4ce03521bd1d0d7962e9c675d0d39c5db42cd3d36107c96c577f41148c1a
57180.048862,5487.371632,success,c48b5c4b5f356a1fa8c8c0d335758c055516e4e5b0ba76a334223e0d3bb46535
57226.776629,3753.521425,success,50511e7f9cc650b6cc93faf2338d9b75ce96f012ec70cc81f8f6a69e796492b2
57270.200121,5398.280536,success,084beadea755c5b2bb537d7c2ef33dea9ae22c0f54c55bfa681b8144d586c1ce
57328.735324,3647.820902,success,570f90f1fda6981fbd16857617fb13193294ad74d6bbc5deee479de900b8bae9
57361.294800,5310.444743,success,535554b906dd26d7e154a483448141ca516850e4d30e035294dde2fee6ff58f5
57407.134382,5264.465635,success,1273c9fb683d7a31565b9d7972177b4afe350e0e4881a072ff2607695d563b55
57453.107519,5217.862346,success,f73ffbc97b18e796e43d6a10203fc536388799a0414a74254a06780b1d87ccbf
57499.452836,5169.503528,success,7fc1df670c71aa00907dac8e38645743527ef788c79d25c4db81860b4c198105
57543.546687,5126.279596,success,4f85955c06dad088a7a2520f7bf188fda7b7d92339ff9123dd836e4d537a8b2d
57588.102099,5079.865328,success,0cc13bf5a5a84356b6ee67e7b74c7bdde116c5f258fb39bb6cc528d5173b33ea
57635.100362,3340.718658,success,4a3ecb8c285295f0a640f362e187e3454d71f8a1e2e5f2595ab557eb74057430
57680.083389,4988.935444,success,e6a3547c961bf8fbe0b759a841863d3c95c0da907476dcc66ef7538576b8b05d
57726.108756,4945.797926,success,1c2578a192a57459afbc32991b6f14c9f444cfdcf06caed4ec86a4dd3fa6f436
57771.086203,4899.975768,success,a224716eb94e890fbab42aafe66ba3bcba18e77efdb5918a37a8b485bb011552
57817.634317,4850.046273,success,9063e20bd15b15e4aacd383089cc1e60f925a525984997ae95b04136a00a0fe7
57861.136398,4809.226108,success,b1000f46c7fcc76cc4746fd8df96a5ed4fd6f7c2c5fbbd4fa018e34147c97341
57908.671593,4761.089967,success,e179cdae1618aa3650400adb1b4eb981199ba18e0f916773813998c16bbd1bc0
57952.804237,4718.474948,success,c9bbcbcc1ba1f08ac1072331bddcdd231eaa1fb8b18820322db3c8f4583c6091
57998.188208,4668.932815,success,fe75acebe1f63904dd888dd17bddf16d1664071cc2b9af8c82b8139a55054e37
58043.134615,2935.412860,success,cb9e4fb81e0339cbda8ffbe14a560160b0823115c54e847998566cc872693277
58089.660665,2890.474769,success,18f5c8365da1d2e9567fcf3b8a7c7f6f2f2ec09902bf0a1842740ecf37981d96
58134.214672,4534.665156,success,e649c1ff8ef5fa6a58f745b744bcc73c393a7b22d3d6e0a842e835f230d9084c
58179.110603,4488.064072,success,59b812cee55a644dbcb87aa63b6aa69e0acb907e8854e8836897cdd60ca80645
58226.075359,4443.021112,success,cd8e4c82d5d573847b50630ed38b3716f7a0d4ccaa1122947425cacbc5d790ac
58271.111958,4399.527957,success,e7711e2e2a9c23f7d879ba967b5379889b5e70a811f09259bf3e2b31a86b71a3
58317.065987,4350.443737,success,7bfc15022db9202704ba3bb87e08196d8cb36b89e93889bffb6ded6397e03496
58362.201975,4304.724637,success,a10cc1403d345071b8f8ffd9d01c3f87c08ec5a036070d32ec3f504d14c953d5
58408.677278,4258.919903,success,6197d21d10534e3b02c7e2475c19d58a323d344705c86cdf840aee40e247e846
58452.509178,4216.900861,success,94066d1b12ba0832135d91a1b7128a293bdbe41c3a3a17024f2dfab6742ad73b
58498.520887,4169.375044,success,e7c82d95a33cd0aa7b93449bbe62c9545f3298409a3c677a32caeebdfaa3c9a8
58543.854832,4125.331130,success,4fcc77499325ec855419f71c776f65ef43d1c607ad8f91edc4e683c9dc2e4457
58588.200222,4081.446539,success,34470ed5a8f0a47ff12a5a0b59ef1a73783eed9b9d20845e5b4083deb59eca14
58635.200907,4033.598678,success,7cce3888f5b05972faa15eaab18073e937916d0bffb21701e22e4c4b13adcd9e
58679.188224,3990.404704,success,d1648dec935debc1dbfbf98d9296bb3a19c8d032ab68ed47468065cdfea0f8b9
58726.065204,2254.235135,success,f63b3fb9d1099e7ec017497df9f4a842f7096837c6eab83bec6b6913de2a0d17
58771.210399,3899.102102,success,f77b397bb7220c6b78777d719a13c1cece66143158bbb22d5f249b354edd003d
58816.837143,3853.209591,success,0ac3335f536c6985699aea98fa897b192b45f29244b168a3c70b7f7a22cc478c
58861.263446,3807.308294,success,b8ea25ae4c1a681451a5574a941129bbeeae2e4f3920aa82005c3402ddf5b5e5
58907.750220,3762.756010,success,238e479aa5b9e87d2f47605635b240097a17b5a4333b00e1d8fda3525db0d041
58952.180560,3718.701097,success,be4eb4de26de176142d0dbdc635a599021e1a6d26a1e595932196d005faac9c0
58999.663895,3670.766942,success,f158ee962f5f3a25dafe3f54e31232ec3376bb960962dcab1617f532605283db
59043.290521,3625.361092,success,4ac38cbb06a659803441ff87011655fc18c69d3f3a9063f2ca2c195e0fb62cb2
59090.378903,3578.963367,success,13ba53db4e58dad59e4fcebdec4a336f3f1013e5668cd9df6bb5466d4af54be8
59134.911237,3535.288218,success,7e2755700782181a56c8cb42811bbef367dc46e6c72018e8bf116dfe10d5d458
59180.427700,3489.536446,success,77e283ade4b2a52244d0d56bb1c32393117ba71290e7424b39cc14d40daa7238
59225.887814,3444.856871,success,5f7f7474b26e10be3e17191c785cd0920f7598b744d560575927f3754b4ca8f7
59270.457921,3400.366997,success,e1d473508598f4b7c4f1f81c97189eb03c7785664947e0faf486138aea38bcfb
59316.112427,3355.705926,success,229b0835349c045c68646bbc5ecaee3158c0fdd44bb8a069512b3cc509c79df3
59362.024814,3309.369300,success,a394cf3faecc786df1aa2947a9dd6d73702a270e930dd9de3d64ab59c32a9111
59408.841206,3259.300364,success,1cb00aebb1b85d4e3359ca381c9e62e37f084aa64b7aa39116412028ee498698
59452.393111,3216.856573,success,3d3da731012023c9e42468c047a64e8a59f9f3a9f00ef53b16944c4725548d2a
59508.613483,3162.734213,success,13f34b5538e252e161fee33c3123f3e66e84438fd0b7528d7726a358e1bbf5e0
59544.138615,3125.777921,success,df8a3d3140c92cc0354cb366aba4178858df452b6755d64326963232189604a8
59588.242933,3082.321559,success,00fb0e1d4cb6f912a55dd4b4fa07368621bfb6c30628da113cab162af8686b0e
59634.811302,3036.392870,success,d41dc7f253b10c4b79f54e030288f40972791d3a2c9960acee59e61f6a14e29c
59679.232324,2989.035086,success,dd8ae8c41237b3b5efe9e9837219342502fe3d898e79d61f856c1a86aa3a31f3
59725.713647,2943.817163,success,e00ae9dd3af88bbea1bcd7da90a81ddcf23c32ce059068e20c085c654f1f8e73
59770.158505,2898.262398,success,41394e83dcaa2c5683b22386a7ada1398460d60d3262ff71e24e3de852279a91
59817.095107,2854.583610,success,14feb7ad6a31938558e2116aec7d7ef0c1a454b5ffab481489b1fee653a25f3b
59861.118429,2810.374884,success,19ec44d5e262aea9641c0183f2b9eb80d1f9cd44037d381d961475d504792973
59908.576083,2761.555102,success,d4fcb0445d3beedbcb80db5bb748e677a8777d9ffc54c67387f110dda6424254
59952.096566,2715.961254,success,29b8f75624324f09669e28343885fa51c22137726b5c027c9e4da91b698b0200
59999.379396,2671.638080,success,139323ee0be8cdb97c7545b3e774accf634fceb980495dcdce85745c34a7ff3d
