start_offset_ms,latency_ms,status,tx_id
0.000000,2454.412300,success,d3714562cf20d1a9a02728dc5b9c404f29eee2b15d3bf4293382fab1486fecfc
49.452323,2405.102447,success,438099da42c82312435e1187d3bcd9dc75bba5b5971a38c1b17158b0b29632c1
100.180086,2354.513546,success,96390c4b022d5580ad94f0caf892e1452ee30f78b00fd82193d86eab7501c65c
148.555030,2306.272816,success,76045a3646045a6393d84d7881b58cc907fbe71b7e4f7ab783a9c90014a20285
200.021902,2254.952241,success,cbd95e8a04bcff3b1f2e20ddf4a108b00e5f8a48f5eccf7ad850c5eb5ca40180
248.837309,2206.270757,success,d1c6b7562ee3985879a834c35a2c6fbd51da0ce3500e826cd865b2a738fd67f1
298.262218,2156.977768,success,00b96f97cef6abf4e8c4e8c7460fd08e7d906c0737486677e5b7a9dd52d7ecc6
349.357968,2106.013366,success,0148fc2314129354d486c5f43ffbdcd37bf291440d3b680e20877ad7cb613dd6
398.288412,2057.215693,success,6474a4076dbc07f85891095b27c3ad03c00e93821e1424e4435499fa1125a558
448.856454,2006.779310,success,f154dce2b2fb9b33f404ff66b3dc8b6f4e43983f859b29afa22bce2fde3b44fd
499.502323,1956.258528,success,a849cc1560784a23c2a80a00d625140973622cf0aa3d8e301796eb948eaa5a4c
548.466351,1907.425207,success,7e847aef06e9143a74998d396de180b2b0304de43c2056bade68e74f62a68134
598.576356,1857.593639,success,129f776a2f1b9bfd8b03bf7279784076be97815ec0a943c101bdb016b9628c6a
649.270757,1806.765194,success,44dc774a23f80d6081bb02ca45967dd1dd38288e41f380c3fbd10de1e3bf91b4
699.826766,1756.476922,success,ec051ad78939e1121e2dac8c064f99535b2a1d39b3aa2bb45819edc59b0e3adc
748.970734,1707.462910,success,32163256269fd7723b1ad561d18350796a681a01d4d1c81aa84610189bf17eb0
798.711882,1657.989959,success,5b95a1175c14c71948bce632b27a560c1fe182af768dbcb99a3f29bcfc1a6062
848.342351,1608.217111,success,96b4670330569bf4eed701034dc3a445010d82988b6622534c8fca95cad9176d
901.708906,1555.137979,success,fbe94336a7e54fd9fd91d20c8069713f5a1d7a91c7a6cbcc1a6cd5e9a197b1a4
948.459156,1508.530940,success,6ab380e0af56b83f8b25b617529729b219eadefd418e67f21876f7977bc70a77
998.626520,1458.490226,success,8ed99b11777e77fce52c9b96883e925790ab8004e261842669154b274f5d8e1f
1049.021304,1408.222943,success,e54b5a145b75c23c88f663c38076c434c8558454d07bf3393fdd37c0e99c2138
1099.116251,1358.385453,success,08d7704224542c3ca8d205fb8a86a0bfded51167f0b8a6c94770ab27875072fa
1150.060704,1307.315252,success,1cb74b3681f706130a0b27371036fd9d4c46b7addac38b2dee279457ff174897
1198.316581,1259.315540,success,ddb3033708266a1e85b531b3506014847d7b2ffd115297b7e10f4232d7092485
1249.340454,1208.415341,success,87a8edbd4654e1b11410deaef97ef99f07ae9ab0cac73c32179872e5cd914f9a
1299.301637,1158.840328,success,a8c1028ac16ff974634f07b5341cf9d0981a7d596ac21f27e454b649f2d982b1
1349.346880,1108.533971,success,3e137d46ea836fd41a5b5f1c124eeb74dff5504088bfe2371d35d0f1defeca88
1399.343961,1058.675332,success,b49083a7fac254da6d353acf3ab601614c5716d1c9bef8af5824b9836181af96
1450.529299,1007.736871,success,f07feca43106aadc7ef700acee315782ac123ccb9f409ebde462cbbda8d1d3d4
1499.160858,959.227333,success,750b35b45d02aeacf2e23500dccd4a71b56ebea9a1591cd69e0820ea35879ac5
1549.549559,909.085328,success,a27cb66628311de2f47d0882ab5f338b7326885c9588e6b01992edac440a3619
1599.829135,858.682289,success,2b8d80d98e161e19ae65fecb27ab417c050433d8a78e8be16d977055881ca857
1649.118377,809.646316,success,7928116d10d10b39bf062758ca5a4d0695a398e956c133b231a2bb80ce9ea252
1700.269681,753.959964,success,3c7d9ec87dc8465f07ceee848eef0357b8eafd79936c4f6175600a6931377e33
1749.945595,2741.821258,success,55297e180e96089293160946a76316d014e004cb5445c4fddc307be43430c5fd
1798.316200,2693.302102,success,e18fd55cc7de91ee4680a7bcc7427d08c133856555be3ef284296b2757e013a9
1849.893049,2642.011945,success,aad2127bbd3397bc88f035ce3c76e3fe7ad495fc6f9969bc4c71b508aee7ef68
1898.692675,2593.359528,success,69f170b0507d096c0061825b5f842341277cc16da839d2b4fc944092616fb878
1949.047282,2543.137902,success,d7ce0df6efb252764f5d43d2255b06cdc92795896ce1fa7d98be52ea1c53eaeb
1998.459908,2493.854611,success,445dd30417c548afaf1d70f9afab3abc3d07650fcdac0fc9fcb43cd1fdb7e94a
2048.584460,2443.859363,success,02be4496e680b2e2d77dbb82efa5f96f80122cfbc4a9a1c040ee6ea6402c6e55
2098.346365,2394.224919,success,46a975b7028d07652903dd0e66cc292c041585523e07cd01a58a4d5e99563dab
2149.410514,2343.301056,success,bdc67a6efe9d96f7dfa26c395ca66295d38fedd617844965e1670c219c18e9a9
2198.340937,2294.502091,success,db4bf0c9f7c259522d876c69a9e81cbc4db267e8bdde3031e1bb49fade15bd0e
2250.293947,2242.696270,success,141db7e105f1c5b8815fe344e3822dd40c6c04ea7699d8416b95dbf76b9c6172
2299.668520,2193.460670,success,453d8e57a0e6ce0491918a8581a2005c2a250c16eb4c6a0e45ae2737e72132b0
2349.287375,2143.988232,success,e1bb77d001679655939be39eb16810c7534a36a4ddb080c9047a8e1720e323c4
2400.061795,2093.482269,success,17164874b8d016803a7748331e74be52d3ffceccf9fb4f0364c652b52eb54397
2450.262481,2043.151217,success,25808ae8078e7cc2ff4acb2e0fcef6caf3a870d89c04528088667af34a220eab
2500.295760,1993.493107,success,4a10668180b8eec6d10ab89ff8d167ed657460cbe2dd8fa579d310fcfa30a3ab
2549.447130,1944.676511,success,25d7a8e4fe13fcce3e1b7bc33c3c215326d97f1d0cf28618d05514a03b16b4c8
2599.077417,1894.899737,success,962a42904499174845d2e9ee6e943bfd9f4d02302c1a98f8b09c272bf3c06f1c
2648.391836,1845.862782,success,38491fb9efa20852afddd2532fa70facc2d8619e6a01dbbfa5a96f04699a3147
2700.184252,1794.202396,success,d570e397436530f0b7693e41b7dc63f31e5809a12f9f68edeb8302580deaeb31
2750.577281,1743.937730,success,d79e9cbf5590c4d4a32f38becb8e1b3fff50927c9fb7fd09c19bbae9b75ab829
2798.428402,1696.669161,success,461662aeb1bcb92b1de2883af3c2365b40e696c8ed12499ef16856674121fcda
2848.562752,1646.079670,success,988b39576ff4e34f967f1861e8faa0fb744787836b04e7c338d4694dd57eaf9c
2898.399550,1596.853076,success,962628013de47db8fad8b099b95962c680a9b56aecc2bacd38b0bfb0b7d08e0c
2948.520344,1546.869221,success,b56fe7d4b2fbd511ecb8e03dd30847906f043ffe7627cffeca0dcd4e8bc25df9
2999.586466,1496.204328,success,95a0185867b8b5fd8a0841be794aed54fc4ea692d82a8e412f56d3b9c8056e5c
3048.585008,1446.938961,success,30b37d6428479bf9777e77b78f65520d7a4aecfe733af8ce37d3e21ccd7089d9
3098.368874,1396.434282,success,1e9066810d294a3e1890bf82602154914aa17e948e16b5269246ff30e370ba2b
3150.302667,1345.788395,success,37d7e1a366763413c27807b35ce639af2a3808f1b4152a7e496aa89acf5a1ff8
3200.119185,1296.131619,success,20ebe7108c53beb011d8302dde9c2223dd196ab806e26fd910d5dbace57b258f
3249.484961,1246.464543,success,cb8770011a8ac58ad9d7a670eeec43dbafa09091bd26edb31d3e04ccfc6f3030
3299.744918,1198.197245,success,dc85436a8498728b2c30b55caab4a5ec943e9fc7ceb465c2dc8e17a9b19a25a7
3348.877372,1146.781793,success,0d611ca84d66c81ed428cec125e6ae95058d6e7f9a267bd3827dbefdd043b94f
3399.212831,1095.795373,success,ff7818928915aca6a09d8a49ecc9fe3242fc96ccfec89599e09ddeb8c416a153
3449.394510,1047.527834,success,0a21b1f093009e3e75b8de83ceaa236cb1acde625923c2dacb98f74d4a1a3bac
3498.993597,998.109389,success,7184109bdbb11dfb4c65c711f408bafe147036ddc4f55982ead394bb201dfdfc
3548.341999,948.081472,success,f676ceba913c622a379f8ce2d38b2a785bf45e967d25f4623a73d0a5f2011e2b
3599.395918,897.358879,success,9e88c05491999a4221af48145f37ad6dfa61440c81cabf41321352a3076bae02
3648.868826,847.730618,success,ed18b5aa6c370381c84a0d63619c60c6a3759b6f0779f095cfeda71b703e9101
3699.076033,798.197355,success,67733a619976627a60b390a1d5a6438be0947d61a246ba7ca4e1677fcd0a6c52
3749.303929,748.469525,success,5d6fce2b18377e7b19a9bc6f19838b8f29bc39c465485ed2cd5e945cd3784a07
3799.944546,697.495878,success,9e9af66e30cd53b52678597b4a09b259348acfb5a02771094f51419fe7a9c13b
3848.609235,648.978999,success,7637aaaf43674ca32e8d3cb34bc3459049d039adfbd24f0f8a127e17de4441d1
3898.313722,599.803913,success,7c9df50ea9fc693d2b0e4a610fc6078aca6915ed236a0e1ce58d4fa2f19b2f95
3950.102119,548.165480,success,34431f9d00b2dd0366a317257b87595e3c74a0004289e9fe298a9356c89ffc32
3999.010380,492.400379,success,18e195fca0085a417f98a9651f112511a6b1c2e896916a0006485cabcdc82ed5
4048.990908,2609.300174,success,eff9a269789ce23756a46de41a945e8856b1967338af35a97ddde4e1edef48e5
4098.527005,2559.893252,success,a2dda646cdf9e901cdd0620308b35dcac67d15e39a0247cd0141646424c65135
4149.241360,2509.306278,success,92a60956417dc133e454a9429faf2a18dc642cab2e6b2d3f43b4e28adc271ff6
4199.409703,2459.264885,success,6b465c3870c0a6bedea4921943c8da03548dfdb91e7ebd3e7273409096111cca
4250.055138,2409.026550,success,1827110f6012d36ed43ead1296bd416eab9fa5997cddb7d63da04389410d5108
4298.330230,2360.471599,success,2743a1b92428f529a3a754fafb499876e39d958de46bebde4b84c4f6ff2270f6
4348.893991,2310.043204,success,b58032dc0cb0a8b156b6ca1a936e9b03491edf98aec1863d2909dc246a8159c0
4398.615689,2259.541660,success,a378f611cf07d3ded7b60df40f918641cef96eea4771e6e636646e9d72838c6c
4449.982779,2209.724923,success,143b1c4ba700919733af3e2ae56bf56fbcd4f12bca96e19d4b9a93240a67d035
4498.933188,2160.514232,success,1f1c1f56d224a85b84d39728824f99526ecb8e0110060530bf25e5d9413c7ed0
4548.452393,2110.863277,success,016a4335b5d7ecac859bdc1f94dd6e51cb20b157d47f6514ebc191daba28c332
4599.357569,2060.222131,success,10e1214949d9f57b52265d7f9cfd97a043b3fc74164e30365954e5d679d5f0c9
4650.062998,2009.937718,success,dde2ad03a62790c22795fb5e4162bc8068dd1681dc6323c323fabfe809193375
4698.905483,1960.943346,success,cc3332a5d8139e94273053471efe5fd2a7bcd5fe47c1280ee0a1ca93e15c23eb
4748.510300,1911.878921,success,61264aa7ae9817038b344b0959a434b9087ca23f2d27d55381e544e387df76a3
4799.033744,1861.161420,success,07c57bbb88d1254e2efaa03de3bf1601c085455e96d82d3c72d8625e74108c7e
4848.316201,1807.192158,success,425e2fcc8093d169d884247172b3883028fb5b452f443d3b993d9707f5fd7cd6
4900.035528,1755.331333,success,63c9bf7bec6be07bb6b9b9185fd91ab775bfe2cc6d70820ac9b4bcbeffdc5f63
4948.298426,1707.475686,success,51cedb21e9421c30d57174c4449481b5105e0ee15cac310ad85feba1dde3a512
5000.326346,1655.319523,success,3d4e7b4927180df1c07cd5f82f7f7f31ee16e8b46ad8f46f918e432c06367e7c
5049.683315,1606.219821,success,cb8318c3922d663506a83972e310a9adb2075c92e6f67aeb8a6676a2938652bb
5098.495942,1557.557638,success,0a5c601d3868b41b17caaa6b4519dcd244017022e975aaf5bc1624ca46410537
5148.284576,1507.908929,success,2f7bf62b34398c32ce6a2e1169231e3a575f76338b1a813883f0a670b476675b
5198.914091,1457.435038,success,12d88f343c7d9bb7cc7718e719d0df795d3a1734a55b1a371b561177018360fc
5248.555135,1407.932556,success,301b99fdaa0afde7ad5edbaf6f068f6aa7526ad3ee76f3a33b38d8225a2b4510
5298.288314,1358.451765,success,1fbd31fee76bd16d6fa80c63c6c217abb9a08ccc7854a4c5bd0dc2a56b651048
5350.861385,1305.754319,success,d4249f6e4a5b80b8da5a8f992b26ba73347cfaec9d10ba3a31bf6cdb4e378327
5398.759833,1258.240258,success,1d0e44dfa54f57e41e22681a1af52e2da1754ce89cc74a938fbb8348031d1654
5449.129606,1207.735569,success,0e4438ab3438e46cc2dadb5a28a27059ada9690245f28061ab58545e4c81e029
5499.574972,1157.551087,success,013b6cf42fc729b39825c3af29eea4e1e55e9d2de7b34be65a0b9f258fabb72c
5548.514811,1108.735172,success,ebf426267140cd53a4195b6df8004e3b6fa08963c0b24d8958801fab046d7a8a
5599.265765,1058.106379,success,e9c7d460ab3e582608024a89adfb48306fe90cfce7caf65ad2ea0896a43ad568
5649.282820,1008.211445,success,91bc7655c5ceb7285636aaba2f93b476e78d7ecb85080fc7f54fcc6b2a64bc1d
5698.811833,958.801377,success,b6b3444a2ce6fdb2795d1ba2f4bc6ad7cfd9fcfbed640a773793276ff44f1063
5748.417761,909.316999,success,787b33bac1a643a672e0188084c78d0f2b9c91c521c5d3297afdda98394adbea
5798.737460,859.119541,success,6f231c187623fa267b9328805328ba1a066094aa726410ad555eff58982c57e0
5848.596457,809.410388,success,7aff79230149887ff7e05a201472c4c46c15d20d5ed3284476d26f59abd0456b
5898.859588,2829.828327,success,bbc232a9e016822604a085d8bebe509505bebeb950b49f0a0d8f11cf2833e13c
5948.590092,706.606387,success,dfd3421b6cdf8962bad1ffdd5bf8133b10c5a97f45ddc260897bfdc239cbe7ed
6000.754950,2728.252699,success,93b0d37e62824036143229f92b6b93d75ee85e109cf843cf286d2a01e2fe9aa7
6048.731056,2680.573505,success,a3eb33ea4917d3ace18c179ec11acc99e868668ecdc1bcf53adc9db01165f0a0
6098.446510,2630.400706,success,46ea9b4066c0bf128f2e5a4afc33476f55ef942163c098645d0cc841e80f1c4e
6148.529290,2580.920586,success,f1be3403df03f9d26983abb5d3cabd66c08c1afd23c1296ed53e8960566e1706
6198.459230,2530.696650,success,21afd825626387e58f259fdb2a6f1d1a684e447dfc702fdab2493d5aa3aa7a0f
6249.371619,2480.384165,success,3bb0500d5190b53ebe533fb82dc33344e1de6b66e99a0fb8b087eb0363bd3df7
6298.473513,2431.132147,success,56e0cb8634ee298f0abbcfd67ae3ed0b56cc04315d3dde4a2801231964bc680c
6348.386201,2381.516882,success,93bab7cb65a831beabf9181e43533ccb66759b625d575b8aa6e2a48d09c0c896
6399.971602,2330.532908,success,d85efedadd3d4fbd6cfc590d2f8a9a58e5a5c0522df617bb6fc3bbf3095f3237
6448.391997,2282.406990,success,ced62d139470a783b7d7f8475c0eb73cf77d54b5cd49977ba6cdb6eabe586105
6499.585548,2230.624095,success,3013c3cf62aed575fac3ad93c4d6b3ab8ff8acf3e183cec92bd84bb65797b356
6549.327392,2181.627029,success,48db76ada64b076c186aeffc17e11825da40db767278a5a2a60db2e200ba4b08
6600.230243,2129.834997,success,c9b1bc8850f1d1315014ae9ff1c416a4a8f73d5f50ad444db331fbdc78654f43
6649.449228,2081.204595,success,42bc6773d7046973046d0f09346092cc693da5d7de6307f988559f377c4d8a64
6699.439914,2030.917829,success,75abfb105828d69df3867b724a4ea3b8ab3012e7bd98bfddde2831f2e3d7afcd
6751.296869,1979.804591,success,2369e1c05ac6ae3f4638f8cd45dea246888cbaa2e91d1d14901e14b51d016d0d
6799.388722,1932.668305,success,68b3b1d8bbb50a772257d5539f2edc2dabd526f5aa38b201df977f8957caa32b
6849.863844,1881.384533,success,62d99a932bff7475deed6b6a982969f4a937790d593ef95de410a71c0f91ad4c
6898.323443,1833.902413,success,4f90ef1339da9b1d098ca3b24b643d968a374a5fb3dfb6c5a7f77f47b2b8e418
6949.384804,1782.477294,success,339972498573459e0e1596a6f999f65022f55d4ef2a46b38e0629ef4f42e730a
7000.197514,1728.286675,success,0ce3dcd08986f2fca2fc4d529bef2c0ddb820ce2b708b311e3842796f3650c7e
7049.389849,1682.002671,success,f1dc5783b6b8e4b824b98331a459b67f8572a69dc151a3e2a57a95364cb8f9ac
7099.950452,1632.472307,success,9fe38b097d6b53ef63e2bab2e92f6f2522b671e2859e28d440eb9687fb2fa7b1
7148.958868,1584.277039,success,865beb25a3b32ac7c898ed5df6484017ff851ada60fe21f3c10d6db3d8946c88
7198.391006,1534.491262,success,b428d25910821cd4ff118374ddbbccf644c83390e4b506c0961055cecac730c0
7250.253902,1482.332116,success,69f05d3c712ae3092bcbdb97412a412597c4d2842aca8c96602c786887ae8b50
7299.355885,1433.379415,success,7419684920c2aaa3457dd9e763f0846ff495af79b7cf0dd2a5aecbe360aeb8fe
7349.347171,1382.344224,success,bb2723ca6af56664972760e4db965f81d365f88012b40d391b47e3773e8c7067
7400.285788,1332.777642,success,ee79c259b96c6326096d43eb5b05692b8c0e538082271c20b070a7b31ee57d98
7449.424852,1284.158933,success,af9e3283a21d70fa0c96089cdd5d03ca00c2627196458e4661c9ba0ce45f3a6c
7498.338930,1235.393816,success,864953ce3bb573d2ba736e8c5a0aebd46a1dc1b184f8710a49946e837a564143
7549.345276,1184.533006,success,ebb8043c6f35b420d576db08ba1fde9fd218a81b971cb1592f928394441b8b8b
7599.329899,1134.706392,success,11fd175572662fed607dccb74e0f35b2f2218e0735ff59b18792cd4d66819e2c
7650.235704,1083.183049,success,e9025857c9fbc2eb3f3318c5364ec93dfe630181f93bab96e0fb2f144b7f9195
7699.383995,1034.969686,success,387304f2762d3bc4abe2812dc4a6b83a853bbc8e922923eb21a02c4e8cd1ad85
7749.608633,984.896364,success,a2f772f922e70be25d6d5fcd5ba9accf389253bfa909fd99a6a3c955ae1f941a
7798.378768,935.820441,success,f3be67206fd29817f926990da076885249baab72d2410b57d72d7f43deb4527d
7849.304131,885.509340,success,4b41567f05a3bb71b2893f5d1bf89887d136ab9c086bd592a86b6c72ee15252e
7900.085341,834.579378,success,ff86ffa6f22dbfd6873b8bc31c1a38d985d5de25d5e5d7958b689c2c9069c632
7948.338729,786.765451,success,dd42f9d9d0ee219d83ecdbb06841111801504959839ef628f4fadd1ab1a42ab5
7999.461114,735.766270,success,5e349d26e7faef7d9f81d76305054aa1110b9bba657614db9ba711ef88a614b7
8048.336138,686.636904,success,d475c7db8c2257a515e85dae5047949268960002908570b6673987c83256ab83
8099.696092,2646.953946,success,a2f7402afaaa7fb5a587f978299e5d05783f5815848fc0a542e675d9e40bc273
8149.350700,2597.168150,success,1bec2fc2436a251fdb839791892f6b215e89e8600ebaa533136df8147e9f0a2f
8199.376541,535.972693,success,9df2ce8d8c83cf45e71c2745a8ad1863c3cb797511a4dfa55904ee45a8257be5
8249.444170,2497.334261,success,50636f3a25579a1acb2768e6e2f2a8df2becda82f8d898f66bac998d8de7c50b
8298.506898,2448.530754,success,d2aba2f9cbc55f9b9ff368077cd6384f25541feeec2203aa8eb2ca24450bc637
8349.089983,2397.811481,success,a629789a4b2d9cbb6be6d782ea83dc7fbd258f227daf599d003411f46454a8f5
8399.435708,2347.770202,success,e5e19236d6c87b54d7e1b9ee5d9fa12b2f6f83dc4bf58243ea61163b65986848
8449.047004,2298.287098,success,4d00a010b29cebb2d222ce91c6a6c64b3adcd8aca2efb722a784f21d08189eae
8499.119432,2248.344656,success,d29a97ed80815eaed4ee2060d7ead35b16884b7e37da0f75963b8704336ec3f5
8548.816972,2198.772954,success,4c6f3659aa1216c90fb42569e7aad285dae4bfdcb56a33cb5ad44c352fc466f3
8599.067196,2148.646574,success,d8a463be79986923f4e789f44cb4c2a4c31457ea34a9d679c3359b06eaf843cc
8648.786908,2099.054794,success,6df61b697ac302e8ba18d7d8445c9ac8a3d5c53cad1780409ffa1e74e7c5cf9c
8698.630283,2049.596197,success,76912e3d001a205c81219bc590135ebc13c001357ab330ef9325032f8a9d99ff
8748.947554,1999.031077,success,387f1cd7776ec8b877ef291af996f7dcbe5dda22c6f5125cb6e5ad63a55c0ed7
8799.033278,1949.071843,success,3d25db6bbbe78b2597f87b67d57fed21ce15ea4732138a9c9d1957f29ab7e8db
8848.652990,1899.694689,success,b76dcd7ddef5a65492783058092dc392a0baa5600ad234f7c4e1967e28db952e
8898.642191,1849.825175,success,ac7dab94dd6174498951e2e0b0ef968eee1e71a3a639caf52118dc4826eb61d1
8948.771577,1799.822699,success,da3b0b1dfeebcde56abb3315d08e78f9be7d2c10d9298576a694f1e090531020
8998.538808,1750.448050,success,709bc0d956fbacbc3fb39e95d7cfae001f841fe0e38be178128308c66764092c
9049.212033,1699.504213,success,6902fcce037a0c5a81cd3698af710ac85ac756c841a34bf648027baa41819cca
9099.716347,1649.122271,success,0eea465a0189d855bdd8d33ebd34841e17216ee04d6550aa90add71794f0f070
9148.354412,1600.757673,success,dc201cb786e68de58d5e7b1cb4004ad2289fc2d342de68eb3119a55e39062c0c
9200.207498,1549.027099,success,d7e088ed51d97c8bd3fec591ced49421f8dddf0e8b10424bab71cfb4ce846ac0
9249.809576,1499.771276,success,1c75beec8ed6a2d39a13eb97b7efe063728d7a42df192deb04047a4ff0bf1420
9298.762406,1450.592919,success,cf659d607a1f8c89cfb4483ac13c1c8a786d0f9396d8100c911d9f4094549bd2
9348.574371,1400.929054,success,5a9b80d8f0bbb0557333c2435b5de485b42fbdb226bb00fe93d06805c2663f67
9399.185086,1350.655096,success,461f2c103919f71903d3bc78ede746175d93f1bb643c373dd530f39e9b24233e
9449.934775,1300.157775,success,fcb898ded963643150e47a144289aba66e34d13362c28205f1470643ddef9081
9499.550088,1250.776184,success,1d070c37dc70cc4d8dd4cbecac3554b6bae67f55bea475ad2b63964fb3e2a0b1
9549.261002,1201.299944,success,1f9d178f4567a081cec51fa70993f9086fa9c85f9f61db60c24f92c54a7e3f97
9599.975574,1150.702834,success,4334999c53daeb3671a1de154737f06b4b4b7f19f883f894c9be8f7838ff6136
9648.964853,1102.196899,success,4589f942170ef4bb353535f1dbc6100a2510306b856fb6c8bd19c536db632737
9699.153180,1051.771634,success,08d7138e4fe634e46e4021524479627239ff840b863efa3df57343d62e193cae
9750.292034,999.428692,success,aea8e48b5ec9f86f08afcec9b20b6eb0023b677569fbf43a46d1a20279681547
9800.186455,949.782130,success,279c212c21a2f7912ed8c6a6a630e1b952d378dbc13700194c4ef4bd66a617fe
9850.192898,900.017755,success,25a088d439340e1ea9a1e3ec692d07869ed90daa07dfebdeca0fb972c239f28e
9900.127876,850.316990,success,850c8f5b0a6fc66beda18f448468fc496dff79f97155daaa24d0291d372ff253
9948.955739,801.838989,success,46ab545c1bc41933a7b564b1f560a3f88020c16fe645f20b37a400acca51cb3e
9998.611760,752.436317,success,e2beecacd772b5963141c19c4daa08b89607bffd79b8ff1d48936e2989028130
10048.710276,702.627369,success,2e32df5e8b67a05c5be8c50f00b429c573a853ef8bf7d12408dee507aa16df2a
10098.501802,647.851034,success,c3f5ff0107c077eb78c6d11965d545654bad7ee1abe0c3d3d4eee00104ffdb75
10148.351478,603.108648,success,0372e2f8bca3e8ff541eef8d964b9c5da1aad6ee2e41d8833210886140d19462
10199.872775,2665.734035,success,acf17fd6b3c3984c85fd3d042c1765d97aafaf0fca0edfe835fa8e2b5933003c
10248.568548,2617.169090,success,c06c4e90bb901b6e1b55a6646f21f13e93e928992d6c7cb93bac3620d6cc3a2e
10298.637458,2567.224795,success,041d7b1811340a7ff6a8854e337ef8d8d81b74ffc024e56445d1ac9d05630e83
10350.645356,2515.427396,success,14c31182bde3afb7b6e15298c337d2e7aa254104aa683c65d50c5e26b35d3ed4
10398.702912,2467.740300,success,630cecbade941d3f1660455cc671f5b31e8365ccc79b2bec726774c5c1ef0d11
10449.243344,2417.080102,success,e5b3bcdbe6b3ac7dbff9f45640718daebd021e0ed28531e7380c9a0dd3d6bc62
10499.417173,2367.142730,success,02e1681b13bc90f8ee3a711eebb872e9c67b24ba034d6ac364e25a326d3eae41
10548.615126,2318.067158,success,7c66c4be91164fedbff1f05ef9b3fa892a6aecac26384aaf24c8f9846bf6965b
10598.442219,2268.358389,success,b3a8c134fbba24baa60814c63e078242a84c555d671990797d51cd1adfe19074
10649.176096,2217.757464,success,cbb08e91750e79f70d922014e26e4a2d0a2edd78298b1a386c3c62ebdeb1547d
10700.476616,2166.581860,success,ba7860c561ec64720bb7cd5b645d26173f27c6307bb0f910ae51b1d17e8273b8
10751.939733,2115.238029,success,55dd9b4e1ea886e2a412203231c76eac3aa63c73819695ae1b10a6bd15bec8a8
10799.113808,2068.183510,success,8e7690660f95ed52d5f523fb024f62ac83ae17cff9ac7b5d65c8e9108e2dac43
10849.201364,2018.267458,success,5ef66dec8f1e21c224472db338dee13d0cb7bffe6fa526427123004daecdeab3
10899.467016,1968.132313,success,f2a552928ff62a0283f8ba9763b1c1a443df5f428226d7872a5d196dbb0a6373
10948.379409,1919.342892,success,107bf5ca4319415832b1fd6c811c7466e6d8707fea92fd88f249720828c79621
10998.459420,1869.383830,success,3cc7eece5b819a009fbcd27eb2bb7ac444d1e44f7a9eeadc79294843f2d85faa
11048.438070,1819.539154,success,50ec35472e8a4d3a7e72405e7ac67cd3beeaff9eb3e1eb3d7431078da723885a
11098.948515,1769.149928,success,3045abf960cdec1531b874f2e7847883ac95bc2b4b79a615fe4622863c62f4f5
11148.862140,1719.353304,success,dd1c7097025c31d38174a4d421e33df3ae6a1a39b25773f1364d6f60d80f9db2
11198.371531,1669.968829,success,b8419d5d8ef50a03b38b13c6576407944ee48bf497b5f160b1f795eae4fae51b
11249.390328,1616.811638,success,25b49790b15929abe550ea42cc5226bfb0467d95faa2ca03c7578c1707267501
11298.706373,1569.897295,success,6423ca59583b89508985160c61a22b5bd4790efef031134e7fe602685c434db3
11349.279266,1519.450200,success,885e13fd64c40f91a50972e1a3f67475eb695cb62f5cc9623ac2ee3a20813727
11400.949815,1467.897705,success,a2a86e10fb68f1398c560d8e5b8d70735f66e16ec90038071a071dc2695ae0cf
11448.476997,1420.502462,success,29f7dc438eb65bf88017975d0fd5d9c133b805e4ab845a1fe621fe52358d0d78
11499.087050,1370.170325,success,b9c73f2698656e9e57114d3e9a9fbf5f83f6ea94c3300c284ff7d22298fc5e6f
11548.632179,1320.490201,success,e65a12022de8db7b157f5231a217ff40e1cd58e5a90b8ef2550689ec0226a256
11598.511199,1270.866203,success,6bef629d1b978417872b4fb289cb9302c834ba65772d8193922d8da31a865cdf
11648.961570,1220.681705,success,77315856b8df5bb4e701568fa8fa107fcd499f334c0fe41095b681b1e4f482df
11699.248732,1169.210974,success,10eddf1930040a4f7b97b8b7dd3d22a73d57d057437d3c1d3d4691d699d33956
11749.666662,1120.095458,success,892cfb1b3e94847e225bc5f0cc64b464fa29f1828f2d974aabad59a1097ce161
11798.316107,1071.839216,success,a604fdd56e998f4da2f48123e8c25b56aaa206e7f9c67e69823993773050ad78
11850.046118,1019.992615,success,be708c1315618cc31cffb88b07cdd64fc26d71cc6a3f3807be8a6735c8e8b508
11899.730069,970.164301,success,6fb7498440bbe7c194b2dfb3c1414b55ac4a4b0dee298a267efe5486ddb275de
11949.157946,920.352678,success,a4f61f01543245423b81c6c1bbeb04b4d9f71edfc8e2541736496a463aef50fa
11999.981353,870.439432,success,93c94591e2c20426ae9d74901e6c08a5624344a3ca44fb5ce1d30b881afcc3d2
12049.260028,821.027736,success,8fb874b39af5f279da8804dedae4fa6c918fe7320a1e278ffd4cd2ee78105a73
12099.333956,771.207588,success,6b4e6b0111ce0049a1a29b319ca3c8020bf1027bfa541c92efb043b20ff8b815
12150.168363,720.504940,success,9a466008d9c61768e1ac8e11acce88ffbe863858b5e17b52874888e3ffd427c8
12199.542617,2715.017920,success,14bd10879d699d507950c40512a95c52053e32bdf59c9c1d1b27740c2a97b3ef
12248.262495,617.156240,success,ee2339151b05ff4d9a2ecec2cc43d5c28f2f7bf378e399ba7d00116a391f2368
12300.282844,2614.440280,success,04d357467ec020dc5747648f023a9051e8b22f2bc4982cdf6a7146bc23f3235b
12349.871084,2564.988228,success,67381c44abfa5a62d66b531106a83e10d5b70fa8462626178eeabce95e257ee2
12398.458561,2516.679749,success,9e78c7dbbff814cde8210730bce68b7efbd95a565bf0abd44311f00e4093d544
12448.332631,2466.676224,success,637c3d8326d36107078ae2198a37428f5f49bbcbb2b3c8d4a025999694951892
12500.100082,2415.160098,success,f1b3364d9edd7d90ef0a7572256c72260709880080166d78348149754e4c9c19
12549.304997,2366.077254,success,2b033c2fcfaa7b094239efd588c35df51ae826b9772d976223381b4ff2f25e37
12600.324073,2315.272203,success,692005d8249dd95fb4b50da63707c90f8e470785b4bd9f7e38a4b8f026e039fb
12649.368945,2266.486451,success,43e8bccadc79891b269a4e2ea8d7763c802169b2f1f090e347b6887ed7fba87a
12700.207980,2215.788443,success,33218e247f0871be4a2b76b12981e197d2333637225a503a7d2e08d177ce7596
12749.886871,2166.235169,success,56f935c518c07c03830da62ec2fb678713ce1d8f6338dcaf0e62ccf67b0f4a23
12799.622219,2116.622583,success,6e1c62b69220438e49d6b6bc3a0e433366f1e74ce33cc1d393c60b47b57f6624
12849.506679,2066.986443,success,7d4f08c4ac6fb87baeedd06d59c57f0acee3ff2611cbf0bdc253f6b9b01ed2a6
12899.121138,2017.249312,success,9e3eb8458f71d6e13dd09257cbb223f8d2714f26a52344ae5478d3c333b64ce5
12949.373965,1967.241148,success,99ac5135abc1c15f97bacca5d0d7b9d17cf7ca1fd5f1da9131628bd8bb5c695c
12999.512525,1917.344906,success,533bef3de4b2eb1f68881bf9dc1e3509c87149b09d1fa195ad183bff66eb43b4
13049.085396,1867.650195,success,fe6317456cc973a6334bafca5ac34dbb41d9ba9b811d510d280464d7a40f9cff
13099.225078,1817.766256,success,c7e2d38899fe29e976a6af7c8210e26daae345d0566eaeaf31acc9c3d364bbb6
13149.385148,1767.729840,success,9af77100e1a4871a1bbb1a3f95356a8b57bceac61062f8e0821ef9824e6a1b52
13199.540159,1717.697391,success,c37ff536da5b2d64c79b08f692e1722e33c4d3ac36597eabefd3412de90a71ac
13249.043698,1668.334348,success,bbca3f5dcd4121c64aee08e63f28f43cb2a606dca423eb3f2a0645d260cabe00
13298.402913,1619.099879,success,bc88478e6fed5b343b32b995f256c03712b04480b2ee8ce2c737cde33636d2d2
13349.363989,1568.260843,success,d10472c4160445a13d3ad764b0d2380fc300cfff6ec5fe0efccbafc10a184550
13399.996363,1517.747184,success,afa6b830563c63c084f217341caa4e6b27e5c7c830df7e3ee22ccd39dc46f03a
13448.664752,1469.329339,success,9270d4758668b29d0fed95cb68b90cc43bf543088af864e2a3ab74a118654b38
13499.192107,1416.537391,success,c0e79c627b2918499a7e5b73aefe5deed4a864d51f63f568e8b5e188703d46e8
13549.421889,1368.809270,success,aa8893d3ce6e55542c98dc234a8f7452b874959be301fa49121b3b58a5bc6aba
13599.294286,1318.819942,success,10ed072fca7167136924665bb367cf82d639edd4913544976a3d0d342edaf154
13649.874010,1268.596532,success,33fd5cb18beee45d4c3b554f8278ac7cd5d1f29f9baf1da65e2bee8272a1a6d1
13699.219870,1219.132759,success,ff2f93eb77f630e1ded18e12b8676ca5684aad5695369d259d20f7be24eef55c
13750.266337,1168.322208,success,8f95f5c6850f48a420b680d695d7daa2fb4a6ad5b11c17388fbf4d739a1e81ed
13800.230918,1118.649279,success,49783b58bfbb1d5ad5782f8ddcc88e2daacac8585bcb2c6e128aa0b1ab4fbf77
13849.664935,1069.043677,success,3d61925802875c13e6fcc238bff09459f64514811e67d4652f4ac42c243d37c0
13899.144188,1019.989027,success,798bdd43a1484dfab78275c465404ff1e0776849b4bc04aca7077a100d937988
13949.430377,968.431724,success,2853eda1a7491f6cc74d8d5c06c5d27088044fe762c46ae8e4c1f1774e3bed25
13999.245395,920.130499,success,c983e79a6ed8781f40d518cab2ffe290148cf5951c7a6ac246648a5d1b99d38f
14048.504471,870.745004,success,1d7d43e5e6914ec588e009ff92155443ec8afa38e6556718bab01085a5678d45
14099.195004,820.302560,success,210408c86bd0facac5e57d29db88737349f6924bc5fe9e3203c0739a025e80ee
14149.890076,769.124936,success,9880233985ecd1a151c3c004738f445d7cc2db5850f968bd8c621007ca058869
14198.410534,721.205544,success,ea1ee7a1a11617ffc95d0964afdc98bc332835b2a38562e270db0222911cd454
14250.202961,664.147609,success,d086f0ca30caff6181eff85ddba8fa22f76a94f111bd6e8e11f8fa1196f9120a
14299.397315,620.333721,success,ac9d426f349d59af08704d50d4e7fa393139b0b1b92822ead444a735017236a2
14349.378656,570.465734,success,b76c18b1cc38c978e02dd269aae2cd6bbe05bb96f961a6aa0c210d45b3d31250
14399.689090,2546.491399,success,080cc39cdceada7ec9b15e56f37233e1d40b4c9e186dff658415734f62e78ae2
14448.925142,2497.677435,success,1d0320ae4a9ad71f41f6bb2cbf6e8b65eb9249b6954fcdf550b5f559920bbaa7
14498.574256,2447.839173,success,a4fabffca82daf7f784d1987e9c0562bbe1a09b5d86ce34af68fef28e470e81c
14548.295726,2398.543047,success,4bb3fc63d26cd8d56b585426d067152b309e336c9b0860af5afc213efe30ccb7
14599.490623,2349.038768,success,8371c466f5a1e0b14c3b6b5dfe3571c7cd31d895cf3c93ce0644f866745fe094
14649.079342,2297.449896,success,d7c74dfde3c7842d491058bf7a431d89c61853244630d1f651e503c44acaba70
14699.831271,2248.549359,success,39aeffb6d3e77f98486008d8bbe8bf9a43bbbd751aa01665618648101a753e2e
14748.492456,2199.197016,success,2cc85f8f446282c927f47ee7a81322e75b80a19bd2be761a2747fc07bf2a550c
14798.412021,2152.052780,success,d2abb307c2098a10f1117b112b7430442378c08a2400318b7a1f0a68e076dce0
14849.736963,2098.511537,success,1b052b22677adc63e480e06e837d7fbfd86491e2f0fafbdf7e5400b10723a2be
14899.078575,2050.337212,success,005e8ca03223505cbc9973ac13f4d78d10c8d1345b84b24602b36ed869faec21
14949.395201,1998.157192,success,7b2f89f1126b1f5a01fc364cf408b83865f9c1151e70e9e9c79809501edbd937
15000.279340,1947.835036,success,e8b5c7abe177ac6822a5a2169006e9cdcb7a7c4ad714031730cc8f1315a917ed
15050.063339,1898.789464,success,ab6422da21fb21ed3624616d01c1834f2f3682c1dc02fccc02500d9318c3d3c1
15098.439935,1850.508068,success,f538225189d1b8d49d33a28e74bc4b66145502dfce7cb92575bfa1423105a2b3
15148.400306,1800.777301,success,9724412b868feadede1388f7edd47b4eec181cc7a40a1ee3f11d7ef30d6c9934
15199.250660,1747.070374,success,d9b86dd6ce036909485e33e9d936b1e8657b6737fe8d9a6cb206f3de2a698aaf
15249.993952,1696.750463,success,8ca35899454fe6a3bfa00876ee5b981845fe8bc81859b3a373ce2446e15334cd
15298.424811,1651.409799,success,f1cfb97e454657459c2f5a3829e2ed8bbf25c520f709dc1ece1e612fa2e48ceb
15348.862785,1598.131372,success,5f8e0015fe5e4ba62969cf264af3192afc7e7593cde11436705fb2ecdac699c6
15399.003458,1548.133680,success,bcfabfd66f095c337c093694e12c62ce9029eda5b4922f947026778a4603946c
15448.922130,1498.492282,success,6f66d15a4a7423e3dabb99eb1e41ab3613ccf885fa75419f964e1f6320901490
15499.193850,1448.780331,success,dded71785c57c96cb9b3b9f739198f94daadbb166b6a70a93fa583200d832bdf
15549.209496,1398.068218,success,4fc3b5c2834dd267ae137989474edc1efe4190dd1de655bd7a5086bd4153b811
15599.915327,1349.346790,success,af96daed95cbfb9184b0dfb3bfa14128c4daabac2a61984a53472a09f8123932
15649.184591,1299.882136,success,7923a9121d08b1d8ae41c7e5263ec3845b2b63d4f5e7cb007108781c3e7ea42e
15700.144804,1248.620944,success,2f9756414a8a186d97d7f4caf98e7a391bcb30e92d25906289b7e0444696614c
15749.344176,1198.521670,success,9e164115ad951ad1e66e517ed608086e12838461f64007df9bf200011e260403
15799.753436,1151.600106,success,2cf023cd37b7c35f746530faac06d98d2b78ff401512231764243130b19ebac0
15848.707574,1102.524238,success,612cade78a7523ecd25e497deaf8d06d2399d304be858fa6dd5b28c1f9a15eda
15898.455694,1052.645441,success,850420e0bd30464c4e60faf4fbe2ff642a98a2ff06d2082d22ca517bce131ae8
15948.623518,1000.925201,success,47514a6932183ee39b5d0ec9389924e655743550ac1d4b4b7227c9226c5ea13e
15999.326884,950.647219,success,d106aea7a163117d6e1c645e29bec163aadc83ec4a55a2e0604dd3c8532b0e4e
16049.760530,900.463887,success,852c4c875a737d45a0261d51dc265b3a2f2c7d5ac97e22c723a178ae3924e50b
16099.051044,850.640715,success,f2aa096a02ee2b4e01087987803a472dbcd8232d1accbbfc053496117d6a1417
16148.379930,802.208415,success,27850d80944e2c792ff751631cb7cd33cc9a953159a12235ffaf38bb0c01303b
16198.330653,752.013881,success,1be81b80fe63f281ed2803a66ff4d4f9c1553359d5238753dc307788dbf2f591
16250.085387,700.629147,success,d599d0cd18d1fd6c42230b0913416fbc4bd141f54eb6be4697af5bd60d7c441f
16299.195990,651.645684,success,134a1bc17d1b9b4e6c543242d2d57f0df66b575af71ee9b472126e70b072a840
16350.530059,600.449486,success,51ca153f50785e62c8d6a5655fc2f104475bc35f36904d53df6e40888133d771
16398.932513,2690.477642,success,3cd52891c0fb28268e39a17dabed95b02f00abddc13a83338919686cee1d0739
16449.120634,500.979147,success,354cfb352dc6cbb8254f09f909aa2ab0f227fb60361f87a7a616cc95a66ad4a7
16498.900153,447.145160,success,c16fe3f0d3e83ab73c36cd88f9b389a67ff5ec55127e230905bde46d6643a491
16549.296859,2535.395022,success,f09c6177f7d58d74e66b3b53c172c610302d3f1be3427bc6af4bc028184e4f5b
16600.010925,2488.789316,success,0434a9feb5688e2b0b1d480a4d5234670d08d92d2724bfde86283ab9199cda4e
16648.541261,2439.486890,success,039b51e4880b5d39ca9ecc639fd4479fe008112495c2d0962b7781507e4728d3
16699.355947,2390.179715,success,e1109e1754e2b7e84b21de9c6f7ba47357b3cfdc1edeb2267ace2965175eb7f7
16750.244633,2335.371927,success,836e3820951e946668c14c929db84656c25d24a73b9d0ea7af29322d969926eb
16800.065830,2285.050765,success,25b6abb0e1912f746cebe0b567b29f92a31f060b6d7fe36a0fd37e95c8264e94
16848.428469,2236.807071,success,0d1aaa7fbd14e69dd9cfe26d6f2aefe6e53fdda6cd7c045df3b085de56ec1df8
16898.915776,2185.924506,success,f5e801f020b67d4c9547f3c8adf5b968609c4e0d1da6026cb2ca45387a9bbcfd
16951.775250,2133.594393,success,eb49e73edfec28972636a6ff6848a074b7f06751d409ef2512877e3a673dd21d
16999.372351,2086.127098,success,6323ba1661861d7c24fcdf2957fb555cb7005c6550e08dafca658a5d50451f80
17050.026924,2035.869996,success,540fe39122b6c527498c041c685201bca8964aa2aa033f15d811692033a980a0
17098.328176,1988.163569,success,9ad2035b7b83195c18a0f3adc108e73b88ecf6206bef2b132d366a8c04b8fd08
17149.981398,1936.852485,success,55ccd7017d29319f6ebba645f5e3a9741e4ffd053a3fc23c5f538cb437ba72d9
17199.240702,1888.314294,success,e5bc3111462aea79f0e196155fbcf82e4cd8e5190e7d4bfa57bb4cc205aa7c24
17250.120280,1838.468481,success,aeecb0c6a994d153c1668584ffa5d40948a6d683660c1e96ac0c8e69ccec15d5
17298.921538,1789.374239,success,4b5613213c950515df419065fedb74a8e880e140490dd241bb89952ca90b663a
17349.129185,1736.990547,success,8ca93292f4ab375794118313cb1a69c063050734ae255929e7dbcdb041eaa925
17399.896331,1686.696145,success,6ca5b69e659345bb7242c37b4316ec4a262246d45b96906a6e4618b5fb3812e3
17448.542355,1637.693847,success,c201378409fc4decbb0efab945dfe3ff5927df85f884c111b1e5281066f6778b
17499.352402,1587.716275,success,ebf33c11b7287fd957b62abbefe71fedad10fba482a7698056645d14946d297a
17550.115079,1537.109593,success,8dbc58b1bf2bd0436f99306830c1ef2a5a714ecac2103848eaa8b66e3ff21344
17599.183201,1488.170004,success,8dbff5b69c998ea540e97f1ce2f1cb209a3e2b5faec2c70cad64921d345f44f3
17649.350242,1438.346532,success,7179fa3039ad0ccb4f822d79e2e393e0040d4a1dbc848a5a373c5332e8b5a238
17700.238376,1385.508811,success,774326abc36d220c9668fef5b3f8c11fbed4216c80c2e19b78783fc50dea9e64
17749.733947,1336.253304,success,bcbb1606822d837fc04660b5d799004baeec49ec9aafe9fa043b9f78533c9f18
17798.380131,1287.968864,success,c799abb2b7c45cc375f5732e4025d54a154d169625a9aade9f8e998cfb2224c1
17850.041739,1236.662318,success,49a28f484e722ee872fe09d2297f6db7c3adfea517746f40770e0cfb941c78b9
17899.560253,1187.395720,success,ec6842ce746e61fb96904620d84a5d13ffeb5c00ba7e8cea9d1641d8bc7df98c
17948.560427,1138.866457,success,a8396fbc63dd7bad358f381d566295908fda39a61ae74a24d746e2684668fb9f
17998.372446,1089.398048,success,597601cb0fe6395b1a04a77552f0b8d3caf5d842dd42aa568f437f8199551d2c
18049.635039,1038.260762,success,d4257fdacea79beb996912ed094a56b699e460e8325c6c04db8f2b1bbec51901
18098.351375,989.831208,success,dd21847456a9bcdc52d887474b074238aa9f0358a94349dab0534de36b06df2f
18150.644416,937.835760,success,2b391498708a74506b58b1b58ebe168edbfbba1f36ef23dcbe9d294e5a880fe4
18198.718467,889.688250,success,a3218f6f7ebdc550f6115788474fb61011b18dcc84ee44a5e8fcb7ccf0df51e7
18248.845532,840.320762,success,965564a4089106c175dd0eaf764bb4040f5b64abd3e5e8e6554c3ad105571d80
18298.712324,790.216641,success,d3d82a80354d3404ce1c56ffee60b24992878afd25b2e7e511f02d67beac32b9
18348.385740,740.660968,success,3e5d6a6371107392f28f556e1bd953c16342a49e61a33585ac94fd6a856960b3
18399.838141,689.440485,success,3102ac318bd749063a600a5239ec35cd8ef36135ed49a093d73cc0e51ef7d1c6
18448.455931,636.537892,success,0eae8384a03d3148bc9d862dee651bbabe0af702740bb4e1f88e0f1a40ed92d8
18498.836986,2599.814353,success,3624a05c8694b47dbadfcdaa8c372d60b506919ef4ff7037ead248577322b70e
18549.137478,2549.738666,success,f45233334dcbd2750aa1a911bcc0706809c703526f542676366f496d8db211a8
18599.386754,2499.647479,success,5bb0eee3bfdfbb0040217b04811dc1ba6d50bef010c15b063bc0477d115d12f3
18650.232146,2448.936812,success,0ce9776e4514442efa47f50d0a10660b96308c77a56c023f98fd86fe0dbee818
18700.026512,2399.270999,success,041c3249a6f49240cf4c2af5495de40a745b593a821b15226545e7b0d1e8bb94
18748.465203,2350.961823,success,545d86a236df9b8cd855bcb9549962c218ff19d64c3c9222579f7fbe4d93f284
18798.574944,2300.977640,success,94bcd34d3695c2831ebe659f0ade90ad44d073f9c2ef044db723c5c4a9c8ec89
18849.120350,2250.591956,success,4af3ad1507e4df5f55684f7add853e737943be08ed17b92dc37c3b2f31dea281
18899.199594,2200.646345,success,acaad7e5c3bc6891f9e181a5fe0f1707ee7b76a9ee1c562705247915d982ba66
18949.770718,2150.245944,success,9f07768ab5aaec117baaaac99468270942e55c21f0931d969d907d54e91aca4d
18999.633893,2100.654462,success,1953791e83fcefe2b5dcb7ec575b33ca2fcfaeadca1536738a23408135c7b8b6
19049.171603,2051.258761,success,3ab5dc28314e474c638a20d2ecc1d064be60ff882e25e9e32787e91ed5715d53
19100.027475,2000.116287,success,775f29fc7fb8815e03ad147c45f474c6b632cfb4d7a9d1010a1eb61417e30ea2
19148.745674,1951.818062,success,01862c88261f8629ddcd54754808600c7fde43c80b94c7aedb4e6054166ee393
19198.760796,1901.937434,success,2950d66f46cf6872009d9725ed7c93c213f4baa4e2d8731edac4d6a5542253ac
19248.385089,1853.002435,success,6d09e4ccb60801a373f5028b91dd66953a46a95d501dfb45a64858d454417324
19300.274125,1802.013702,success,bfe2f5ae9a91a7aa4d9f4eb48221c283733a4aa304aba58f2762aeeeb30ff749
19349.961046,1752.571864,success,b159b81cad631a88971b95c4a7b2045f5e4522f5811e10343bd8e821cff31116
19398.806857,1703.962200,success,90b71e2eb9c21f8ac70af37d7dda9b94fef862b9793327d084731d3119ce33e8
19448.572557,1654.450019,success,da9cf9ec5e5f2560941240cb3f97694008ead8179650420dc43cc4d38fe88c37
19498.465898,1605.288733,success,a3caef85557e21a05fae34f96037aa123599883aaef905306bf10fcbbd98cdca
19548.429052,1555.089422,success,362b97ad237af85ed63f170479f710016bdac3ebda43bd8252eda98bd748ed5c
19599.220753,1504.039443,success,8b7ba867370a59dee5d2f0975c107eb0af49f57d0c07c15d2caea02882ccd628
19649.850226,1454.193141,success,28fe8cebe6d67908eea71f63044bba0f59c4bb4cd9b39a5c44b59194a6adcab6
19698.816414,1405.421060,success,858803978ffde8edbd97d0ab7377d32a9401c436234867b71ba20a136f82fce5
19748.492525,1355.861079,success,54a363224a3d97bd570e53c81460ebd6e2f2fe82005189b988258c54fb8ae6a0
19799.136907,1301.821205,success,f4f63b9fad94a6faa5bbbc4ae2b2ee3dfbb8fd84e82aa06e35b8a2a69c8dd4ca
19849.619974,1251.200738,success,9c90ea94a9cdd6d833b03c513286298a18b9fe9f750e025bebfb4ed8b29245e8
19898.316813,1202.924695,success,635b78b215a239190af137fd5af375e34514e3f78b2f720e4f8a5de839b25314
19949.918596,1151.198396,success,30dbaaec27cfac2b93e866958fce805b8b47fb8928434f050f9ff077c86e6025
20001.557098,1100.600112,success,63aa926a9af460c645750131813d0e378b190f8ae9dc3f9b2a0bbbba03393360
20049.492446,1052.918584,success,65eddbf5329f96f0692c4b7bc13120cce0959d1748ad7929120a6909993a3713
20099.116808,1003.534897,success,fcfdc2b1c008686f2328820a96bc77679c31d8e45a81a23fedd7aa56f06d021e
20149.455351,953.435196,success,f829cd8b7476525dad59a622682af08f8fe490a1f620071af42911aefde27b2c
20199.161598,903.981897,success,0761a6bd232ed9a8133325e83f8bbd6ed2bc822ec1e3744f8669d54202834fbf
20249.431031,853.946627,success,6e5e2b67dc042aafafd6a4dad5e825d2527dd7f96e120ccf4b9729b29b52827a
20298.305164,805.565837,success,c79c29a69218d64a5f6c0916b93836d94468219cac6573f501a34f82340a66f5
20349.747053,753.890707,success,a02bd322e0618a468a7af8ff133b865f12947d25db5209decad6fb1c02d47ac9
20399.316482,704.803780,success,979e1d6055e571cd5bba22b6f6f8f909af1f4c740e7febb7b386311d3a94b5ff
20448.500792,649.918749,success,27e95db9bc3277d927e45d752ef73012919965c80bc9de2fd8ef9d31c8c6d291
20500.326537,2643.166126,success,98f2b45b32784c8bcf5a40901408f1c408310272a429d666dbbbb39c780cc365
20549.413032,2592.997835,success,e2288915d1b1b201112f5068d1aee218eee17a373f9433b8820c2a974ca0589d
20600.175968,2544.571899,success,6d205e415f2b723b5ed84e9ace5edd3ccbf36d892f1c20a6c09778ed9a2a1c2d
20649.662389,2494.609157,success,f6291d282f19a5cdd80c2345f3a282096a36da2639a5a7d52d932db5cd3ed25d
20698.773811,2445.086627,success,9fd78a4d30b9aa6a69e1bee36dfc67569c89f245384029db6d1be9f2eb82158f
20749.223764,2395.748216,success,b97f037e6fc23e824837466cbeb8ddc9e0b1c40c2b31bfa8005a043d2214a8bb
20799.421511,2345.722685,success,63802d2206edbbe89f2c01c3e7af2b584169dbfdabda9fa0e29cd044e43da0fc
20849.119001,2296.554336,success,1065aec8b2cdf9d5ac838bdea679562715c8021f07b67138bb1f62b5ccfc2e29
20898.893397,2246.366247,success,7200b7d6eeb497f0b07abf3d7d7e665c813b4b36b4b75afc09c9eb85e3c5768d
20949.299718,2193.546522,success,d74616c845c6bc00d3ff87cd5f28cb7b2d6e8c2d44eb4a8f7d38ef40c6b787b9
21000.315642,2144.074508,success,82efb6af183ef78fbfb93caf9ad8806741a8ae66441b0cc01fe0be1e9a0c59c7
21049.718886,2094.938499,success,4c8d863c8671912e8e70d25e0b57d9b7f8d2f8f76b672c75a4db5b47c6790b3e
21104.842448,2042.202553,success,fe86966f425dff92a97a0f3fc22e2aa55d4b78b5d44965d63a16d448d4bbd0b9
21149.491049,1994.506078,success,6f0a8e21b4e8604e9109171327893e6060fc8cc94c9ca8a477c3efce637cf61d
21198.703722,1948.417303,success,7830d48d820fbd3640979b05cce8abce198f23ec97d6fc2ccf00145f02eaae92
21249.061611,1898.193126,success,35d65c026861eb6a7fd0c8e783d3c4f7698511564c8bd1c49bda2431fd3a3841
21298.780020,1847.147317,success,03b9f6fbfaea94a64c27f2fa02f6c17eaf9bbaf95e01cc9ab80183c90ec775bb
21349.132198,1796.314039,success,376d138b2532560fc5a035c30c5639661261faf112a9d4a366423d6a07cf6c4c
21400.014308,1742.632675,success,569f2fffdcdc8b26fc5f8579e8679ace706ee6e275ba16fcc4c1e86dd9b7ed58
21448.584937,1693.972697,success,511a256ea7d2a9374afa3571dd9d6afa6f570305ea1829771b5d60bd12c7fc28
21498.347039,1647.210409,success,5986cd090346de12dc1e81b76d2ce6fb0e45a8682497c8d506da03f20ab0ef8f
21549.792434,1593.454334,success,dfe5472bd87b45c881ade5f18cb60e6027768331d2c7237087329f9ec9d4158a
21599.172373,1544.563069,success,3c20d5b8d4dd4f0dac2d002b06760c0df24e6353f062127254289e8d3546829b
21649.124575,1493.854516,success,ffc13b4d5bdfab6534873c3df7b22c0da7dd823dec2d3194824b9f825d9b17ee
21698.993469,1444.622968,success,5ea576245bfdb219296060c5a42c642b8fbdab41633b918a4c124803e4b93c58
21748.344974,1394.782518,success,38546274221442f48af37d5fd0e1abd1570420b754b4eb902f8c11151f76d028
21800.015966,1344.097310,success,3aaf0d8b15f614e71f7d7d44a7aeb49fb352565a206cf3d89b57a5344d93e683
21849.041535,1295.462370,success,95f89751b7a2f2e902378a8297168494167d5a075fe1be053e37d2c4a4c189e1
21898.749575,1246.623464,success,6a449de7140ac71124573f7bd1185af964075365e555b4e62039edad339a33d1
21948.452796,1196.407744,success,81d6114d69095d00ce74813382be5244d5939c312dedfcd5e8f6eeba70099b0b
21999.076507,1147.034848,success,ecfd81a634e7ca8c41f1de9337125accb3df1f8f50bcc07eb11676912694811f
22049.000455,1097.883391,success,8467d8fe0463460da8d26a0db7caf0ed86344c5801f2f01e88589f1a849c236e
22099.135572,1047.194397,success,5a0582ac69f5a388752deb89000cbb2266fec4430d8722cd1bba205a69d6caed
22149.178895,997.372532,success,96d9ceada7a83831f5b89c94b73b00f6d152f8c75785398c85e55f890baa2aed
22198.505493,947.342745,success,712d2e5015e37688d1b0dd32d7ebe25f52a2958bb696edb09407c7bfe11a3411
22248.348597,898.091530,success,b1dfc4429aa340f386d6bee543a9b3985d384d74cf7f479967f064d71d5920a0
22299.886927,846.774929,success,c9c262c4d32f30f971b1bc51a85602528c7f87ca00f755417c466d0fc8b7c88b
22348.954164,797.088191,success,56ec026026dd88930020dd65fa28092e979720065181b8fa84ca28f5823bea23
22398.941081,747.828910,success,4f184330f850d82e18e7bc5f23823a114d3846fcb2492144ed5176c0bfb0a3d8
22449.046231,697.174090,success,5c7ef78d3f997524c9bf48a266616195b0956498babfc43ea6f25fa8ad8b6060
22499.247833,644.072995,success,dd3595cfe3b5c29d1cd324c90ec0c19e4cd61a39e56f88829d6c0dc2615d68fa
22550.251653,2610.560224,success,51d51736cc627c6cdd984f77d81b0ad6b9d28549c830384169ff439c5c7e939a
22599.799860,2561.269544,success,f85a639e3365b0a842cdc476c3d05a87e9dd322a892321d7f020a4885ea6268a
22648.492548,2512.692244,success,01092ad1f2766f28e0c26af76dbaafb324e512e4c4cfdc7819a064fa068c505d
22698.337436,2462.608194,success,714822df3713c6aed7c80e1b4072ccc92d241a7d9c14992e90a6f5b453b6348d
22750.207294,2411.213474,success,dc592381c72052bce25fc5a0805f49ecd082af32113f6f00964c5485665057b5
22799.943756,2361.357526,success,2097135cb73fb22f396369a901ce694831106035787e256dc1d61a4caf677cd1
22848.919721,2312.842533,success,a98f95b896ee6016d797f17c3a5bbea7528ffb475a5688de43f483b93d6a8e0d
22898.704084,2262.941900,success,06706a585d63535302a147896d0432c9e84d3e4c808558d7573e7d5533ab452e
22948.859399,2212.674713,success,bbc0f3807fc5585e0b1b47df8d72f6be90b107f7b53718db5fe82223733fbdaf
22998.568881,2163.306206,success,b6bbd2cb9a8bbbd1b23e804cf1269dc47a96a0a6ce1d41f172d5ad8b107a7288
23048.363824,2113.637282,success,dd2c0cc92e2fa922e42a940eef6bec760ebaa9ee7479ee474a833f048dc8210d
23100.596677,2061.630927,success,85d8dd8ff383063009442c106c13e6dbbd003d66cc83d836b4ccec482a0857bd
23148.769602,2013.569272,success,512c383c12eb2e783b32f19f45482b01a09b23f0ce856e625fe5cd08172b57f4
23198.677038,1963.438163,success,477feb0c448df32e2ec6e52bd1eded068d9dcfd70376bb17750f3ca4e73408eb
23248.252075,1914.199012,success,6289cce0bba6912618d47b668d2f62e42de05d0ca320691fc136d8952245c67c
23299.955977,1862.607773,success,0023bcb41d31c619ad21e98ea1ac61b23902c2a85ca2d82181ed82e287833543
23349.084490,1813.590340,success,f09ec00968f6146fd1abf0b84ecda7e751ffa4a8677c4ad61d4e5d3bce192c36
23399.648136,1763.138024,success,601f1867bfee86a54f254ed321bcd99056018b7544606616017d48688a29660c
23449.004659,1711.672693,success,e85509715fc3c4776c21aeda2dead9f25ec84226f3a182f52c8d3002025add97
23498.319915,1664.824573,success,adc1e7ed7c24ba29c62e51e400cfacac77d9174a7f17a4e6623a421a7caa8c60
23549.348621,1613.913039,success,d7f5e42db3a3c15de20f45e891b701c4b0ea0d37d454d922dd45ecaf5eddf7f9
23600.140258,1563.234936,success,8b9362eb32129e9f4d07466235e1838144dca1c803e44cdabe4418f017ab65e7
23650.270696,1513.218734,success,59438a8916c590704b5900bca331ed9f5800cdb8c1926e110eb145fadce605ad
23699.385853,1464.220739,success,d8be64d6f844a22a5e2225b3059b300f4a267b4877459a3a32a977105677cf70
23751.257413,1412.461922,success,5a35f39d939fb396aa50f828bd5504df5f5245e5295d4d2fd5ec7be2f3c71224
23800.625758,1363.205108,success,921a25034deb7639a7c292f242969239e34ba21fbac4266c4deda25a2a882ced
23848.476514,1324.643239,success,7ebc948160c36578ace10f71cdd0072d4cd0ce664b2dddca050f1d08e7858200
23898.727599,1274.251738,success,039095ce12059eb2a112f58ec8dc85b22ecfa3945933c4d89be1c6ac22b8043d
23948.661485,1214.348499,success,522a8f09bc093b230b99ecf9c7b7d6b482694e7352a60b6f125f29ac2bc294df
23998.826317,1174.658857,success,6f7998e2b9e0327eb7c64a62fbfdde7d6748750aa8c1c0ecd4b06fa27deafb14
24048.536940,1124.838406,success,1ed48621188aeebd8a48bf43ced1c62538146ca1e4d86bce25e8e9fcaec792f0
24098.826287,1074.769807,success,5cd2d8cb858ade5acffd613d7abea5ea600f8eccfbd16fd71bfb69e5deb91dd2
24148.338234,1025.367577,success,16166d9416e7d2ec1317aed53bbd4e421263b10fb60d24d0345881b439c701ef
24199.484531,973.772972,success,7f8c1ac3bfcaf92b93eeeadeb99e63f94c413a363c2779b1e0c3a195cf314d51
24248.844160,925.115882,success,3428f3767b1c9aa47c633184eae0d7b1b2e99bf56705c8be02e3f9039614845c
24299.250127,874.583125,success,b0899916961ffbd5e18f9344fbc0f89b8a529086a382011ee4097033324540da
24349.447180,824.781320,success,3a10f96b3ab25ec96ed4c2eb95c557d7468a1373e1c69870cae73c9c45c63f11
24399.057613,775.042043,success,af5f40dab30635be03c349f44ae96310a1a038d139884b07bd3c384b200ce789
24449.191405,711.186601,success,59c03f607d2337d2bbeda90728b91fa2f2ebda480bad0f48963d7f5ef2cc9fec
24499.450465,2692.601483,success,98826a298e9ccaf245091a64751aec4da2df73f347ae535959b6c66b2b9cb6f0
24549.697242,2642.828021,success,4759d10ca88dc5cff3fd66a01e8ebaacbd47d87647ddf546d8fca0e8120db4cd
24598.325407,2593.826550,success,b8354b703ce5337b87683cb08f5a9c33f37ec5259eeb435bbb60e69ec2eb74a3
24649.537008,2543.603058,success,113f48b607b814aebbfed4c366543296ca28fd4dfc7f3fc450bb9e086eed4013
24698.554610,2494.882438,success,f899a4d9262544e9d6881bd4ed70b79b21a54f5f17e43e72aab452e072e610aa
24749.148543,2443.515833,success,540b28ff2902e1eb04c1aae084829b2f74a95ff03586f250e13de3f634e012be
24799.486261,2393.332497,success,b52a5cf62c247f3222e6dede5dc33683ae46e6b1d641c26032b452f29059ed84
24848.883942,2344.137359,success,2221453770b7fce05f5d43dcdb28489e431d96fe05447f085ba72097f58799ee
24898.695555,2295.080133,success,7642da58b4baccf8744e474a58fc54844562361000940d56f77614045a8e16ce
24949.239053,2243.045615,success,75fcd734f951ecb786a1f792e1a4de9e36a23d00de19bb7534dbf95ffabbc1f2
24999.789002,2193.104448,success,7265c0d48488d5cbfa485997e7ed9e8a01be4b273b6cbf4d9347a6e7732f6330
25048.616244,2145.371435,success,089b06463f7918ec44d27a99b1534679bb38c9ce4f5c88ffa3dc705d5a125ef5
25100.324063,2093.902458,success,11fa568765fff35ec2babfa1e7f48344288198c3e1e082566006d09c6ff045ec
25148.865484,2045.604166,success,44bbe0ac811d237001bd24fbe3fc2c6060da08cfb298538d0c2ab2d6f6c3f089
25200.573934,1993.767945,success,1c38c1c638c4c4414b8785174f899f483947648232b27dddcf7a7bb797b43c70
25248.400072,1946.679843,success,7df622f4ea789a1b03ec9b546a685c86a851198a92fd124e023e2b5fe2011314
25300.467500,1894.780092,success,5423fa9d043b6c790282fd5a0dbbdc600e5a7f73c3151dfcec9503464c8182c5
25348.851714,1846.986224,success,9250179f7680d24e94455d40106d967dd50e86dfce84bbc25bdf52d61fdefec4
25398.350455,1797.914671,success,85d987a6de02b10b687a7736cac2a46d4c60ac895f284c2af5f654211e5ed62f
25449.438070,1747.519586,success,69a3e0c25eb4e16c691d7653922a5ce7fe4e8404c7a3eb6429dda3aabf1bbfe6
25498.772801,1697.615127,success,d98f2d8fb50c19a4fdbf05a119dcfd7f57258e827054c8262e6593457b3e4af0
25548.796936,1647.702874,success,87a1e0da092832f52051283ad03a1cac2b20f1e5bf7a73c513db7d5f535c1214
25599.225115,1597.392087,success,8a8c03fad8626bb4d7f836268c61b1e868bc1cbe13c5c9de25ba9183fb223653
25649.360259,1547.516634,success,6914193b08640b93c52cd2f8f4672c9786629054b6e1742f3eba61778df7ff2d
25700.055002,1497.141896,success,8342956a71f98009075e5c01ea6584b8ba06601b70fc4e8315469b5205c13308
25748.960281,1444.313718,success,52f3bc42f7e0f88cd264da7fa41dc582b6977783fca6c25c59e3accfd39c02b3
25799.210252,1397.519392,success,c3fa9dc8b5b1f847840a99f55486ac4ccdb8257ad03b3d67f8bbf6b423f1a68a
25850.280145,1346.803369,success,53313e25e97de77e8bf411619884a26204295bc08cc54457d49134b374c505e1
25899.630485,1294.215696,success,d76291b1dce719046c0018a5bff36cee6f90aba83a8a669f1e1fc0902bb37369
25948.349141,1246.604174,success,c5bc0142212100dfaf99fedea895b1569e7ece474b33f73a2054104c508c4c8f
26000.154875,1194.427959,success,1e12a5e80ca6b1fe3c1dd47078ab0a7b74ace2a491f98b8dac7e4788a2991f31
26049.935379,1145.742316,success,925bc129e1fb62d67bea007707800c2a9e8b2fcf1b8b13dae4817e5a49f2918b
26098.258586,1097.768159,success,4f379ca04146f51aa37477505c1d3f8375d159c37c15fded2f047ef611816fb2
26148.487878,1047.427467,success,8da257ce51820a597b96fce860dcc0ed75d998082525b4a4bcea30fff1ee086e
26198.495130,997.641383,success,eb32d6ea696a8153cac7fbc72a9378bddde9d68469d31883d52115a200331ab2
26249.307194,945.401248,success,5022dc034a6dadf9367f91dd9eb3ce017e9e269832fa96870b9f277fd6615cf0
26300.462497,893.164851,success,1a6e754b8053659f719d68a97e02f5c0b6b069ef1a59f8e9093ffb76be5df9e7
26350.231699,843.279559,success,7a4a92f56710020003c392c7a119b6a744418b83a8720ea79f17acc0e65df29c
26399.813877,794.296704,success,a22df49c4ee7ac1f068f763bbed6d97bbd9f37342d54d295e06a7b692d906fd6
26448.401795,746.973408,success,8b0b2acafcc0eb329199615a5899e657058cc5a9b40b5c2ee3243a66aa8eceab
26499.428595,695.389013,success,7cf954d115bb4b16dc5cc6a2029049d2baba3397b721edc8b16e6971e075b96a
26548.892129,646.608211,success,52d17d46c606f5b7f2615112a79b56dddc5a63c1303a3742f589aac8260bab86
26598.357365,594.064904,success,3920e6d5c700dcfa83f2eca5e595de16aa4d7d8e06530ea7c6acccbc37ba453c
26649.989931,545.579079,success,52953b65c19706c83f84a8576d6398abf3e94374e694ec287b8e0f0d1587a064
26698.525440,2576.961639,success,5ade26f6f1cbc3e48f122278d27f77b79e9a75394ee6f7458ef67fdbb3d24f8d
26748.248264,2527.360515,success,3016b244683ff519c12332f9191bdc5c68916726972c237ad9621021644ef3bb
26800.589700,2475.132794,success,ee2e5aefce09f7024be6980611c1a540947c84f03b0cd277485d11419c9f6cf1
26848.351145,2427.483280,success,bb74a2506a60d95e0ab5a0dac76761ae9b4204a899b23b9ff37c5e9247bdfa19
26900.016713,2375.938080,success,053986bdffb59761d0e3429da551411b4b8bb2044ee6586f9a43ecef2a5fc7c4
26948.901322,2327.168098,success,30cdd7867139dec0f5bcdfba6ef67dbaaf2fa7dd8245558632610c9700ed9cf9
26999.169858,2277.014379,success,d815880766f0b04341e2def2a33c9496b043adbe1650728b381534498583b8ac
27050.042166,2226.365874,success,e1b2aa7388f28ada8710b61256b517ff49fda81ce084b6f800121c91d32d25f5
27100.467148,2175.828389,success,297c1a3efec3f084914fda93911365ce53bfb407ef97e8088bccc4b1f631226c
27149.480599,2127.151605,success,527ca11cc0034e83688566ec842b5201c28950c944a3603e45df702f22b72189
27198.728895,2077.790345,success,c4e4dbf29f4d5460535a729be0cf947c8cf904c94d46c58e0cc12d11fd9ebc9f
27248.587856,2028.152713,success,861b0db3a6f828b8ef7bdadf41bc5fbef6e1a0b1ccf05663e3dd165877910588
27298.987249,1977.984818,success,35e3051bb173bc13a49c1bb931996056141a94fa1c9b32917068ff366d7a18b5
27348.852802,1928.234753,success,17e16a0e2c2687e98494145f608c6197658421c33ece820eb23a8ef59cc7a6f8
27398.442704,1878.409085,success,744887864eaa50667d5ecfe3e3a3e9f8484f3ce925d50432557dbaaca721ac13
27448.526110,1828.671343,success,c2773ea295d588f35d0063d86b3e8b8859fd3eda0af4535259e224fa76ee59ca
27499.932266,1777.373211,success,00b1a13dc92f89761ab19a0054f8eba8334af8b3037564626df465a4208a6b0a
27548.829448,1728.584745,success,4d02802ca7d0584b3d1cd79f4a8bb8c754255103073b2364ba38691acd718cb4
27598.686446,1678.835861,success,25c34b925fae75bc53d90b06088d28b5ecc3fab0abaa8f8070a959cee2b5cd64
27649.244529,1628.408305,success,23808ba0331a6cf73a7e00ab7418abe53954ed604c2a96c40d853a7bbdecc8ae
27700.180626,1577.584380,success,55174917b37c1715175da40391315cc2232a31b3d17b70016c43f13d73bc38b0
27749.771240,1528.221126,success,c708fc7544af3eeac3825ef16e0a62bbb60af696356acfa4bd58f20f2b829566
27798.834426,1479.037493,success,aa97694e8cf1e1fcb3c366db36472ab72e1c3a04aaaf3cbecc00d70c68504dfe
27848.587486,1429.627782,success,c558953fbed225b40a58fcb4f1c2030504ca657a76c3cfedf28424b08a60f95f
27899.881220,1378.449927,success,4131e3e51e1ceda03eb6712852d12ed53f222d2a3e9c60a22eaa53fed5db2cf5
27948.983039,1329.460300,success,320f063d076c148a34fdae9dc8fd102f3c2166f1e4aa89a2a997c1be345557a1
27999.185810,1279.604375,success,b3c0cc7490967b21e10e3b7ed16af41bcf187e2ba8eba9cd1ebc27a0ad166d75
28048.969088,1229.582336,success,6707281aa764a0720b570cf06a197c9bcfc0f2fe7c6b760f4f42201549045855
28098.310279,1181.660449,success,460e7b9b94067aa1e4a41a5f939fb7b8b50a99343d64930e57156772ad4aafbf
28150.050387,1129.080242,success,02157343814109bff2048f290107648410f215febf956142b17277c9c0027b32
28199.227838,1079.795027,success,abf78c92f9adc5fddfdf835a9404190e6682803f72615612c7d378573a4e4e88
28250.262482,1028.637300,success,c8211953d48956aee2e5986bfbf69351b80323afb4a2a76975a8be3411b64650
28299.870227,978.808267,success,15518d282dfea4f1ace68042bb4ded6ae3f9ea9782bcf71c428beaa44a5563c5
28348.498169,930.978414,success,9469fb35ecdcbc084a2259a6c77acec145dbc492c0aea2297e237057a3f85fa8
28399.065058,880.301597,success,a754d797a82a08c46f1e0c094e7fbe6e406f123f7366ed84e4918d7847ed32d4
28448.527638,830.710875,success,73eaed69d69107aeefbc9feb4f974bb910963b01bc8633448a8d58291a4aff46
28499.022621,780.567627,success,7c51cb6e70ba11dd9649cddf037f75955f64396b7f93346056f4ea7e564d9f92
28548.986339,730.727533,success,9dab8fc36dfc7ef367afbb6af5df1b07fb3f56f3dcfc72c68c74cfe691d079ce
28599.097637,676.226203,success,7fd28f4b8c8a940cb70bd59b5d392048a61d3d17b42a248c48014f940e909d96
28648.777037,631.060379,success,67ec855fc9d118f554e734a6f4066f940aa840ec49252d280cd816ba67480f33
28701.072385,2716.692409,success,7807f3356980b495c4fdeed5d771686470ee6b3872194d41ba7378506ed060e5
28748.920332,2668.968967,success,380ac35ab5c17dc7aa077917f0f4c093d276b941a747dbf53f0f8d466dfefabd
28798.448386,2619.581068,success,c5a3facbba0d595beabb5789bb5df465b0df06b9a2a76cf87b217bdc49a57cff
28848.713314,2569.554211,success,9c815ff485fe8d9bf1ceda28a301f5e73be227e504b7c9e54133c22caf863658
28899.233705,2518.918752,success,ff6d9620c7e9d7ffa88e98aed4afc53f1ae3201a5ece981c7fee2844d908d355
28949.810533,2468.579303,success,700156e8dfc1222b0e1679fac902ed5d4a32c1053b7123f8d6d212064c338066
28998.988455,2419.516579,success,ab5377d6c1eb200a0fbf03176eeed866cac042b8ee09def3f0637604a37150af
29048.486102,2370.135592,success,862f1995dc71f7845acd084d22d296a2abc862dfa922042e7076a895ed151057
29099.069080,2319.915531,success,345b28ee606b8fff40170843578ef21d314ee6a007a763f9f79cc6e47b562bdb
29148.304751,2270.433764,success,96f91dce4c640a914c1373854d2d3ae0b453192f8f63bfed7f584c3391f59779
29200.125050,2218.727932,success,d719480bbbaf607df9965d2dd6a263e75ca0ad31ef714933f14978f2fd76cc94
29250.016651,2169.898299,success,70b5c66fba9a4e44e7b451c7eee83fa0eff7df7c89228561ec9f4ac2474cc5dc
29298.466365,2120.870662,success,e274d3f462536b77a55e6ad863ecbd6d440d39f667383ed1e978710ece73ff07
29349.225808,2069.877537,success,7ae015455f83585342627fce796fce19bb49e2c9f8897c4ba81b6f729839e697
29399.964871,2019.252520,success,9cacc678913c5fa4c797f758116750b6a26f205f45b8540d94ccbdae249a8c91
29449.189651,1970.493391,success,43fc8b687c055cc9cf273c5c6d5e1d0c20031003f4d7eca078e9ee83b060d0c1
29500.093978,1919.353829,success,4434dbbf0e970ea97b3fd1f7a645dccb01998869d6980e67df3e49f635568350
29548.368872,1871.955843,success,51c19635ac1426d9c8e64c4336c89901f98d8056830dfc80e644db119a2ffe24
29600.196965,1819.598119,success,2bde5e2ed18d6c06ffab739387e88dcf3558294bbeefd9dfd6fc5e0b46bb0676
29649.336574,1770.232562,success,fde2bcd17c2e310712fe4540e95b21aea73316d94d9cd25bd389350c1747e7dc
29699.340788,1721.222639,success,e086b7ab7b6adabd987b35b8ef67622a70a642038bea8613bba71543a4019b59
29749.295328,1672.286565,success,1876ed0c1cbfdb695b97c7ee6468cb705382ed6f99a1eddfc4a032f14fb91bdb
29799.764642,1622.063466,success,e7a1e35825031ed179ad5ebac1645054f354a22ebefede50505a0c69519e7a23
29848.682381,1572.557034,success,0177119f752c7d96917339adf9ed72b02bdd039d994c7571488304f00b93885f
29899.396848,1521.390853,success,2b36e3b8e91150c8e325b6511b401cf271463a35693c1e489e2d1177f38ef213
29948.370674,1473.933394,success,490643818cce36693f8bdb9d6f7b0c28095ed8c311dff09ea1f3916c194a3f22
30000.335075,1422.213095,success,a4a239791be80a78b38e4ef6759e69eeded118989748dc94fca977823fa96f01
30049.417376,1373.596434,success,3ccef0583a866370ba392ec41556739905f3be463f3e4c4c4ccc052ebe20117b
30098.319084,1324.573948,success,c291ac8e7c8cbdd95d8f1b0a0ab9141ef3a2cd967dd29398d67d333ebc1d3ee6
30149.854143,1271.188139,success,f7e94eb3e0dc1ff7c3832741a2fc4bc9ebcf17e10e29d10686b036d3b8a889f5
30198.341517,1224.440585,success,14b39ca51aaf0ca70be0aed3d2aac77372bbd6207ddccb39039d94d977a43c0a
30249.994419,1170.041480,success,46f5144817db9a7960b08427285791e73efbdbc0f7ba316742d13ba4cba17cc6
30298.351898,1122.097623,success,d0eb8d1a9e8888e9423a4cc79d4e69c21643517fa4a1616734d5652a0db5fa81
30349.324643,1070.884333,success,f9799700368b81aa64d33195c6ab0fb1b1c98bf092f585010d89f1f1ad238856
30399.647269,1021.029903,success,0af8f17e5b897e7e4e88b08751fdb51854f9850bb6ac33d8f16ad6b7c0913c3a
30449.212221,971.687832,success,1365972265fbbd5c0cb3b8db6fbb9a0317099f27762ae6cab68194aaa4c29058
30501.438517,919.994885,success,7606ac4c84154162a99e01b03648e3d4fe99e735738990d187743c57e423dc9b
30548.355261,873.342230,success,89e3725a29613477eb3a022766554bf7c45b6683a1dede0c07489eeb9a9a7c4e
30600.234901,821.947698,success,055a47976b50a794eb272fc236dbac807f0636f3efee0754ad0bd0ca639f3b32
30650.168281,771.829899,success,e99f6cc595418fc1a9f26a17b9944fd15cf5635de2ead67b17b012da02d15448
30699.978157,722.456077,success,eb942f37d929507b48c74894cd361590ea8a06e15063e51870e7c339d931e8c5
30748.504585,669.100687,success,87e07c689603be4d1adeadd60302db07760807dc76d67831d92f19e69b63ade5
30799.253317,623.412916,success,71b36127e32770068b87aa85b48ae302feb36ea56056719fd81f00a809151f10
30850.463882,2660.097941,success,b47f72343e93dce72c40b22605c8521e5dcb47a03d67df0a5c6783f6a1161d76
30898.806042,2612.115862,success,b2ad524f0baf9b671804f3d2ade7e11d1407f23a9eb9d021843990268e5ed33d
30949.133727,2561.664113,success,d0251dff3e156bc76cfbc2874626447debfc961360cbb7ac351967581762fcc7
31000.215949,2510.468286,success,bacdeedce2c47aa9936213ef50749664f1218e292b2b02875a51bfb6e1f2e385
31049.367630,2461.903014,success,11588c61b283d8b460620b603d0efd2a24008c3e6b96621888139793cbf55ecb
31099.838906,2411.317923,success,1fcf50ec4cf91659dbca31e25f6fc72c78e2042ba04114f886e1223f7d059520
31148.298037,2363.106470,success,da65ae7090161458894d0aa3522adad25a1be96fe79d061e55c2323bd317fbe8
31199.900352,2311.142531,success,480028f11eff41bd413500dd9b42901e3bd2e7f1d6c29e73319c23a5634c9a03
31248.721036,2262.933534,success,87ba6393f35d71e4b9eec7ca636b93436c94c8f35350fcab7cc168deea82b0d0
31298.500043,2213.024691,success,f5f5ba578da6431b1831b03a0274f20fec539be0824037f17fdab430da10c6ba
31348.498886,2163.280700,success,25add47aba1428e74ac91e32e4837fc869e7eab77291e528787b6d317684159e
31399.599351,2112.392657,success,b92d40969644a53cb00c1a24d77635b5c6182a145689bb24e43d83af3c417abe
31448.466183,2064.022915,success,22f215808abef3fb99aee3362207cb017f3f4a677ca2f11c5b06f3f1d5498e9f
31499.243598,2013.354576,success,0f88437c8dcb3601f69e75c6094eb9238697b2e4beca0dc54d994c909d2f1960
31549.832557,1963.061687,success,dd3afccc14d8e0e4725361e1ea671a565fa23d66c59165b5245a719fc12038b1
31598.435069,1915.184146,success,c28ef70c4c3e1e7a2db6dee4acb8870962b199654662bfc5ab026fe1946218c4
31649.173850,1864.728972,success,553de1561603dc5ae175699a8062f599bcc73ce0dab2a9d22781569cdd4cb592
31699.871595,1814.328399,success,e39573cc8d226ff9b8915d94a3b77e7ee85ad71f3501dce5980a8675ace6ae8e
31748.432859,1766.081549,success,e70c94a91cdabd72059fea99a136d3e365ba57ed512e85520fdef850e03674e8
31798.758519,1716.051208,success,26fedbced17a42eb62c2162d3ee2da0c5b5dbf60bae68ea7720d6be3ec3383a6
31848.756099,1668.971485,success,b56d193d84e4421c5300fa02eb1eb480250087f130045741b3b97c0706c9f0ba
31898.738991,1618.144658,success,bbc4a25b09278eed3c0452d54c2265fa135b22151e86adc3d93666a26365e1e1
31948.946128,1567.455108,success,ffecf31927537c755aa741556dd6349db7adb84bcf488ad02ae188965f97ebf8
31998.341950,1520.882696,success,efcc0519d5cda29a78fc7d813b27e1c13dbb58d342b7f20c9109a4b98a9bd64d
32048.445601,1471.323835,success,be28b408bce79f53fabb9593905c6b675647c523e54dcc4952b05fbd5715457a
32098.349443,1421.174769,success,68bf57a19f04140627b2e9ac4a39844c0ae6bfa5385759005521cde0dafd9c3d
32150.304044,1361.933408,success,63b35427f380642f8bcf059d92055a746f527222f692cab1931e8294f04071fa
32199.389979,1312.959716,success,18cea3285b641886ba2ec40728dabdf13695684422f70d1ba560986da239dc67
32250.031827,1262.093914,success,d4066412021e76606405ebdbd0214612f1efa983383ebd8377ee5139aeb1d707
32299.153680,1213.628432,success,1f3538ca37d6792c3400fa5c99fdab5ea1707fe3e8e8a048044a38e00d0a956b
32349.972933,1163.805503,success,341dc43a0cb546b7f320eecbaef81c514cb3258e401cec8007f488878fea8dd2
32398.863028,1113.850805,success,ac255a79ff114b996bd656b6080bc2cce79cec3bda3bac63ff96403f30310162
32448.638698,1065.634113,success,89c9bd46c648dc74621f8babc99a7ac71c63f68a41b6f1788760f7f34b1d6482
32498.574531,1015.472704,success,772d8f9a0e3da2965e0284a7ebd0db7b702a01c6e8d1ea29a1a4fc7611162c46
32549.167065,965.233538,success,b349fd10d91ca89aa812efd38653eb0bf2df05060f3c1237d9b23f529eff9d30
32599.769088,914.885145,success,008010d051034cee18fb47c467bac327563cfee0a7e90a7cf096c10975146e7d
32648.570716,867.642875,success,c4fa125fb51d46334d28d1d607283c388a8dbdc572a19352d0d25fc21f3aeca1
32698.261114,818.355780,success,02eb8dab686771c6f4ae02d0d9342bb67b60d0ac3f0104d5f5cc60dd94f9b7e3
32749.369334,767.894914,success,dc11b9c107095af7d7fb5861d28e89a8d70ffbba43a9a7ac3b14cba4ba8be6a0
32798.675215,720.396772,success,b05e72ae1b88140a9afc66c7576b893bb31191c21599c4f6c59f566cf2c8c5e9
32848.410338,670.938773,success,a7d88d6d6643100f3634945c5e83f1547145a8870c2776ffdfe5a677b903dca3
32899.346743,611.043636,success,b22caaa1c313d3181b5bf571de57f32dcf192fb095fd5b2bf961d8d4973ac43e
32949.502712,570.152969,success,40464fd2accfa8140986b4a030192c1409234cad95a2347851df9ba3da7f2f23
32999.154959,2543.369743,success,a41aac9c94fc0f17bf625895dfac38103432e5372419de7305aa6479b1a25462
33049.557073,2492.844897,success,d61a6323b2e3f61216b89e4f9dc0ccdc7580267a6e3b269b9647d8ca5c39a3f7
33098.218766,2444.423077,success,ca4d02188a11a66f9a523cef6afcff956e9f678c3f38d9cfc3e6d6bedd40a292
33149.793357,2392.961971,success,383857318ba680ddf55993b90a49c3d4181f410c2e8bf6aa4ee3208d35eff1be
33198.484635,2344.514604,success,a76d2cd0010e30ab79c9f9b050ce2153cbcc3cfda1cc63b33982fabd455663f7
33248.851011,2294.263276,success,c5192deb97a1093d424e0ca181ebfcfe244f7810155f1e752e8fd7a41a7f2f6e
33298.687265,2244.182730,success,650fe046951a071da4ed33b726b5a805c6b25c1222cc9faba7eaeb2fae1d731b
33348.792427,2194.515636,success,cc5487a148c4ad02c1e398458afbced78c5f0720d23bbb0ac192edc00a519475
33398.495459,2144.931940,success,f7cf9439fec382045f80a6814ac17461704c193948b7d9d97a1fe1b0fee82c8f
33449.177131,2094.364504,success,de88843d5a46959c217b2e83b878ba69a6c2ef677b0cabe629793bff6324d071
33499.759816,2043.896916,success,6d08f99d3b46ce712f50209d6d73abf98655ccafbb86a2c438699652f246aab0
33549.239185,1994.528097,success,d0df69d0962e22470809f501da3154f80d9955ed8f0e22ce72a39f3a155ce5ed
33600.082383,1943.792051,success,1c3ea9c750fcf135d41abb51cccfb49bd02c5018d9144b573714caee00b30b84
33648.874472,1895.137983,success,6910f82dbcae95aabe3793ac70e3791fc2680226bbb077667e9e2c664d1add0f
33698.345264,1846.105099,success,16b263a01b949f0dfcf74ea534ceb1a860cbc1e17d71af8f838544b194c813d7
33749.871484,1794.708965,success,03cd5f290a98367110b088f6200148d41af33b05a7ab5453667b1e3aa99ee1e3
33799.184738,1745.627740,success,cc0850056941d24f4cc138b08caf94d28e8582ab39935d8e2ae5bf1374242d42
33849.347870,1695.344210,success,3803666971d5e5df393995a6dc004ed401dd9ffea64bee2dab7f060b809c46de
33899.761506,1645.266199,success,d4b2db5a9627efcc387ea654ebe71cfcc6da6aedcb0c52056bcf6d97bc96ff75
33948.273936,1597.073233,success,7d07788ff55689d436bee4b21b2b6747cc46b7a987ba5d19eb6eb81c5485ba70
33999.398065,1545.735520,success,d84bc241e89a27305cf6f3771c62ad1aba34b250a6c059daa1d845c809eba7d9
34049.320993,1496.132497,success,27f2f1778a24e9c1c7ca2a016ff3fccd50a4730c22dc6bac484e1169cfd4f569
34099.355240,1446.310682,success,56ff37544eda4b3bd152476f756d3e482c4601214abc2c15905b0939f2155e56
34149.622468,1394.610715,success,da87078955fa5adfffc893a8319130838d66d0aeaef8444b283b4224df0ecc6b
34198.812729,1345.310686,success,2c49b56e626569e20bd9f8b2cd0f120ca9ded41f0f09b21e66a406251d3057ea
34248.976171,1296.795180,success,ff435d3110c7b34c28b207d959164250dcbe735af1563a9a540c25846d1b83bd
34298.392961,1245.964967,success,a2abd66ba76cb8bf3ad0660a2d8c840a0777f78cef6d538f235b6e2a086615b4
34349.349572,1195.556313,success,93207222c70de81a58db27e2ca6f992bd53546536e98cfc0f8939c3f4b6c9163
34399.331922,1145.907974,success,afbb393ff9d7d4b681aa5df025e9dbe0a9ec8a0240e60fc48177cd3a66fa473f
34449.316946,1096.242935,success,ac15a2e3d38aa68086437819fc1bbc05e26d9af54c7625f1473fdba4da27ab57
34499.312520,1046.913060,success,8801692a1e04357f9c4c6bd890e991804b4ebc3b80c2b1a18ef2e9cb9de25569
34549.337710,996.656954,success,ac7cff232d17a6ceb5aa94e63da815121350a29ffc5c9434e36c63a259c8b5cc
34599.655314,946.221437,success,64373903821cbf88c2e09c49aff8d6666c0a0ee9954606ef86a9596686904e15
34648.350789,898.001240,success,c793a8dbe0d63df3fb3c804cd66d14da2ec20650ec79605e85ef347f2f97aa27
34703.028738,843.073088,success,c8161fde8a89e5cd12c43534bd6c0fa56ccd5a7ca4fa355408421891e246a82b
34748.415026,793.838122,success,ac2c359c5ed635d8dd43190933fb11d2493c873721f7fb80729d91bb594a05a1
34798.339035,2816.179766,success,05054a11c9b765bbc32a16acaa62464d1ca6501a69dd58b2c86b0d7213e18770
34850.017151,2763.789864,success,5149b6ad8d647182924ce76ad95e87fd343e11b508fd247cef649f29fb28e9fe
34899.505165,2713.838204,success,92fd135b555406eef5e1ed7060c556019446d7543665b55d30d19c0260104ae3
34948.466704,2665.770615,success,cf785c9cfb5a4fa81ae419ad41ad5ba9dc0e1c57e4163a8816c59e7a64c9a5df
34998.770251,2615.191737,success,12c1100e1ca028830038f9a2f654e21b18d66267a833964d28f648830371cbad
35048.393431,2566.886399,success,3a981dae74783d36509e31b86ac8a4b1c7e7588bfd004149f5d0d7ec73657240
35099.857862,2514.509323,success,89d058541ea712fec0c81ff663f9f86e97e20be9ae3cee627d52654f5e2aaec3
35148.352547,2466.458647,success,0f45a35e39f67665d6a5ca4b215a95cc58a78afe7198402cabc65c43f423d7fe
35199.580732,2415.935946,success,5c21ad9323431edc2f44fe748b726fd2ae74d9549757a0fb07d39538465e9e37
35249.199202,2366.810749,success,9391ea8e366f87e388f55ed159bd2d44295ecb1dc877d2417da9c89ca431d3f3
35300.482641,2315.265114,success,7848e547c86376afe12606afb6e4ff0673ee0ca501cf001c0894fe6392b19064
35350.263699,2265.994722,success,e66042f6c5bfd8834b45afcaf09a1fc6cf5b974e45ba03cfd88c3aba499768d2
35399.501419,2217.012485,success,2abb3ef19b815591577d42d957be501f5fc1d2e3df39453bacec66786f77ae60
35448.882651,2168.139274,success,3bbdbca9987f887e8adf99eaa7906f833c8da7cbcbf0d14606fc1879bb587b11
35498.682885,2118.083156,success,f0362150c82f3c2d3c49fafa48dfbbd447f3d736ea5fbe70f49f61a86c830bc2
35548.856976,2068.416945,success,cc4eceedad96162d490d34f9968cc3b9a09f094845f0bb1e05e4a509d9f4f963
35598.498691,2019.015364,success,5dd2993650eb72efe7dcf3a8a10171de254bd6b7e51dd5c4a0e7cfc00b491456
35649.015199,1968.845712,success,8340f7afc62a8f2c7add31c17b64fd193aa956f91fef91b8497d1c881ae91855
35698.586561,1919.529192,success,35a2911e443cbe7d5fb3b124f5d1078debd7370e651d21eed67e978bb80c135b
35749.139668,1869.429843,success,a44c7c1c62aeb36aa9f357118b8b0796553148f0045eef58cc92cab30201c5f4
35799.629827,1819.052257,success,66ad21989b655ff7fa0bd6daad1253e8464ffee8e8fc40a8c34a2e42101f1414
35848.356080,1770.438938,success,677032ba02e11cc84e611dcc8a8d765515fffa8824161eafbc22038dba5810c3
35899.336627,1719.722440,success,1ce7340306f0c9de89ed6980fd6b4614b5e693f72bbbcaefde52f610b620c42c
35950.124228,1663.537503,success,446526782c2e29bf12a0d36c33b9ebcae314192d388d2ddffd6707d483def12e
35999.242893,1614.837359,success,5e07255b3142ec5141d9ad8da28fec5c44b71a242f548c58d94d48aeecc1bd8c
36049.384312,1565.307106,success,39bedff7a2d1b6486c9dce1075d92886a0392fda6cca61c75da1b0784ca52a26
36100.050293,1514.838378,success,0a863f17408099ba1ea6b6a4d9ebef418a8a740e9065990a251cf137e64af97f
36149.128521,1465.895085,success,9d62ba08be320c7d9acff90e64b1922bbacecedc61a8f53840db563834958790
36199.366853,1415.812828,success,11415c73790860eddb7ec691a5d1e7807e4e509d6c104815519ba94845b7e849
36249.307753,1366.090251,success,f591ec2877dc7b7cc836aaa9588dbaea16b1cd9638ef83ad3e11e8cb6043571f
36299.695788,1316.186101,success,35ec919c4668a8564d147cc0d79102273fa279d6dce99aaf3371918288a7fc29
36348.462847,1267.168909,success,627f33a674e3ad6dec3bebce58bc889239c248e2bc388bc430e6b2158796c145
36398.574850,1217.568052,success,ec726b6f0a78014826c4fe936f52b023f5da31c558945939c05d1d3023b744a6
36448.231432,1168.408781,success,a0cf4723a15d06bddf9941bdff9be5e0392e7bca7bc539db50ba4d1c07a82d34
36499.967626,1116.420079,success,d381b091df06ed2051eb25a09f956f20c234ff543655e5f0c61838f3db21dbf9
36548.755615,1068.124261,success,bfeae19761bc53fbbd68ef56af8d7b7d1c30674da66759bb999427220c2f02fa
36598.235483,1018.913201,success,45fcaff9cb6ecdb292aa3f1f92008c48efcecac602162d090e4081895fe39cb4
36650.307392,967.081206,success,fe47e5af2f7d779751a17572660b8f442bb10c93df9bfea5328a6e25c0829737
36698.257056,919.366306,success,c804fc29163b9e57275d4f6be3da4c48e4c61e80b608287d5028d16b41b83c3a
36749.060316,869.309578,success,cae9b79e6372971dc9be814e4c463c697f6d0f93f43ace91fde0340fed571903
36798.718071,819.719230,success,5a895afa925748e8e7ca75762e95094d44fc39c4fe76dd394c087e5710063c20
36848.318426,769.667301,success,0d1184371a3875d55f485e00d606752beff575e91b05f756874f1b1257337341
36900.385747,717.363273,success,192aaa693e51fbcf18443b952ae0b9fbe2a62c0f7f32a16a623c4e81982f2d29
36948.580033,664.931213,success,5c6ae84e8889812a4b9c8eeae2ad9b0bc5d076fb20944841cdefa8e72cb3e6c6
36999.179227,2644.312511,success,90b8428e749550682ba72372284f0f65c3bc45a388e468d70e679d7a4b4939b1
37050.118084,568.108579,success,b93003a5b25dbc214914f61f638998838fd3a9fe9432824e186243591cd0d9cc
37098.646512,2544.998035,success,3681f9c89bbf74546fb258c5aee5e6d2073270d30c8f060e392e17e4726e3f89
37148.589124,2495.459768,success,9448ca18eed71d569de507647a384b70fd2189c35855857962b8ec374c5ec446
37198.307672,2445.464607,success,277f1f0f9e7c25ce63f781bd8179acdf0213859b94ec3e316bfdb332f36c29cf
37249.344263,2394.840145,success,57d4e593b3dd2e7d2c6de8003ef8c19552d328249ab8798ee5bfcab6c2a83979
37300.049306,2345.014725,success,315b8b53af19a1c12cbfac1cbe3135ddd55e5566fbe1b92ead1abdcdb8bf84d3
37348.558247,2295.765765,success,2e4e30c3fcdaedbd33cb964dbaa38b8a8c5b540dd469a0ad542e2ac1f990722d
37398.296433,2246.470887,success,641f2d97c6d410850752019d00ea7a0d52c80a9c527ca66bf42e7966c9496840
37448.306883,2197.388212,success,ab6d3f75756d4fcb67fa2f37705fe7cb127fb71c9fa2870b43824cce6d906808
37499.937016,2145.450898,success,63eadc2e7a7e5c6bc29b07879ce5caae942b43272c61c6a0f2e721be7c7faec1
37548.709856,2098.390156,success,e654ad327bf682ab6cebfe2610b268c9f535cfb90ec1ede78fe4029c584974a0
37599.992051,2046.693988,success,d1a62d1dd2965f05220458f557e89cc864de3db52c18b4b469663914182ee063
37649.175077,1997.389622,success,6ba07edb93568641fe00377363d66423044094fb644325d52078383118485a22
37700.050112,1946.899866,success,46b6de2d6cf469ea931915c8b52e088336c5476250d3417c80f85679c0c646a9
37749.074718,1896.994344,success,7f1dbfe3441a71775dee1fe70d9dc834f94bb16b2327959e8dda8ab905cd5cac
37798.748101,1848.994155,success,03c4a949361e793b94eb41c264035df6db7b03c7269ae7e8b3a8b3016ac7d631
37848.419740,1797.721749,success,2584b9e301fef7e824fd3a0b04e909bb711559f8f2ee64c202cf6edd097afbb2
37898.584983,1747.852816,success,5dfdc8b48611b2df9f377d70a328818b4f910592e96443868bdd9df15c18feba
37948.303692,1699.693296,success,be7a03f200a2174111227fd42d9bb14b967a24ad58a52b05f23c98341b005905
37999.360731,1648.895377,success,14fa4cd5cc53f6726b684ef101006cb808e006246d00df44210d55331c08cb4a
38050.213995,1597.649320,success,8b7c29528121ff386552016bb0879b5f9f49ba996cf448ca836d535e0a89ff8e
38101.204127,1543.413721,success,a63347699634194c22bfa4ebcb730f1678721816626b324c1499475aa003fcf0
38150.031520,1494.431074,success,1090555be0f885d260a6e8ac258d8ed6fd15ce1e1d2aa6e6f9c75314654157ef
38198.757470,1446.174031,success,b9df9189f46fc475b3ea2eed1c98302f5f7ecca1affb5f85ba9de207a88837c3
38248.407378,1396.830983,success,746e8ef87e52f286c4aac607cc380482c45e55aaf1ed6b306c1ee13b8f8517a9
38300.239122,1345.274961,success,9a07fbb77e47bbdb7c153be5b654902d27226e92142a2f88996def5308104f68
38349.282763,1296.492754,success,d4bcbdbd93db7ea5131e5506d5080d71b57228053531964b3831c1a3e73a00dc
38399.596977,1246.683154,success,0e2c5a639cfef7e05248ed1a9115ac05067c9ec2ec84db34113d757a9c335121
38449.296358,1196.605688,success,a1b9fae9e5d8ddad6f80574a85eaaed3a933a9e27792e2c19393ab05a7750fe4
38500.146947,1146.658688,success,9660f7e5c8aafd7ff5ec0244af5a0c37180e0d9d2e8c6c1ceb07d62438f944d3
38549.543996,1097.667206,success,825623fa4970dca6b4ef45529804bdeaa02c2152412353b3ab696a6ef2ee685c
38598.364536,1049.258434,success,47a35a0cf6fca156bdf4a1ccd49bbd85e8248274d731cb33c4cf6f740cf9a087
38649.320513,998.014603,success,ad86cc4d0e84bfa94c668858953b81cb844611a5b92e5c4d2b8beeb16b526186
38700.064350,947.396644,success,13c9cb632b6a63a7571a8843060a9fde46d35f2155aa60c29681b1a9ba6428e4
38749.988676,898.616542,success,5393e0b3dd38df6902a5cda3b91480a43a5d20bf0026158a289dd12ba2eeb3ba
38798.497406,849.618296,success,4e1cb78c6fbcb365f38b3850bc14643ac05964c3ff656fcab6128d31dc6a1602
38848.327925,800.196811,success,a009884271a6b151eb9f5fa248f1f9775198b0b673ebdc9892534cb32d0c9e34
38899.599810,748.823093,success,22d3ee004339b41b5e9ef22697e8f9062f4b492ecfc836f3a766fa999159a5a9
38948.350968,695.541318,success,9e862262040dcb183bb265145b84ee607f85c51dcb2f98597b2231f5e1de1ab9
38999.810849,2642.334737,success,0367f6bfca688534b066c235d85c0fffec5ddaac35771c28179d4b5086ceb426
39049.304301,2593.198661,success,53875d563b33a3efaa85b02034fff30a7ba7f70760e7bcf03f9a5de88aa3b9ad
39100.115173,2545.393332,success,84306ad6620e79f5bf32bf9b93454932e81cfb14b9ff87ccf1cf4642b4dc3fa8
39149.487676,2493.333428,success,61b8678fe05153a9c6e1e91a395b4ed55bb16aa719452d7a98f6297f06e2a503
39199.102386,2446.518913,success,64ed165915eff86db2e8d1feef3a37cc3e8950f63b1b5a9242b2bf786636c6f6
39248.691448,2395.983121,success,ad19ed525520a61da49fd2f56ceb3d97c9d6e785fd315d37d307b5e7a2e86a0a
39299.072327,2346.903773,success,51fdbd3986ff69ab0d1a88eb05677394a281fec4509c1b1eac1d6d49883b0696
39349.871067,2295.164113,success,5d54ef1fe52fc94561f3d08bc380a69bf520de2852d73d5630f0f8a703ff76e9
39399.074480,2246.073985,success,938b1aff0219504d148c837cb9e4a3970930b6659bd31c70f9f3e3e6503d8258
39448.669463,2197.062275,success,0280905c5b308664f74f6eedffadee1456f56c7ab624b90b9f5e3df1225a1c16
39498.298941,2146.487880,success,d657a8e8becca7643e9c1f02f8095351cb6e31a7f8cd2c053a10c5b5d24e4ef6
39549.356340,2095.090678,success,a3dc30d18a5411a038e0ba00e9d4cb1fe162c647f7b4b0014f9fad72043284c7
39599.783757,2045.135825,success,b5e9b866adbe235d13b3761d3e6c0fe91b6ac82b23ec6d1fa9d5dc1cf1fe5d9c
39649.078523,1995.483763,success,211a2acddb503be09825c0c9b33af96412cbf8f29ed15d2a161f646fb51f64ce
39698.551766,1946.735852,success,e383c1a62bc6ae5d00142a9a828b69730660e472e0073cad30e84a1bb5903cbd
39748.902729,1896.480179,success,10d06dc231644583823f802f75b0d432e1fc0743acbad785bec91e86671ebedb
39799.183859,1846.655552,success,3866b4fd26b47113280f31a29d9ce0595ff52d16bc68aa2b29a670d93f8596a2
39849.792970,1796.522101,success,2f279fbeb951d9a2f1a684b5fd178388690e69f7f33eb3820a2a610386d17d0c
39898.559948,1747.631279,success,9c794bc9fa29444b875425e7aae2464fd61d535fc6265f27aaba113499e4d567
39951.216260,1691.042620,success,b1cd9791cdcddcae6dfc2e93b96dc4555a2dec5da9668fbc721492774bea0c3f
39999.318981,1642.452318,success,7a04e910db1f3b4bee8e782af621157db6703eef0987eed14d2cc52a3fa39b6a
40049.537854,1593.534184,success,f6bd3112a2bfe1e217bce71707772add4300bcbf663fae29c471238130c38e44
40098.300623,1545.038991,success,02ae8ab80101a8bcb1642d6a5d4b6b4e04218fe3c5d7b316abca4607a85c9e1e
40149.852496,1492.855784,success,3ba6f7c48baf8865240fab72afaded2e853882f1a363e7980970d9e3375b5cb7
40198.363499,1445.194508,success,dd2e5969059d53fc71c7b856e3b43778510211f8e77c70b0b1a54305591f8bbd
40250.238673,1393.431126,success,3c1652ae333ba877a5f4ef556cc870247768ca970ec4f4c2cac22dad495b9681
40299.841741,1344.048374,success,8f5b55fad7b50c2712ad6d4e9a0954e936c254e9bed836ccca7cf0ab19d4923c
40348.273614,1295.862677,success,f84af40f549159d5704f46d145460595adfa09b645948392b9ccba1bd1c47970
40399.416914,1244.898776,success,7ca5891195e7136183b65ed8018150056ff597b30bfb9c97959a1f401f1ac0bc
40449.299912,1192.723784,success,8defb58ec73cf5d64b34feb40c7cc3fef173d3dd9f89a24722a858d8f1468e37
40500.695108,1141.198372,success,cac7b6ebc25e179610f4684f9037dd843ce6b88d5f52c37208cdb67a72471bd0
40548.714612,1093.883410,success,94645973be303afe2bccb4068af62a98b0e094fa399d8f382c5c491a5961b119
40598.361592,1044.011374,success,07d81e6100036d053fde43538114b29e0b8bafad2dda2911eec03cabaf5a2695
40650.009878,992.932335,success,98d584551b42e63b60aeb92518a21051fe714954471fef6aff59837e4ed4de0b
40699.350489,944.897122,success,4e899b4bea68466e51c3c07be600a32b1b871f85cc7ad6363651e0e1ed548658
40750.077432,896.045295,success,4518e7f0f2e52a92f83a55a2881329f355c676bb0a3706251bbda7bdbe5c9d50
40798.504667,844.722174,success,d2c3550ffdd85d5f63e469a1e21c495dc68a4f5c0be329f562014c2615bf50eb
40848.698241,794.789593,success,52853b2cfde2b49c9bc3096880c68f8f95069022deb011f2c4053ab89923d18d
40898.723547,745.290803,success,0b3db90f0d042858525876c686b9b3910555f32337868a59c71bd2295ea845d6
40948.348677,695.431891,success,4410f6aacec46bf239ea260501010fd1ab90bc2cadad1906efe071fca89868c1
40999.835156,641.772804,success,8ebd3109fbc4fd4b2abeffa26462867e1d6c6df5bf308c540d32604250003531
41048.683146,2593.952044,success,34d8d5acdcd2366de92c7a3f7992e7d598a4a548386f182b09edbdc545a4fb4e
41098.980887,2540.856713,success,ac19bbc0f0bd51e63806283e8127e79a323409c4a217cc88fb16d3cae7dab969
41148.539159,2494.212632,success,d1133b46476a1965a5603d9955816d79ac5703656f26ea9bc994e500ececf996
41199.194857,2440.025676,success,1565ad7136d89945b337680a63cd5a28761b294791ef1010e419ab50a39935ad
41249.761165,2389.726273,success,d9375ac0705c9779a027c8a375be844921ab12358b740fe82d40ab519df27a48
41298.646345,2341.073763,success,6758d54d58937385849659f77f45d867639333af2e506b75ee7486239cdddc0b
41348.339042,2291.266459,success,99971a611b7e090a7e71ede6a4f8d0926849b8d35f4b54bdd607c5f071e33d86
41400.147880,2239.814496,success,8557dc4407e16a02f81ae7dd8059e935f9a89b5c61e27fc4f4793eaf227e4005
41450.261522,2190.040887,success,eeba6d5c421205910c71dd19b497b876f0515e5f704d54b64150a09b95d45d73
41498.485602,2142.256999,success,7e0a5560b97b819e0ee2d51638f39429fb19289eca8bf6063055813169a16d9c
41549.160696,2091.825235,success,de74e795b7cc3f8ead08827727d3676e64e9175d6aec4065e3f581b79729e0f0
41599.457094,2041.988396,success,06dedc3262089409934e2a38048d982c16b142942f1b842bb555973e3fe1d7d1
41648.863029,1992.357155,success,a0e348e88433a778fd1168fa50fd6a9d6de227753cc3469efb9f3fc527f7b4b6
41699.018601,1944.540827,success,7b0d28987d18230cd3b56f9316e46fee052cad8b48d133c500a6c2ddfff0c0b3
41748.586030,1894.861536,success,e6b47cd206464411c19430bc4474f5cf0064480ec61a5a8a74c9b434b73c7dd9
41798.437136,1843.390397,success,0fad737632c4ac0c84d8c32a2a8880967572b295387db4b21485213aaf7585a9
41848.603439,1794.698863,success,7b2966bdcc39df678f62d1963deddfe8d57ca2fe1e8e9f29b7d9ef29fe29d88c
41898.449445,1744.927247,success,e0973a140da216aee59ed2042b2afa625c12e98b520e365d12bf50005d1b11e3
41950.199572,1692.864699,success,d05e73571d3da3728485c7bd22d8bda10cf70c75fa47d15a4a79d155e5d1f00b
42001.190554,1641.372470,success,dd5d74ae701f9dabb7056625b64d92b2b2e04474f047f0b5b3f18134ffd36793
42050.700084,1591.504472,success,412715ea6ab0f48e8fea354948b00f4486dc18fcde9bf0d185a89540440be3c5
42098.649724,1544.520398,success,38b037e09419f9a1ec54732f854d84f800a4bf7e262deb64b9f82a161b774c5f
42149.232563,1490.843819,success,c630c0680c375986891e1b69e036448444c96313260ae0d3f79f1fcf4160d8d4
42200.018587,1442.950194,success,1adf205555ec5f3161978b369a4fc47e312a19717c2287125724020f7cc63ee5
42249.695292,1390.492671,success,a40c9ce41a75da8519ba30148b8eb411195cf08b45e75094ee446e75ae6a0349
42299.146231,1341.265304,success,03f2855fe8aadeace915ebc59728ac54f17031d203ce090c50891c956006b590
42350.086095,1290.434416,success,12f7b1089f7579e459c4412658549a4dcb911b6804270b080e860426005c48d9
42398.830778,1242.021070,success,905536c507001b9e5bf5045069a70977583904e7c7c180c7138b767a50e2e56f
42448.811088,1191.819652,success,3d6c65b4b42d31397325832470b4d59bac2b6eb7513a7faf1bcbfc7ab9ccfeba
42499.158993,1141.947877,success,5bda806b355ce02bf4591e4e0d2647bd2c2675c2862be63610318af40ab1e947
42549.564737,1092.010950,success,2da97db3b2fbfd1f2c6ad2413a670adb4a9013a9c4880cc1ec321a4b54868381
42598.528745,1042.802650,success,7441641d94ada988bfae1b4bb094d056cf0739ffc253fee13db7f90d7b94ac01
42649.187678,992.530498,success,6eb093f01d9e8d3e2f60699cc41af18a8ed1bc4a81a1531da38da1ec8d476bc1
42700.066928,941.881564,success,bc602fe9c01eab2b13ef99d4d4edd7900f4259d11cdd7f07317620282fadccfb
42748.663501,893.401531,success,c392cc82dfbd14e2d8dff6deaec5aec915a14c97d26b8dd532ae1f2b5910a7b8
42798.365825,844.523235,success,3368bf365926eb3c91ecc47df8abc167a0516aa67d4079cca869f9a3aff5e8f0
42850.069043,792.242896,success,1f6724542d2bfb51c71aa0607d6f74df9ecdebf0d436c7930997938ecee42fce
42898.764072,743.618180,success,3f3a501d2c0df4995ecedc5c99fea8e67f4fe76c1ad89eefe8c5cf471af8d284
42948.466617,695.163184,success,b2a4f1626582de207588a9941a9e0c1f0f329ee40328116da25bb688b903d504
42999.196083,640.166739,success,fe53b9d5a53fd2fd584bc98629a7e214935e30fc9de04448b5c7b40807660e39
43049.492040,2666.662500,success,2bab43423a45f677871ae907aaa36adb977ee42ea50f0ef54c945b8593321566
43099.549245,2616.725473,success,c4560ddd24315c17a29f277a692a248abf21029f1ce048d3768d73f59668ebda
43148.460933,2567.930886,success,47d088e68f911bb2975f8c2f092bb91983dcd85ae4740afba847f79f1b232dd9
43198.703778,2517.803660,success,5dae7826fae83a8fc254244fa59c2fd7fdaa3f52789317eb8a7814acbf6b0b60
43248.316993,2468.303118,success,b50df94b28ad30822703df165979c937726226cd5de54fd50b7d5468a1691ec2
43299.483495,2417.245662,success,cc69b544d38cde4b37c1a41b53c8677b2d50884e23629484424ee83fbbeac8f5
43348.348476,2368.488735,success,141187118d8460b1f42635b96d203d57f027317f4455bddfc124a8a6120da232
43399.364944,2317.589409,success,95dcfcb37e9a4ead4dc4767c074c0d97ff62823e6b61cfe22b738162fd432a7f
43449.348980,2267.716102,success,b63d5fa19766b6098094f8cf3b18dc56c9497d46fda8bc50539587a6f5134546
43500.199695,2216.974283,success,b71fdcde8254300426df7aa76ebe6d167c68d13d3d57d44acdee43ea2ef822c9
43549.956541,2167.329008,success,e6eae6a8812538097b502060226f694002c99bdc648f706e767644a1b78b0d5c
43598.788129,2118.607789,success,7133074cb7d66c1650e68920f12613f5d1107362cf86379f4b81c4783bac5d41
43649.218549,2068.397324,success,e7e52639539f9eeba2aa918bf27df127d6e4b133c6257b297389be630fda20a4
43700.298918,2017.208541,success,6e9e4dcbfb6405ca7a099580bd64b87435f7ad4d41d9e239fe40eea8bcc6d3fe
43749.861367,1967.861088,success,f96edc97fafe343452219eec5672b341377d366bfa4fdc3a2128c4b4bf023f47
43799.279072,1918.552660,success,0981c1d7f322fa91592090e6b3b4f69b7315191cad8029fe0afc41ded9d42bbf
43849.994662,1867.956455,success,531b6a1b071c27583e1fb7863e7f2785fa8ddc1eb7f2faf81f0a62227c072212
43898.894267,1819.275243,success,6abf32e85813d85a741487c0d945af5530bb1d1d13f47919b56ebd401f9915f0
43948.436628,1769.624437,success,30258b0a69878b716192985390a8c9a61e239f3f01d3709f22e4dfc558ff0d50
43998.504553,1719.878140,success,bacac99ff187b817ab269099d822905fc024b245432ee8275d8fba5e42cdf262
44049.051233,1669.225180,success,13582c99e2b636529870a00bea2ebfaa1c11d8c7d73068f840c1404f70981068
44098.447527,1620.168488,success,ccbdcae36f7090d683ba1796a355563c00a5cf95ccdd4c5da2189c8a5e9b6e9b
44148.888076,1569.833619,success,cfbf56c7f5ecd23bde1559d1dcbc8805c64670d4dfb88b5a98b4d1c1b5ddca4b
44199.071548,1519.437935,success,4462fa80731caf89509e8c27fe9a61e88c00f609303223e92dd72169f92e8e6d
44249.127209,1469.698823,success,cd6a84961ddd4a44e8e0e12113166e6d7da23c172e21e3101729eec7b7004bb8
44299.178492,1419.764761,success,d3dacb2669d20fc0f1614dc7e946d7d7c8a3391bc4b29842d953aaf7977959f8
44349.157718,1369.897637,success,879deeb8d26789fb63759553e5dd418377cf95b7b2af60b992a8f88beb8c4de2
44398.575082,1320.586013,success,bbcea506c88253ad6713d357d3beff9d83402a3a50cda4f460d7d9d9056767c5
44449.096393,1270.557985,success,873f1abc7d187f0831c7f433262245dd5101bf83b068f4af87f19c45198a0876
44498.456068,1220.811318,success,37c8d17e54e3bbec0a4cd5035da1cd8c064673f3f2724f75be1ed39a1332f82a
44548.790155,1170.752191,success,e9d75ea243177ae5f23fbcc0d7d4c27d1f24d3c5f9ed8e7b0c5171d53170a0fe
44599.190779,1120.240387,success,6df04454183ea1b621c02ead02bd3d89ba3a1b3810bd2d49d5ae2273900553f0
44648.444353,1071.280949,success,1ce640b37dc6e5af4d428cf16d70582ecc993be60606847af78ae4a30b1f1069
44698.733185,1021.119558,success,4d381d610215b9cc30a212f10c417c6854e1fc538e5d4282a6c7c33d125108e4
44749.923962,971.497047,success,50b9cff0721f6ac256cf0e2707b8afe68fcc20ef4f4721afa2faae3c37a8a1f9
44799.818037,921.201112,success,4e34ce7f5a10a5e306f04b91bd87ae35ec29bf0fac216489da2dde78777ad3c7
44848.690130,871.343996,success,3889669d740b777b947a31860a4c47ca3e6174b94f4bc611f34c45b1327e8c05
44898.585478,823.190592,success,f8891859908f12ab41026a85900c7fc3a23e802959a23304b88238d8ecacf044
44948.279926,772.887724,success,6bc634748058a003584db6c64b0fcaa56700cbe265c3eb5e0229ecc578b89262
44998.375492,722.913858,success,17b38489f258b80f7d86055ebe6132d998aa07c1643a95d7159855abd1219106
45049.234362,672.298849,success,23f710cbd0e832b7f33d4231b16153f942a06b7b03f8998ea2ad9cd76bcfead5
45099.301544,622.355010,success,70e970f0af320a8c3822a0ff5e1dc8e39e7837445cb43fbf731ef542c4060daf
45148.511785,567.468275,success,8c8b2fcbfc043e5f832ea3b21850ffd67f385c7ba82ca4f446e133aaf172dcbd
45198.635614,2647.213167,success,7b1c82906643262cefd1738ae0cf344d60beabff6fa293b791693311c698eb2d
45248.244009,2597.893337,success,f9aa83cb2209d23930ec2753208940938ace1b03811c3e5cac68ae88be5ccb85
45300.283971,2545.698433,success,5abf68edc8341440ebfdbac199c871780449c9cd9b16a00b12330ff433bb507b
45349.635119,2496.639247,success,326bccd0cb4ef45f2c0e401e733c99b5df0cca4121f538263eff4a4bab6fc658
45398.366786,2448.024671,success,c4ea0472e203e70617ccabb38d814c4290a73985b5dd591ce672f1883364b846
45450.214925,2396.291319,success,4cf0b7bd84aa10561644b3d9ca92787958709d1c602b08ce71498deca842fade
45499.861662,2346.757866,success,254f5121a39d7d1965baad4d1b36c1446d413a0ce2eecfa42462e580b3717af1
45548.368053,2298.386921,success,dd7d15e6e15cbcb42266dccd97f9d7b10d70c45183221aee0b115d54d0a429fa
45599.374110,2247.501011,success,7c49637493a671f9296054e7763a62920b5a7d7e7003a6d92fbce6af29b200d9
45650.504092,2196.563203,success,887be3264933e37b7e17e7e16f3f7a2d5d48a739c1968e2c36ffe424c5ad97c2
45699.172529,2148.025563,success,4e752c03601c5bb06cd74b40b9df3740e8aef0e842313b6447babfac9a9c515a
45750.015688,2097.315015,success,4a7aee6619419ab8ac01dd732a80f914feaba89e7a175d5c80224b2a753b42ef
45799.206072,2048.248385,success,f57222636e7a542c2e2485aea24256e157a0aec03f3d3146c3d747f039b4fecd
45849.464085,1999.140076,success,22ae8661463f414e4eeaae9456ceae72fcb040e5600fae9398a9151dbe153161
45899.236780,1949.803195,success,66492cf7d65604d6a73e9d89c3ef1ea7282d28bfb7500b7ba538df448bf3689c
45949.599842,1900.279510,success,b32951e703ece26df3a6ffbf31bc57a53863f0e502ced965add3c9ce30ffe7f1
45998.695016,1851.754695,success,87ec789e54b604878e76d83681826519d3a7c069941f8615610b2a9c1b4ee136
46049.166162,1801.065346,success,ef5bc0b134ca75457eec7443a0b7157f36e8f31a565e2236ffe055b383baa6c6
46099.541105,1751.016971,success,98eecf6c5c76e0ae4ea7e0f7bcec459f9ae5818ed04b7451454a85794053e59b
46148.366488,1699.895716,success,4237e7ac3cbba1d98debc55c9b49d11f06be01b754311998590617bf1da9a432
46199.570108,1648.481548,success,15ef12e4f0bca07bd54621be6fecc76ebfead94fdcad27a22d552e054f7e2df1
46249.354114,1599.355767,success,03738371598b5beee723e622fb660bf03690079f45fc21d818af6f906fa7b529
46299.591647,1548.795834,success,a492d7c8d2ec21cfacd881f90dd285b809d4f49b64643d8a45303f21e3e759be
46348.857604,1500.399972,success,a88b94a52c13e04cf85f3fc30d174b6d1a35277df4f1b7e91d17476ef1127c8d
46399.208071,1449.610425,success,617ac18bb90393197fdbf0f55769ee01f584f84e825be36b46bf40eebc488779
46450.231109,1398.917552,success,c671cbef2a8d8c1da6d341e3dad57ab693fa09e35c8d943fb225105d288bf0c8
46500.219131,1347.597100,success,3409eceef75181c0285e8fd518cbeaea895977858b4ce05f88c5ee64d3ec7d4c
46550.246507,1297.334008,success,97e9db0458a15f31680194779b6eb19e27715114eb85333e55762859d24b6008
46599.627180,1248.078121,success,8a4bb6a3e872e651f2c4958663d80b8e88e23855e08457b758d77bfdc9e7f00b
46649.444719,1198.490848,success,b5184580bb04f1298fa2ad30e8adf2da59e39f8310d56d5678340ffdec4b2dd4
46698.294228,1149.897603,success,ac3be8c0021742f55e69b80021a0e1ab0e46430c1f4a020f56698d21780173ad
46748.263955,1100.231430,success,261e3e89001e4832d76a977b77101b3ca8bd6bb18417b093fbc80170b7e95561
46799.722597,1049.671628,success,c0d22c25200e46fb9e00674065e3ccf05677b06c29833e4ecbd35f0777fc928d
46848.375645,1001.193711,success,748ec688007e4c3d5ad6ba33ec26dcddedf23cdf327ab8b199944979dee48acb
46900.760989,948.208302,success,da4e593386d935fe9c758791961190a00167a86fa0c0bd35128f5e4a0c2569fb
46948.462467,901.039962,success,ee52c19503881372b21be71621794a2ba8728739c932f62af5fc84f653e6d7b2
46998.706503,850.998159,success,694a693bb65f3f82ba2697a79177ad593cc42c890a3a3682e68d483ef3fb8d6b
47048.564789,801.206860,success,90713fbfd631ffee9bf8955369c6f38620a95f4a5f00ca16e3d6dac405ca4dec
47099.095306,750.903031,success,125288a76aac0a8cea979522f200a675c259ea937707cad08a38851773eda70c
47149.209025,700.914118,success,8cc9b5868a621465070c3360979251d321d8c9c07f6cbc3a7e38906cc8097475
47199.640574,646.060437,success,1b3eb979d8ad031cabe4edd36055c9d4ece902392743be894a8372be863b8387
47248.289303,2660.052440,success,28a79c56d05a33fac6f9612c2b2d7f39b5fe7c4bef496c14c3015862103c92bf
47299.369529,550.967799,success,37b47b8e26914e120ef0dc67123284fde30daa0234fdf57e2dda104d44253feb
47348.384109,2560.465134,success,10bb3d7db9dbb6954a1e0695443085ab68dd3c1fdc6fe74c6fb47e197a07eb91
47400.832152,2507.889028,success,5d88a25b2fbad2c12752c977cf1c1fa97450d263d36a2dee35191dc85d9d9bd2
47450.253531,2458.728102,success,9b1f4f5ecf0c2e6b1a65e5c576ad5f8403f739f442cdb7e40fcf7be1661ecc7f
47499.871643,2409.228764,success,2a64f994ebd4eb36ef897cafbf9352b4f05bee5903f1616370e14ba1629c8bda
47548.867467,2360.360021,success,c25fe5f3faca3d1a1c147107d0ea738fa2b9d30e4b7201d0dc53cea57c8867b0
47599.182827,2310.188072,success,d560ee0c71dc3d2e98256f1ecd24530bb1d5a4f4979eeed9e81974fae62040d8
47650.014513,2259.819772,success,805692a44a68115bef0a94ce8cc11f7d2fece0483684392ba334c9ec86817150
47699.181943,2211.008285,success,d48a68b0a372e9a188bf731891c8cbb299cf16361ea1e374ab0161fb3a792089
47750.558539,2159.746296,success,78cbe27c2316fd09177d62aa188e3b8c5e29f514af15294183e7387b349a70df
47798.971943,2112.158162,success,c0e13359cea43554ec42508b4624675438e003a22e666f99562ef34dc1a702fa
47851.030168,2060.232819,success,31ae8129ef80214e79d25d190698dcbc0d58ba69e6c74a0a503fc1211278d683
47899.862434,2011.631860,success,54fdb3582e981413670fccb055c9c0d56967bf4d912196151d4a13a5ddcfc360
47948.525540,1963.238284,success,7e5491394809eaa4fecc6b4dc038c58161430395e0c3f1f536395034e0bda7eb
47999.224355,1912.787397,success,e9131087076e49072050ea7938ac047c25e618a7cd44ca21042dc64e74e60f94
48050.111566,1862.399220,success,7f24777a7df7ce735312ea587f3895222228e66e5b4c94e306df0416b8b3a77b
48099.615291,1813.161538,success,7a63967eb0abf3aa527d8a7acbf6ed5990887d94905fd2b4f2338e92c43d013f
48148.608179,1764.388065,success,ce4472404ae0ea3470c848a088197a204c7cafc0f33e1cbada07313ef099cf48
48198.283518,1713.974280,success,f89432fb6a19d2be391737e5b78a1281f3dda99655ebdde995467e71e48c6c9c
48249.630067,1663.937066,success,bb17a1cf4de32ed40ac85dc47ced5fe04d046cae4d461b613fae77bdea67a664
48298.975903,1614.253682,success,6c635e8bfab20c4cbef8e004d8a2876f8d32ce9009d35af48067c7a6e1c56554
48349.584737,1564.201591,success,21be163ce7a3264f8845c8b63534e22308b373bfdc9bf6a74ceae0192bcdf036
48398.316963,1515.600252,success,3fc75c236b1ee901bc89c4d1c14433710af1f4c9faa83cc943edca299ef99233
48449.320002,1460.286623,success,6d192b4c8064c685b232570ad16b9810ee84a28fd1dad55580cb07f4a0acbfaa
48500.138503,1409.581366,success,e1aaaf8672fa6cdfca10b36bfee1b03eea73b0a9ad4556440ecfb9c253a9657c
48549.399949,1360.092490,success,4eeca63794ce3d3f6c418e3dcd1acd0a9484d8aef40be9054a34ad2743ed481e
48598.535087,1311.422892,success,2a04bf124a1f44cbca2028d7d2ce87f799b626ff93a33b74dbbf64cbbeb4c1a4
48649.406297,1260.668312,success,00a40ceeecf2adf17a8d03ae3f5ab9c360d570978af0dc20cd88069338fcabf9
48699.279049,1211.146173,success,ccd566b5bb85837f479ec159e201d19772a539aaf369d1dccfaf02153d57de68
48750.163795,1161.218487,success,b3e4ac51b43be7d4545e1ecfe0b67e1b25839052ab2692bba362668cec7d0490
48799.946808,1111.936912,success,b091d6cc6cdd816e737fc56dd4f4f8485ade3ca96fa64510734e62cad9c13ba1
48849.513191,1062.625171,success,88be198d4537886c3daf47db09240d7b12c12bc2cbfe06eb42e93f4d5493ce9d
48899.012978,1012.612384,success,a2fed04a6485f89623063f40146020488ffa64f1589e16fc3b9e4306efd50184
48949.185657,963.445266,success,0cb8b5b7702e87fe44c42ea245deca7079aada725dccd0a1bfb5acab3e8d5e9d
49000.163259,912.212191,success,c85475332c617a4fbbf627cf70b3a7f37bacb72068f027593141ab139975374e
49049.659549,863.188404,success,e12e9f60eb13928a5c08e94a5b1b6909aa19b837709af38ef76c36ea228f554b
49098.354995,815.095097,success,5b0095210aa1ee6d87fe8c72078c6ce892f0376847865ea471d2ca8a1d3555be
49149.779290,763.896609,success,264769e4799b81d5f77ab6bffeb5ce33427e42acffc76f21dcc4e1d09fc7bd1a
49199.127289,713.988160,success,c9931b8226656918366f6378426ae0dbd0747b028f011d1d9ca235f098e862e8
49248.346976,664.993479,success,cff996de2698f747dd2d62573769e87828f4929c30400125228583139e1cec1f
49299.391373,609.160367,success,79105dc8f35e6a28e817ec8ccd3919dd30db8dbecd57e75c4b053f0c29c04844
49350.167853,2562.306985,success,6800612fbbd0eb2ef4dd23512553ae477ea7a148b5057efa63371182a7837dbe
49399.858470,2512.879857,success,680d383d5ed5837a10b0daac0287625759a0b25d73ab70dec7f7012d38b9d4db
49449.233341,2463.383115,success,3472cec4ae35be0d05da3f35e61ff2f9aa3d0852298f7af1a1ba5b55b4f2c5c7
49499.708331,2413.146777,success,59cb145e4a9b22db415695292d5b7f76083f740963842e13751d3969b645aa52
49548.297876,2364.777388,success,ba1719bf864c2148ead8593d8263262f4d7876c43f5d190e4ec2d68d5713a6fa
49599.438155,2313.767726,success,d86af95a964e3f171b5653f0256c9cf25a4e994b1889711e40444786d935e807
49648.758962,2264.576955,success,3bad14caac6fd37ef508888f3b29d91e2f613668de199369dab18ab9aeeb6fc6
49698.706956,2214.758966,success,e1e6a06e3040ed8b831a18b5e5fc6430620c1297a20dc34259035556e2afae2c
49748.417892,2165.469297,success,f1a89b9a4fa326ae63c557c969102c9ea58a2b3a79fd632a32926b1cca3ac0c1
49799.089865,2114.767948,success,3f49d54766160eabb7d39f0fdcfd8991f6e88050e1e151844095292e942abc68
49848.631200,2065.443584,success,051334d603214dbd2a3e4f5c3709e7f2b99d4b4081282b0c0631319be0743f15
49899.475148,2014.414586,success,8652793fa973e774990e3e7fcf87ff5b76d5fb6999f1bd0ced988acdc530273f
49948.381923,1965.808489,success,db1e5aae4c8476d3c8afb2796faf3894d74289e20360686af6c0d5eff9042827
49999.032525,1915.270420,success,0307b41ab48b858a397cafa649f49dd055d769aafcb8a17c1ccd831a31c0a199
50048.965110,1865.447793,success,62b5d686683a3c5d980797c17638ff2637d6c2563459761791403b382bbefb04
50099.151394,1815.571325,success,ffe6d162e0a059cd6f7ad3abc3247424ae2e4bc38181439794cbf72f8d778e6e
50149.503100,1767.525028,success,6a2ca771a31ae1c3e5da497409f7f95c3279cc8d137028e2ff0bb6665d0143fd
50199.268178,1715.727467,success,07d4c2edb9877b5e63f791e69dded17907ae859740f2422b43170dec9fd2c0e6
50250.121102,1664.726773,success,8757ef53d5c56fffd1115ef01399564833d85f73b78d1c2b07550405e6c3fa42
50300.101035,1615.197132,success,0b5d5a84745d3dfd213a2e274b81d20376e158399b05f67b21a77c2c2552684b
50349.668359,1565.493771,success,5ee12118285b064bca5ea8847384aa7d67c0cbf62632c6f20f023e077a724918
50398.992172,1516.434257,success,832ada63119e37ca53a6d7e072f5d3ad6b30b936ef0ad68ddd463de30eb63c95
50448.723735,1466.856415,success,cde3fcc7cef79c30823fbba76935692e24768e416a18a8a20a5514b2e6baab7c
50498.575687,1417.138426,success,b7cc89d214b761e748a21a3e65d4ac3834d9696aed573d2beda53cea737f88d8
50548.663625,1367.180805,success,06b2280996aa1c31b25b9637983faf5ecbfc120823a033b5fad3c60c933fd174
50598.331037,1317.652396,success,83e9235abbdb2fb4d131292e641b83c14f3dc500b91dc4a225f908c3abf9e9da
50649.284662,1267.722075,success,38b6b32a3aa7789ee199af4fdb0f9115b7bb1bb1e9a9292e5bf6bd8749ef008a
50699.892713,1214.700341,success,802d37290c57e825bb7d3b87d93c79300e51afacc927268fbf80ff6a514b6277
50749.428577,1167.583310,success,b39a7ca65bc2f425cf805ac15b709b917060687a4a9060c31f1fab12ea0428f8
50799.258387,1117.755664,success,a729e596dae3b83d29a88464baad83f3c9eb2e1449d2d80c2034b6a8a99bf768
50848.446543,1068.571095,success,c843086cd98761de637803aa5970232371e346bdcd802ab49f4fecacc73d7cd6
50898.902858,1018.119319,success,2e932161607848d6f10b47d1ba4d47dbedc1156b3ee1d1eb08e8f693b921966c
50949.246579,967.769436,success,a891cc3bfa93c12aa3fed8ceea5d02ae7cbb02c0a5b9bf7aef6f63a8f000ff3e
50999.321392,917.577482,success,10ef71bfdca3c7989db8c63114c2cc7172f006606762ba0b34a5200a2ae90ef7
51049.756927,867.263256,success,e193f688d0ef3a4aa0705c7390bb6b0412bd988815e0da218cf337d271caa151
51098.874970,818.134743,success,1a9ffa8e6a49e6815c60812c1290d6d533c1c49a0df9d890ac767b5a3798100e
51149.224853,767.799578,success,ce594441d947dd66a176b9b58839741e96d6f40e5ad7b81069f60d0d45729344
51199.627625,717.398710,success,c59ec15ce56496183037e9b72c7fff4720f20621f4ffd1c472cc0155049af451
51248.313231,662.919198,success,c89ea4063181d2f1b04b00222c3dd40c1e4bd4e0cce5ddb7026659bb08a08528
51300.209637,2698.324597,success,3193c7ecf64fcfbdf090a8625edbe5b149d0b59b2655d6d6b7b7c74fa9ed72ee
51349.429142,2649.227193,success,beccdf3a1ad6560f68992f1f320821513b693b175369c63f5271065783687d31
51399.106142,2599.663578,success,7f48611867b92be52dfc835fdef0b235f025210d1c723e7a6bbf596a9a814a1f
51449.262790,2549.638569,success,045211b5cb33d7d7347473b6b4c43f76eaa4e43e551b484dc60516f919b99349
51501.429497,2500.794835,success,95872999d7c8046ca7577ef18f283c23234241a04d1c373f88febc03f3c70493
51549.709606,2451.965617,success,ee6a828706e90c9dc3036c9af576d25d139dc547d2c89822110d222f3a68b3fd
51599.553963,2402.576712,success,357a018a08ffc3b7912ed994da876a3b24ce974cb2be37a78e73b942c1e023b9
51649.294092,2353.036461,success,c92b75bc4de57a173b2966b11c3e85b633590eb98d830b8be71dafa9431e3626
51699.521142,2301.897747,success,4bc40ea2174a4fcae84625159c32b07ee6a325d1a8920d190ca74de84627c12b
51748.327346,2252.958080,success,0ac88813c454c692dc9e42290dfed6ab00e87a07ceb8ce368900a45e96f893a4
51799.862179,2202.127800,success,94c136fd99e00b8d79d55ccbb2890d90a11fe529657044b6cc717ee01032d26f
51849.626434,2151.411665,success,13a978ca865784acaecfc711f5f8a6eaa80f9fd243fc6f95ec083147823b7f30
51898.979351,2102.806061,success,3ff6f310fa0c9e05889d26482296d87fdfc1e0b28162dda8511db7c3c3543df6
51948.466943,2053.596124,success,85a911030ab6c922cb24d5a5f4e06332c0b5db5aecb238cc7d311851b4217732
51999.175654,2003.607554,success,1baa3bdd75fdb0f99fd7f547841d96d9ed8f2dbbaef2d290a8c20446859be922
52050.212665,1952.464864,success,290f47960940ece2ba721850d175be5e77425a06401d390d5b7d3fec83493766
52099.760791,1902.798534,success,ff3fa0b267395000a82176b4a9bd783717fdd9532dc0ba05ee55cc30aaa249b5
52148.305370,1854.610369,success,fce00347cc4ffce72df9b1f0722b201d2a59239d43fb75ecfd91e5458df00d6a
52199.874436,1802.578829,success,5c671b525b71e961db69ef765639a81e95a9a5863719fe3fd25e304f80c60747
52248.398165,1754.746166,success,98fbd5b1a9b52519fb14e2258bc178baa3ba8b6ca576f664694b3cd6cfc5a450
52299.330388,1703.697002,success,c9cb952fc3d2d8ba2019eb53c1f8fc54713e84fa6a017cb803c842e4f7233c11
52350.518915,1652.731246,success,d121f879956981bf91ca648d9db99744000e024e314883f1a3556f3afb1ac284
52398.284481,1605.085948,success,7bf334bb19ec86e0d302c738ad22fd040435f1781e4682ed0604886f124cd498
52449.748249,1553.741425,success,02a9220bc5605b0978615ee89ca2906a6b726eac32e34e427829053bdfde513f
52499.242372,1500.264732,success,0bb8fb27e720bca8aa5da1da75a8583590e0dd157a69d4f493f79af41f4aee97
52549.397816,1450.338772,success,b0b960273e9b7acb60a322e02803728b007593728558d273196107e7d0cca7b6
52599.325600,1400.773724,success,9b8922c1c819abf5f01f7a27dd88fedbe0a55e5a0c3eb5629033e1f75df7aab0
52649.889096,1350.675748,success,9f461f3aa1c8f3bf2f847812fe3c6c27888bb4f65545d1521394bdacd317c71b
52698.805517,1301.977700,success,ee47ecabd5b30cec88b22b670e0391be64ef6313368c6723404d850200d99413
52749.231993,1251.446125,success,3866858c4626d83b72968ade4aaa781daad7908f7a53a279bcb4039e137c17f6
52800.260759,1200.642916,success,72923835fee1bafe362154df24a61df7319d2c3f07356d7d1afc9ffa28576fa2
52849.904585,1151.242931,success,f04f2b336fa6fc4be81a3b11dbb08e160a3f8f5d4884b13328cd189193abdfaa
52898.362229,1103.174082,success,bf2cbac64b165b66be2b3affb12897abb72f063635679131e90d93a4a9994e02
52949.427473,1049.836862,success,30a6af72903277e63ada964ca8fd4b2d1c31861677634b18d72a6f177e436e48
52998.345137,1000.683021,success,39df00d639fe99d4436abee4529865c7d10615df4209dd5dec0d5e7f1c6ff22c
53050.316595,948.836079,success,2133e9ef4c3ed59e3667abc020e7f3717ff6de3d5f3cd064d2ebab9d16476251
53099.626840,899.759716,success,40e480a4bb4b3eaff47de3a4e3b8464e7b501385c1c563bdc431f07ca236ab56
53149.144027,850.707809,success,e6b95e34cacd64e73bae5e964063e92d139f8dc0d782b69a98acaf5cd29660d4
53200.208689,799.406089,success,1603bc204429398f10db8ff0fd12c95895127f7c8de0b9ea8aa5a812b518480f
53249.827598,750.498424,success,aa0fe2021b0b5b665cfce2cbd11bff8712a09e4623793b2cf15e6302bbcd7244
53298.967471,701.007458,success,69c9244d072d366cc8dd6d0e1e6156bd3f1e3bbbbd1d1b971bae3c2f215f184c
53348.340225,651.877543,success,70e59801b3e358e488fb7b767fe931b559a495336ee763862646b63a251c9cbd
53400.046621,600.398707,success,2eba7d1dd3fe124a70868968e5add6f6b80269d9c8cd171fc17ae882d5b230d7
53449.971067,548.392795,success,860444126cc5c4adebb3e042a113acacd9f32f8bd46661734a433c0fc9922b1b
53498.479206,2598.745918,success,de54b5d92a7ea81fe44a93f9a9d50650cbbc8583d3339d40456ca28dc38e4333
53549.233872,2548.452294,success,fdab9aa6373da581447501afe6367583a3b7274f5343fd61c27fd5ea55884bbf
53599.930519,2497.131838,success,1866951736a67a2d65923759c794cbbeb5b6febfd32b92ee3f4532b05eba8a20
53648.878960,2448.627226,success,4b16ec247f954cf31cdcbafeafa995b6f01364ca03445ab0e82dd15790966b07
53699.159019,2398.802257,success,eafdcfb80c1a10864a46fd838262759ac2c29b247f9e4e1515400ae7ce91885c
53749.788419,2347.626064,success,3852bcb3ed1a886769ed1910887e6c115bfa2f566ef7df67ed3e70d48cafe345
53799.226486,2298.367225,success,6a39ba53dc20c619ff71cc747146a70e72dd1b935a251717fc41a4a2f41111b2
53850.152736,2246.828517,success,5c7318de78f523afaff625cfc01021d131560befade5cde0db8f1ed78b03af01
53899.979288,2198.494998,success,64392a0287bee4b158dd38de3b6fef5a6ce4b878770fc138f3392bf8d06e7b6c
53949.455437,2148.318716,success,738c110fd996a03f3cd4bb16e60eb532a3ee2c7b6fe489e53ec5d3d036ac0d91
54003.984690,2094.843315,success,fb9f3adbd1a879b816c89a05303c0d3211c76def9d10a60882bea87b0a4304fa
54049.234758,2050.493580,success,8a7c8cbf5cba2f2d3e1f5b6232e0043f92e86edf5c35eb7e2c0744c60a0aa56e
54099.890678,1999.353795,success,d55b3aa90b547a3723624591e9a034b6d60020257c7eb9dca5e8ed2190469d63
54148.395079,1952.112913,success,36e16cbb81895f4f0a920af824603ba232981888a0361afd9548c2f946787d67
54200.092807,1900.084379,success,e8e145d0396af977d46bb776be588dab6f7b01bb76b3e4b389c0060fa23e9f35
54248.302892,1852.618752,success,76f893222be0b7f597863be23b371a532d1dbf19cadda3bee8804b7c341f7c1b
54299.833665,1798.518821,success,5eaaf2bab7cfdf9ddd352c3552c8aa92d337830a453e27bb99f66e24d2e7f5e0
54348.738132,1750.362328,success,f7a0f88a2f8f8781030b75a1b3ca120e418316c8489312c79f9ce06ae275cc1d
54399.036906,1699.675370,success,bdedf49b540e48a0731929eff5ee7a7fb59ec3edf1bbfd4e156b245fa6cbb0c7
54449.144669,1650.865772,success,e0bf69bd2e62d911ceb1514a28c4f7980eb44cfe914f65d79ef14e9c4def0370
54499.971381,1599.613856,success,e3d290cdfef8a6e84d05edc0bd0614dd56b7b865701f12e5a5e2ee4a6fc770d5
54548.913369,1551.431955,success,a6346c796265cb5edbd1c7dfe820c444c8ad1ec8ef2e65332940f6621fb03397
54598.811485,1502.196292,success,3df315c194d98dd4dc3e4f60042c5f75803dcc705d953f50fbd691c9460e8cd8
54648.884682,1448.975193,success,c0c5a0639e323af5da99864b6f604c97e3ce6e87dac70fee7f0e7c9878a48034
54699.275821,1401.393155,success,bb7d5d42073958f3e74b100169a4a56222836bb12d9524f6cfa389c29097fe71
54749.933262,1348.151137,success,d699fb2da8cb5e519accb983804d1645ce23054b2a20438c076df92237a5a72a
54798.251261,1299.965599,success,71f4465b47c616e31dd792c9636cf99fdc493a9e6aa81faa931212abc4805680
54848.483669,1250.486725,success,9cbd989788fd439b2aab65983be23513fddcb8a7300a505c719aca323814ded0
54898.524235,1200.905638,success,bfe4bc2175de6d7b6feee30528de57a37386de274154e579b1cba72da3f66066
54948.641164,1149.955033,success,d015be092faa22d25217945a394bbff8e19a9d5eb32a72fe6d8ca026144f94f1
54998.292354,1101.801084,success,8e17a30af73ecc47c4063455efec3e5f36689cf960d0b915be3ec2bf4431e46d
55049.510386,1050.915300,success,ccf89e01a0d51c01dd8a5da985a19d3adde1477a5f5704dffb9f61ef2cb09a9d
55098.676808,1002.070386,success,04f625624921ab7f2494624ec6874e7713eda41af4b990a6c6fe4201a7b8724a
55148.835486,952.250719,success,baa5ebe7f7ecbdc2a65359ff9bcc72aa73f67a757660249c4585617012113da0
55198.353523,902.887344,success,5cdcc576557996a2ade105b35ac24a1a36d76fa2c5ae30e3ae46a0b781962b4b
55250.062412,849.861024,success,a1ca100454fc4439e9b225faec5c61810421cd32135a0bb2c0a61d2d69819beb
55298.325716,801.505536,success,a4862bc38dd4fed0b22939f3658e1d5e3684d2c0890f3bb4fdc0d1ffdaa6d666
55349.331576,750.931192,success,b9cef98cdf780a1c7e4205438137ae53b0b7ba25bdf9c95c6c3e7d10f38f2e30
55399.600643,701.231051,success,84d9b020bc26c2aaed5d653e823f258e767d585d34fc870743e06714099472f0
55449.809626,650.779599,success,a73166ca5ec2b547569213354d4d18e5e06d778cdd631737432835b2ad1a4c30
55498.940912,602.224182,success,07b791679088c7770c5b5b116c938f47aad2c3b598cedd7e484dc75fa7f5e960
55548.280151,2632.183828,success,60324bb33941f3cd5c26f81b1bcc9dcdfeb20f7766cd0bd21852c5cc6995b689
55600.214927,497.106660,success,00ca8621f7fc17afa4a0686ac1f246430805eb8903db4c81ca7b0d0ccd81e0b5
55649.726552,2530.863165,success,1e997d7c257eadfd211e9d3d33f75611bb5197bd4dea55891c56b1d568f61ccb
55698.320321,2482.382820,success,b1dde49f0f6866758018d494c3b121c3e8cdac87ef1a95dc5eb2a5f98291e679
55750.248635,2430.562901,success,71e244173481f7142739e315b4667687a7da98f98f7e40cee38521313e2b36fd
55799.965798,2380.961838,success,cf5edbcc84a2787530121944ddb5f18cebf355f5ad1c73e2edd5c040e7e0d7ab
55848.633567,2332.943547,success,e258a743f3392a73a3689c56d4e3a7cb32297c15768f92f58facd2a1cbab2115
55898.915679,2282.879146,success,546aa541f6c4ab86ec575a94c4ff494b78907f65d50bd5c63896de966a508cd1
55948.369905,2233.680463,success,3a0386f49fdb704241c7c0f71a0a9e92097ca65888c2e7bf1463c46c1cc9978c
55999.876602,2182.796434,success,c1f793f1f98986d99d4e8ab621aedb5e8758194b6b6643682018880cfe123a0a
56049.570361,2132.767922,success,8073515ec4661579f23771f6951bb53948f05adac4664e52d3caa165a0f4bd5b
56101.620896,2081.156787,success,f604993c0ac1b852c68c281eefe139e102618edc84a91dfa7b34122e908f3c96
56149.471089,2032.978955,success,05ab6437dce71eb587d8c8c56576c7f3b5b6b18d98efd93fcd65cb5b970cca21
56198.473189,1984.409353,success,d208e136d3b036a631b00f45ac9c9d31ba65d599252ad260f145ca2812ccbea3
56249.042543,1934.577293,success,31dae786ce54cefeca4b12623bb00c5142cde891bc49ec42c3be9e78e83f65f9
56298.324403,1884.934370,success,87a1170991c96477f61e09c84a45a69cfb457266a211f09292cb1688b2be6c8a
56349.829736,1833.210013,success,556971e0034b7d65618b26ef63cdc0bb2536a514fc55867987dd1944cae6efd0
56399.163955,1784.304925,success,27bee3c921d63254d53f3cee28395a790a36af374511908c6c0844f3c23fca12
56451.646015,1732.532317,success,9a1f0ad9ba4655726ccebabdc5f34c7c823bef7a09bd8a003e94ee359f276439
56498.534570,1685.749301,success,355949671798ad5e0bbb4cdf007eb76dcf26a5afe4ce1b62387b70f3cee9a2b7
56548.953800,1635.117179,success,3885017534cbb84a9d43cebce32376cd31f8bb3afb2212bde4ef6fcfdb5da201
56600.377890,1580.894858,success,4434e781e12f9a6c8581b4ed83f5fd8c7a5665dd0987da1efa773e5e82cd70f6
56649.863405,1531.300938,success,8c0556f1f8cb320a4101e8b27c55fba676f888a005144c1f370ae41cf2c798f1
56699.149933,1482.214939,success,75da8fd2fb2b660f3221bf9281394605204069d5b43f1c306522998daa1b938d
56752.631022,1428.408886,success,bca6d9d63572ccbba89fc1a3b2cb98339085219ffb6cd59f01d43a17e1dcd3ea
56798.316252,1383.155643,success,1a9df4a0a83a66596c8ad4a88b484ae3ab894afac056f3c30689dd5b57ce1339
56849.664178,1332.236918,success,f03d349cf6c7dd70d7c9273f70d3ab94c6abf572fb3d663f97b51fb4122b2bbc
56899.318491,1282.366787,success,ea0c612c72eea8504592f707e2f991b02b0b3d46b9394bd6f5048ca57d36789c
56949.534327,1232.587747,success,0e9eb68228f7a9319cb9778232736ac6433947231eee19322d2270b8f3c1bc9e
56998.464852,1184.099989,success,94def0e38695b089bee80d87dd1735382667e305b7af56a3f8bc050c2b140425
57048.239233,1133.989072,success,edf65c819aae804802fca08159266345f3abfe526b8a0622bbdee33a6fc3b5f5
57099.329812,1083.820576,success,85eb942c7aea120c5007d215075841555d322179bef58df2d6ab0d27b5737f4c
57149.333686,1034.030476,success,7d939edf5d796737d92a8706ab2923cc169833d9bdd11b0c5eeafbf1955db060
57199.325297,984.406009,success,4b9b153e7fb48d80f8534e4982cb964150210a19f94b4e82cbe890a2e3534ba3
57249.364748,934.590051,success,44175f05f03b7117a86e724246e59a5e1c51c480a68a891210f6ba6023b8d8e0
57299.884137,883.955825,success,c4e0900aa8bee1cf2639ab934deb470ef2b14349dd0bfda33ed2e8ca3dc44d49
57349.747556,834.650551,success,2c203cd45f8ef67eca1eec2e35fc2032a5140cf20eb466bdd7271a20c39aaeb3
57398.917383,785.644193,success,2ac9c2de05bd01933e1b5bf24000bfe2fc0adc31c20e4e7e17846c717438f7d4
57449.050080,731.243847,success,2cc56ae4a3e62d4abdf79d07425b4770ae61459140c1fbaf7a7a2aa551878e9d
57500.248303,2729.116239,success,581aab3015b6a1fb02214ee0b0aec37efe40fc8a67ed33fcabe256016b2c502b
57549.232820,2681.087709,success,e2e6b9b767811db593dbbbb2695ad3664860160bf5006273684a84dcac88116d
57599.462531,2630.779871,success,fcfefa7d0e44ac3cba4cab79d94928b39b8b17d53b01dad00f34a02fe3202106
57648.746804,2580.939957,success,f4a50ca3908911a51c88bdde83625c525ba456d4d64b641dcf61ada9cde8ca29
57699.424242,2530.390180,success,ba810fcfd609df1242b34865723459b84c6392cb01600f310425e80ef2e34fbf
57749.026066,2483.753212,success,76e08d21a5f6ea5f865a105e07b276488af0b85631bf9d7c6c08e3ff3a2ecb9c
57798.318374,2433.553689,success,e5f1d8f7c39a5129822749451e2cae29855a729dd1c12bcc67aa3ce2ff01beed
57849.630883,2383.320150,success,e442b57cc60aa96bbc2b184a24fa1d2209088a0da9d6fa687eba1900044c4381
57898.316534,2332.980792,success,89e8e2028aff49e51cc7588cbeb01853bd01530964a2d976f049bd5951cedfae
57950.548621,2281.227631,success,33fb6600b5954147817681ecd80c276569808beb57b1d2f4d623f0528dd85ff7
57998.798399,2231.344925,success,f465463b2390a125d11edbead59a5de97aca772c12e1addc41ea96ad74ac7bf5
58049.223880,2181.564293,success,eaa085a61a95fda96beaedb88c4f5d52293d8dc780f826c80cda5945364c2e29
58099.862053,2133.439813,success,da5dc881525df3b872677c89f7f2ba792c211d9ea67cafa09f067da4743f9d79
58148.858432,2082.321131,success,39f7295a313d3a830aeda8cf1549365c3cce5c6fb10e04656f617d16840901b1
58199.274124,2031.801874,success,4a0e3e94cbc8b1e42b5b8b47dc22e3fb5fa3291d56aab24d3f12fe159e9e7a0c
58249.350043,1980.138633,success,a8059b1758ea8866504059ce97f337340e1d02e512fd34efd31b614ae429ea79
58299.577720,1930.423526,success,03d45cff30038b0a7ff1a504493637e06ed50d3a5088e64cdf4474be10ea0548
58348.314998,1882.139855,success,a2488901257dab126c27801a5277cea89e3f76c2a754f051d3f55fff629122d5
58399.815522,1833.188581,success,d9c99a293399916aac6f25e7e582d2545141a5d90472ec177611cf9857700ef9
58450.635438,1782.753252,success,a86c89690ee73b3ec0e295d3485ed4bc608f31231c68cfb7b23ff60f64113b11
58498.883371,1733.220089,success,df27ac9a81698337e9a2caee0711a0df2c48c3ebd421f97b8a8feca6221009bb
58548.318069,1683.844253,success,76522b7132ebcd608280d46577de887879a8390e25cd2388c912b6031b057073
58600.128678,1631.322289,success,51d2fef0ca790de71ba701de6a35207cf8123d865cc825451faecf6557b12c3f
58650.286092,1579.603863,success,bfe4db8c1c5639e2339b0894e2a1214198d0d9ead7e8487b5bc4991ab9c75d21
58699.435850,1531.128941,success,789bffc8e92edf1b97a3d303c0aeff1e8e530ed6214411be1b1e75e4915255fd
58748.987008,1484.559461,success,9108233602569040777789a50aa6adddf6ab6f914b4ceb29c180e2d80b8ee216
58799.038732,1432.479061,success,2caa807c2c925f21a7804b42d5825b5a629680a69c58f5e4eda3f19605a95d91
58848.660533,1383.670628,success,d9a959e7e7cb443c6611f4e421c4eed1736df13ff949c2aaafb0132c09b0236a
58898.659397,1333.357229,success,fb8f2cd3ef21c46c7d1d26c32fc9f4b8711c814311b2a2755ffa7f5a5396bc21
58948.768799,1280.996951,success,f0b69c0b4dfac30657085705981bc01b98b0f3cefb6e2de6f3d729b50c041008
58998.298346,1231.766119,success,70031fb5e497bcad122505db512c2a6c1b4d7668556f88a872209888aa4806e3
59050.247307,1180.384010,success,855497217dc77061eee4556068b9c99f2433eef536e59b44be12e0e167e1178d
59100.449866,1132.773762,success,f8d1576dae8edafcfb4a0f7406ce7585857fc0c98fd3fc2be79b01696cd44279
59149.213493,1083.016066,success,b2750d1cd4527908732adc8036aa5631dee8112f06ab85aaa4ee4ab891c59bd6
59199.810858,1033.319844,success,75b9a6b9154c101a971bb957e6ed401de7f35fffd7c982fb79f16fb3e6ab85fe
59248.852231,983.666364,success,4b85db42b001f73e1d64c2fd13373b5c5fad21c7540b71ab4352fa5a02e6748f
59299.097250,932.539848,success,96ba0f91826a73641314f6cc7f6aa1ec6c6bb3db22a3a64b43ddf612f05c7035
59349.341467,883.837417,success,3f9ff03d35938b022b19a4771976e1a528390547e354efc140e1af2c61e702af
59399.730949,832.865403,success,b1f68f682c1361e0ce3706c26eab17272c7e4d02289d99030fce8b72d3fb047f
59449.081116,783.759037,success,48725a0a8a99736849edcb4bce5eaff2998d1e6fe4cd7db0a50af0b9e72e5532
59498.524960,733.884088,success,c3448e9558dc47c7c55337eb305c4cabaa2ed771c9e6538b6df3602ab7b1e3a3
59550.489299,682.988650,success,25fa7366961f88efc1caa216d4e94f3102119197de6d32167ff0af919c4ff67b
59598.859102,633.824736,success,dee39291143b7a52877a0cc9601bf0f5e06c1eaee0d2cf99b84c9475f3e4e847
59648.451166,584.631526,success,c339d52d1b330304b3e4a7cca4ec43365b953ddfddb6a49eb9b55a14ad84c406
59699.111460,530.523122,success,5f7fb23abc63d64bc4d9a65592ff9cfe7feac4c88e0551bace79d169dd27243c
59748.306694,2484.696489,success,e46ac2e431f4d1207008e6fc59b37e4b263d00ed63feeb59951a67e13a590619
59800.119407,2432.780110,success,8b453929b543f8399b0dc2bb6138ac5313a8d893b57f75754bbf7f34b33f8152
59850.235822,2382.471291,success,75f6d67e54b5498e481dc2166c99e0d548700a83b370eeacc122c66841683e8a
59900.633670,2332.174323,success,283dc223ab703652697e282f81870c5cdf20f89b7778727187988be22c54b1cb
59949.903374,2282.855787,success,63611448ca2ef95bc810ccebcad039b7081c90e07989c2bbf30b34dffc9115c2
59998.375301,2234.260547,success,32f37e74b9c14e09073693cc5c3c166ee1183ef5a9a3c35f4357e2af836a4d02
